description	codigo_295	codigo_4851	source	topic
ABRACADEIRA DE LATAO PARA FIXACAO DE CABO PARA-RAIO, DIMENSOES 32 X 24 X 24 MM	118630	11270	both	95
ABRACADEIRA DE NYLON PARA AMARRACAO DE CABOS, COMPRIMENTO DE *230* X *7,6* MM	118631	412	both	-1
ABRACADEIRA DE NYLON PARA AMARRACAO DE CABOS, COMPRIMENTO DE 100 X 2,5 MM	118632	414	both	-1
ABRACADEIRA DE NYLON PARA AMARRACAO DE CABOS, COMPRIMENTO DE 150 X *3,6* MM	118633	410	both	-1
ABRACADEIRA DE NYLON PARA AMARRACAO DE CABOS, COMPRIMENTO DE 200 X *4,6* MM	118634	411	both	-1
ABRACADEIRA DE NYLON PARA AMARRACAO DE CABOS, COMPRIMENTO DE 390 X *4,6* MM	118635	408	both	-1
"ABRACADEIRA EM ACO PARA AMARRACAO DE ELETRODUTOS, TIPO D, COM 1 1/2"" E CUNHA DE FIXACAO"	118636	39131	both	6
"ABRACADEIRA EM ACO PARA AMARRACAO DE ELETRODUTOS, TIPO D, COM 1 1/2"" E PARAFUSO DE FIXACAO"	118637	394	both	6
"ABRACADEIRA EM ACO PARA AMARRACAO DE ELETRODUTOS, TIPO D, COM 1 1/4"" E CUNHA DE FIXACAO"	118638	39130	both	6
"ABRACADEIRA EM ACO PARA AMARRACAO DE ELETRODUTOS, TIPO D, COM 1 1/4"" E PARAFUSO DE FIXACAO"	118639	395	both	6
"ABRACADEIRA EM ACO PARA AMARRACAO DE ELETRODUTOS, TIPO D, COM 1"" E CUNHA DE FIXACAO"	118642	39129	both	6
"ABRACADEIRA EM ACO PARA AMARRACAO DE ELETRODUTOS, TIPO D, COM 1"" E PARAFUSO DE FIXACAO"	118643	393	both	6
"ABRACADEIRA EM ACO PARA AMARRACAO DE ELETRODUTOS, TIPO D, COM 1/2"" E CUNHA DE FIXACAO"	118640	39127	both	6
"ABRACADEIRA EM ACO PARA AMARRACAO DE ELETRODUTOS, TIPO D, COM 1/2"" E PARAFUSO DE FIXACAO"	118641	392	both	6
"ABRACADEIRA EM ACO PARA AMARRACAO DE ELETRODUTOS, TIPO D, COM 2 1/2"" E CUNHA DE FIXACAO"	118644	39133	both	6
"ABRACADEIRA EM ACO PARA AMARRACAO DE ELETRODUTOS, TIPO D, COM 2 1/2"" E PARAFUSO DE FIXACAO"	118645	397	both	6
"ABRACADEIRA EM ACO PARA AMARRACAO DE ELETRODUTOS, TIPO D, COM 2"" E CUNHA DE FIXACAO"	118646	39132	both	6
"ABRACADEIRA EM ACO PARA AMARRACAO DE ELETRODUTOS, TIPO D, COM 2"" E PARAFUSO DE FIXACAO"	118647	396	both	6
"ABRACADEIRA EM ACO PARA AMARRACAO DE ELETRODUTOS, TIPO D, COM 3 1/2"" E CUNHA DE FIXACAO"	118648	39135	both	6
"ABRACADEIRA EM ACO PARA AMARRACAO DE ELETRODUTOS, TIPO D, COM 3"" E CUNHA DE FIXACAO"	118652	39134	both	6
"ABRACADEIRA EM ACO PARA AMARRACAO DE ELETRODUTOS, TIPO D, COM 3"" E PARAFUSO DE FIXACAO"	118653	398	both	6
"ABRACADEIRA EM ACO PARA AMARRACAO DE ELETRODUTOS, TIPO D, COM 3/4"" E CUNHA DE FIXACAO"	118649	39128	both	6
"ABRACADEIRA EM ACO PARA AMARRACAO DE ELETRODUTOS, TIPO D, COM 3/4"" E PARAFUSO DE FIXACAO"	118650	400	both	6
"ABRACADEIRA EM ACO PARA AMARRACAO DE ELETRODUTOS, TIPO D, COM 3/8"" E PARAFUSO DE FIXACAO"	118651	39125	both	6
"ABRACADEIRA EM ACO PARA AMARRACAO DE ELETRODUTOS, TIPO D, COM 4"" E CUNHA DE FIXACAO"	118654	39126	both	6
"ABRACADEIRA EM ACO PARA AMARRACAO DE ELETRODUTOS, TIPO D, COM 4"" E PARAFUSO DE FIXACAO"	118655	399	both	6
"ABRACADEIRA EM ACO PARA AMARRACAO DE ELETRODUTOS, TIPO ECONOMICA (GOTA), COM 8"""	118656	39158	both	6
"ABRACADEIRA EM ACO PARA AMARRACAO DE ELETRODUTOS, TIPO U SIMPLES, COM 1 1/2"""	118657	39141	both	-1
"ABRACADEIRA EM ACO PARA AMARRACAO DE ELETRODUTOS, TIPO U SIMPLES, COM 1 1/4"""	118658	39140	both	-1
"ABRACADEIRA EM ACO PARA AMARRACAO DE ELETRODUTOS, TIPO U SIMPLES, COM 1"""	118660	39139	both	-1
"ABRACADEIRA EM ACO PARA AMARRACAO DE ELETRODUTOS, TIPO U SIMPLES, COM 1/2"""	118659	39137	both	-1
"ABRACADEIRA EM ACO PARA AMARRACAO DE ELETRODUTOS, TIPO U SIMPLES, COM 2 1/2"""	118661	39143	both	-1
"ABRACADEIRA EM ACO PARA AMARRACAO DE ELETRODUTOS, TIPO U SIMPLES, COM 2"""	118662	39142	both	-1
"ABRACADEIRA EM ACO PARA AMARRACAO DE ELETRODUTOS, TIPO U SIMPLES, COM 3"""	118665	39144	both	-1
"ABRACADEIRA EM ACO PARA AMARRACAO DE ELETRODUTOS, TIPO U SIMPLES, COM 3/4"""	118663	39138	both	-1
"ABRACADEIRA EM ACO PARA AMARRACAO DE ELETRODUTOS, TIPO U SIMPLES, COM 3/8"""	118664	39136	both	-1
"ABRACADEIRA EM ACO PARA AMARRACAO DE ELETRODUTOS, TIPO U SIMPLES, COM 4"""	118666	39145	both	-1
"ABRACADEIRA, GALVANIZADA/ZINCADA, ROSCA SEM FIM, PARAFUSO INOX, LARGURA FITA *12,6 A *14 MM, D = 2"" A 2 1/2"""	118668	11927	both	47
"ABRACADEIRA, GALVANIZADA/ZINCADA, ROSCA SEM FIM, PARAFUSO INOX, LARGURA FITA *12,6 A *14 MM, D = 3"" A 3 3/4"""	118669	11928	both	47
"ABRACADEIRA, GALVANIZADA/ZINCADA, ROSCA SEM FIM, PARAFUSO INOX, LARGURA FITA *12,6 A *14 MM, D = 4"" A 4 3/4"""	118670	11929	both	47
"ACABAMENTO SIMPLES/CONVENCIONAL PARA FORRO PVC, TIPO ""U"" OU ""C"", COR BRANCA, COMPRIMENTO 6 M"	118672	36246	both	93
ACESSORIO DE LIGACAO NAO ELETRICO PARA CARGAS EXPLOSIVAS, TUBO DE 6 M	118673	37600	both	-1
ACESSORIO INICIADOR NAO ELETRICO, TUBO DE 6 M, TEMPO DE RETARDO DE *160* MS	118674	37599	both	-1
ACO CA-25, 10,0 MM, OU 12,5 MM, OU 16,0 MM, OU 20,0 MM, OU 25,0 MM, VERGALHAO	118830	43054	both	110
ACO CA-25, 16,0 MM, BARRA DE TRANSFERENCIA	118832	42402	both	110
ACO CA-25, 20,0 MM, BARRA DE TRANSFERENCIA	118834	42403	both	110
ACO CA-25, 25,0 MM, BARRA DE TRANSFERENCIA	118837	42404	both	110
ACO CA-25, 32,0 MM, BARRA DE TRANSFERENCIA	118839	42405	both	110
ACO CA-25, 32,0 MM, VERGALHAO	118841	34341	both	110
ACO CA-25, 6,3 MM OU 8,0 MM, VERGALHAO	118843	43053	both	110
ACO CA-50, 10,0 MM, OU 12,5 MM, OU 16,0 MM, OU 20,0 MM, DOBRADO E CORTADO	118846	43058	both	110
ACO CA-50, 10,0 MM, VERGALHAO	118848	34	both	110
ACO CA-50, 12,5 MM OU 16,0 MM, VERGALHAO	118850	43055	both	110
ACO CA-50, 20,0 MM OU 25,0 MM, VERGALHAO	118852	43056	both	110
ACO CA-50, 32,0 MM, VERGALHAO	118854	43057	both	110
ACO CA-50, 6,3 MM, DOBRADO E CORTADO	118857	34449	both	110
ACO CA-50, 6,3 MM, VERGALHAO	118859	32	both	110
ACO CA-50, 8,0 MM, VERGALHAO	118861	33	both	110
ACO CA-60, 4,2 MM OU 5,0 MM, DOBRADO E CORTADO	118863	43061	both	110
ACO CA-60, 4,2 MM, OU 5,0 MM, OU 6,0 MM, OU 7,0 MM, VERGALHAO	118866	43059	both	110
ACO CA-60, 6,0 MM OU 7,0 MM, DOBRADO E CORTADO	118868	43062	both	110
ACO CA-60, 8,0 MM OU 9,5 MM, VERGALHAO	118870	43060	both	110
"ACOPLAMENTO RIGIDO EM FERRO FUNDIDO PARA SISTEMA DE TUBULACAO RANHURADA, DN 50 MM (2"")"	118875	40410	both	37
"ACOPLAMENTO RIGIDO EM FERRO FUNDIDO PARA SISTEMA DE TUBULACAO RANHURADA, DN 65 MM (2 1/2"")"	118877	40411	both	37
"ACOPLAMENTO RIGIDO EM FERRO FUNDIDO PARA SISTEMA DE TUBULACAO RANHURADA, DN 80 MM (3"")"	118879	40412	both	37
"ADAPTADOR DE COMPRESSAO EM POLIPROPILENO (PP), PARA TUBO EM PEAD, 20 MM X 1/2"", PARA LIGACAO PREDIAL DE AGUA (NTS 179)"	118886	55	both	-1
"ADAPTADOR DE COMPRESSAO EM POLIPROPILENO (PP), PARA TUBO EM PEAD, 20 MM X 3/4"", PARA LIGACAO PREDIAL DE AGUA (NTS 179)"	118888	61	both	-1
"ADAPTADOR DE COMPRESSAO EM POLIPROPILENO (PP), PARA TUBO EM PEAD, 32 MM X 1"", PARA LIGACAO PREDIAL DE AGUA (NTS 179)"	118890	62	both	-1
"ADAPTADOR PVC SOLDAVEL CURTO COM BOLSA E ROSCA, 110 MM X 4"", PARA AGUA FRIA"	118979	103	both	9
"ADAPTADOR PVC SOLDAVEL CURTO COM BOLSA E ROSCA, 20 MM X 1/2"", PARA AGUA FRIA"	118981	107	both	9
"ADAPTADOR PVC SOLDAVEL CURTO COM BOLSA E ROSCA, 25 MM X 3/4"", PARA AGUA FRIA"	118984	65	both	9
"ADAPTADOR PVC SOLDAVEL CURTO COM BOLSA E ROSCA, 32 MM X 1"", PARA AGUA FRIA"	118986	108	both	9
"ADAPTADOR PVC SOLDAVEL CURTO COM BOLSA E ROSCA, 40 MM X 1 1/2"", PARA AGUA FRIA"	118988	110	both	9
"ADAPTADOR PVC SOLDAVEL CURTO COM BOLSA E ROSCA, 40 MM X 1 1/4"", PARA AGUA FRIA"	118991	109	both	9
"ADAPTADOR PVC SOLDAVEL CURTO COM BOLSA E ROSCA, 50 MM X 1 1/4"", PARA AGUA FRIA"	118993	111	both	9
"ADAPTADOR PVC SOLDAVEL CURTO COM BOLSA E ROSCA, 50 MM X1 1/2"", PARA AGUA FRIA"	118995	112	both	9
"ADAPTADOR PVC SOLDAVEL CURTO COM BOLSA E ROSCA, 60 MM X 2"", PARA AGUA FRIA"	118998	113	both	9
"ADAPTADOR PVC SOLDAVEL CURTO COM BOLSA E ROSCA, 75 MM X 2 1/2"", PARA AGUA FRIA"	119000	104	both	9
"ADAPTADOR PVC SOLDAVEL CURTO COM BOLSA E ROSCA, 85 MM X 3"", PARA AGUA FRIA"	119003	102	both	9
"ADAPTADOR PVC SOLDAVEL, COM FLANGE E ANEL DE VEDACAO, 20 MM X 1/2"", PARA CAIXA D'AGUA"	119005	95	both	-1
"ADAPTADOR PVC SOLDAVEL, COM FLANGE E ANEL DE VEDACAO, 25 MM X 3/4"", PARA CAIXA D'AGUA"	119007	96	both	-1
"ADAPTADOR PVC SOLDAVEL, COM FLANGE E ANEL DE VEDACAO, 32 MM X 1"", PARA CAIXA D'AGUA"	119010	97	both	-1
"ADAPTADOR PVC SOLDAVEL, COM FLANGE E ANEL DE VEDACAO, 40 MM X 1 1/4"", PARA CAIXA D'AGUA"	119012	98	both	-1
"ADAPTADOR PVC SOLDAVEL, COM FLANGE E ANEL DE VEDACAO, 50 MM X 1 1/2"", PARA CAIXA D'AGUA"	119014	99	both	-1
"ADAPTADOR PVC, COM REGISTRO, PARA PEAD, 20 MM X 3/4"", PARA LIGACAO PREDIAL DE AGUA"	119057	60	both	9
"ADAPTADOR PVC, ROSCAVEL, COM FLANGES E ANEL DE VEDACAO, 1 1/2"", PARA CAIXA D'AGUA"	119060	72	both	-1
ADESIVO ESTRUTURAL A BASE DE RESINA EPOXI PARA INJECAO EM TRINCAS, BICOMPONENTE, BAIXA VISCOSIDADE	119100	157	both	114
ADESIVO ESTRUTURAL A BASE DE RESINA EPOXI, BICOMPONENTE, FLUIDO	119102	156	both	114
ADESIVO ESTRUTURAL A BASE DE RESINA EPOXI, BICOMPONENTE, PASTOSO (TIXOTROPICO)	119104	131	both	114
ADESIVO PARA TUBOS CPVC, *75* G	119109	21114	both	98
ADESIVO PLASTICO PARA PVC, BISNAGA COM 75 GR	119111	119	both	9
ADESIVO PLASTICO PARA PVC, FRASCO COM 175 GR	119114	20080	both	9
ADITIVO ACELERADOR DE PEGA E ENDURECIMENTO PARA ARGAMASSAS E CONCRETOS, LIQUIDO E ISENTO DE CLORETOS	119121	124	both	114
ADITIVO ADESIVO LIQUIDO PARA ARGAMASSAS DE REVESTIMENTOS CIMENTICIOS	119123	7334	both	114
ADITIVO IMPERMEABILIZANTE DE PEGA NORMAL PARA ARGAMASSAS E CONCRETOS SEM ARMACAO, LIQUIDO E ISENTO DE CLORETOS	119125	123	both	114
ADITIVO IMPERMEABILIZANTE DE PEGA ULTRARRAPIDA, LIQUIDO E ISENTO DE CLORETOS	119128	127	both	114
ADITIVO LIQUIDO INCORPORADOR DE AR PARA CONCRETO E ARGAMASSA, LIQUIDO E ISENTO DE CLORETOS	119132	133	both	-1
ADITIVO PLASTIFICANTE E ESTABILIZADOR PARA ARGAMASSAS DE ASSENTAMENTO E REBOCO, LIQUIDO E ISENTO DE CLORETOS	119135	43617	both	-1
ADITIVO PLASTIFICANTE RETARDADOR DE PEGA E REDUTOR DE AGUA PARA CONCRETO, LIQUIDO E ISENTO DE CLORETOS	119137	132	both	-1
ADITIVO SUPERPLASTIFICANTE DE PEGA NORMAL PARA CONCRETO, LIQUIDO E ISENTO DE CLORETOS	119139	43618	both	114
ADUELA/ GALERIA PRE-MOLDADA DE CONCRETO ARMADO, SECAO QUADRADA INTERNA DE 1,50 X 1,50 M (L X A), MISULA DE 20 X 20 CM, C = 1,00 M, ESPESSURA MIN = 15 CM, TB-45 E FCK DO CONCRETO = 30 MPA	119527	37476	both	-1
ADUELA/ GALERIA PRE-MOLDADA DE CONCRETO ARMADO, SECAO RETANGULAR INTERNA DE 2,00 X 2,00 M (L X A), MISULA DE 20 X 20 CM, C = 1,00 M, ESPESSURA MIN = 15 CM, TB-45 E FCK DO CONCRETO = 30 MPA	119529	37478	both	-1
ADUELA/ GALERIA PRE-MOLDADA DE CONCRETO ARMADO, SECAO RETANGULAR INTERNA DE 2,50 X 2,50 M (L X A), MISULA DE 20 X 20 CM, C = 1,00 M, ESPESSURA MIN = 15 CM, TB-45 E FCK DO CONCRETO = 30 MPA	119532	37477	both	-1
ADUELA/ GALERIA PRE-MOLDADA DE CONCRETO ARMADO, SECAO RETANGULAR INTERNA DE 3,00 X 3,00 M (L X A), MISULA DE 20 X 20 CM, C = 1.00 M, ESPESSURA MIN = 20 CM, TB-45 E FCK DO CONCRETO = 30 MPA	119534	37479	both	-1
AFASTADOR PARA TELHA DE FIBROCIMENTO CANALETE 90 OU KALHETAO	119537	4319	both	51
AGENTE DE CURA, PROTETOR DA EVAPORACAO DA AGUA DE HIDRATACAO DO CONCRETO	119539	42409	both	-1
AGREGADO RECICLADO, TIPO RACHAO RECICLADO CINZA, CLASSE A	119563	40553	both	6
AJUDANTE DE ARMADOR (MENSALISTA)	119568	40912	both	-1
AJUDANTE DE ELETRICISTA (MENSALISTA)	119572	40919	both	0
AJUDANTE DE ESTRUTURAS METALICAS (MENSALISTA)	119577	40984	both	-1
AJUDANTE DE OPERACAO EM GERAL (MENSALISTA)	119582	41086	both	-1
AJUDANTE DE PINTOR (MENSALISTA)	119586	41083	both	-1
AJUDANTE DE SERRALHEIRO (MENSALISTA)	119591	40909	both	0
AJUDANTE ESPECIALIZADO (MENSALISTA)	119596	41085	both	0
"ALCA PREFORMADA DE CONTRA POSTE, EM ACO GALVANIZADO, PARA CABO 3/16"", COMPRIMENTO *860* MM"	119598	427	both	-1
ALCA PREFORMADA DE DISTRIBUICAO, EM ACO GALVANIZADO, PARA CABO DE ALUMINIO DIAMETRO 16 A 25 MM	119600	417	both	13
ALCA PREFORMADA DE DISTRIBUICAO, EM ACO GALVANIZADO, PARA CONDUTORES DE ALUMINIO AWG 1/0 (CAA 6/1 OU CA 7 FIOS)	119602	11273	both	13
ALCA PREFORMADA DE DISTRIBUICAO, EM ACO GALVANIZADO, PARA CONDUTORES DE ALUMINIO AWG 2 (CAA 6/1 OU CA 7 FIOS)	119605	11272	both	13
ALCA PREFORMADA DE SERVICO, EM ACO GALVANIZADO, PARA CONDUTORES DE ALUMINIO AWG 4 (CAA 6/1)	119607	11275	both	13
ALCA PREFORMADA DE SERVICO, EM ACO GALVANIZADO, PARA CONDUTORES DE ALUMINIO AWG 6 (CAA 6/1)	119610	11274	both	13
ALICATE AMPERIMETRO, TENSAO AC/DC, CAPACIDADE MAXIMA 1000 A	152140	45208	both	31
"ALICATE BICO LONGO (MEIA CANA) 6"", COM ISOLAMENTO ATE 1000 V"	152141	45250	both	83
"ALICATE DESENCAPADOR AUTOMATICO 8"""	152142	45197	both	-1
"ALICATE PROFISSIONAL 8"", UNIVERSAL, COM ISOLAMENTO ATE 1000 V"	152143	45206	both	11
ALISADORA DE CONCRETO COM MOTOR A GASOLINA DE 5,5 HP, PESO COM MOTOR DE 78 KG, 4 PAS	119632	10658	both	7
ALMOXARIFE (MENSALISTA)	119637	40809	both	-1
ALONGADOR COM TRES ALTURAS, EM TUBO DE ACO CARBONO, PINTURA NO PROCESSO ELETROSTATICO - EQUIPAMENTO DE GINASTICA PARA ACADEMIA AO AR LIVRE / ACADEMIA DA TERCEIRA IDADE - ATI	119639	42428	both	-1
ANEL BORRACHA PARA TUBO ESGOTO PREDIAL, DN 100 MM (NBR 5688)	119655	301	both	-1
ANEL BORRACHA, DN 150 MM, PARA TUBO SERIE REFORCADA ESGOTO PREDIAL	119658	300	both	-1
ANEL BORRACHA, DN 50 MM, PARA TUBO SERIE REFORCADA ESGOTO PREDIAL	119662	20085	both	-1
ANEL BORRACHA, PARA TUBO PVC DEFOFO, DN 100 MM (NBR 7665)	119665	311	both	-1
ANEL BORRACHA, PARA TUBO PVC DEFOFO, DN 150 MM (NBR 7665)	119667	318	both	-1
ANEL BORRACHA, PARA TUBO PVC DEFOFO, DN 200 MM (NBR 7665)	119670	319	both	-1
ANEL BORRACHA, PARA TUBO PVC, REDE COLETOR ESGOTO, DN 100 MM (NBR 7362)	119677	303	both	-1
ANEL BORRACHA, PARA TUBO PVC, REDE COLETOR ESGOTO, DN 150 MM (NBR 7362)	119679	305	both	-1
ANEL BORRACHA, PARA TUBO PVC, REDE COLETOR ESGOTO, DN 200 MM (NBR 7362)	119681	306	both	-1
ANEL BORRACHA, PARA TUBO PVC, REDE COLETOR ESGOTO, DN 250 MM (NBR 7362)	119684	307	both	-1
ANEL BORRACHA, PARA TUBO PVC, REDE COLETOR ESGOTO, DN 350 MM (NBR 7362)	119686	309	both	-1
ANEL BORRACHA, PARA TUBO PVC, REDE COLETOR ESGOTO, DN 400 MM (NBR 7362)	119688	310	both	-1
ANEL BORRACHA, PARA TUBO, PVC REDE COLETOR ESGOTO, DN 300 MM (NBR 7362)	119700	308	both	-1
ANEL BORRACHA, PARA TUBO/CONEXAO PVC PBA, DN 100 MM, PARA REDE AGUA	119691	328	both	-1
ANEL BORRACHA, PARA TUBO/CONEXAO PVC PBA, DN 50 MM, PARA REDE AGUA	119693	325	both	-1
ANEL BORRACHA, PARA TUBO/CONEXAO PVC PBA, DN 60 MM, PARA REDE AGUA	119696	20326	both	-1
ANEL BORRACHA, PARA TUBO/CONEXAO PVC PBA, DN 75 MM, PARA REDE AGUA	119698	329	both	-1
ANEL DE CONCRETO ARMADO COM FUNDO, PARA FOSSA E POCO 1,50 X *0,50* M	119714	41610	both	40
ANEL DE CONCRETO ARMADO COM FUNDO, PARA FOSSA E POCO 2,00 X *0,50* M	119717	41611	both	40
ANEL DE CONCRETO ARMADO COM FUNDO, PARA FOSSA E POCO 2,50 X *0,50* M	119719	41612	both	40
ANEL DE CONCRETO ARMADO, COM FUROS/DRENO PARA SUMIDOURO, D = 0,80 M, H = 0,50 M	119721	41637	both	23
ANEL DE CONCRETO ARMADO, COM FUROS/DRENO PARA SUMIDOURO, D = 1,00 M, H = 0,50M	119724	41638	both	23
ANEL DE CONCRETO ARMADO, COM FUROS/DRENO PARA SUMIDOURO, D = 1,50 M, H = 0,50 M	119726	41639	both	23
ANEL DE DISTRIBUICAO EM ACO GALVANIZADO PARA FIO FE-160	119728	11789	both	68
"ANEL DE EXPANSAO EM COBRE, ENGATE RAPIDO 1 1/2"", PARA EMPATACAO MANGUEIRA DE COMBATE A INCENDIO PREDIAL"	119731	20975	both	40
"ANEL DE EXPANSAO EM COBRE, ENGATE RAPIDO 2 1/2"", PARA EMPATACAO MANGUEIRA DE COMBATE A INCENDIO PREDIAL"	119733	20976	both	40
ANEL EM CONCRETO ARMADO, LISO, PARA FOSSAS SEPTICAS E SUMIDOUROS, COM FUNDO, DIAMETRO INTERNO DE 1,20 M E ALTURA DE 0,50 M	119797	43424	both	40
ANEL EM CONCRETO ARMADO, LISO, PARA FOSSAS SEPTICAS E SUMIDOUROS, COM FUNDO, DIAMETRO INTERNO DE 3,00 M E ALTURA DE 0,50 M	119799	43426	both	40
ANEL EM CONCRETO ARMADO, LISO, PARA FOSSAS SEPTICAS E SUMIDOUROS, SEM FUNDO, DIAMETRO INTERNO DE 2,00 M E ALTURA DE 0,50 M	119801	12565	both	40
ANEL EM CONCRETO ARMADO, LISO, PARA FOSSAS SEPTICAS E SUMIDOUROS, SEM FUNDO, DIAMETRO INTERNO DE 2,50 M E ALTURA DE 0,50 M	119804	12567	both	40
ANEL EM CONCRETO ARMADO, LISO, PARA FOSSAS SEPTICAS E SUMIDOUROS, SEM FUNDO, DIAMETRO INTERNO DE 3,00 M E ALTURA DE 0,50 M	119806	12568	both	40
ANEL EM CONCRETO ARMADO, LISO, PARA POCOS DE INSPECAO, COM FUNDO, DIAMETRO INTERNO DE 0,60 M E ALTURA DE 0,50 M	119808	43441	both	40
ANEL EM CONCRETO ARMADO, LISO, PARA POCOS DE INSPECAO, SEM FUNDO, DIAMETRO INTERNO DE 0,60 M E ALTURA DE 0,20 M	119811	43423	both	40
ANEL EM CONCRETO ARMADO, LISO, PARA POCOS DE INSPECAO, SEM FUNDO, DIAMETRO INTERNO DE 0,60 M E ALTURA DE 0,50 M	119813	12532	both	40
ANEL EM CONCRETO ARMADO, LISO, PARA POCOS DE VISITA, POCOS DE INSPECAO, FOSSAS SEPTICAS E SUMIDOUROS, COM FUNDO, DIAMETRO INTERNO DE 1,20 M E ALTURA DE 0,75 M	119815	43444	both	40
ANEL EM CONCRETO ARMADO, LISO, PARA POCOS DE VISITA, POCOS DE INSPECAO, FOSSAS SEPTICAS E SUMIDOUROS, SEM FUNDO, DIAMETRO INTERNO DE 1,20 M E ALTURA DE 0,50 M	119818	12551	both	40
ANEL EM CONCRETO ARMADO, LISO, PARA POCOS DE VISITAS, POCOS DE INSPECAO, FOSSAS SEPTICAS E SUMIDOUROS, COM FUNDO, DIAMETRO INTERNO DE 0,80 M E ALTURA DE 0,50 M	119820	43442	both	40
ANEL EM CONCRETO ARMADO, LISO, PARA POCOS DE VISITAS, POCOS DE INSPECAO, FOSSAS SEPTICAS E SUMIDOUROS, COM FUNDO, DIAMETRO INTERNO DE 1,00 M E ALTURA DE 0,50 M	119822	43443	both	40
ANEL EM CONCRETO ARMADO, LISO, PARA POCOS DE VISITAS, POCOS DE INSPECAO, FOSSAS SEPTICAS E SUMIDOUROS, SEM FUNDO, DIAMETRO INTERNO DE 0,80 M E ALTURA DE 0,50 M	119824	12544	both	40
ANEL EM CONCRETO ARMADO, LISO, PARA POCOS DE VISITAS, POCOS DE INSPECAO, FOSSAS SEPTICAS E SUMIDOUROS, SEM FUNDO, DIAMETRO INTERNO DE 1,00 M E ALTURA DE 0,50 M	119827	12547	both	40
ANEL EM CONCRETO ARMADO, LISO, PARA, POCOS DE VISITA, POCOS DE INSPECAO, FOSSAS SEPTICAS E SUMIDOUROS, COM FUNDO, DIAMETRO INTERNO DE 1,50 M E ALTURA DE 1,00 M	119829	43445	both	40
ANEL EM CONCRETO ARMADO, LISO, PARA, POCOS DE VISITA, POCOS DE INSPECAO, FOSSAS SEPTICAS E SUMIDOUROS, SEM FUNDO, DIAMETRO INTERNO DE 1,50 M E ALTURA DE 0,50 M	119832	12563	both	40
ANEL EM CONCRETO ARMADO, PERFURADO, PARA FOSSAS SEPTICAS E SUMIDOUROS, SEM FUNDO, DIAMETRO INTERNO DE 1,20 M E ALTURA DE 0,50 M	119834	43425	both	40
ANEL EM CONCRETO ARMADO, PERFURADO, PARA FOSSAS SEPTICAS E SUMIDOUROS, SEM FUNDO, DIAMETRO INTERNO DE 2,00 M E ALTURA DE 0,50 M	119836	43446	both	40
ANEL EM CONCRETO ARMADO, PERFURADO, PARA FOSSAS SEPTICAS E SUMIDOUROS, SEM FUNDO, DIAMETRO INTERNO DE 2,50 M E ALTURA DE 0,50 M	119839	43447	both	40
ANEL EM CONCRETO ARMADO, PERFURADO, PARA FOSSAS SEPTICAS E SUMIDOUROS, SEM FUNDO, DIAMETRO INTERNO DE 3,00 M E ALTURA DE 0,50 M	119841	43448	both	40
APARELHO CORTE OXI-ACETILENO PARA SOLDA E CORTE CONTENDO MACARICO SOLDA, BICO DE CORTE, CILINDROS, REGULADORES, MANGUEIRAS E CARRINHO	119843	13761	both	-1
APARELHO SINALIZADOR LUMINOSO COM LED, PARA SAIDA GARAGEM, COM 2 LENTES EM POLICARBONATO, BIVOLT (INCLUI SUPORTE DE FIXACAO)	119850	4814	both	122
APOIO DO PORTA DENTE PARA FRESADORA DE ASFALTO	119852	44473	both	-1
APONTADOR OU APROPRIADOR DE MAO DE OBRA (MENSALISTA)	119857	40810	both	-1
AR CONDICIONADO SPLIT INVERTER, HI-WALL (PAREDE), 12000 BTU/H, CICLO FRIO, 60HZ, CLASSIFICACAO A (SELO PROCEL), GAS HFC, CONTROLE S/FIO	119887	42425	both	31
AR CONDICIONADO SPLIT INVERTER, HI-WALL (PAREDE), 18000 BTU/H, CICLO FRIO, 60HZ, CLASSIFICACAO A (SELO PROCEL), GAS HFC, CONTROLE S/FIO	119890	42422	both	31
AR CONDICIONADO SPLIT INVERTER, HI-WALL (PAREDE), 9000 BTU/H, CICLO FRIO, 60HZ, CLASSIFICACAO A (SELO PROCEL), GAS HFC, CONTROLE S/FIO	119894	42424	both	31
AR CONDICIONADO SPLIT INVERTER, PISO TETO, 18000 BTU/H, CICLO FRIO, 60HZ, CLASSIFICACAO ENERGETICA A OU B (SELO PROCEL), GAS HFC, CONTROLE S/FIO	119899	42416	both	31
AR CONDICIONADO SPLIT INVERTER, PISO TETO, 24000 BTU/H, CICLO FRIO, 60HZ, CLASSIFICACAO ENERGETICA A OU B (SELO PROCEL), GAS HFC, CONTROLE S/FIO	119901	42417	both	31
AR CONDICIONADO SPLIT INVERTER, PISO TETO, 36000 BTU/H, CICLO FRIO, 60HZ, CLASSIFICACAO ENERGETICA A OU B (SELO PROCEL), GAS HFC, CONTROLE S/FIO	119904	42419	both	31
AR CONDICIONADO SPLIT INVERTER, PISO TETO, 48000 BTU/H, CICLO FRIO, 60HZ, CLASSIFICACAO ENERGETICA A OU B (SELO PROCEL), GAS HFC, CONTROLE S/FIO	119906	42420	both	31
AR CONDICIONADO SPLIT INVERTER, PISO TETO, APRESENTANDO ENTRE 54000 E 58000 BTU/H, CICLO FRIO, 60HZ, CLASSIFICACAO ENERGETICA A OU B (SELO PROCEL), GAS HFC, CONTROLE S/FIO	119897	42421	both	31
AR CONDICIONADO SPLIT ON/OFF, CASSETE (TETO), 18000 BTUS/H, CICLO QUENTE/FRIO, 60 HZ, CLASSIFICACAO ENERGETICA C - SELO PROCEL, GAS HFC, CONTROLE S/ FIO	119920	39556	both	31
AR CONDICIONADO SPLIT ON/OFF, CASSETE (TETO), 24000 BTUS/H, CICLO QUENTE/FRIO, 60 HZ, CLASSIFICACAO ENERGETICA C - SELO PROCEL, GAS HFC, CONTROLE S/ FIO	119922	39557	both	31
AR CONDICIONADO SPLIT ON/OFF, CASSETE (TETO), 36000 BTUS/H, CICLO QUENTE/FRIO, 60 HZ, CLASSIFICACAO ENERGETICA A - SELO PROCEL, GAS HFC, CONTROLE S/ FIO	119925	39559	both	31
AR CONDICIONADO SPLIT ON/OFF, CASSETE (TETO), 48000 BTUS/H, CICLO QUENTE/FRIO, 60 HZ, CLASSIFICACAO ENERGETICA A - SELO PROCEL, GAS HFC, CONTROLE S/ FIO	119927	39560	both	31
AR CONDICIONADO SPLIT ON/OFF, CASSETE (TETO), 60000 BTUS/H, CICLO QUENTE/FRIO, 60 HZ, CLASSIFICACAO ENERGETICA A - SELO PROCEL, GAS HFC, CONTROLE S/ FIO	119929	39561	both	31
AR CONDICIONADO SPLIT ON/OFF, CASSETE (TETO), FRIO 4 VIAS 18000 BTUS/H, CLASSIFICACAO ENERGETICA C - SELO PROCEL, GAS HFC, CONTROLE S/ FIO	119908	43195	both	31
AR CONDICIONADO SPLIT ON/OFF, CASSETE (TETO), FRIO 4 VIAS 24000 BTUS/H, CLASSIFICACAO ENERGETICA C - SELO PROCEL, GAS HFC, CONTROLE S/ FIO	119911	43196	both	31
AR CONDICIONADO SPLIT ON/OFF, CASSETE (TETO), FRIO 4 VIAS 36000 BTUS/H, CLASSIFICACAO ENERGETICA C - SELO PROCEL, GAS HFC, CONTROLE S/ FIO	119913	43198	both	31
AR CONDICIONADO SPLIT ON/OFF, CASSETE (TETO), FRIO 4 VIAS 48000 BTUS/H, CLASSIFICACAO ENERGETICA C - SELO PROCEL, GAS HFC, CONTROLE S/ FIO	119915	43199	both	31
AR CONDICIONADO SPLIT ON/OFF, CASSETE (TETO), FRIO 4 VIAS 60000 BTUS/H, CLASSIFICACAO ENERGETICA C - SELO PROCEL, GAS HFC, CONTROLE S/ FIO	119918	43200	both	31
AR CONDICIONADO SPLIT ON/OFF, HI-WALL (PAREDE), 12000 BTUS/H, CICLO FRIO, 60 HZ, CLASSIFICACAO ENERGETICA A - SELO PROCEL, GAS HFC, CONTROLE S/ FIO	119932	43190	both	31
AR CONDICIONADO SPLIT ON/OFF, HI-WALL (PAREDE), 12000 BTUS/H, CICLO QUENTE/FRIO, 60 HZ, CLASSIFICACAO ENERGETICA A - SELO PROCEL, GAS HFC, CONTROLE S/ FIO	119934	39555	both	31
AR CONDICIONADO SPLIT ON/OFF, HI-WALL (PAREDE), 18000 BTUS/H, CICLO FRIO, 60 HZ, CLASSIFICACAO ENERGETICA A - SELO PROCEL, GAS HFC, CONTROLE S/ FIO	119936	43191	both	31
AR CONDICIONADO SPLIT ON/OFF, HI-WALL (PAREDE), 18000 BTUS/H, CICLO QUENTE/FRIO, 60 HZ, CLASSIFICACAO ENERGETICA A - SELO PROCEL, GAS HFC, CONTROLE S/ FIO	119939	39548	both	31
AR CONDICIONADO SPLIT ON/OFF, HI-WALL (PAREDE), 24000 BTUS/H, CICLO FRIO, 60 HZ, CLASSIFICACAO ENERGETICA A - SELO PROCEL, GAS HFC, CONTROLE S/ FIO	119941	43192	both	31
AR CONDICIONADO SPLIT ON/OFF, HI-WALL (PAREDE), 24000 BTUS/H, CICLO QUENTE/FRIO, 60 HZ, CLASSIFICACAO ENERGETICA A - SELO PROCEL, GAS HFC, CONTROLE S/ FIO	119943	39554	both	31
AR CONDICIONADO SPLIT ON/OFF, HI-WALL (PAREDE), 9000 BTUS/H, CICLO FRIO, 60 HZ, CLASSIFICACAO ENERGETICA A - SELO PROCEL, GAS HFC, CONTROLE S/ FIO	119946	43194	both	31
AR CONDICIONADO SPLIT ON/OFF, HI-WALL (PAREDE), 9000 BTUS/H, CICLO QUENTE/FRIO, 60 HZ, CLASSIFICACAO ENERGETICA A - SELO PROCEL, GAS HFC, CONTROLE S/ FIO	119948	39551	both	31
AR CONDICIONADO SPLIT ON/OFF, PISO TETO, 18.000 BTU/H, CICLO FRIO, 60HZ, CLASSIFICACAO ENERGETICA C - SELO PROCEL, GAS HFC, CONTROLE S/FIO	119951	43185	both	31
AR CONDICIONADO SPLIT ON/OFF, PISO TETO, 24.000 BTU/H, CICLO FRIO, 60HZ, CLASSIFICACAO ENERGETICA C - SELO PROCEL, GAS HFC, CONTROLE S/FIO	119954	43186	both	31
AR CONDICIONADO SPLIT ON/OFF, PISO TETO, 36.000 BTU/H, CICLO FRIO, 60HZ, CLASSIFICACAO ENERGETICA C - SELO PROCEL, GAS HFC, CONTROLE S/FIO	119956	43187	both	31
AR CONDICIONADO SPLIT ON/OFF, PISO TETO, 48.000 BTU/H, CICLO FRIO, 60HZ, CLASSIFICACAO ENERGETICA C - SELO PROCEL, GAS HFC, CONTROLE S/FIO	119958	43188	both	31
AR CONDICIONADO SPLIT ON/OFF, PISO TETO, 60.000 BTU/H, CICLO FRIO, 60HZ, CLASSIFICACAO ENERGETICA C - SELO PROCEL, GAS HFC, CONTROLE S/FIO	119961	43189	both	31
AR-CONDICIONADO FRIO SPLITAO MODULAR 10 TR	119965	39577	both	15
AR-CONDICIONADO FRIO SPLITAO MODULAR 15 TR	119967	39578	both	15
AR-CONDICIONADO FRIO SPLITAO MODULAR 20 TR	119970	39579	both	15
AR-CONDICIONADO SPLIT INVERTER, PISO TETO, 24000 BTU/H, QUENTE/FRIO, 60HZ, CLASSIFICACAO ENERGETICA A - SELO PROCEL, GAS HFC, CONTROLE S/FIO	119972	39826	both	31
ARAME DE AMARRACAO PARA GABIAO GALVANIZADO, DIAMETRO 2,2 MM	119979	3312	both	56
ARAME FARPADO GALVANIZADO, 14 BWG (2,11 MM), CLASSE 250	119982	339	both	-1
ARAME FARPADO GALVANIZADO, 16 BWG (1,65 MM), CLASSE 250	119984	340	both	-1
ARAME GALVANIZADO 12 BWG, D = 2,76 MM (0,048 KG/M) OU 14 BWG, D = 2,11 MM (0,026 KG/M)	119986	43130	both	-1
ARAME GALVANIZADO 16 BWG, D = 1,65MM (0,0166 KG/M)	119988	344	both	-1
ARAME GALVANIZADO 18 BWG, D = 1,24MM (0,009 KG/M)	119991	345	both	-1
ARAME GALVANIZADO 6 BWG, D = 5,16 MM (0,157 KG/M), OU 8 BWG, D = 4,19 MM (0,101 KG/M), OU 10 BWG, D = 3,40 MM (0,0713 KG/M)	119993	43131	both	-1
ARAME PROTEGIDO COM POLIMERO PARA GABIAO, DIAMETRO 2,2 MM	119995	3313	both	86
ARAME RECOZIDO 16 BWG, D = 1,65 MM (0,016 KG/M) OU 18 BWG, D = 1,25 MM (0,01 KG/M)	119998	43132	both	-1
"ARCO DE SERRA REGULAVEL PARA LAMINAS DE 8"" A 12"""	152325	45245	both	3
AREIA FINA - POSTO JAZIDA/FORNECEDOR (RETIRADO NA JAZIDA, SEM TRANSPORTE)	120000	366	both	-1
AREIA GROSSA - POSTO JAZIDA/FORNECEDOR (RETIRADO NA JAZIDA, SEM TRANSPORTE)	120002	367	both	-1
AREIA MEDIA - POSTO JAZIDA/FORNECEDOR (RETIRADO NA JAZIDA, SEM TRANSPORTE)	120005	370	both	-1
AREIA PARA ATERRO - POSTO JAZIDA/FORNECEDOR (RETIRADO NA JAZIDA, SEM TRANSPORTE)	120007	368	both	-1
AREIA PARA LEITO FILTRANTE (0,42 A 1,68 MM) - POSTO JAZIDA/FORNECEDOR (RETIRADO NA JAZIDA, SEM TRANSPORTE)	120009	11075	both	-1
ARGAMASSA COLANTE AC I PARA CERAMICAS	120012	1381	both	12
ARGAMASSA COLANTE AC II	120015	34353	both	12
ARGAMASSA COLANTE TIPO AC III	120017	37595	both	12
ARGAMASSA COLANTE TIPO AC III E	120019	37596	both	12
ARGAMASSA INDUSTRIALIZADA MULTIUSO, PARA REVESTIMENTO INTERNO E EXTERNO E ASSENTAMENTO DE BLOCOS DIVERSOS	120021	371	both	-1
ARGAMASSA INDUSTRIALIZADA PARA CHAPISCO COLANTE	120024	37553	both	12
ARGAMASSA INDUSTRIALIZADA PARA CHAPISCO ROLADO	120026	37552	both	-1
ARGAMASSA PARA REVESTIMENTO DECORATIVO MONOCAMADA	120028	36880	both	-1
ARGAMASSA PISO SOBRE PISO	120030	34355	both	12
ARGAMASSA POLIMERICA DE REPARO ESTRUTURAL, BICOMPONENTE	120033	130	both	114
ARGAMASSA PRONTA PARA CONTRAPISO	120037	36886	both	12
ARGILA EXPANDIDA, GRANULOMETRIA 2215	120042	34549	both	123
ARGILA OU BARRO PARA ATERRO/REATERRO (COM TRANSPORTE ATE 10 KM)	120044	6081	both	-1
ARGILA OU BARRO PARA ATERRO/REATERRO (RETIRADO NA JAZIDA, SEM TRANSPORTE)	120047	6077	both	-1
ARGILA, ARGILA VERMELHA OU ARGILA ARENOSA (RETIRADA NA JAZIDA, SEM TRANSPORTE)	120049	6079	both	-1
"ARMACAO VERTICAL COM HASTE E CONTRA-PINO, EM CHAPA DE ACO GALVANIZADO 3/16"", COM 1 ESTRIBO E 1 ISOLADOR"	120051	1091	both	1
"ARMACAO VERTICAL COM HASTE E CONTRA-PINO, EM CHAPA DE ACO GALVANIZADO 3/16"", COM 1 ESTRIBO, SEM ISOLADOR"	120054	1094	both	1
"ARMACAO VERTICAL COM HASTE E CONTRA-PINO, EM CHAPA DE ACO GALVANIZADO 3/16"", COM 2 ESTRIBOS, E 2 ISOLADORES"	120056	1095	both	1
"ARMACAO VERTICAL COM HASTE E CONTRA-PINO, EM CHAPA DE ACO GALVANIZADO 3/16"", COM 2 ESTRIBOS, SEM ISOLADOR"	120058	1092	both	1
"ARMACAO VERTICAL COM HASTE E CONTRA-PINO, EM CHAPA DE ACO GALVANIZADO 3/16"", COM 3 ESTRIBOS E 3 ISOLADORES"	120061	1093	both	1
"ARMACAO VERTICAL COM HASTE E CONTRA-PINO, EM CHAPA DE ACO GALVANIZADO 3/16"", COM 3 ESTRIBOS, SEM ISOLADOR"	120063	1090	both	1
"ARMACAO VERTICAL COM HASTE E CONTRA-PINO, EM CHAPA DE ACO GALVANIZADO 3/16"", COM 4 ESTRIBOS E 4 ISOLADORES"	120065	1096	both	1
"ARMACAO VERTICAL COM HASTE E CONTRA-PINO, EM CHAPA DE ACO GALVANIZADO 3/16"", COM 4 ESTRIBOS, SEM ISOLADOR"	120068	1097	both	1
ARMADOR (MENSALISTA)	120072	40911	both	-1
ARQUITETO JUNIOR (MENSALISTA)	120078	40815	both	-1
ARQUITETO PLENO (MENSALISTA)	120087	40816	both	-1
ARQUITETO SENIOR (MENSALISTA)	120092	40817	both	-1
ARRUELA EM ACO GALVANIZADO, DIAMETRO EXTERNO = 35MM, ESPESSURA = 3MM, DIAMETRO DO FURO= 18MM	120094	13348	both	108
"ARRUELA EM ALUMINIO, COM ROSCA, DE 1 1/2"", PARA ELETRODUTO"	120099	39212	both	13
"ARRUELA EM ALUMINIO, COM ROSCA, DE 1 1/4"", PARA ELETRODUTO"	120096	39211	both	13
"ARRUELA EM ALUMINIO, COM ROSCA, DE 1"", PARA ELETRODUTO"	120103	39210	both	13
"ARRUELA EM ALUMINIO, COM ROSCA, DE 1/2"", PARA ELETRODUTO"	120101	39208	both	13
"ARRUELA EM ALUMINIO, COM ROSCA, DE 2 1/2"", PARA ELETRODUTO"	120106	39214	both	13
"ARRUELA EM ALUMINIO, COM ROSCA, DE 2"", PARA ELETRODUTO"	120108	39213	both	13
"ARRUELA EM ALUMINIO, COM ROSCA, DE 3"", PARA ELETRODUTO"	120115	39215	both	13
"ARRUELA EM ALUMINIO, COM ROSCA, DE 3/4"", PARA ELETRODUTO"	120110	39209	both	13
"ARRUELA EM ALUMINIO, COM ROSCA, DE 3/8"", PARA ELETRODUTO"	120113	39207	both	13
"ARRUELA EM ALUMINIO, COM ROSCA, DE 4"", PARA ELETRODUTO"	120117	39216	both	13
"ARRUELA LISA, REDONDA, DE LATAO POLIDO, DIAMETRO NOMINAL 5/8"", DIAMETRO EXTERNO = 34 MM, DIAMETRO DO FURO = 17 MM, ESPESSURA = *2,5* MM"	120120	11267	both	108
ARRUELA QUADRADA EM ACO GALVANIZADO, DIMENSAO = 38 MM, ESPESSURA = 3MM, DIAMETRO DO FURO= 18 MM	120122	379	both	108
ASFALTO MODIFICADO TIPO I - NBR 9910 (ASFALTO OXIDADO PARA IMPERMEABILIZACAO, COEFICIENTE DE PENETRACAO 25-40)	120124	510	both	42
ASFALTO MODIFICADO TIPO II - NBR 9910 (ASFALTO OXIDADO PARA IMPERMEABILIZACAO, COEFICIENTE DE PENETRACAO 20-35)	120127	516	both	42
ASFALTO MODIFICADO TIPO III - NBR 9910 (ASFALTO OXIDADO PARA IMPERMEABILIZACAO, COEFICIENTE DE PENETRACAO 15-25)	120129	509	both	42
ASSENTADOR DE MANILHAS (MENSALISTA)	120134	40930	both	0
ASSENTO SANITARIO DE PLASTICO, TIPO CONVENCIONAL	120138	377	both	-1
ASSENTO VASO SANITARIO INFANTIL EM PLASTICO BRANCO	120136	11761	both	-1
AUTOMATICO DE BOIA SUPERIOR / INFERIOR, *15* A / 250 V	120141	7588	both	-1
AUXILIAR DE AZULEJISTA (MENSALISTA)	120150	41078	both	0
AUXILIAR DE ENCANADOR OU BOMBEIRO HIDRAULICO (MENSALISTA)	120155	40927	both	0
AUXILIAR DE ESCRITORIO (MENSALISTA)	120159	40812	both	0
AUXILIAR DE LABORATORISTA DE SOLOS E DE CONCRETO (MENSALISTA)	120164	41090	both	0
AUXILIAR DE MECANICO (MENSALISTA)	120169	40975	both	0
AUXILIAR DE PEDREIRO (MENSALISTA)	120173	41072	both	0
AUXILIAR DE SERVICOS GERAIS (MENSALISTA)	120178	41071	both	0
AUXILIAR DE TOPOGRAFO (MENSALISTA)	120183	41093	both	0
AUXILIAR TECNICO / ASSISTENTE DE ENGENHARIA (MENSALISTA)	120188	40931	both	0
AVENTAL DE SEGURANCA DE RASPA DE COURO 1,00 X 0,60 M	120190	36150	both	-1
AVENTAL EM PVC, FORRADO, *0,3* MM DE ESPESSURA, *1,15 X 0,70* M (COMPRIMENTO X LARGURA), 100% IMPERMEAVEL	152364	45262	both	34
AZULEJISTA OU LADRILHEIRO (MENSALISTA)	120195	41069	both	0
BACIA SANITARIA (VASO) COM CAIXA ACOPLADA, SIFAO APARENTE, DE LOUCA BRANCA (SEM ASSENTO)	120197	10422	both	-1
BACIA SANITARIA (VASO) CONVENCIONAL PARA PCD, SEM FURO FRONTAL, DE LOUCA BRANCA (SEM ASSENTO)	120202	36520	both	-1
BACIA SANITARIA (VASO) CONVENCIONAL PARA USO ESPECIFICO (HOSPITAIS, CLINICAS), COM FURO FRONTAL, DE LOUCA BRANCA, SEM ASSENTO	120204	42319	both	-1
BACIA SANITARIA (VASO) CONVENCIONAL, DE LOUCA BRANCA, SIFAO APARENTE, SAIDA VERTICAL (SEM ASSENTO)	120206	10420	both	-1
BACIA SANITARIA (VASO) CONVENCIONAL, DE LOUCA COLORIDA, SIFAO APARENTE, SAIDA VERTICAL (SEM ASSENTO)	120209	10421	both	-1
BACIA SANITARIA (VASO) INFANTIL, SIFONADO, DE LOUCA BRANCA, (SEM ASSENTO)	120211	11786	both	-1
BALANCIM INDIVIDUAL, TIPO CADEIRA SUSPENSA SOBE E DESCE	152365	45195	both	-1
BALDE DE PLASTICO CAPACIDADE 12 L	152366	45226	both	9
BALDE VERMELHO PARA SINALIZACAO DE VIAS	120216	4815	both	-1
BANCADA DE MARMORE SINTETICO COM UMA CUBA, 120 X *60* CM	120218	541	both	8
BANCADA DE MARMORE SINTETICO COM UMA CUBA, 150 X *60* CM	120220	542	both	8
BANCADA DE MARMORE SINTETICO COM UMA CUBA, 200 X *60* CM	120223	540	both	8
BANCADA/ BANCA EM GRANITO, POLIDO, TIPO ANDORINHA/ QUARTZ/ CASTELO/ CORUMBA OU OUTROS EQUIVALENTES DA REGIAO, COM CUBA INOX, FORMATO *120 X 60* CM, E= *2* CM	120225	38364	both	8
BANCADA/BANCA/PIA DE ACO INOXIDAVEL (AISI 430) COM 1 CUBA CENTRAL, COM VALVULA, ESCORREDOR DUPLO, DE *0,55 X 1,20* M	120274	1746	both	8
BANCADA/BANCA/PIA DE ACO INOXIDAVEL (AISI 430) COM 1 CUBA CENTRAL, COM VALVULA, ESCORREDOR DUPLO, DE *0,55 X 1,40* M	120276	1748	both	8
BANCADA/BANCA/PIA DE ACO INOXIDAVEL (AISI 430) COM 1 CUBA CENTRAL, COM VALVULA, ESCORREDOR DUPLO, DE *0,55 X 1,80* M	120278	1749	both	8
BANCADA/BANCA/PIA DE ACO INOXIDAVEL (AISI 430) COM 1 CUBA CENTRAL, COM VALVULA, LISA (SEM ESCORREDOR), DE *0,55 X 1,20* M	120280	37412	both	8
BANCADA/BANCA/PIA DE ACO INOXIDAVEL (AISI 430) COM 1 CUBA CENTRAL, SEM VALVULA, ESCORREDOR DUPLO, DE *0,55 X 1,60* M	120282	1745	both	8
BANCADA/BANCA/PIA DE ACO INOXIDAVEL (AISI 430) COM 2 CUBAS, COM VALVULAS, ESCORREDOR DUPLO, DE *0,55 X 2,00* M	120284	1750	both	8
BANCADA/TAMPO ACO INOX (AISI 304), LARGURA 60 CM, COM RODABANCA (NAO INCLUI PES DE APOIO)	120287	11687	both	8
BANCADA/TAMPO ACO INOX (AISI 304), LARGURA 70 CM, COM RODABANCA (NAO INCLUI PES DE APOIO)	120289	11689	both	8
BANCADA/TAMPO LISO (SEM CUBA) EM MARMORE SINTETICO	120291	11693	both	8
BANCO ARTICULADO PARA BANHO, EM ACO INOX POLIDO, 70* CM X 45* CM	120293	36215	both	8
BANCO COM ENCOSTO, 1,60M* DE COMPRIMENTO, EM TUBO DE ACO CARBONO E PINTURA NO PROCESSO ELETROSTATICO - PARA ACADEMIA AO AR LIVRE / ACADEMIA DA TERCEIRA IDADE - ATI	120296	42439	both	-1
BANDEJA DE PINTURA PARA ROLO 23 CM	120298	38381	both	-1
BARRA ANTIPANICO DUPLA, CEGA EM LADO OPOSTO, COR CINZA	120300	39621	both	6
BARRA ANTIPANICO DUPLA, PARA PORTA DE VIDRO, COR CINZA	120303	39624	both	6
BARRA ANTIPANICO SIMPLES, CEGA EM LADO OPOSTO, COR CINZA	120305	39615	both	6
BARRA ANTIPANICO SIMPLES, COM FECHADURA LADO OPOSTO, COR CINZA	120307	39620	both	6
BARRA ANTIPANICO SIMPLES, PARA PORTA DE VIDRO, COR CINZA	120311	39623	both	6
"BARRA DE APOIO EM ""L"", EM ACO INOX POLIDO 70 X 70 CM, DIAMETRO MINIMO 3 CM"	120314	36207	both	8
"BARRA DE APOIO EM ""L"", EM ACO INOX POLIDO 80 X 80 CM, DIAMETRO MINIMO 3 CM"	120316	36209	both	8
BARRA DE APOIO LATERAL ARTICULADA, COM TRAVA, EM ACO INOX POLIDO, 70 CM, DIAMETRO MINIMO 3 CM	120318	36210	both	8
BARRA DE APOIO RETA, EM ACO INOX POLIDO, COMPRIMENTO 60CM, DIAMETRO MINIMO 3 CM	120321	36204	both	8
BARRA DE APOIO RETA, EM ACO INOX POLIDO, COMPRIMENTO 70CM, DIAMETRO MINIMO 3 CM	120323	36205	both	8
BARRA DE APOIO RETA, EM ACO INOX POLIDO, COMPRIMENTO 80CM, DIAMETRO MINIMO 3 CM	120325	36081	both	8
BARRA DE APOIO RETA, EM ACO INOX POLIDO, COMPRIMENTO 90 CM, DIAMETRO MINIMO 3 CM	120328	36206	both	8
BARRA DE APOIO RETA, EM ALUMINIO, COMPRIMENTO 60CM, DIAMETRO MINIMO 3 CM	120330	36218	both	22
BARRA DE APOIO RETA, EM ALUMINIO, COMPRIMENTO 70CM, DIAMETRO MINIMO 3 CM	120333	36220	both	22
BARRA DE APOIO RETA, EM ALUMINIO, COMPRIMENTO 80 CM, DIAMETRO MINIMO 3 CM	120335	36080	both	22
BARRA DE APOIO RETA, EM ALUMINIO, COMPRIMENTO 90 CM, DIAMETRO MINIMO 3 CM	120337	36223	both	22
"BASE PARA MASTRO DE PARA-RAIOS DIAMETRO NOMINAL 1 1/2"""	120370	38060	both	94
"BASE PARA MASTRO DE PARA-RAIOS DIAMETRO NOMINAL 2"""	120373	10956	both	94
BASE PARA RELE COM SUPORTE METALICO	120375	39380	both	25
BATE-ESTACAS POR GRAVIDADE, POTENCIA160 HP, PESO DO MARTELO ATE 3 TONELADAS	120380	37597	both	-1
BATENTE / PORTAL / ADUELA / MARCO EM MADEIRA MACICA COM REBAIXO, E = *3* CM, L = *14* CM, PARA PORTAS DE GIRO DE *60 CM A 120* CM X *210* CM, CEDRINHO / ANGELIM COMERCIAL / TAURI / CURUPIXA / PEROBA / CUMARU OU EQUIVALENTE DA REGIAO (NAO INCLUI ALIZARES)	120382	183	both	24
BATENTE / PORTAL / ADUELA / MARCO EM MADEIRA MACICA COM REBAIXO, E = *3* CM, L = *14* CM, PARA PORTAS DE GIRO DE *60 CM A 120* CM X *210* CM, PINUS / EUCALIPTO / VIROLA OU EQUIVALENTE DA REGIAO (NAO INCLUI ALIZARES)	120384	184	both	24
BATENTE / PORTAL / ADUELA / MARCO EM MADEIRA MACICA COM REBAIXO, E = *3* CM, L = *16* CM, PARA PORTAS DE GIRO DE *60 CM A 120* CM X *210* CM, CEDRINHO / ANGELIM COMERCIAL / TAURI / CURUPIXA / PEROBA / CUMARU OU EQUIVALENTE DA REGIAO (NAO INCLUI ALIZARES)	120387	181	both	24
BATENTE / PORTAL / ADUELA / MARCO EM MADEIRA MACICA COM REBAIXO, E = *3* CM, L = *16* CM, PARA PORTAS DE GIRO DE *60 CM A 120* CM X *210* CM, PINUS / EUCALIPTO / VIROLA OU EQUIVALENTE DA REGIAO (NAO INCLUI ALIZARES)	120389	20001	both	24
BATENTE/PORTAL/ADUELA/MARCO, EM MDF/PVC WOOD/POLIESTIRENO OU MADEIRA LAMINADA, L = *9,0* CM COM GUARNICAO REGULAVEL 2 FACES = *35* MM, PRIMER	120391	39837	both	24
BLASTER, DINAMITADOR OU CABO DE FOGO (MENSALISTA)	120412	40920	both	0
BLOCO CERAMICO / TIJOLO VAZADO PARA ALVENARIA DE VEDACAO, 6 FUROS NA HORIZONTAL DE 11,5 X 19 X 29 CM (L X A X C)	152145	44460	both	2
BLOCO CERAMICO / TIJOLO VAZADO PARA ALVENARIA DE VEDACAO, 6 FUROS NA HORIZONTAL DE 11,5 X 19 X 39 CM (L X A X C)	152146	44461	both	2
BLOCO CERAMICO / TIJOLO VAZADO PARA ALVENARIA DE VEDACAO, 6 FUROS NA HORIZONTAL DE 9 X 14 X 24 CM (L X A X C)	152147	44458	both	2
BLOCO CERAMICO / TIJOLO VAZADO PARA ALVENARIA DE VEDACAO, 6 FUROS NA HORIZONTAL DE 9 X 19 X 39 CM (L X A X C)	152148	44457	both	2
BLOCO CERAMICO / TIJOLO VAZADO PARA ALVENARIA DE VEDACAO, 9 FUROS NA HORIZONTAL DE 11,5 X 14 X 24 CM (L X A X C)	152149	44459	both	2
BLOCO CERAMICO / TIJOLO VAZADO PARA ALVENARIA DE VEDACAO, 9 FUROS NA HORIZONTAL DE 14 X 19 X 29 CM (L X A X C)	152150	44462	both	2
BLOCO CERAMICO / TIJOLO VAZADO PARA ALVENARIA DE VEDACAO, 9 FUROS NA HORIZONTAL DE 14 X 19 X 39 CM (L X A X C)	152151	44463	both	2
BLOCO CERAMICO / TIJOLO VAZADO PARA ALVENARIA DE VEDACAO, 9 FUROS NA HORIZONTAL DE 19 X 19 X 29 CM (L X A X C)	152152	44464	both	2
BLOCO CERAMICO / TIJOLO VAZADO PARA ALVENARIA DE VEDACAO, 9 FUROS NA HORIZONTAL DE 19 X 19 X 39 CM (L X A X C)	152153	44465	both	2
BLOCO DE CONCRETO ESTRUTURAL 14 X 19 X 29 CM, FBK 10 MPA (NBR 6136)	120438	34556	both	48
BLOCO DE CONCRETO ESTRUTURAL 14 X 19 X 29 CM, FBK 12 MPA (NBR 6136)	120440	37873	both	48
BLOCO DE CONCRETO ESTRUTURAL 14 X 19 X 29 CM, FBK 14 MPA (NBR 6136)	120443	34564	both	48
BLOCO DE CONCRETO ESTRUTURAL 14 X 19 X 29 CM, FBK 16 MPA (NBR 6136)	120445	34565	both	48
BLOCO DE CONCRETO ESTRUTURAL 14 X 19 X 29 CM, FBK 4,5 MPA (NBR 6136)	120447	38590	both	48
BLOCO DE CONCRETO ESTRUTURAL 14 X 19 X 29 CM, FBK 6 MPA (NBR 6136)	120450	34566	both	48
BLOCO DE CONCRETO ESTRUTURAL 14 X 19 X 29 CM, FBK 8 MPA (NBR 6136)	120452	34567	both	48
BLOCO DE CONCRETO ESTRUTURAL 14 X 19 X 34 CM, FBK 4,5 MPA (NBR 6136)	120454	38591	both	48
BLOCO DE CONCRETO ESTRUTURAL 14 X 19 X 39 CM, FBK 10 MPA (NBR 6136)	120457	34568	both	48
BLOCO DE CONCRETO ESTRUTURAL 14 X 19 X 39 CM, FBK 12 MPA (NBR 6136)	120459	34569	both	48
BLOCO DE CONCRETO ESTRUTURAL 14 X 19 X 39 CM, FBK 14 MPA (NBR 6136)	120461	34570	both	48
BLOCO DE CONCRETO ESTRUTURAL 14 X 19 X 39 CM, FBK 4,5 MPA (NBR 6136)	120464	25070	both	48
BLOCO DE CONCRETO ESTRUTURAL 14 X 19 X 39 CM, FBK 6 MPA (NBR 6136)	120466	34571	both	48
BLOCO DE CONCRETO ESTRUTURAL 14 X 19 X 39 CM, FBK 8 MPA (NBR 6136)	120468	34573	both	48
BLOCO DE CONCRETO ESTRUTURAL 14 X 19 X 39, FCK 16 MPA (NBR 6136)	120471	37107	both	48
BLOCO DE CONCRETO ESTRUTURAL 19 X 19 X 39 CM, FBK 10 MPA (NBR 6136)	120473	34576	both	48
BLOCO DE CONCRETO ESTRUTURAL 19 X 19 X 39 CM, FBK 12 MPA (NBR 6136)	120475	34577	both	48
BLOCO DE CONCRETO ESTRUTURAL 19 X 19 X 39 CM, FBK 14 MPA (NBR 6136)	120478	34578	both	48
BLOCO DE CONCRETO ESTRUTURAL 19 X 19 X 39 CM, FBK 16 MPA (NBR 6136)	120480	34579	both	48
BLOCO DE CONCRETO ESTRUTURAL 19 X 19 X 39 CM, FBK 4,5 MPA (NBR 6136)	120482	25067	both	48
BLOCO DE CONCRETO ESTRUTURAL 19 X 19 X 39 CM, FBK 8 MPA (NBR 6136)	120484	34580	both	48
BLOCO DE CONCRETO ESTRUTURAL 9 X 19 X 39 CM, FBK 4,5 MPA (NBR 6136)	120485	25071	both	48
BLOCO DE GESSO COMPACTO / MACICO, BRANCO, E = 10 CM, DIMENSOES *67 X 50* CM	120487	34583	both	2
BLOCO DE GESSO VAZADO, BRANCO, E = *7* CM, DIMENSOES *67 X 50* CM	120488	34584	both	2
BLOCO DE POLIETILENO ALTA DENSIDADE, *27* X *30* X *100* CM, ACOMPANHADOS PLACAS TERMINAIS E LONGARINAS, PARA FUNDO DE FILTRO	120489	709	both	-1
BLOCO DE VEDACAO CONCRETO 14 X 19 X 29 CM (CLASSE C - NBR 6136)	120491	34592	both	104
BLOCO DE VEDACAO CONCRETO APARENTE 9 X 19 X 39 CM (CLASSE C - NBR 6136)	120490	34599	both	104
BLOCO DE VEDACAO DE CONCRETO 14 X 19 X 39 CM (CLASSE C - NBR 6136)	120497	651	both	104
BLOCO DE VEDACAO DE CONCRETO 19 X 19 X 39 CM (CLASSE C - NBR 6136)	120498	654	both	104
BLOCO DE VEDACAO DE CONCRETO APARENTE 14 X 19 X 39 CM (CLASSE C - NBR 6136)	120492	37103	both	104
BLOCO DE VEDACAO DE CONCRETO APARENTE 19 X 19 X 39 CM (CLASSE C - NBR 6136)	120493	34555	both	104
BLOCO DE VEDACAO DE CONCRETO CELULAR AUTOCLAVADO 10 X 30 X 60 CM (E X A X C)	120494	674	both	104
BLOCO DE VEDACAO DE CONCRETO CELULAR AUTOCLAVADO 15 X 30 X 60 CM (E X A X C)	120495	34600	both	104
BLOCO DE VEDACAO DE CONCRETO CELULAR AUTOCLAVADO 20 X 30 X 60 CM (E X A X C)	120496	652	both	104
BLOCO DE VEDACAO DE CONCRETO, 9 X 19 X 39 CM (CLASSE C - NBR 6136)	120499	650	both	104
BOLSA DE LONA PARA FERRAMENTAS *50 X 35 X 25* CM	120525	38399	both	2
"BOMBA CENTRIFUGA COM MOTOR ELETRICO MONOFASICO, POTENCIA 0,33 HP, BOCAIS 1"" X 3/4"", DIAMETRO DO ROTOR 99 MM, HM/Q = 4 MCA / 8,5 M3/H A 18 MCA / 0,90 M3/H"	120528	729	both	72
BOMBA CENTRIFUGA MONOESTAGIO COM MOTOR ELETRICO MONOFASICO, POTENCIA 15 HP, DIAMETRO DO ROTOR *173* MM, HM/Q = *30* MCA / *90* M3/H A *45* MCA / *55* M3/H	120529	39925	both	72
"BOMBA CENTRIFUGA MOTOR ELETRICO MONOFASICO 0,49 HP BOCAIS 1"" X 3/4"", DIAMETRO DO ROTOR 110 MM, HM/Q: 6 M / 8,3 M3/H A 20 M / 1,2 M3/H"	120530	731	both	72
"BOMBA CENTRIFUGA MOTOR ELETRICO TRIFASICO 0,99HP DIAMETRO DE SUCCAO X ELEVACAO 1"" X 1"", DIAMETRO DO ROTOR 145 MM, HM/Q: 14 M / 8,4 M3/H A 40 M / 0,60 M3/H"	120533	732	both	72
"BOMBA CENTRIFUGA MOTOR ELETRICO TRIFASICO 1,48HP DIAMETRO DE SUCCAO X ELEVACAO 1"" X 1"", 4 ESTAGIOS, DIAMETRO DOS ROTORES 3 X 107 MM + 1 X 100 MM, HM/Q: 10 M / 5,3 M3/H A 70 M / 1,8 M3/H"	120526	735	both	72
"BOMBA CENTRIFUGA MOTOR ELETRICO TRIFASICO 2,96HP, DIAMETRO DE SUCCAO X ELEVACAO 1 1/2"" X 1 1/4"", DIAMETRO DO ROTOR 148 MM, HM/Q: 34 M / 14,80 M3/H A 40 M / 8,60 M3/H"	120527	736	both	72
"BOMBA CENTRIFUGA MOTOR ELETRICO TRIFASICO 9,86 DIAMETRO DE SUCCAO X ELEVACAO 1"" X 1"", 4 ESTAGIOS, DIAMETRO DOS ROTORES 4 X 146 MM, HM/Q: 85 M / 14,9 M3/H A 140 M / 4,2 M3/H"	120536	740	both	72
"BOMBA CENTRIFUGA, MOTOR ELETRICO TRIFASICO 1,48HP DIAMETRO DE SUCCAO X ELEVACAO 1 1/2"" X 1"", DIAMETRO DO ROTOR 117 MM, HM/Q: 10 M / 21,9 M3/H A 24 M / 6,1 M3/H"	120537	734	both	72
BOMBA DE PROJECAO DE CONCRETO SECO, POTENCIA 10 CV, VAZAO 3 M3/H	120538	39008	both	84
BOMBA DE PROJECAO DE CONCRETO SECO, POTENCIA 10 CV, VAZAO 6 M3/H	120539	39009	both	-1
BOMBA SUBMERSIVEL, ELETRICA, TRIFASICA, POTENCIA 0,99 HP, DIAMETRO ROTOR 98 MM SEMIABERTO, BOCAL DE SAIDA DIAMETRO 2 POLEGADAS, HM/Q = 2 M / 28,90 M3/H A 14 M / 7 M3/H	120549	10592	both	72
BOMBA SUBMERSIVEL, ELETRICA, TRIFASICA, POTENCIA 2,96 HP, DIAMETRO DO ROTOR 144 MM SEMIABERTO, BOCAL DE SAIDA DIAMETRO DE DUAS POLEGADAS, HM/Q = 2 M / 38,8 M3/H A 28 M / 5 M3/H	120552	751	both	72
BOMBA SUBMERSIVEL, ELETRICA, TRIFASICA, POTENCIA 3,75 HP, DIAMETRO DO ROTOR 90 MM SEMIABERTO, BOCAL DE SAIDA DIAMETRO DE 2 POLEGADAS, HM/Q = 5 M / 61,2 M3/H A 25,5 M / 3,6 M3/H	120553	754	both	72
BOMBA TRIPLEX, PARA INJECAO DE CALDA DE CIMENTO, VAZAO MAXIMA DE *100* LITROS/MINUTO, PRESSAO MAXIMA DE *70* BAR, POTENCIA DE 15 CV	120555	39917	both	-1
BORBOLETA PARA JANELA TIPO GUILHOTINA, EM ZAMAC CROMADO	120556	38167	both	123
BOTA DE PVC PRETA, CANO MEDIO, SEM FORRO	120557	36145	both	34
BOTA DE SEGURANCA COM BIQUEIRA DE ACO E COLARINHO ACOLCHOADO	120558	12893	both	6
BRACO P/ LUMINARIA PUBLICA 1 X 1,50M ROMAGNOLE OU EQUIV	120562	2512	both	-1
BROCHA RETANGULAR, *15 X 5* CM	152367	45203	both	2
BUCHA DE NYLON SEM ABA S10	120563	4374	both	13
BUCHA DE NYLON SEM ABA S10, COM PARAFUSO DE 6,10 X 65 MM EM ACO ZINCADO COM ROSCA SOBERBA, CABECA CHATA E FENDA PHILLIPS	120564	7568	both	1
"BUCHA DE NYLON SEM ABA S12, COM PARAFUSO DE 5/16"" X 80 MM EM ACO ZINCADO COM ROSCA SOBERBA E CABECA SEXTAVADA"	120565	7584	both	1
BUCHA DE NYLON SEM ABA S4	120566	11945	both	13
BUCHA DE NYLON SEM ABA S5	120567	11946	both	13
BUCHA DE NYLON SEM ABA S6	120568	4375	both	13
BUCHA DE NYLON SEM ABA S6, COM PARAFUSO DE 4,20 X 40 MM EM ACO ZINCADO COM ROSCA SOBERBA, CABECA CHATA E FENDA PHILLIPS	120569	11950	both	1
BUCHA DE NYLON SEM ABA S8	120570	4376	both	13
BUCHA DE NYLON SEM ABA S8, COM PARAFUSO DE 4,80 X 50 MM EM ACO ZINCADO COM ROSCA SOBERBA, CABECA CHATA E FENDA PHILLIPS	120571	7583	both	1
BUCHA DE NYLON, DIAMETRO DO FURO 8 MM, COMPRIMENTO 40 MM, COM PARAFUSO DE ROSCA SOBERBA, CABECA CHATA, FENDA SIMPLES, 4,8 X 50 MM	120572	4350	both	1
"BUCHA DE REDUCAO DE FERRO GALVANIZADO, COM ROSCA BSP, DE 1 1/2"" X 1 1/4"""	120579	790	both	78
"BUCHA DE REDUCAO DE FERRO GALVANIZADO, COM ROSCA BSP, DE 1 1/2"" X 1"""	120581	791	both	78
"BUCHA DE REDUCAO DE FERRO GALVANIZADO, COM ROSCA BSP, DE 1 1/2"" X 1/2"""	120580	766	both	78
"BUCHA DE REDUCAO DE FERRO GALVANIZADO, COM ROSCA BSP, DE 1 1/2"" X 3/4"""	120582	767	both	78
"BUCHA DE REDUCAO DE FERRO GALVANIZADO, COM ROSCA BSP, DE 1 1/4"" X 1"""	120584	789	both	78
"BUCHA DE REDUCAO DE FERRO GALVANIZADO, COM ROSCA BSP, DE 1 1/4"" X 1/2"""	120583	768	both	78
"BUCHA DE REDUCAO DE FERRO GALVANIZADO, COM ROSCA BSP, DE 1 1/4"" X 3/4"""	120585	769	both	78
"BUCHA DE REDUCAO DE FERRO GALVANIZADO, COM ROSCA BSP, DE 1"" X 1/2"""	120588	764	both	78
"BUCHA DE REDUCAO DE FERRO GALVANIZADO, COM ROSCA BSP, DE 1"" X 3/4"""	120589	765	both	78
"BUCHA DE REDUCAO DE FERRO GALVANIZADO, COM ROSCA BSP, DE 1/2"" X 1/4"""	120586	770	both	78
"BUCHA DE REDUCAO DE FERRO GALVANIZADO, COM ROSCA BSP, DE 1/2"" X 3/8"""	120587	12394	both	78
"BUCHA DE REDUCAO DE FERRO GALVANIZADO, COM ROSCA BSP, DE 2 1/2"" X 1 1/2"""	120590	787	both	78
"BUCHA DE REDUCAO DE FERRO GALVANIZADO, COM ROSCA BSP, DE 2 1/2"" X 1 1/4"""	120591	774	both	78
"BUCHA DE REDUCAO DE FERRO GALVANIZADO, COM ROSCA BSP, DE 2 1/2"" X 1"""	120592	773	both	78
"BUCHA DE REDUCAO DE FERRO GALVANIZADO, COM ROSCA BSP, DE 2 1/2"" X 2"""	120593	775	both	78
"BUCHA DE REDUCAO DE FERRO GALVANIZADO, COM ROSCA BSP, DE 2"" X 1 1/2"""	120594	788	both	78
"BUCHA DE REDUCAO DE FERRO GALVANIZADO, COM ROSCA BSP, DE 2"" X 1 1/4"""	120595	772	both	78
"BUCHA DE REDUCAO DE FERRO GALVANIZADO, COM ROSCA BSP, DE 2"" X 1"""	120596	771	both	78
"BUCHA DE REDUCAO DE FERRO GALVANIZADO, COM ROSCA BSP, DE 3"" X 1 1/2"""	120598	776	both	78
"BUCHA DE REDUCAO DE FERRO GALVANIZADO, COM ROSCA BSP, DE 3"" X 1 1/4"""	120599	777	both	78
"BUCHA DE REDUCAO DE FERRO GALVANIZADO, COM ROSCA BSP, DE 3"" X 2 1/2"""	120600	780	both	78
"BUCHA DE REDUCAO DE FERRO GALVANIZADO, COM ROSCA BSP, DE 3"" X 2"""	120601	778	both	78
"BUCHA DE REDUCAO DE FERRO GALVANIZADO, COM ROSCA BSP, DE 3/4"" X 1/2"""	120597	779	both	78
"BUCHA DE REDUCAO DE FERRO GALVANIZADO, COM ROSCA BSP, DE 4"" X 2 1/2"""	120602	781	both	78
"BUCHA DE REDUCAO DE FERRO GALVANIZADO, COM ROSCA BSP, DE 4"" X 2"""	120603	786	both	78
"BUCHA DE REDUCAO DE FERRO GALVANIZADO, COM ROSCA BSP, DE 4"" X 3"""	120604	782	both	78
"BUCHA DE REDUCAO DE FERRO GALVANIZADO, COM ROSCA BSP, DE 5"" X 4"""	120605	783	both	78
"BUCHA DE REDUCAO DE FERRO GALVANIZADO, COM ROSCA BSP, DE 6"" X 4"""	120606	785	both	78
"BUCHA DE REDUCAO DE FERRO GALVANIZADO, COM ROSCA BSP, DE 6"" X 5"""	120607	784	both	78
BUCHA DE REDUCAO DE PVC, SOLDAVEL, CURTA, COM 25 X 20 MM, PARA AGUA FRIA PREDIAL	120609	828	both	92
BUCHA DE REDUCAO DE PVC, SOLDAVEL, CURTA, COM 32 X 25 MM, PARA AGUA FRIA PREDIAL	120610	829	both	92
BUCHA DE REDUCAO DE PVC, SOLDAVEL, CURTA, COM 40 X 32 MM, PARA AGUA FRIA PREDIAL	120611	812	both	92
BUCHA DE REDUCAO DE PVC, SOLDAVEL, CURTA, COM 50 X 40 MM, PARA AGUA FRIA PREDIAL	120612	819	both	92
BUCHA DE REDUCAO DE PVC, SOLDAVEL, CURTA, COM 60 X 50 MM, PARA AGUA FRIA PREDIAL	120613	818	both	92
BUCHA DE REDUCAO DE PVC, SOLDAVEL, LONGA, 50 X 40 MM, PARA ESGOTO PREDIAL	120630	20086	both	92
BUCHA DE REDUCAO DE PVC, SOLDAVEL, LONGA, COM 32 X 20 MM, PARA AGUA FRIA PREDIAL	120618	832	both	92
BUCHA DE REDUCAO DE PVC, SOLDAVEL, LONGA, COM 40 X 25 MM, PARA AGUA FRIA PREDIAL	120620	834	both	92
BUCHA DE REDUCAO DE PVC, SOLDAVEL, LONGA, COM 50 X 25 MM, PARA AGUA FRIA PREDIAL	120622	813	both	92
BUCHA DE REDUCAO DE PVC, SOLDAVEL, LONGA, COM 50 X 32 MM, PARA AGUA FRIA PREDIAL	120623	820	both	92
BUCHA DE REDUCAO DE PVC, SOLDAVEL, LONGA, COM 60 X 25 MM, PARA AGUA FRIA PREDIAL	120624	816	both	92
BUCHA DE REDUCAO DE PVC, SOLDAVEL, LONGA, COM 60 X 32 MM, PARA AGUA FRIA PREDIAL	120625	814	both	92
BUCHA DE REDUCAO DE PVC, SOLDAVEL, LONGA, COM 60 X 50 MM, PARA AGUA FRIA PREDIAL	120627	822	both	92
BUCHA DE REDUCAO DE PVC, SOLDAVEL, LONGA, COM 75 X 50 MM, PARA AGUA FRIA PREDIAL	120628	821	both	92
"BUCHA DE REDUCAO EM ALUMINIO, COM ROSCA, DE 1 1/2"" X 1 1/4"", PARA ELETRODUTO"	120631	39191	both	13
"BUCHA DE REDUCAO EM ALUMINIO, COM ROSCA, DE 1 1/2"" X 1"", PARA ELETRODUTO"	120632	39190	both	13
"BUCHA DE REDUCAO EM ALUMINIO, COM ROSCA, DE 1 1/2"" X 3/4"", PARA ELETRODUTO"	120633	39189	both	13
"BUCHA DE REDUCAO EM ALUMINIO, COM ROSCA, DE 1 1/4"" X 1"", PARA ELETRODUTO"	120635	39188	both	13
"BUCHA DE REDUCAO EM ALUMINIO, COM ROSCA, DE 1 1/4"" X 1/2"", PARA ELETRODUTO"	120634	39186	both	13
"BUCHA DE REDUCAO EM ALUMINIO, COM ROSCA, DE 1 1/4"" X 3/4"", PARA ELETRODUTO"	120636	39187	both	13
"BUCHA DE REDUCAO EM ALUMINIO, COM ROSCA, DE 1"" X 1/2"", PARA ELETRODUTO"	120637	39184	both	13
"BUCHA DE REDUCAO EM ALUMINIO, COM ROSCA, DE 1"" X 3/4"", PARA ELETRODUTO"	120638	39185	both	13
"BUCHA DE REDUCAO EM ALUMINIO, COM ROSCA, DE 2 1/2"" X 1 1/2"", PARA ELETRODUTO"	120639	39198	both	13
"BUCHA DE REDUCAO EM ALUMINIO, COM ROSCA, DE 2 1/2"" X 1 1/4"", PARA ELETRODUTO"	120640	39197	both	13
"BUCHA DE REDUCAO EM ALUMINIO, COM ROSCA, DE 2 1/2"" X 1"", PARA ELETRODUTO"	120641	39196	both	13
"BUCHA DE REDUCAO EM ALUMINIO, COM ROSCA, DE 2 1/2"" X 2"", PARA ELETRODUTO"	120642	39199	both	13
"BUCHA DE REDUCAO EM ALUMINIO, COM ROSCA, DE 2"" X 1 1/2"", PARA ELETRODUTO"	120643	39195	both	13
"BUCHA DE REDUCAO EM ALUMINIO, COM ROSCA, DE 2"" X 1 1/4"", PARA ELETRODUTO"	120644	39194	both	13
"BUCHA DE REDUCAO EM ALUMINIO, COM ROSCA, DE 2"" X 1"", PARA ELETRODUTO"	120645	39193	both	13
"BUCHA DE REDUCAO EM ALUMINIO, COM ROSCA, DE 2"" X 3/4"", PARA ELETRODUTO"	120646	39192	both	13
"BUCHA DE REDUCAO EM ALUMINIO, COM ROSCA, DE 3"" X 1 1/2"", PARA ELETRODUTO"	120648	39201	both	13
"BUCHA DE REDUCAO EM ALUMINIO, COM ROSCA, DE 3"" X 1 1/4"", PARA ELETRODUTO"	120649	39200	both	13
"BUCHA DE REDUCAO EM ALUMINIO, COM ROSCA, DE 3"" X 2 1/2"", PARA ELETRODUTO"	120650	39203	both	13
"BUCHA DE REDUCAO EM ALUMINIO, COM ROSCA, DE 3"" X 2"", PARA ELETRODUTO"	120651	39202	both	13
"BUCHA DE REDUCAO EM ALUMINIO, COM ROSCA, DE 3/4"" X 1/2"", PARA ELETRODUTO"	120647	39920	both	13
"BUCHA DE REDUCAO EM ALUMINIO, COM ROSCA, DE 4"" X 2 1/2"", PARA ELETRODUTO"	120652	39205	both	13
"BUCHA DE REDUCAO EM ALUMINIO, COM ROSCA, DE 4"" X 2"", PARA ELETRODUTO"	120653	39204	both	13
"BUCHA DE REDUCAO EM ALUMINIO, COM ROSCA, DE 4"" X 3"", PARA ELETRODUTO"	120654	39206	both	13
"BUCHA DE REDUCAO PVC ROSCAVEL 3/4"" X 1/2"""	120656	798	both	99
BUCHA DE REDUCAO, CPVC, SOLDAVEL, 22 X 15 MM, PARA AGUA QUENTE	120666	38001	both	11
BUCHA DE REDUCAO, CPVC, SOLDAVEL, 28 X 22 MM, PARA AGUA QUENTE	120667	38002	both	11
BUCHA DE REDUCAO, CPVC, SOLDAVEL, 35 X 28 MM, PARA AGUA QUENTE	120668	38003	both	11
BUCHA DE REDUCAO, CPVC, SOLDAVEL, 42 X 22 MM, PARA AGUA QUENTE	120669	38004	both	11
BUCHA DE REDUCAO, PPR, DN 25 X 20 MM, PARA AGUA QUENTE PREDIAL	120670	36327	both	15
BUCHA DE REDUCAO, PPR, DN 32 X 25 MM, PARA AGUA QUENTE E FRIA PREDIAL	120671	38992	both	15
BUCHA DE REDUCAO, PPR, DN 40 X 25 MM, PARA AGUA QUENTE E FRIA PREDIAL	120672	38993	both	15
"BUCHA EM ALUMINIO, COM ROSCA, DE 1 1/2"", PARA ELETRODUTO"	120674	39178	both	13
"BUCHA EM ALUMINIO, COM ROSCA, DE 1 1/4"", PARA ELETRODUTO"	120675	39177	both	13
"BUCHA EM ALUMINIO, COM ROSCA, DE 1"", PARA ELETRODUTO"	120677	39176	both	13
"BUCHA EM ALUMINIO, COM ROSCA, DE 1/2"", PARA ELETRODUTO"	120676	39174	both	13
"BUCHA EM ALUMINIO, COM ROSCA, DE 2 1/2"", PARA ELETRODUTO"	120678	39180	both	13
"BUCHA EM ALUMINIO, COM ROSCA, DE 2"", PARA ELETRODUTO"	120679	39179	both	13
"BUCHA EM ALUMINIO, COM ROSCA, DE 3"", PARA ELETRODUTO"	120682	39181	both	13
"BUCHA EM ALUMINIO, COM ROSCA, DE 3/4"", PARA ELETRODUTO"	120680	39175	both	13
"BUCHA EM ALUMINIO, COM ROSCA, DE 3/8"", PARA ELETRODUTO"	120681	39217	both	13
"BUCHA EM ALUMINIO, COM ROSCA, DE 4"", PARA ELETRODUTO"	120683	39182	both	13
"CABECOTE PARA ENTRADA DE LINHA DE ALIMENTACAO PARA ELETRODUTO, EM LIGA DE ALUMINIO COM ACABAMENTO ANTI CORROSIVO, COM FIXACAO POR ENCAIXE LISO DE 360 GRAUS, DE 1 1/2"""	120685	1049	both	4
"CABECOTE PARA ENTRADA DE LINHA DE ALIMENTACAO PARA ELETRODUTO, EM LIGA DE ALUMINIO COM ACABAMENTO ANTI CORROSIVO, COM FIXACAO POR ENCAIXE LISO DE 360 GRAUS, DE 1 1/4"""	120686	1099	both	4
"CABECOTE PARA ENTRADA DE LINHA DE ALIMENTACAO PARA ELETRODUTO, EM LIGA DE ALUMINIO COM ACABAMENTO ANTI CORROSIVO, COM FIXACAO POR ENCAIXE LISO DE 360 GRAUS, DE 1"""	120688	1050	both	4
"CABECOTE PARA ENTRADA DE LINHA DE ALIMENTACAO PARA ELETRODUTO, EM LIGA DE ALUMINIO COM ACABAMENTO ANTI CORROSIVO, COM FIXACAO POR ENCAIXE LISO DE 360 GRAUS, DE 1/2"""	120687	39678	both	4
"CABECOTE PARA ENTRADA DE LINHA DE ALIMENTACAO PARA ELETRODUTO, EM LIGA DE ALUMINIO COM ACABAMENTO ANTI CORROSIVO, COM FIXACAO POR ENCAIXE LISO DE 360 GRAUS, DE 2 1/2"""	120689	1101	both	4
"CABECOTE PARA ENTRADA DE LINHA DE ALIMENTACAO PARA ELETRODUTO, EM LIGA DE ALUMINIO COM ACABAMENTO ANTI CORROSIVO, COM FIXACAO POR ENCAIXE LISO DE 360 GRAUS, DE 2"""	120690	1100	both	4
"CABECOTE PARA ENTRADA DE LINHA DE ALIMENTACAO PARA ELETRODUTO, EM LIGA DE ALUMINIO COM ACABAMENTO ANTI CORROSIVO, COM FIXACAO POR ENCAIXE LISO DE 360 GRAUS, DE 3 1/2"""	120691	39679	both	4
"CABECOTE PARA ENTRADA DE LINHA DE ALIMENTACAO PARA ELETRODUTO, EM LIGA DE ALUMINIO COM ACABAMENTO ANTI CORROSIVO, COM FIXACAO POR ENCAIXE LISO DE 360 GRAUS, DE 3"""	120693	1102	both	4
"CABECOTE PARA ENTRADA DE LINHA DE ALIMENTACAO PARA ELETRODUTO, EM LIGA DE ALUMINIO COM ACABAMENTO ANTI CORROSIVO, COM FIXACAO POR ENCAIXE LISO DE 360 GRAUS, DE 3/4"""	120692	1098	both	4
"CABECOTE PARA ENTRADA DE LINHA DE ALIMENTACAO PARA ELETRODUTO, EM LIGA DE ALUMINIO COM ACABAMENTO ANTI CORROSIVO, COM FIXACAO POR ENCAIXE LISO DE 360 GRAUS, DE 4"""	120694	1051	both	4
CABIDE/GANCHO DE BANHEIRO SIMPLES EM METAL CROMADO	120695	37399	both	25
"CABO DE ACO GALVANIZADO, DIAMETRO 12,7 MM (1/2""), COM ALMA DE ACO CABO INDEPENDENTE 6 X 25 F"	120696	41955	both	-1
"CABO DE ACO GALVANIZADO, DIAMETRO 12,7 MM (1/2""), COM ALMA DE FIBRA 6 X 25 F"	120697	41953	both	-1
"CABO DE ACO GALVANIZADO, DIAMETRO 9,53 MM (3/8""), COM ALMA DE FIBRA 6 X 25 F"	120698	41954	both	-1
CABO DE ALUMINIO NU COM ALMA DE ACO, BITOLA 1/0 AWG	120699	25004	both	-1
CABO DE ALUMINIO NU COM ALMA DE ACO, BITOLA 2 AWG	120700	25002	both	-1
CABO DE ALUMINIO NU COM ALMA DE ACO, BITOLA 2/0 AWG	120701	37409	both	-1
CABO DE ALUMINIO NU COM ALMA DE ACO, BITOLA 4 AWG	120702	841	both	-1
CABO DE ALUMINIO NU SEM ALMA DE ACO, BITOLA 1/0 AWG	120703	25005	both	-1
CABO DE ALUMINIO NU SEM ALMA DE ACO, BITOLA 2 AWG	120704	25003	both	-1
CABO DE ALUMINIO NU SEM ALMA DE ACO, BITOLA 2/0 AWG	120705	37410	both	-1
CABO DE ALUMINIO NU SEM ALMA DE ACO, BITOLA 4 AWG	120706	842	both	-1
CABO DE COBRE NU 10 MM2 MEIO-DURO	120707	862	both	-1
CABO DE COBRE NU 120 MM2 MEIO-DURO	120708	866	both	-1
CABO DE COBRE NU 150 MM2 MEIO-DURO	120709	892	both	-1
CABO DE COBRE NU 16 MM2 MEIO-DURO	120710	857	both	-1
CABO DE COBRE NU 185 MM2 MEIO-DURO	120711	37404	both	-1
CABO DE COBRE NU 25 MM2 MEIO-DURO	120712	868	both	-1
CABO DE COBRE NU 35 MM2 MEIO-DURO	120714	863	both	-1
CABO DE COBRE NU 50 MM2 MEIO-DURO	120715	867	both	-1
CABO DE COBRE NU 70 MM2 MEIO-DURO	120717	864	both	-1
CABO DE COBRE NU 95 MM2 MEIO-DURO	120718	865	both	-1
CABO DE COBRE, FLEXIVEL, CLASSE 4 OU 5, ISOLACAO EM PVC/A, ANTICHAMA BWF-B, 1 CONDUTOR, 450/750 V, SECAO NOMINAL 0,5 MM2	120755	39251	both	19
CABO DE COBRE, FLEXIVEL, CLASSE 4 OU 5, ISOLACAO EM PVC/A, ANTICHAMA BWF-B, 1 CONDUTOR, 450/750 V, SECAO NOMINAL 0,75 MM2	120756	1011	both	19
CABO DE COBRE, FLEXIVEL, CLASSE 4 OU 5, ISOLACAO EM PVC/A, ANTICHAMA BWF-B, 1 CONDUTOR, 450/750 V, SECAO NOMINAL 1,0 MM2	120757	39252	both	19
CABO DE COBRE, FLEXIVEL, CLASSE 4 OU 5, ISOLACAO EM PVC/A, ANTICHAMA BWF-B, 1 CONDUTOR, 450/750 V, SECAO NOMINAL 1,5 MM2	120758	1013	both	19
CABO DE COBRE, FLEXIVEL, CLASSE 4 OU 5, ISOLACAO EM PVC/A, ANTICHAMA BWF-B, 1 CONDUTOR, 450/750 V, SECAO NOMINAL 10 MM2	120759	980	both	19
CABO DE COBRE, FLEXIVEL, CLASSE 4 OU 5, ISOLACAO EM PVC/A, ANTICHAMA BWF-B, 1 CONDUTOR, 450/750 V, SECAO NOMINAL 120 MM2	120760	39237	both	19
CABO DE COBRE, FLEXIVEL, CLASSE 4 OU 5, ISOLACAO EM PVC/A, ANTICHAMA BWF-B, 1 CONDUTOR, 450/750 V, SECAO NOMINAL 150 MM2	120761	39238	both	19
CABO DE COBRE, FLEXIVEL, CLASSE 4 OU 5, ISOLACAO EM PVC/A, ANTICHAMA BWF-B, 1 CONDUTOR, 450/750 V, SECAO NOMINAL 16 MM2	120762	979	both	19
CABO DE COBRE, FLEXIVEL, CLASSE 4 OU 5, ISOLACAO EM PVC/A, ANTICHAMA BWF-B, 1 CONDUTOR, 450/750 V, SECAO NOMINAL 185 MM2	120763	39239	both	19
CABO DE COBRE, FLEXIVEL, CLASSE 4 OU 5, ISOLACAO EM PVC/A, ANTICHAMA BWF-B, 1 CONDUTOR, 450/750 V, SECAO NOMINAL 2,5 MM2	120764	1014	both	19
CABO DE COBRE, FLEXIVEL, CLASSE 4 OU 5, ISOLACAO EM PVC/A, ANTICHAMA BWF-B, 1 CONDUTOR, 450/750 V, SECAO NOMINAL 240 MM2	120765	39240	both	19
CABO DE COBRE, FLEXIVEL, CLASSE 4 OU 5, ISOLACAO EM PVC/A, ANTICHAMA BWF-B, 1 CONDUTOR, 450/750 V, SECAO NOMINAL 25 MM2	120766	39232	both	19
CABO DE COBRE, FLEXIVEL, CLASSE 4 OU 5, ISOLACAO EM PVC/A, ANTICHAMA BWF-B, 1 CONDUTOR, 450/750 V, SECAO NOMINAL 35 MM2	120767	39233	both	19
CABO DE COBRE, FLEXIVEL, CLASSE 4 OU 5, ISOLACAO EM PVC/A, ANTICHAMA BWF-B, 1 CONDUTOR, 450/750 V, SECAO NOMINAL 4 MM2	120768	981	both	19
CABO DE COBRE, FLEXIVEL, CLASSE 4 OU 5, ISOLACAO EM PVC/A, ANTICHAMA BWF-B, 1 CONDUTOR, 450/750 V, SECAO NOMINAL 50 MM2	120769	39234	both	19
CABO DE COBRE, FLEXIVEL, CLASSE 4 OU 5, ISOLACAO EM PVC/A, ANTICHAMA BWF-B, 1 CONDUTOR, 450/750 V, SECAO NOMINAL 6 MM2	120770	982	both	19
CABO DE COBRE, FLEXIVEL, CLASSE 4 OU 5, ISOLACAO EM PVC/A, ANTICHAMA BWF-B, 1 CONDUTOR, 450/750 V, SECAO NOMINAL 70 MM2	120771	39235	both	19
CABO DE COBRE, FLEXIVEL, CLASSE 4 OU 5, ISOLACAO EM PVC/A, ANTICHAMA BWF-B, 1 CONDUTOR, 450/750 V, SECAO NOMINAL 95 MM2	120772	39236	both	19
CABO DE COBRE, FLEXIVEL, CLASSE 4 OU 5, ISOLACAO EM PVC/A, ANTICHAMA BWF-B, COBERTURA PVC-ST1, ANTICHAMA BWF-B, 1 CONDUTOR, 0,6/1 KV, SECAO NOMINAL 1,5 MM2	120737	993	both	19
CABO DE COBRE, FLEXIVEL, CLASSE 4 OU 5, ISOLACAO EM PVC/A, ANTICHAMA BWF-B, COBERTURA PVC-ST1, ANTICHAMA BWF-B, 1 CONDUTOR, 0,6/1 KV, SECAO NOMINAL 10 MM2	120738	1020	both	19
CABO DE COBRE, FLEXIVEL, CLASSE 4 OU 5, ISOLACAO EM PVC/A, ANTICHAMA BWF-B, COBERTURA PVC-ST1, ANTICHAMA BWF-B, 1 CONDUTOR, 0,6/1 KV, SECAO NOMINAL 120 MM2	120739	1017	both	19
CABO DE COBRE, FLEXIVEL, CLASSE 4 OU 5, ISOLACAO EM PVC/A, ANTICHAMA BWF-B, COBERTURA PVC-ST1, ANTICHAMA BWF-B, 1 CONDUTOR, 0,6/1 KV, SECAO NOMINAL 150 MM2	120740	999	both	19
CABO DE COBRE, FLEXIVEL, CLASSE 4 OU 5, ISOLACAO EM PVC/A, ANTICHAMA BWF-B, COBERTURA PVC-ST1, ANTICHAMA BWF-B, 1 CONDUTOR, 0,6/1 KV, SECAO NOMINAL 16 MM2	120741	995	both	19
CABO DE COBRE, FLEXIVEL, CLASSE 4 OU 5, ISOLACAO EM PVC/A, ANTICHAMA BWF-B, COBERTURA PVC-ST1, ANTICHAMA BWF-B, 1 CONDUTOR, 0,6/1 KV, SECAO NOMINAL 185 MM2	120742	1000	both	19
CABO DE COBRE, FLEXIVEL, CLASSE 4 OU 5, ISOLACAO EM PVC/A, ANTICHAMA BWF-B, COBERTURA PVC-ST1, ANTICHAMA BWF-B, 1 CONDUTOR, 0,6/1 KV, SECAO NOMINAL 2,5 MM2	120743	1022	both	19
CABO DE COBRE, FLEXIVEL, CLASSE 4 OU 5, ISOLACAO EM PVC/A, ANTICHAMA BWF-B, COBERTURA PVC-ST1, ANTICHAMA BWF-B, 1 CONDUTOR, 0,6/1 KV, SECAO NOMINAL 240 MM2	120744	1015	both	19
CABO DE COBRE, FLEXIVEL, CLASSE 4 OU 5, ISOLACAO EM PVC/A, ANTICHAMA BWF-B, COBERTURA PVC-ST1, ANTICHAMA BWF-B, 1 CONDUTOR, 0,6/1 KV, SECAO NOMINAL 25 MM2	120745	996	both	19
CABO DE COBRE, FLEXIVEL, CLASSE 4 OU 5, ISOLACAO EM PVC/A, ANTICHAMA BWF-B, COBERTURA PVC-ST1, ANTICHAMA BWF-B, 1 CONDUTOR, 0,6/1 KV, SECAO NOMINAL 300 MM2	120746	1001	both	19
CABO DE COBRE, FLEXIVEL, CLASSE 4 OU 5, ISOLACAO EM PVC/A, ANTICHAMA BWF-B, COBERTURA PVC-ST1, ANTICHAMA BWF-B, 1 CONDUTOR, 0,6/1 KV, SECAO NOMINAL 35 MM2	120747	1019	both	19
CABO DE COBRE, FLEXIVEL, CLASSE 4 OU 5, ISOLACAO EM PVC/A, ANTICHAMA BWF-B, COBERTURA PVC-ST1, ANTICHAMA BWF-B, 1 CONDUTOR, 0,6/1 KV, SECAO NOMINAL 4 MM2	120748	1021	both	19
CABO DE COBRE, FLEXIVEL, CLASSE 4 OU 5, ISOLACAO EM PVC/A, ANTICHAMA BWF-B, COBERTURA PVC-ST1, ANTICHAMA BWF-B, 1 CONDUTOR, 0,6/1 KV, SECAO NOMINAL 400 MM2	120749	39249	both	19
CABO DE COBRE, FLEXIVEL, CLASSE 4 OU 5, ISOLACAO EM PVC/A, ANTICHAMA BWF-B, COBERTURA PVC-ST1, ANTICHAMA BWF-B, 1 CONDUTOR, 0,6/1 KV, SECAO NOMINAL 50 MM2	120750	1018	both	19
CABO DE COBRE, FLEXIVEL, CLASSE 4 OU 5, ISOLACAO EM PVC/A, ANTICHAMA BWF-B, COBERTURA PVC-ST1, ANTICHAMA BWF-B, 1 CONDUTOR, 0,6/1 KV, SECAO NOMINAL 500 MM2	120751	39250	both	19
CABO DE COBRE, FLEXIVEL, CLASSE 4 OU 5, ISOLACAO EM PVC/A, ANTICHAMA BWF-B, COBERTURA PVC-ST1, ANTICHAMA BWF-B, 1 CONDUTOR, 0,6/1 KV, SECAO NOMINAL 6 MM2	120752	994	both	19
CABO DE COBRE, FLEXIVEL, CLASSE 4 OU 5, ISOLACAO EM PVC/A, ANTICHAMA BWF-B, COBERTURA PVC-ST1, ANTICHAMA BWF-B, 1 CONDUTOR, 0,6/1 KV, SECAO NOMINAL 70 MM2	120753	977	both	19
CABO DE COBRE, FLEXIVEL, CLASSE 4 OU 5, ISOLACAO EM PVC/A, ANTICHAMA BWF-B, COBERTURA PVC-ST1, ANTICHAMA BWF-B, 1 CONDUTOR, 0,6/1 KV, SECAO NOMINAL 95 MM2	120754	998	both	19
CABO DE COBRE, RIGIDO, CLASSE 2, ISOLACAO EM PVC/A, ANTICHAMA BWF-B, 1 CONDUTOR, 450/750 V, SECAO NOMINAL 150 MM2	120785	990	both	96
CABO DE COBRE, RIGIDO, CLASSE 2, ISOLACAO EM PVC/A, ANTICHAMA BWF-B, 1 CONDUTOR, 450/750 V, SECAO NOMINAL 16 MM2	120786	39241	both	96
CABO DE COBRE, RIGIDO, CLASSE 2, ISOLACAO EM PVC/A, ANTICHAMA BWF-B, 1 CONDUTOR, 450/750 V, SECAO NOMINAL 185 MM2	120787	1005	both	96
CABO DE COBRE, RIGIDO, CLASSE 2, ISOLACAO EM PVC/A, ANTICHAMA BWF-B, 1 CONDUTOR, 450/750 V, SECAO NOMINAL 240 MM2	120789	991	both	96
CABO DE COBRE, RIGIDO, CLASSE 2, ISOLACAO EM PVC/A, ANTICHAMA BWF-B, 1 CONDUTOR, 450/750 V, SECAO NOMINAL 25 MM2	120790	986	both	96
CABO DE COBRE, RIGIDO, CLASSE 2, ISOLACAO EM PVC/A, ANTICHAMA BWF-B, 1 CONDUTOR, 450/750 V, SECAO NOMINAL 35 MM2	120792	987	both	96
CABO DE COBRE, RIGIDO, CLASSE 2, ISOLACAO EM PVC/A, ANTICHAMA BWF-B, 1 CONDUTOR, 450/750 V, SECAO NOMINAL 50 MM2	120795	1007	both	96
CABO DE COBRE, RIGIDO, CLASSE 2, ISOLACAO EM PVC/A, ANTICHAMA BWF-B, 1 CONDUTOR, 450/750 V, SECAO NOMINAL 6 MM2	120797	1008	both	96
CABO DE COBRE, RIGIDO, CLASSE 2, ISOLACAO EM PVC/A, ANTICHAMA BWF-B, 1 CONDUTOR, 450/750 V, SECAO NOMINAL 70 MM2	120798	988	both	96
CABO DE COBRE, RIGIDO, CLASSE 2, ISOLACAO EM PVC/A, ANTICHAMA BWF-B, 1 CONDUTOR, 450/750 V, SECAO NOMINAL 95 MM2	120799	989	both	96
CABO FLEXIVEL PVC 750 V, 2 CONDUTORES DE 1,5 MM2	120802	34602	both	9
CABO FLEXIVEL PVC 750 V, 2 CONDUTORES DE 4,0 MM2	120804	34607	both	9
CABO FLEXIVEL PVC 750 V, 2 CONDUTORES DE 6,0 MM2	120805	34609	both	9
CABO FLEXIVEL PVC 750 V, 3 CONDUTORES DE 1,5 MM2	120806	34618	both	9
CABO FLEXIVEL PVC 750 V, 3 CONDUTORES DE 4,0 MM2	120808	34621	both	9
CABO FLEXIVEL PVC 750 V, 3 CONDUTORES DE 6,0 MM2	120809	34622	both	9
CABO FLEXIVEL PVC 750 V, 4 CONDUTORES DE 1,5 MM2	120810	34624	both	9
CABO FLEXIVEL PVC 750 V, 4 CONDUTORES DE 4,0 MM2	120812	34627	both	9
CABO FLEXIVEL PVC 750 V, 4 CONDUTORES DE 6,0 MM2	120813	34629	both	9
CABO MULTIPOLAR DE COBRE, FLEXIVEL, CLASSE 4 OU 5, ISOLACAO EM HEPR, COBERTURA EM PVC-ST2, ANTICHAMA BWF-B, 0,6/1 KV, 3 CONDUTORES DE 1,5 MM2	120814	39257	both	19
CABO MULTIPOLAR DE COBRE, FLEXIVEL, CLASSE 4 OU 5, ISOLACAO EM HEPR, COBERTURA EM PVC-ST2, ANTICHAMA BWF-B, 0,6/1 KV, 3 CONDUTORES DE 10 MM2	120815	39261	both	19
CABO MULTIPOLAR DE COBRE, FLEXIVEL, CLASSE 4 OU 5, ISOLACAO EM HEPR, COBERTURA EM PVC-ST2, ANTICHAMA BWF-B, 0,6/1 KV, 3 CONDUTORES DE 120 MM2	120816	39268	both	19
CABO MULTIPOLAR DE COBRE, FLEXIVEL, CLASSE 4 OU 5, ISOLACAO EM HEPR, COBERTURA EM PVC-ST2, ANTICHAMA BWF-B, 0,6/1 KV, 3 CONDUTORES DE 16 MM2	120817	39262	both	19
CABO MULTIPOLAR DE COBRE, FLEXIVEL, CLASSE 4 OU 5, ISOLACAO EM HEPR, COBERTURA EM PVC-ST2, ANTICHAMA BWF-B, 0,6/1 KV, 3 CONDUTORES DE 2,5 MM2	120818	39258	both	19
CABO MULTIPOLAR DE COBRE, FLEXIVEL, CLASSE 4 OU 5, ISOLACAO EM HEPR, COBERTURA EM PVC-ST2, ANTICHAMA BWF-B, 0,6/1 KV, 3 CONDUTORES DE 25 MM2	120819	39263	both	19
CABO MULTIPOLAR DE COBRE, FLEXIVEL, CLASSE 4 OU 5, ISOLACAO EM HEPR, COBERTURA EM PVC-ST2, ANTICHAMA BWF-B, 0,6/1 KV, 3 CONDUTORES DE 35 MM2	120820	39264	both	19
CABO MULTIPOLAR DE COBRE, FLEXIVEL, CLASSE 4 OU 5, ISOLACAO EM HEPR, COBERTURA EM PVC-ST2, ANTICHAMA BWF-B, 0,6/1 KV, 3 CONDUTORES DE 4 MM2	120821	39259	both	19
CABO MULTIPOLAR DE COBRE, FLEXIVEL, CLASSE 4 OU 5, ISOLACAO EM HEPR, COBERTURA EM PVC-ST2, ANTICHAMA BWF-B, 0,6/1 KV, 3 CONDUTORES DE 50 MM2	120822	39265	both	19
CABO MULTIPOLAR DE COBRE, FLEXIVEL, CLASSE 4 OU 5, ISOLACAO EM HEPR, COBERTURA EM PVC-ST2, ANTICHAMA BWF-B, 0,6/1 KV, 3 CONDUTORES DE 6 MM2	120823	39260	both	19
CABO MULTIPOLAR DE COBRE, FLEXIVEL, CLASSE 4 OU 5, ISOLACAO EM HEPR, COBERTURA EM PVC-ST2, ANTICHAMA BWF-B, 0,6/1 KV, 3 CONDUTORES DE 70 MM2	120824	39266	both	19
CABO MULTIPOLAR DE COBRE, FLEXIVEL, CLASSE 4 OU 5, ISOLACAO EM HEPR, COBERTURA EM PVC-ST2, ANTICHAMA BWF-B, 0,6/1 KV, 3 CONDUTORES DE 95 MM2	120825	39267	both	19
CABO TELEFONICO CCI 50, 1 PAR, USO INTERNO, SEM BLINDAGEM	120826	11901	both	80
CABO TELEFONICO CCI 50, 2 PARES, USO INTERNO, SEM BLINDAGEM	120827	11902	both	80
CABO TELEFONICO CCI 50, 3 PARES, USO INTERNO, SEM BLINDAGEM	120828	11903	both	80
CABO TELEFONICO CCI 50, 4 PARES, USO INTERNO, SEM BLINDAGEM	120829	11904	both	80
CABO TELEFONICO CCI 50, 5 PARES, USO INTERNO, SEM BLINDAGEM	120830	11905	both	80
CABO TELEFONICO CCI 50, 6 PARES, USO INTERNO, SEM BLINDAGEM	120831	11906	both	80
CABO TELEFONICO CI 50, 10 PARES, USO INTERNO	120832	11919	both	80
CABO TELEFONICO CI 50, 20 PARES, USO INTERNO	120833	11920	both	80
CABO TELEFONICO CI 50, 200 PARES, USO INTERNO	120834	11924	both	80
CABO TELEFONICO CI 50, 30 PARES, USO INTERNO	120835	11921	both	80
CABO TELEFONICO CI 50, 50 PARES, USO INTERNO	120836	11922	both	80
CABO TELEFONICO CI 50, 75 PARES, USO INTERNO	120837	11923	both	80
CABO TELEFONICO CTP - APL - 50, 10 PARES, USO EXTERNO	120838	11916	both	80
CABO TELEFONICO CTP - APL - 50, 100 PARES, USO EXTERNO	120839	11914	both	80
CABO TELEFONICO CTP - APL - 50, 20 PARES, USO EXTERNO	120840	11917	both	80
CABO TELEFONICO CTP - APL - 50, 30 PARES, USO EXTERNO	120841	11918	both	80
CACAMBA METALICA BASCULANTE COM CAPACIDADE DE 10 M3 (INCLUI MONTAGEM, NAO INCLUI CAMINHAO)	120842	37734	both	109
CACAMBA METALICA BASCULANTE COM CAPACIDADE DE 6 M3 (INCLUI MONTAGEM, NAO INCLUI CAMINHAO)	120844	37733	both	109
CADEADO SIMPLES, CORPO EM LATAO MACICO, COM LARGURA DE 25 MM E ALTURA DE APROX 25 MM, HASTE CEMENTADA (NAO LONGA), EM ACO TEMPERADO COM DIAMETRO DE APROX 5,0 MM, INCLUINDO 2 CHAVES	120846	5090	both	82
CADEADO SIMPLES, CORPO EM LATAO MACICO, COM LARGURA DE 35 MM E ALTURA DE APROX 30 MM, HASTE CEMENTADA (NAO LONGA), EM ACO TEMPERADO COM DIAMETRO DE APROX 6,0 MM, INCLUINDO 2 CHAVES	120847	5085	both	82
CADEADO SIMPLES, CORPO EM LATAO MACICO, COM LARGURA DE 50 MM E ALTURA DE APROX 40 MM, HASTE CEMENTADA EM ACO TEMPERADO COM DIAMETRO DE APROX 8,0 MM, INCLUINDO 2 CHAVES	120848	43603	both	82
CADEIRA SUSPENSA MANUAL / BALANCIM INDIVIDUAL (NBR 14751)	120849	38374	both	12
CAIBRO 5 X 5 CM EM PINUS, MISTA OU EQUIVALENTE DA REGIAO - BRUTA	120856	4513	both	3
CAIBRO ROLICO DE MADEIRA TRATADA, D = 4 A 7 CM, H = 3,00 M, EM EUCALIPTO OU EQUIVALENTE DA REGIAO	120855	2729	both	17
CAIXA DE CONCRETO ARMADO PRE-MOLDADO, COM FUNDO E SEM TAMPA, DIMENSOES DE 0,30 X 0,30 X 0,30 M	120869	43434	both	-1
CAIXA DE CONCRETO ARMADO PRE-MOLDADO, COM FUNDO E SEM TAMPA, DIMENSOES DE 0,40 X 0,40 X 0,40 M	120870	43435	both	-1
CAIXA DE CONCRETO ARMADO PRE-MOLDADO, COM FUNDO E SEM TAMPA, DIMENSOES DE 0,60 X 0,60 X 0,50 M	120871	43436	both	-1
CAIXA DE CONCRETO ARMADO PRE-MOLDADO, COM FUNDO E SEM TAMPA, DIMENSOES DE 0,80 X 0,80 X 0,50 M	120872	43437	both	-1
CAIXA DE CONCRETO ARMADO PRE-MOLDADO, COM FUNDO E SEM TAMPA, DIMENSOES DE 1,00 X 1,00 X 0,50 M	120873	43438	both	-1
CAIXA DE CONCRETO ARMADO PRE-MOLDADO, COM FUNDO E TAMPA, DIMENSOES DE 0,30 X 0,30 X 0,30 M	120874	41627	both	-1
CAIXA DE CONCRETO ARMADO PRE-MOLDADO, COM FUNDO E TAMPA, DIMENSOES DE 0,40 X 0,40 X 0,40 M	120875	41628	both	-1
CAIXA DE CONCRETO ARMADO PRE-MOLDADO, COM FUNDO E TAMPA, DIMENSOES DE 0,60 X 0,60 X 0,50 M	120876	41629	both	-1
CAIXA DE CONCRETO ARMADO PRE-MOLDADO, SEM FUNDO, QUADRADA, DIMENSOES DE 0,30 X 0,30 X 0,30 M	120877	43429	both	-1
CAIXA DE CONCRETO ARMADO PRE-MOLDADO, SEM FUNDO, QUADRADA, DIMENSOES DE 0,40 X 0,40 X 0,40 M	120878	43430	both	-1
CAIXA DE CONCRETO ARMADO PRE-MOLDADO, SEM FUNDO, QUADRADA, DIMENSOES DE 0,60 X 0,60 X 0,50 M	120879	43431	both	-1
CAIXA DE CONCRETO ARMADO PRE-MOLDADO, SEM FUNDO, QUADRADA, DIMENSOES DE 0,80 X 0,80 X 0,50 M	120880	43432	both	-1
CAIXA DE CONCRETO ARMADO PRE-MOLDADO, SEM FUNDO, QUADRADA, DIMENSOES DE 1,00 X 1,00 X 0,50 M	120881	43433	both	-1
CAIXA DE DERIVACAO PARA MEDIDOR DE ENERGIA, COM BARRAMENTO MONOFASICO, EM POLICARBONATO / TERMOPLASTICO - MODULO (PADRAO CONCESSIONARIA LOCAL)	120882	43094	both	-1
CAIXA DE DERIVACAO PARA MEDIDOR DE ENERGIA, COM BARRAMENTO POLIFASICO, EM POLICARBONATO / TERMOPLASTICO - MODULO (PADRAO CONCESSIONARIA LOCAL)	120883	43093	both	-1
CAIXA DE GORDURA CILINDRICA EM CONCRETO SIMPLES, PRE-MOLDADA, COM DIAMETRO DE 40 CM E ALTURA DE 45 CM, COM TAMPA	120886	11881	both	14
"CAIXA DE INCENDIO/ABRIGO PARA MANGUEIRA, DE EMBUTIR/INTERNA, COM 75 X 45 X 17 CM, EM CHAPA DE ACO, PORTA COM VENTILACAO, VISOR COM A INSCRICAO ""INCENDIO"", SUPORTE/CESTA INTERNA PARA A MANGUEIRA, PINTURA ELETROSTATICA VERMELHA"	120888	10521	both	-1
"CAIXA DE INCENDIO/ABRIGO PARA MANGUEIRA, DE EMBUTIR/INTERNA, COM 90 X 60 X 17 CM, EM CHAPA DE ACO, PORTA COM VENTILACAO, VISOR COM A INSCRICAO ""INCENDIO"", SUPORTE/CESTA INTERNA PARA A MANGUEIRA, PINTURA ELETROSTATICA VERMELHA"	120889	10885	both	-1
"CAIXA DE INCENDIO/ABRIGO PARA MANGUEIRA, DE SOBREPOR/EXTERNA, COM 75 X 45 X 17 CM, EM CHAPA DE ACO, PORTA COM VENTILACAO, VISOR COM A INSCRICAO ""INCENDIO"", SUPORTE/CESTA INTERNA PARA A MANGUEIRA, PINTURA ELETROSTATICA VERMELHA"	120890	20962	both	-1
"CAIXA DE INCENDIO/ABRIGO PARA MANGUEIRA, DE SOBREPOR/EXTERNA, COM 90 X 60 X 17 CM, EM CHAPA DE ACO, PORTA COM VENTILACAO, VISOR COM A INSCRICAO ""INCENDIO"", SUPORTE/CESTA INTERNA PARA A MANGUEIRA, PINTURA ELETROSTATICA VERMELHA"	120891	20963	both	-1
"CAIXA DE LUZ ""3 X 3"" EM ACO ESMALTADA"	120892	2555	both	50
"CAIXA DE LUZ ""4 X 2"" EM ACO ESMALTADA"	120893	2556	both	50
"CAIXA DE LUZ ""4 X 4"" EM ACO ESMALTADA"	120894	2557	both	50
CAIXA DE PASSAGEM / DERIVACAO / LUZ, OCTOGONAL 4 X4, EM ACO ESMALTADA, COM FUNDO MOVEL SIMPLES (FMS)	120895	10569	both	50
CAIXA DE PASSAGEM ELETRICA DE PAREDE, DE EMBUTIR, EM PVC, COM TAMPA APARAFUSADA, DIMENSOES 120 X 120 X *75* MM	120896	39810	both	95
CAIXA DE PASSAGEM ELETRICA DE PAREDE, DE EMBUTIR, EM PVC, COM TAMPA APARAFUSADA, DIMENSOES 150 X 150 X *75* MM	120897	39811	both	95
CAIXA DE PASSAGEM ELETRICA DE PAREDE, DE EMBUTIR, EM PVC, COM TAMPA APARAFUSADA, DIMENSOES 200 X 200 X *90* MM	120898	39812	both	95
CAIXA DE PASSAGEM ELETRICA DE PAREDE, DE EMBUTIR, EM TERMOPLASTICO / PVC, COM TAMPA APARAFUSADA, DIMENSOES 400 X 400 X *120* MM	120899	43096	both	95
CAIXA DE PASSAGEM ELETRICA DE PAREDE, DE SOBREPOR, EM PVC, COM TAMPA APARAFUSADA, DIMENSOES 300 X 300 X *100* MM	120900	43102	both	95
CAIXA DE PASSAGEM ELETRICA DE PAREDE, DE SOBREPOR, EM PVC, COM TAMPA APARAFUSADA, DIMENSOES, 400 X 400 X *120* MM	120901	43103	both	95
CAIXA DE PASSAGEM ELETRICA DE PAREDE, DE SOBREPOR, EM TERMOPLASTICO / PVC, COM TAMPA APARAFUSADA, DIMENSOES, 150 X 150 X *100* MM	120903	43097	both	95
"CAIXA DE PASSAGEM ELETRICA, PARA PISO, EM PVC, DIMENSOES DE 3/4"" A 4"""	120904	43104	both	103
CAIXA DE PASSAGEM METALICA DE SOBREPOR COM TAMPA PARAFUSADA, DIMENSOES 20 X 20 X 10 CM	120905	39771	both	95
CAIXA DE PASSAGEM METALICA DE SOBREPOR COM TAMPA PARAFUSADA, DIMENSOES 30 X 30 X 10 CM	120906	39772	both	95
CAIXA DE PASSAGEM METALICA DE SOBREPOR COM TAMPA PARAFUSADA, DIMENSOES 40 X 40 X 15 CM	120907	39773	both	95
CAIXA DE PASSAGEM METALICA DE SOBREPOR COM TAMPA PARAFUSADA, DIMENSOES 50 X 50 X 15 CM	120908	39774	both	95
CAIXA DE PASSAGEM METALICA DE SOBREPOR COM TAMPA PARAFUSADA, DIMENSOES 60 X 60 X 20 CM	120909	39775	both	95
CAIXA DE PASSAGEM METALICA DE SOBREPOR COM TAMPA PARAFUSADA, DIMENSOES 70 X 70 X 20 CM	120910	39776	both	95
CAIXA DE PASSAGEM METALICA DE SOBREPOR COM TAMPA PARAFUSADA, DIMENSOES 80 X 80 X 20 CM	120911	39777	both	95
CAIXA DE PASSAGEM METALICA, DE SOBREPOR, COM TAMPA APARAFUSADA, DIMENSOES 15 X 15 X *10* CM	120912	20254	both	95
CAIXA DE PASSAGEM METALICA, DE SOBREPOR, COM TAMPA APARAFUSADA, DIMENSOES 35 X 35 X *12* CM	120913	20253	both	95
"CAIXA DE PASSAGEM, EM PVC, DE 4"" X 2"", PARA ELETRODUTO FLEXIVEL CORRUGADO"	120922	1872	both	4
"CAIXA DE PASSAGEM, EM PVC, DE 4"" X 4"", PARA ELETRODUTO FLEXIVEL CORRUGADO"	120923	1873	both	4
CAIXA DE PASSAGEM/ LUZ / TELEFONIA, DE EMBUTIR, EM CHAPA DE ACO GALVANIZADO, DIMENSOES 120 X 120 X *12* CM (PADRAO CONCESSIONARIA LOCAL)	120920	14055	both	-1
CAIXA DE PASSAGEM/ LUZ / TELEFONIA, DE EMBUTIR, EM CHAPA DE ACO GALVANIZADO, DIMENSOES 150 X 150 X 15 CM (PADRAO CONCESSIONARIA LOCAL)	120914	11247	both	-1
CAIXA DE PASSAGEM/ LUZ / TELEFONIA, DE EMBUTIR, EM CHAPA DE ACO GALVANIZADO, DIMENSOES 20 X 20 X *12* CM (PADRAO CONCESSIONARIA LOCAL)	120915	11250	both	-1
CAIXA DE PASSAGEM/ LUZ / TELEFONIA, DE EMBUTIR, EM CHAPA DE ACO GALVANIZADO, DIMENSOES 200 X 200 X 20 CM (PADRAO CONCESSIONARIA LOCAL)	120916	11249	both	-1
CAIXA DE PASSAGEM/ LUZ / TELEFONIA, DE EMBUTIR, EM CHAPA DE ACO GALVANIZADO, DIMENSOES 40 X 40 X *12* CM (PADRAO CONCESSIONARIA LOCAL)	120917	11251	both	-1
CAIXA DE PASSAGEM/ LUZ / TELEFONIA, DE EMBUTIR, EM CHAPA DE ACO GALVANIZADO, DIMENSOES 60 X 60 X *12* CM (PADRAO CONCESSIONARIA LOCAL)	120918	11253	both	-1
CAIXA DE PASSAGEM/ LUZ / TELEFONIA, DE EMBUTIR, EM CHAPA DE ACO GALVANIZADO, DIMENSOES 80 X 80 X *12* CM (PADRAO CONCESSIONARIA LOCAL)	120919	11255	both	-1
CAIXA DE PASSAGEM/ LUZ / TELEFONIA, DE SOBREPOR, EM CHAPA DE ACO GALVANIZADO, DIMENSOES 80 X 80 X *12* CM (PADRAO CONCESSIONARIA LOCAL)	120921	11256	both	-1
CAIXA DE PROTECAO EXTERNA PARA MEDIDOR HOROSAZONAL, DE BAIXA TENSAO, COM MODULO, EM CHAPA DE ACO (PADRAO DA CONCESSIONARIA LOCAL)	120924	39693	both	6
CAIXA DE PROTECAO PARA TRANSFORMADOR CORRENTE, EM CHAPA DE ACO 18 USG (PADRAO DA CONCESSIONARIA LOCAL)	120925	39692	both	-1
CAIXA INTERNA/EXTERNA DE MEDICAO PARA 1 MEDIDOR TRIFASICO, COM VISOR, EM CHAPA DE ACO 18 USG (PADRAO DA CONCESSIONARIA LOCAL)	120927	1062	both	-1
CAIXA INTERNA/EXTERNA DE MEDICAO PARA 4 MEDIDORES MONOFASICOS, COM VISOR, EM CHAPA DE ACO 18 USG (PADRAO DA CONCESSIONARIA LOCAL)	120928	39686	both	-1
CAIXA MODULAR PARA MEDIDOR DE ENERGIA AGRUPADA, EM POLICARBONATO / TERMOPLASTICO, COM SUPORTE PARA DISJUNTOR (PADRAO DA CONCESSIONARIA LOCAL)	120929	43095	both	-1
"CAIXA OCTOGONAL DE FUNDO MOVEL, EM PVC, DE 3"" X 3"", PARA ELETRODUTO FLEXIVEL CORRUGADO"	120930	1871	both	4
"CAIXA OCTOGONAL DE FUNDO MOVEL, EM PVC, DE 4"" X 4"", PARA ELETRODUTO FLEXIVEL CORRUGADO"	120931	12001	both	4
CAIXA PARA HIDROMETRO CONCRETO PRE MOLDADO, *0,24 M X 0,45 M X 0,30* M (L X C X A)	120932	11882	both	69
CAIXA PARA MEDICAO COLETIVA TIPO L, PADRAO BIFASICO OU TRIFASICO, PARA ATE 4 MEDIDORES, SEM BARRAMENTO E COM PORTAS INFERIOR E SUPERIOR	120933	1068	both	-1
CAIXA PARA MEDICAO COLETIVA TIPO M, PADRAO BIFASICO OU TRIFASICO, PARA ATE 8 MEDIDORES, SEM BARRAMENTO E COM PORTAS INFERIOR E SUPERIOR	120934	39690	both	-1
CAIXA PARA MEDICAO COLETIVA TIPO N, PADRAO BIFASICO OU TRIFASICO, PARA ATE 12 MEDIDORES, SEM BARRAMENTO E COM PORTAS INFERIOR E SUPERIOR	120935	39691	both	-1
CAIXA PARA MEDIDOR MONOFASICO, EM POLICARBONATO / TERMOPLASTICO, PARA ALOJAR 1 DISJUNTOR (PADRAO DA CONCESSIONARIA LOCAL)	120936	39808	both	-1
CAIXA PARA MEDIDOR POLIFASICO, EM POLICARBONATO / TERMOPLASTICO, PARA ALOJAR 1 DISJUNTOR (PADRAO DA CONCESSIONARIA LOCAL)	120937	39809	both	-1
CAIXA PRE-MOLDADA PARA BOCA DE LOBO, EM CONCRETO ARMADO, COM FCK DE 25 MPA, COM DIMENSOES 1,10 X 0,65 X 1,00 M (COMPRIMENTO X LARGURA X ALTURA)	120938	43439	both	-1
CAL HIDRATADA CH-I PARA ARGAMASSAS	120944	1106	both	68
CAL HIDRATADA PARA PINTURA	120945	11161	both	68
CAL VIRGEM COMUM PARA ARGAMASSAS (NBR 6453)	120946	1107	both	68
CALHA MOLDURA AMERICANA DE CHAPA DE ACO GALVANIZADA NUM 26, CORTE 33 CM	120950	1108	both	68
CALHA PARA AGUA FURTADA DE CHAPA DE ACO GALVANIZADA NUM 26, CORTE 40 CM	120951	1117	both	68
CALHA PARA AGUA FURTADA DE CHAPA DE ACO GALVANIZADA NUM 26, CORTE 50 CM	120952	1118	both	68
CALHA PLATIBANDA DE CHAPA DE ACO GALVANIZADA NUM 26, CORTE 45 CM	120953	1110	both	68
CALHA QUADRADA DE CHAPA DE ACO GALVANIZADA NUM 24, CORTE 100 CM	120955	40784	both	68
CALHA QUADRADA DE CHAPA DE ACO GALVANIZADA NUM 24, CORTE 33 CM	120956	40782	both	68
CALHA QUADRADA DE CHAPA DE ACO GALVANIZADA NUM 24, CORTE 50 CM	120957	40783	both	68
CALHA QUADRADA DE CHAPA DE ACO GALVANIZADA NUM 26, CORTE 33 CM	120958	1109	both	68
CALHA QUADRADA DE CHAPA DE ACO GALVANIZADA NUM 28, CORTE 25 CM	120959	1119	both	68
CALHA/CANALETA DE CONCRETO SIMPLES, TIPO MEIA CANA, DIAMETRO DE 20 CM, PARA AGUA PLUVIAL	120960	13115	both	-1
CALHA/CANALETA DE CONCRETO SIMPLES, TIPO MEIA CANA, DIAMETRO DE 30 CM, PARA AGUA PLUVIAL	120961	10541	both	-1
CALHA/CANALETA DE CONCRETO SIMPLES, TIPO MEIA CANA, DIAMETRO DE 40 CM, PARA AGUA PLUVIAL	120962	10542	both	-1
CALHA/CANALETA DE CONCRETO SIMPLES, TIPO MEIA CANA, DIAMETRO DE 50 CM, PARA AGUA PLUVIAL	120963	10543	both	-1
CALHA/CANALETA DE CONCRETO SIMPLES, TIPO MEIA CANA, DIAMETRO DE 60 CM, PARA AGUA PLUVIAL	120964	10544	both	-1
CALHA/CANALETA DE CONCRETO SIMPLES, TIPO MEIA CANA, DIAMETRO DE 80 CM, PARA AGUA PLUVIAL	120965	10545	both	-1
CAMADA SEPARADORA DE FILME DE POLIETILENO 20 A 25 MICRA	120966	38365	both	-1
CAMINHONETE COM MOTOR A DIESEL, POTENCIA *160* CV, CABINE DUPLA, 4X4	120987	1159	both	7
CAMPAINHA ALTA POTENCIA 110V / 220V, DIAMETRO 150 MM	120988	12114	both	39
CAMPAINHA CIGARRA 127 V / 220 V (APENAS MODULO)	120989	38106	both	39
"CAMPAINHA CIGARRA 127 V / 220 V, CONJUNTO MONTADO PARA EMBUTIR 4"" X 2"" (PLACA + SUPORTE + MODULO)"	120990	38085	both	39
CANALETA DE CONCRETO 14 X 19 X 19 CM (CLASSE C - NBR 6136)	120995	659	both	48
CANALETA DE CONCRETO 19 X 19 X 19 CM (CLASSE C - NBR 6136)	120996	660	both	48
CANALETA DE CONCRETO 9 X 19 X 19 CM (CLASSE C - NBR 6136)	120997	658	both	48
CANALETA DE CONCRETO ESTRUTURAL 14 X 19 X 29 CM, FBK 14 MPA (NBR 6136)	120991	38599	both	48
CANALETA DE CONCRETO ESTRUTURAL 14 X 19 X 29 CM, FBK 4,5 MPA (NBR 6136)	120992	38596	both	48
CANALETA DE CONCRETO ESTRUTURAL 14 X 19 X 39 CM, FBK 14 MPA (NBR 6136)	120993	38600	both	48
CANALETA DE CONCRETO ESTRUTURAL 14 X 19 X 39 CM, FBK 4,5 MPA (NBR 6136)	120994	38597	both	48
CANOPLA ACABAMENTO CROMADO PARA INSTALACAO DE SPRINKLER, SOB FORRO, 15 MM	121001	40607	both	6
"CANTONEIRA ACO ABAS IGUAIS (QUALQUER BITOLA), ESPESSURA ENTRE 1/8"" E 1/4"""	121006	4777	both	-1
"CAP OU TAMPAO DE FERRO GALVANIZADO, COM ROSCA BSP, DE 1 1/2"""	121015	1165	both	76
"CAP OU TAMPAO DE FERRO GALVANIZADO, COM ROSCA BSP, DE 1 1/4"""	121016	1164	both	76
"CAP OU TAMPAO DE FERRO GALVANIZADO, COM ROSCA BSP, DE 1"""	121019	1170	both	76
"CAP OU TAMPAO DE FERRO GALVANIZADO, COM ROSCA BSP, DE 1/2"""	121017	1162	both	76
"CAP OU TAMPAO DE FERRO GALVANIZADO, COM ROSCA BSP, DE 1/4"""	121018	12395	both	76
"CAP OU TAMPAO DE FERRO GALVANIZADO, COM ROSCA BSP, DE 2 1/2"""	121020	1169	both	76
"CAP OU TAMPAO DE FERRO GALVANIZADO, COM ROSCA BSP, DE 2"""	121021	1166	both	76
"CAP OU TAMPAO DE FERRO GALVANIZADO, COM ROSCA BSP, DE 3"""	121024	1168	both	76
"CAP OU TAMPAO DE FERRO GALVANIZADO, COM ROSCA BSP, DE 3/4"""	121022	1163	both	76
"CAP OU TAMPAO DE FERRO GALVANIZADO, COM ROSCA BSP, DE 3/8"""	121023	12396	both	76
"CAP OU TAMPAO DE FERRO GALVANIZADO, COM ROSCA BSP, DE 4"""	121025	1167	both	76
CAP PPR DN 20 MM, PARA AGUA QUENTE PREDIAL	121026	36331	both	15
CAP PPR DN 25 MM, PARA AGUA QUENTE PREDIAL	121027	36346	both	15
"CAP PVC, ROSCAVEL, 1"", PARA AGUA FRIA PREDIAL"	121031	1202	both	-1
"CAP PVC, ROSCAVEL, 1/2"", PARA AGUA FRIA PREDIAL"	121030	1197	both	-1
"CAP PVC, ROSCAVEL, 3/4"", PARA AGUA FRIA PREDIAL"	121034	1198	both	-1
CAP PVC, SOLDAVEL, 20 MM, PARA AGUA FRIA PREDIAL	121043	1191	both	-1
CAP PVC, SOLDAVEL, 25 MM, PARA AGUA FRIA PREDIAL	121044	1185	both	-1
CAP PVC, SOLDAVEL, 32 MM, PARA AGUA FRIA PREDIAL	121045	1189	both	-1
CAP PVC, SOLDAVEL, 40 MM, PARA AGUA FRIA PREDIAL	121046	1193	both	-1
CAP PVC, SOLDAVEL, 50 MM, PARA AGUA FRIA PREDIAL	121047	1194	both	-1
CAP PVC, SOLDAVEL, 60 MM, PARA AGUA FRIA PREDIAL	121048	1195	both	-1
CAP PVC, SOLDAVEL, 75 MM, PARA AGUA FRIA PREDIAL	121049	1204	both	-1
CAP PVC, SOLDAVEL, DN 100 MM, SERIE NORMAL, PARA ESGOTO PREDIAL	121039	1200	both	34
CAP PVC, SOLDAVEL, DN 50 MM, SERIE NORMAL, PARA ESGOTO PREDIAL	121040	12909	both	34
CAP PVC, SOLDAVEL, DN 75 MM, SERIE NORMAL, PARA ESGOTO PREDIAL	121041	12910	both	34
CAP, PVC PBA, JE, DN 100 / DE 110 MM, PARA REDE DE AGUA (NBR 10351)	121051	1207	both	5
CAP, PVC PBA, JE, DN 50 / DE 60 MM, PARA REDE DE AGUA (NBR 10351)	121052	1206	both	5
CAP, PVC PBA, JE, DN 75 / DE 85 MM, PARA REDE DE AGUA (NBR 10351)	121053	1183	both	5
CAP, PVC, JE, OCRE, DN 150 MM (CONEXAO PARA TUBO COLETOR DE ESGOTO)	121054	42685	both	5
CAP, PVC, JE, OCRE, DN 200 MM (CONEXAO PARA TUBO COLETOR DE ESGOTO)	121055	42686	both	5
CAPA PARA CHUVA EM PVC COM FORRO DE POLIESTER, COM CAPUZ (AMARELA OU AZUL)	121056	12894	both	34
CAPACETE DE SEGURANCA ABA FRONTAL COM SUSPENSAO DE POLIETILENO, SEM JUGULAR (CLASSE B)	121057	12895	both	-1
CAPACITOR TRIFASICO, POTENCIA 2,5 KVAR, TENSAO 220 V, FORNECIDO COM CAPA PROTETORA, RESISTOR INTERNO A UNIDADE CAPACITIVA	121058	1631	both	-1
CAPACITOR TRIFASICO, POTENCIA 5 KVAR, TENSAO 220 V, FORNECIDO COM CAPA PROTETORA, RESISTOR INTERNO A UNIDADE CAPACITIVA	121059	1633	both	-1
CAPIM BRAQUIARIA DECUMBENS/ BRAQUIARINHA, VC *70*% MINIMO	121060	10818	both	24
CARPETE DE NYLON EM MANTA PARA TRAFEGO COMERCIAL PESADO, E = 6 A 7 MM (INSTALADO)	121063	10710	both	17
CARPETE DE NYLON EM MANTA PARA TRAFEGO COMERCIAL PESADO, E = 9 A 10 MM (INSTALADO)	121064	10709	both	17
CARPETE DE NYLON EM PLACAS 50 X 50 CM PARA TRAFEGO COMERCIAL PESADO, E = 6,5 MM (INSTALADO)	121065	39636	both	17
CARPETE DE POLIESTER EM MANTA PARA TRAFEGO COMERCIAL PESADO, E = 4 A 5 MM (INSTALADO)	121066	10708	both	17
CARPETE DE POLIPROPILENO EM MANTA PARA TRAFEGO COMERCIAL MEDIO, E = 5 A 6 MM (INSTALADO)	121067	39635	both	17
CARPINTEIRO AUXILIAR (MENSALISTA)	121069	40913	both	0
CARPINTEIRO DE ESQUADRIAS (MENSALISTA)	121071	40915	both	0
CARRANCA PARA JANELA VENEZIANA DE ABRIR, EM LATAO CROMADO, SIMPLES, PARA APARAFUSAR NA PAREDE	121074	5091	both	6
CARRINHO PLATAFORMA EM MADEIRA COM ESTRUTURA EM ACO, 1500 X 800 MM, COM CAPACIDADE DE 600 KG, 4 RODAS/PNEUS/CAMARAS	152368	45235	both	101
CARROCERIA FIXA ABERTA DE MADEIRA PARA TRANSPORTE GERAL DE CARGA SECA DIMENSOES APROXIMADAS 2,25 X 4,10 X 0,50 M (INCLUI MONTAGEM, NAO INCLUI CAMINHAO)	121077	37727	both	109
CARROCERIA FIXA ABERTA DE MADEIRA PARA TRANSPORTE GERAL DE CARGA SECA DIMENSOES APROXIMADAS 2,5 X 6,5 X 0,50 M (INCLUI MONTAGEM, NAO INCLUI CAMINHAO)	121080	37730	both	109
CARROCERIA FIXA ABERTA DE MADEIRA PARA TRANSPORTE GERAL DE CARGA SECA DIMENSOES APROXIMADAS 2,5 X 7,00 X 0,50 M (INCLUI MONTAGEM, NAO INCLUI CAMINHAO)	121081	37731	both	109
CARROCERIA FIXA ABERTA DE MADEIRA PARA TRANSPORTE GERAL DE CARGA SECA DIMENSOES APROXIMADAS 2,5 X 7,5 X 0,50 M (INCLUI MONTAGEM, NAO INCLUI CAMINHAO)	121082	37732	both	109
CAVALETE DE FERRO DOBRAVEL, ALTURA 80 CM	152326	45194	both	28
CAVALO MECANICO TRACAO 4X2, PESO BRUTO TOTAL 16000 KG, CAPACIDADE MAXIMA DE TRACAO *36000* KG, DISTANCIA ENTRE EIXOS *3,56* M, POTENCIA *286* CV (INCLUI CABINE E CHASSI, NAO INCLUI SEMIRREBOQUE)	121090	37762	both	101
CAVALO MECANICO TRACAO 4X2, PESO BRUTO TOTAL 16000 KG, CAPACIDADE MAXIMA DE TRACAO *45000* KG, DISTANCIA ENTRE EIXOS *3,56* M, POTENCIA *330* CV (INCLUI CABINE E CHASSI, NAO INCLUI SEMIRREBOQUE)	121091	37763	both	101
CAVALO MECANICO TRACAO 4X2, PESO BRUTO TOTAL 16000 KG, CAPACIDADE MAXIMA DE TRACAO *80000* KG, POTENCIA *380* CV (INCLUI CABINE E CHASSI, NAO INCLUI SEMIRREBOQUE)	121092	41992	both	101
CAVALO MECANICO TRACAO 6X2, PESO BRUTO TOTAL COMBINADO 56000 KG, CAPACIDADE MAXIMA DE TRACAO *66000* KG, POTENCIA *360* CV (INCLUI CABINE E CHASSI, NAO INCLUI SEMIRREBOQUE)	121093	13215	both	101
CAVOUQUEIRO OU OPERADOR DE PERFURATRIZ / ROMPEDOR (MENSALISTA)	121095	40976	both	26
CENTRO DE MEDICAO AGRUPADA, EM POLICARBONATO / PVC, COM 12 MEDIDORES E PROTECAO GERAL (INCLUI BARRAMENTO, DISJUNTORES E ACESSORIOS DE FIXACAO) (PADRAO CONCESSIONARIA LOCAL)	121097	43091	both	-1
CENTRO DE MEDICAO AGRUPADA, EM POLICARBONATO / PVC, COM 16 MEDIDORES E PROTECAO GERAL (INCLUI BARRAMENTO, DISJUNTORES E ACESSORIOS DE FIXACAO) (PADRAO CONCESSIONARIA LOCAL)	121098	43092	both	-1
CENTRO DE MEDICAO AGRUPADA, EM POLICARBONATO / PVC, COM 4 MEDIDORES E PROTECAO GERAL (INCLUI BARRAMENTO, DISJUNTORES E ACESSORIOS DE FIXACAO) (PADRAO CONCESSIONARIA LOCAL)	121099	43089	both	-1
CENTRO DE MEDICAO AGRUPADA, EM POLICARBONATO / PVC, COM 8 MEDIDORES E PROTECAO GERAL (INCLUI BARRAMENTO, DISJUNTORES E ACESSORIOS DE FIXACAO) (PADRAO CONCESSIONARIA LOCAL)	121100	43090	both	-1
CHAPA ACO INOX AISI 304 NUMERO 4 (E = 6 MM), ACABAMENTO NUMERO 1 (LAMINADO A QUENTE, FOSCO)	121102	12760	both	8
CHAPA ACO INOX AISI 304 NUMERO 9 (E = 4 MM), ACABAMENTO NUMERO 1 (LAMINADO A QUENTE, FOSCO)	121103	12759	both	8
CHAPA DE ACO CARBONO GALVANIZADA, PERFURADA (GRADE FUROS) E = 1,5 MM, DIAMETRO DO FURO = 9,52 MM (FUROS ALTERNADOS HORIZ.)	121104	43105	both	-1
"CHAPA DE ACO CARBONO LAMINADO A QUENTE, QUALIDADE ESTRUTURAL, BITOLA 3/16"", E =4,75 MM (37,29 KG/M2)"	121105	40424	both	38
CHAPA DE ACO FINA A FRIO BITOLA MSG 20, E = 0,90 MM (7,20 KG/M2)	121106	1325	both	38
CHAPA DE ACO FINA A FRIO BITOLA MSG 24, E = 0,60 MM (4,80 KG/M2)	121107	1327	both	38
CHAPA DE ACO FINA A FRIO BITOLA MSG 26, E = 0,45 MM (3,60 KG/M2)	121108	1328	both	38
CHAPA DE ACO FINA A QUENTE BITOLA MSG 13, E = 2,25 MM (18,00 KG/M2)	121109	1321	both	38
CHAPA DE ACO FINA A QUENTE BITOLA MSG 14, E = 2,00 MM (16,0 KG/M2)	121110	1318	both	38
CHAPA DE ACO FINA A QUENTE BITOLA MSG 16, E = 1,50 MM (12,00 KG/M2)	121111	1322	both	38
CHAPA DE ACO FINA A QUENTE BITOLA MSG 18, E = 1,20 MM (9,60 KG/M2)	121112	1323	both	38
CHAPA DE ACO GALVANIZADA BITOLA GSG 14, E = 1,95 MM (15,60 KG/M2)	121114	11026	both	38
CHAPA DE ACO GALVANIZADA BITOLA GSG 16, E = 1,55 MM (12,40 KG/M2)	121115	11027	both	38
CHAPA DE ACO GALVANIZADA BITOLA GSG 18, E = 1,25 MM (10,00 KG/M2)	121116	11046	both	38
CHAPA DE ACO GALVANIZADA BITOLA GSG 19, E = 1,11 MM (8,88 KG/M2)	121117	11047	both	38
CHAPA DE ACO GALVANIZADA BITOLA GSG 20, E = 0,95 MM (7,60 KG/M2)	121118	43668	both	38
CHAPA DE ACO GALVANIZADA BITOLA GSG 22, E = 0,80 MM (6,40 KG/M2)	121119	11049	both	38
CHAPA DE ACO GALVANIZADA BITOLA GSG 24, E = 0,64 (5,12 KG/M2)	121120	43106	both	38
CHAPA DE ACO GALVANIZADA BITOLA GSG 26, E = 0,50 MM (4,00 KG/M2)	121121	11051	both	38
CHAPA DE ACO GALVANIZADA BITOLA GSG 30, E = 0,35 MM (2,80 KG/M2)	121122	11061	both	38
"CHAPA DE ACO GROSSA, SAE 1020, BITOLA 1/4"", E = 6,35 MM (49,85 KG/M2)"	121130	40425	both	38
CHAPA DE MDF BRANCO LISO 1 FACE, E = 12 MM, DE *2,75 X 1,85* M	121148	34659	both	-1
CHAPA DE MDF BRANCO LISO 1 FACE, E = 15 MM, DE *2,75 X 1,85* M	121149	34514	both	-1
CHAPA DE MDF BRANCO LISO 1 FACE, E = 18 MM, DE *2,75 X 1,85* M	121150	34660	both	-1
CHAPA DE MDF BRANCO LISO 1 FACE, E = 25 MM, DE *2,75 X 1,85* M	121151	34661	both	-1
CHAPA DE MDF BRANCO LISO 1 FACE, E = 6 MM, DE *2,75 X 1,85* M	121152	34667	both	-1
CHAPA DE MDF BRANCO LISO 1 FACE, E = 9 MM, DE *2,75 X 1,85* M	121153	34668	both	-1
CHAPA DE MDF BRANCO LISO 2 FACES, E = 12 MM, DE *2,75 X 1,85* M	121154	34741	both	-1
CHAPA DE MDF BRANCO LISO 2 FACES, E = 15 MM, DE *2,75 X 1,85* M	121155	34664	both	-1
CHAPA DE MDF BRANCO LISO 2 FACES, E = 18 MM, DE *2,75 X 1,85* M	121156	34665	both	-1
CHAPA DE MDF BRANCO LISO 2 FACES, E = 25 MM, DE *2,75 X 1,85* M	121157	34666	both	-1
CHAPA DE MDF BRANCO LISO 2 FACES, E = 6 MM, DE *2,75 X 1,85* M	121158	34669	both	-1
CHAPA DE MDF BRANCO LISO 2 FACES, E = 9 MM, DE *2,75 X 1,85* M	121159	34670	both	-1
CHAPA DE MDF CRU, E = 12 MM, DE *2,75 X 1,85* M	121160	34671	both	-1
CHAPA DE MDF CRU, E = 15 MM, DE *2,75 X 1,85* M	121161	34672	both	-1
CHAPA DE MDF CRU, E = 18 MM, DE *2,75 X 1,85* M	121162	34673	both	-1
CHAPA DE MDF CRU, E = 20 MM, DE *2,75 X 1,85* M	121163	34674	both	-1
CHAPA DE MDF CRU, E = 25 MM, DE *2,75 X 1,85* M	121164	34675	both	-1
CHAPA DE MDF CRU, E = 6 MM, DE *2,75 X 1,85* M	121165	34676	both	-1
CHAPA DE MDF CRU, E = 9 MM, DE *2,75 X 1,85* M	121166	34677	both	-1
CHAPA EM ACO GALVANIZADO PARA STEEL DECK, COM NERVURAS TRAPEZOIDAIS, LARGURA UTIL DE 915 MM E ESPESSURA DE 0,80 MM	121167	43126	both	3
CHAPA EM ACO GALVANIZADO PARA STEEL DECK, COM NERVURAS TRAPEZOIDAIS, LARGURA UTIL DE 915 MM E ESPESSURA DE 0,95 MM	121168	43124	both	3
CHAPA EM ACO GALVANIZADO PARA STEEL DECK, COM NERVURAS TRAPEZOIDAIS, LARGURA UTIL DE 915 MM E ESPESSURA DE 1,25 MM	121169	43125	both	3
"CHAVE AJUSTAVEL (INGLESA) 10"""	152155	45248	both	-1
"CHAVE AJUSTAVEL (INGLESA) 15"""	152156	45243	both	-1
"CHAVE AJUSTAVEL (INGLESA) 6"""	152157	45252	both	-1
"CHAVE DE GRIFO DE 24"""	152158	45246	both	30
"CHAVE DUPLA PARA CONEXOES TIPO STORZ, ENGATE RAPIDO 1 1/2"" X 2 1/2"", EM LATAO, PARA INSTALACAO PREDIAL COMBATE A INCENDIO"	121178	20971	both	40
CHAVE FIXA 19 X 22 MM	152159	45247	both	2
"CHUMBADOR DE ACO TIPO PARABOLT, * 5/8"" X 200* MM, COM PORCA E ARRUELA"	121182	13279	both	1
CHUVEIRO COMUM EM PLASTICO BRANCO, COM CANO, 3 TEMPERATURAS, 5500 W (110/220 V)	121187	1368	both	9
CHUVEIRO COMUM EM PLASTICO CROMADO, COM CANO, 4 TEMPERATURAS (110/220 V)	121188	1367	both	9
CIMENTO IMPERMEABILIZANTE DE PEGA ULTRARRAPIDA PARA TAMPONAMENTOS	121192	1375	both	-1
CIMENTO PORTLAND COMPOSTO CP II-32	121193	1379	both	111
CIMENTO PORTLAND DE ALTO FORNO (AF) CP III-40	121194	13284	both	111
CIMENTO PORTLAND POZOLANICO CP IV-32	121196	34753	both	111
CINTA CIRCULAR EM ACO GALVANIZADO DE 150 MM DE DIAMETRO PARA FIXACAO DE CAIXA MEDICAO, INCLUI PARAFUSOS E PORCAS	121197	420	both	-1
CINTA CIRCULAR EM ACO GALVANIZADO DE 210 MM DE DIAMETRO PARA INSTALACAO DE TRANSFORMADOR EM POSTE DE CONCRETO	121198	12327	both	-1
COBRE ELETROLITICO EM BARRA OU CHAPA	121200	12329	both	12
COLA BRANCA BASE PVA	121202	44396	both	12
"COLAR DE TOMADA EM POLIPROPILENO, PP, COM PARAFUSOS, PARA PEAD, 63 X 1/2"" - LIGACAO PREDIAL DE AGUA"	121203	37418	both	-1
"COLAR DE TOMADA EM POLIPROPILENO, PP, COM PARAFUSOS, PARA PEAD, 63 X 3/4"" - LIGACAO PREDIAL DE AGUA"	121204	37419	both	-1
"COLAR TOMADA PVC, COM TRAVAS, SAIDA COM ROSCA, DE 110 MM X 1/2"" OU 110 MM X 3/4"", PARA LIGACAO PREDIAL DE AGUA"	121205	1427	both	4
"COLAR TOMADA PVC, COM TRAVAS, SAIDA COM ROSCA, DE 32 MM X 1/2"" OU 32 MM X 3/4"", PARA LIGACAO PREDIAL DE AGUA"	121206	1402	both	4
"COLAR TOMADA PVC, COM TRAVAS, SAIDA COM ROSCA, DE 40 MM X 1/2"" OU 40 MM X 3/4"", PARA LIGACAO PREDIAL DE AGUA"	121207	1420	both	4
"COLAR TOMADA PVC, COM TRAVAS, SAIDA COM ROSCA, DE 50 MM X 1/2"" OU 50 MM X 3/4"", PARA LIGACAO PREDIAL DE AGUA"	121208	1419	both	4
"COLAR TOMADA PVC, COM TRAVAS, SAIDA COM ROSCA, DE 60 MM X 1/2"" OU 60 MM X 3/4"", PARA LIGACAO PREDIAL DE AGUA"	121209	1414	both	4
"COLAR TOMADA PVC, COM TRAVAS, SAIDA COM ROSCA, DE 75 MM X 1/2"" OU 75 MM X 3/4"", PARA LIGACAO PREDIAL DE AGUA"	121210	1413	both	4
"COLAR TOMADA PVC, COM TRAVAS, SAIDA COM ROSCA, DE 85 MM X 1/2"" OU 85 MM X 3/4"", PARA LIGACAO PREDIAL DE AGUA"	121211	1412	both	4
"COLAR TOMADA PVC, COM TRAVAS, SAIDA ROSCAVEL COM BUCHA DE LATAO, DE 60 MM X 1/2"" OU 60 MM X 3/4"", PARA LIGACAO PREDIAL DE AGUA"	121213	1406	both	4
"COLHER DE PEDREIRO 9"", EM ACO, COM CANTOS REDONDOS E CABO DE MADEIRA OU PLASTICO"	152327	45237	both	6
COMPACTADOR DE SOLOS DE PERCURSAO (SOQUETE) COM MOTOR A GASOLINA 4 TEMPOS DE 4 HP (4 CV)	121222	13458	both	7
COMPRESSOR DE AR PROFISSIONAL 10 PCM, *110* L, 140 PSI, 110/220 VOLTS, MONOFASICO	152163	45300	both	10
COMPRESSOR DE AR REBOCAVEL VAZAO 400 PCM, PRESSAO EFETIVA DE TRABALHO 102 PSI, MOTOR DIESEL, POTENCIA 110 CV	121224	36526	both	-1
COMPRESSOR DE AR REBOCAVEL VAZAO 748 PCM, PRESSAO EFETIVA DE TRABALHO 102 PSI, MOTOR DIESEL, POTENCIA 210 CV	121225	36523	both	-1
COMPRESSOR DE AR REBOCAVEL, VAZAO 189 PCM, PRESSAO EFETIVA DE TRABALHO 102 PSI, MOTOR DIESEL, POTENCIA 63 CV	121229	36522	both	-1
COMPRESSOR DE AR REBOCAVEL, VAZAO 250 PCM, PRESSAO EFETIVA DE TRABALHO 102 PSI, MOTOR DIESEL, POTENCIA 81 CV	121230	36525	both	-1
CONCERTINA CLIPADA (DUPLA) EM ACO GALVANIZADO DE ALTA RESISTENCIA, COM ESPIRAL DE 300 MM, D = 2,76 MM	121231	34348	both	17
CONCERTINA SIMPLES EM ACO GALVANIZADO DE ALTA RESISTENCIA, COM ESPIRAL DE 300 MM, D = 2,76 MM	121232	34347	both	17
CONCRETO BETUMINOSO USINADO A QUENTE (CBUQ) PARA PAVIMENTACAO ASFALTICA, PADRAO DNIT, FAIXA C, COM CAP 30/45 - AQUISICAO POSTO USINA	121237	34770	both	111
CONCRETO BETUMINOSO USINADO A QUENTE (CBUQ) PARA PAVIMENTACAO ASFALTICA, PADRAO DNIT, FAIXA C, COM CAP 50/70 - AQUISICAO POSTO USINA	121238	1518	both	111
CONCRETO BETUMINOSO USINADO A QUENTE (CBUQ) PARA PAVIMENTACAO ASFALTICA, PADRAO DNIT, PARA BINDER, COM CAP 50/70 - AQUISICAO POSTO USINA	121239	41965	both	111
CONCRETO USINADO BOMBEAVEL, CLASSE DE RESISTENCIA C20, COM BRITA 0 E 1, SLUMP = 100 +/- 20 MM, EXCLUI SERVICO DE BOMBEAMENTO (NBR 8953)	121240	34492	both	67
CONCRETO USINADO BOMBEAVEL, CLASSE DE RESISTENCIA C20, COM BRITA 0 E 1, SLUMP = 130 +/- 20 MM, EXCLUI SERVICO DE BOMBEAMENTO (NBR 8953)	121242	38404	both	67
CONCRETO USINADO BOMBEAVEL, CLASSE DE RESISTENCIA C25, COM BRITA 0 E 1, SLUMP = 100 +/- 20 MM, EXCLUI SERVICO DE BOMBEAMENTO (NBR 8953)	121245	34493	both	67
CONCRETO USINADO BOMBEAVEL, CLASSE DE RESISTENCIA C25, COM BRITA 0 E 1, SLUMP = 130 +/- 20 MM, EXCLUI SERVICO DE BOMBEAMENTO (NBR 8953)	121247	38405	both	67
CONCRETO USINADO BOMBEAVEL, CLASSE DE RESISTENCIA C25, COM BRITA 0 E 1, SLUMP = 190 +/- 20 MM, EXCLUI SERVICO DE BOMBEAMENTO (NBR 8953)	121248	38408	both	67
CONCRETO USINADO BOMBEAVEL, CLASSE DE RESISTENCIA C30, COM BRITA 0 E 1, SLUMP = 100 +/- 20 MM, EXCLUI SERVICO DE BOMBEAMENTO (NBR 8953)	121249	34494	both	67
CONCRETO USINADO BOMBEAVEL, CLASSE DE RESISTENCIA C30, COM BRITA 0 E 1, SLUMP = 130 +/- 20 MM, EXCLUI SERVICO DE BOMBEAMENTO (NBR 8953)	121251	38406	both	67
CONCRETO USINADO BOMBEAVEL, CLASSE DE RESISTENCIA C30, COM BRITA 0 E 1, SLUMP = 190 +/- 20 MM, EXCLUI SERVICO DE BOMBEAMENTO (NBR 8953)	121252	38409	both	67
CONCRETO USINADO BOMBEAVEL, CLASSE DE RESISTENCIA C30, COM BRITA 0 E 1, SLUMP = 220 +/- 30 MM, EXCLUI SERVICO DE BOMBEAMENTO (NBR 8953)	121253	43360	both	67
CONCRETO USINADO BOMBEAVEL, CLASSE DE RESISTENCIA C35, COM BRITA 0 E 1, SLUMP = 100 +/- 20 MM, EXCLUI SERVICO DE BOMBEAMENTO (NBR 8953)	121254	34495	both	67
CONCRETO USINADO BOMBEAVEL, CLASSE DE RESISTENCIA C40, COM BRITA 0 E 1, SLUMP = 100 +/- 20 MM, EXCLUI SERVICO DE BOMBEAMENTO (NBR 8953)	121256	34496	both	67
CONCRETO USINADO CONVENCIONAL (NAO BOMBEAVEL) CLASSE DE RESISTENCIA C10, COM BRITA 1 E 2, SLUMP = 80 MM +/- 10 MM (NBR 8953)	121261	14041	both	67
CONCRETO USINADO CONVENCIONAL (NAO BOMBEAVEL) CLASSE DE RESISTENCIA C15, COM BRITA 1 E 2, SLUMP = 80 MM +/- 10 MM (NBR 8953)	121262	1523	both	67
"CONDULETE DE ALUMINIO TIPO B, PARA ELETRODUTO ROSCAVEL DE 1"", COM TAMPA CEGA"	121264	14054	both	43
"CONDULETE DE ALUMINIO TIPO B, PARA ELETRODUTO ROSCAVEL DE 1/2"", COM TAMPA CEGA"	121263	14052	both	43
"CONDULETE DE ALUMINIO TIPO B, PARA ELETRODUTO ROSCAVEL DE 3/4"", COM TAMPA CEGA"	121265	14053	both	43
"CONDULETE DE ALUMINIO TIPO C, PARA ELETRODUTO ROSCAVEL DE 1"", COM TAMPA CEGA"	121267	2560	both	43
"CONDULETE DE ALUMINIO TIPO C, PARA ELETRODUTO ROSCAVEL DE 1/2"", COM TAMPA CEGA"	121266	2558	both	43
"CONDULETE DE ALUMINIO TIPO C, PARA ELETRODUTO ROSCAVEL DE 3/4"", COM TAMPA CEGA"	121268	2559	both	43
"CONDULETE DE ALUMINIO TIPO C, PARA ELETRODUTO ROSCAVEL DE 4"", COM TAMPA CEGA"	121269	2592	both	43
"CONDULETE DE ALUMINIO TIPO E, PARA ELETRODUTO ROSCAVEL DE 1 1/2"", COM TAMPA CEGA"	121271	2589	both	43
"CONDULETE DE ALUMINIO TIPO E, PARA ELETRODUTO ROSCAVEL DE 1 1/4"", COM TAMPA CEGA"	121270	2566	both	43
"CONDULETE DE ALUMINIO TIPO E, PARA ELETRODUTO ROSCAVEL DE 1"", COM TAMPA CEGA"	121273	2590	both	43
"CONDULETE DE ALUMINIO TIPO E, PARA ELETRODUTO ROSCAVEL DE 1/2"", COM TAMPA CEGA"	121272	2591	both	43
"CONDULETE DE ALUMINIO TIPO E, PARA ELETRODUTO ROSCAVEL DE 2"", COM TAMPA CEGA"	121274	2567	both	43
"CONDULETE DE ALUMINIO TIPO E, PARA ELETRODUTO ROSCAVEL DE 3"", COM TAMPA CEGA"	121276	2568	both	43
"CONDULETE DE ALUMINIO TIPO E, PARA ELETRODUTO ROSCAVEL DE 3/4"", COM TAMPA CEGA"	121275	2565	both	43
"CONDULETE DE ALUMINIO TIPO E, PARA ELETRODUTO ROSCAVEL DE 4"", COM TAMPA CEGA"	121277	2594	both	43
"CONDULETE DE ALUMINIO TIPO LR, PARA ELETRODUTO ROSCAVEL DE 1 1/2"", COM TAMPA CEGA"	121278	2587	both	43
"CONDULETE DE ALUMINIO TIPO LR, PARA ELETRODUTO ROSCAVEL DE 1 1/4"", COM TAMPA CEGA"	121279	2588	both	43
"CONDULETE DE ALUMINIO TIPO LR, PARA ELETRODUTO ROSCAVEL DE 1"", COM TAMPA CEGA"	121281	2570	both	43
"CONDULETE DE ALUMINIO TIPO LR, PARA ELETRODUTO ROSCAVEL DE 1/2"", COM TAMPA CEGA"	121280	2569	both	43
"CONDULETE DE ALUMINIO TIPO LR, PARA ELETRODUTO ROSCAVEL DE 2"", COM TAMPA CEGA"	121282	2571	both	43
"CONDULETE DE ALUMINIO TIPO LR, PARA ELETRODUTO ROSCAVEL DE 3"", COM TAMPA CEGA"	121284	2572	both	43
"CONDULETE DE ALUMINIO TIPO LR, PARA ELETRODUTO ROSCAVEL DE 3/4"", COM TAMPA CEGA"	121283	2593	both	43
"CONDULETE DE ALUMINIO TIPO LR, PARA ELETRODUTO ROSCAVEL DE 4"", COM TAMPA CEGA"	121285	2595	both	43
"CONDULETE DE ALUMINIO TIPO T, PARA ELETRODUTO ROSCAVEL DE 1 1/2"", COM TAMPA CEGA"	121286	2576	both	43
"CONDULETE DE ALUMINIO TIPO T, PARA ELETRODUTO ROSCAVEL DE 1 1/4"", COM TAMPA CEGA"	121287	2575	both	43
"CONDULETE DE ALUMINIO TIPO T, PARA ELETRODUTO ROSCAVEL DE 1"", COM TAMPA CEGA"	121289	2586	both	43
"CONDULETE DE ALUMINIO TIPO T, PARA ELETRODUTO ROSCAVEL DE 1/2"", COM TAMPA CEGA"	121288	2573	both	43
"CONDULETE DE ALUMINIO TIPO T, PARA ELETRODUTO ROSCAVEL DE 2"", COM TAMPA CEGA"	121290	2577	both	43
"CONDULETE DE ALUMINIO TIPO T, PARA ELETRODUTO ROSCAVEL DE 3"", COM TAMPA CEGA"	121292	2578	both	43
"CONDULETE DE ALUMINIO TIPO T, PARA ELETRODUTO ROSCAVEL DE 3/4"", COM TAMPA CEGA"	121291	2574	both	43
"CONDULETE DE ALUMINIO TIPO T, PARA ELETRODUTO ROSCAVEL DE 4"", COM TAMPA CEGA"	121293	2585	both	43
"CONDULETE DE ALUMINIO TIPO TB, PARA ELETRODUTO ROSCAVEL DE 3"", COM TAMPA CEGA"	121294	12008	both	43
"CONDULETE DE ALUMINIO TIPO X, PARA ELETRODUTO ROSCAVEL DE 1 1/2"", COM TAMPA CEGA"	121295	2582	both	43
"CONDULETE DE ALUMINIO TIPO X, PARA ELETRODUTO ROSCAVEL DE 1 1/4"", COM TAMPA CEGA"	121296	2597	both	43
"CONDULETE DE ALUMINIO TIPO X, PARA ELETRODUTO ROSCAVEL DE 1"", COM TAMPA CEGA"	121298	2581	both	43
"CONDULETE DE ALUMINIO TIPO X, PARA ELETRODUTO ROSCAVEL DE 1/2"", COM TAMPA CEGA"	121297	2579	both	43
"CONDULETE DE ALUMINIO TIPO X, PARA ELETRODUTO ROSCAVEL DE 2"", COM TAMPA CEGA"	121299	2596	both	43
"CONDULETE DE ALUMINIO TIPO X, PARA ELETRODUTO ROSCAVEL DE 3"", COM TAMPA CEGA"	121301	2583	both	43
"CONDULETE DE ALUMINIO TIPO X, PARA ELETRODUTO ROSCAVEL DE 3/4"", COM TAMPA CEGA"	121300	2580	both	43
"CONDULETE DE ALUMINIO TIPO X, PARA ELETRODUTO ROSCAVEL DE 4"", COM TAMPA CEGA"	121302	2584	both	43
"CONDULETE EM PVC, TIPO ""B"", SEM TAMPA, DE 1"""	121304	39329	both	93
"CONDULETE EM PVC, TIPO ""B"", SEM TAMPA, DE 1/2"" OU 3/4"""	121303	12010	both	93
"CONDULETE EM PVC, TIPO ""C"", SEM TAMPA, DE 1"""	121306	39332	both	93
"CONDULETE EM PVC, TIPO ""C"", SEM TAMPA, DE 1/2"""	121305	39330	both	93
"CONDULETE EM PVC, TIPO ""C"", SEM TAMPA, DE 3/4"""	121307	39331	both	93
"CONDULETE EM PVC, TIPO ""E"", SEM TAMPA, DE 1"""	121309	39335	both	93
"CONDULETE EM PVC, TIPO ""E"", SEM TAMPA, DE 1/2"""	121308	39333	both	93
"CONDULETE EM PVC, TIPO ""E"", SEM TAMPA, DE 3/4"""	121310	39334	both	93
"CONDULETE EM PVC, TIPO ""LB"", SEM TAMPA, DE 1"""	121312	12015	both	93
"CONDULETE EM PVC, TIPO ""LB"", SEM TAMPA, DE 1/2"" OU 3/4"""	121311	12016	both	93
"CONDULETE EM PVC, TIPO ""LL"", SEM TAMPA, DE 1"""	121314	12019	both	93
"CONDULETE EM PVC, TIPO ""LL"", SEM TAMPA, DE 1/2"" OU 3/4"""	121313	12020	both	93
"CONDULETE EM PVC, TIPO ""LR"", SEM TAMPA, DE 1"""	121316	39338	both	93
"CONDULETE EM PVC, TIPO ""LR"", SEM TAMPA, DE 1/2"""	121315	39336	both	93
"CONDULETE EM PVC, TIPO ""LR"", SEM TAMPA, DE 3/4"""	121317	39337	both	93
"CONDULETE EM PVC, TIPO ""T"", SEM TAMPA, DE 1"""	121318	39341	both	93
"CONDULETE EM PVC, TIPO ""T"", SEM TAMPA, DE 3/4"""	121319	39340	both	93
"CONDULETE EM PVC, TIPO ""TB"", SEM TAMPA, DE 1"""	121321	39342	both	93
"CONDULETE EM PVC, TIPO ""TB"", SEM TAMPA, DE 1/2"" OU 3/4"""	121320	12025	both	93
"CONDULETE EM PVC, TIPO ""X"", SEM TAMPA, DE 1"""	121323	39345	both	93
"CONDULETE EM PVC, TIPO ""X"", SEM TAMPA, DE 1/2"""	121322	39343	both	93
"CONDULETE EM PVC, TIPO ""X"", SEM TAMPA, DE 3/4"""	121324	39344	both	93
CONE DE SINALIZACAO EM PVC FLEXIVEL, H = 70 / 76 CM (NBR 15071)	121326	34498	both	9
CONE DE SINALIZACAO EM PVC RIGIDO COM FAIXA REFLETIVA, H = 70 / 76 CM	121327	13244	both	58
"CONECTOR CURVO 90 GRAUS DE ALUMINIO, BITOLA 1 1/2"", PARA ADAPTAR ENTRADA DE ELETRODUTO METALICO FLEXIVEL EM QUADROS"	121336	2517	both	-1
"CONECTOR CURVO 90 GRAUS DE ALUMINIO, BITOLA 1 1/4"", PARA ADAPTAR ENTRADA DE ELETRODUTO METALICO FLEXIVEL EM QUADROS"	121337	2522	both	-1
"CONECTOR CURVO 90 GRAUS DE ALUMINIO, BITOLA 1"", PARA ADAPTAR ENTRADA DE ELETRODUTO METALICO FLEXIVEL EM QUADROS"	121339	2516	both	-1
"CONECTOR CURVO 90 GRAUS DE ALUMINIO, BITOLA 1/2"", PARA ADAPTAR ENTRADA DE ELETRODUTO METALICO FLEXIVEL EM QUADROS"	121338	2548	both	-1
"CONECTOR CURVO 90 GRAUS DE ALUMINIO, BITOLA 2 1/2"", PARA ADAPTAR ENTRADA DE ELETRODUTO METALICO FLEXIVEL EM QUADROS"	121340	2518	both	-1
"CONECTOR CURVO 90 GRAUS DE ALUMINIO, BITOLA 2"", PARA ADAPTAR ENTRADA DE ELETRODUTO METALICO FLEXIVEL EM QUADROS"	121341	2521	both	-1
"CONECTOR CURVO 90 GRAUS DE ALUMINIO, BITOLA 3"", PARA ADAPTAR ENTRADA DE ELETRODUTO METALICO FLEXIVEL EM QUADROS"	121343	2519	both	-1
"CONECTOR CURVO 90 GRAUS DE ALUMINIO, BITOLA 3/4"", PARA ADAPTAR ENTRADA DE ELETRODUTO METALICO FLEXIVEL EM QUADROS"	121342	2515	both	-1
"CONECTOR CURVO 90 GRAUS DE ALUMINIO, BITOLA 4"", PARA ADAPTAR ENTRADA DE ELETRODUTO METALICO FLEXIVEL EM QUADROS"	121344	2520	both	-1
"CONECTOR DE ALUMINIO TIPO PRENSA CABO, BITOLA 1 1/2"", PARA CABOS DE DIAMETRO DE 37 A 40 MM"	121345	1602	both	-1
"CONECTOR DE ALUMINIO TIPO PRENSA CABO, BITOLA 1 1/4"", PARA CABOS DE DIAMETRO DE 31 A 34 MM"	121346	1601	both	-1
"CONECTOR DE ALUMINIO TIPO PRENSA CABO, BITOLA 1"", PARA CABOS DE DIAMETRO DE 22,5 A 25 MM"	121348	1600	both	-1
"CONECTOR DE ALUMINIO TIPO PRENSA CABO, BITOLA 1/2"", PARA CABOS DE DIAMETRO DE 12,5 A 15 MM"	121347	1598	both	-1
"CONECTOR DE ALUMINIO TIPO PRENSA CABO, BITOLA 2"", PARA CABOS DE DIAMETRO DE 47,5 A 50 MM"	121349	1603	both	-1
"CONECTOR DE ALUMINIO TIPO PRENSA CABO, BITOLA 3/4"", PARA CABOS DE DIAMETRO DE 17,5 A 20 MM"	121350	1599	both	-1
"CONECTOR DE ALUMINIO TIPO PRENSA CABO, BITOLA 3/8"", PARA CABOS DE DIAMETRO DE 9 A 10 MM"	121351	1597	both	-1
CONECTOR METALICO TIPO PARAFUSO FENDIDO (SPLIT BOLT), COM SEPARADOR DE CABOS BIMETALICOS, PARA CABOS ATE 25 MM2	121356	11821	both	-1
CONECTOR METALICO TIPO PARAFUSO FENDIDO (SPLIT BOLT), COM SEPARADOR DE CABOS BIMETALICOS, PARA CABOS ATE 50 MM2	121357	1562	both	-1
CONECTOR METALICO TIPO PARAFUSO FENDIDO (SPLIT BOLT), COM SEPARADOR DE CABOS BIMETALICOS, PARA CABOS ATE 70 MM2	121358	1563	both	-1
CONECTOR METALICO TIPO PARAFUSO FENDIDO (SPLIT BOLT), PARA CABOS ATE 10 MM2	121359	11856	both	-1
CONECTOR METALICO TIPO PARAFUSO FENDIDO (SPLIT BOLT), PARA CABOS ATE 120 MM2	121360	11857	both	-1
CONECTOR METALICO TIPO PARAFUSO FENDIDO (SPLIT BOLT), PARA CABOS ATE 150 MM2	121361	11858	both	-1
CONECTOR METALICO TIPO PARAFUSO FENDIDO (SPLIT BOLT), PARA CABOS ATE 16 MM2	121362	1539	both	-1
CONECTOR METALICO TIPO PARAFUSO FENDIDO (SPLIT BOLT), PARA CABOS ATE 185 MM2	121363	11859	both	-1
CONECTOR METALICO TIPO PARAFUSO FENDIDO (SPLIT BOLT), PARA CABOS ATE 25 MM2	121364	1550	both	-1
CONECTOR METALICO TIPO PARAFUSO FENDIDO (SPLIT BOLT), PARA CABOS ATE 35 MM2	121365	11854	both	-1
CONECTOR METALICO TIPO PARAFUSO FENDIDO (SPLIT BOLT), PARA CABOS ATE 50 MM2	121366	11862	both	-1
CONECTOR METALICO TIPO PARAFUSO FENDIDO (SPLIT BOLT), PARA CABOS ATE 6 MM2	121367	11863	both	-1
CONECTOR METALICO TIPO PARAFUSO FENDIDO (SPLIT BOLT), PARA CABOS ATE 70 MM2	121368	11855	both	-1
CONECTOR METALICO TIPO PARAFUSO FENDIDO (SPLIT BOLT), PARA CABOS ATE 95 MM2	121369	11864	both	-1
"CONECTOR RETO DE ALUMINIO PARA ELETRODUTO DE 1 1/2"", PARA ADAPTAR ENTRADA DE ELETRODUTO METALICO FLEXIVEL EM QUADROS"	121370	2527	both	-1
"CONECTOR RETO DE ALUMINIO PARA ELETRODUTO DE 1 1/4"", PARA ADAPTAR ENTRADA DE ELETRODUTO METALICO FLEXIVEL EM QUADROS"	121371	2526	both	-1
"CONECTOR RETO DE ALUMINIO PARA ELETRODUTO DE 1"", PARA ADAPTAR ENTRADA DE ELETRODUTO METALICO FLEXIVEL EM QUADROS"	121373	2483	both	-1
"CONECTOR RETO DE ALUMINIO PARA ELETRODUTO DE 1/2"", PARA ADAPTAR ENTRADA DE ELETRODUTO METALICO FLEXIVEL EM QUADROS"	121372	2487	both	-1
"CONECTOR RETO DE ALUMINIO PARA ELETRODUTO DE 2 1/2"", PARA ADAPTAR ENTRADA DE ELETRODUTO METALICO FLEXIVEL EM QUADROS"	121374	2528	both	-1
"CONECTOR RETO DE ALUMINIO PARA ELETRODUTO DE 2"", PARA ADAPTAR ENTRADA DE ELETRODUTO METALICO FLEXIVEL EM QUADROS"	121375	2489	both	-1
"CONECTOR RETO DE ALUMINIO PARA ELETRODUTO DE 3"", PARA ADAPTAR ENTRADA DE ELETRODUTO METALICO FLEXIVEL EM QUADROS"	121377	2484	both	-1
"CONECTOR RETO DE ALUMINIO PARA ELETRODUTO DE 3/4"", PARA ADAPTAR ENTRADA DE ELETRODUTO METALICO FLEXIVEL EM QUADROS"	121376	2488	both	-1
"CONECTOR RETO DE ALUMINIO PARA ELETRODUTO DE 4"", PARA ADAPTAR ENTRADA DE ELETRODUTO METALICO FLEXIVEL EM QUADROS"	121378	2485	both	-1
"CONECTOR, CPVC, SOLDAVEL, 15 MM X 1/2"", PARA AGUA QUENTE"	121379	38005	both	-1
"CONECTOR, CPVC, SOLDAVEL, 22 MM X 1/2"", PARA AGUA QUENTE"	121380	38006	both	-1
"CONECTOR, CPVC, SOLDAVEL, 22 MM X 3/4"", PARA AGUA QUENTE"	121381	38428	both	-1
"CONECTOR, CPVC, SOLDAVEL, 28 MM X 1"", PARA AGUA QUENTE"	121382	38007	both	-1
"CONECTOR, CPVC, SOLDAVEL, 35 MM X 1 1/4"", PARA AGUA QUENTE"	121383	38008	both	-1
"CONECTOR, CPVC, SOLDAVEL, 42 MM X 1 1/2"", PARA AGUA QUENTE"	121384	38009	both	-1
"CONJUNTO ARRUELAS DE VEDACAO 5/16"" PARA TELHA FIBROCIMENTO (UMA ARRUELA METALICA E UMA ARRUELA PVC - CONICAS)"	121414	1607	both	32
CONJUNTO MONTADO ESTOPIM COM ESPOLETA COMUM NUMERO 8, COM CABECA ACENDEDORA, 1,5 M	121418	37598	both	14
"CONJUNTO PARA QUADRA DE VOLEI COM POSTES EM TUBO DE ACO GALVANIZADO 3"", H = *255* CM, PINTURA EM TINTA ESMALTE SINTETICO, REDE DE NYLON COM 2 MM, MALHA 10 X 10 CM E ANTENAS OFICIAIS EM FIBRA DE VIDRO"	121420	25399	both	-1
CONJUNTO PRE-MOLDADO COMPOSTO POR GRELHA (0,99 X 0,45 M), QUADRO (1,10 X 0,52 M) E CANTONEIRA (1,10 X 0,35 M), EM CONCRETO ARMADO, COM FCK DE 21 MPA	121421	43440	both	-1
CONTATOR TRIPOLAR, CORRENTE DE *110* A, TENSAO NOMINAL DE *500* V, CATEGORIA AC-2 E AC-3	121423	1613	both	41
CONTATOR TRIPOLAR, CORRENTE DE *185* A, TENSAO NOMINAL DE *500* V, CATEGORIA AC-2 E AC-3	121424	1626	both	41
CONTATOR TRIPOLAR, CORRENTE DE *22* A, TENSAO NOMINAL DE *500* V, CATEGORIA AC-2 E AC-3	121425	1625	both	41
CONTATOR TRIPOLAR, CORRENTE DE *265* A, TENSAO NOMINAL DE *500* V, CATEGORIA AC-2 E AC-3	121426	1622	both	41
CONTATOR TRIPOLAR, CORRENTE DE *38* A, TENSAO NOMINAL DE *500* V, CATEGORIA AC-2 E AC-3	121427	1620	both	41
CONTATOR TRIPOLAR, CORRENTE DE *500* A, TENSAO NOMINAL DE *500* V, CATEGORIA AC-2 E AC-3	121428	1629	both	41
CONTATOR TRIPOLAR, CORRENTE DE *65* A, TENSAO NOMINAL DE *500* V, CATEGORIA AC-2 E AC-3	121429	1627	both	41
CONTATOR TRIPOLAR, CORRENTE DE 12 A, TENSAO NOMINAL DE *500* V, CATEGORIA AC-2 E AC-3	121430	1623	both	41
CONTATOR TRIPOLAR, CORRENTE DE 25 A, TENSAO NOMINAL DE *500* V, CATEGORIA AC-2 E AC-3	121431	1619	both	41
CONTATOR TRIPOLAR, CORRENTE DE 250 A, TENSAO NOMINAL DE *500* V, PARA ACIONAMENTO DE CAPACITORES	121432	1630	both	41
CONTATOR TRIPOLAR, CORRENTE DE 300 A, TENSAO NOMINAL DE *500* V, CATEGORIA AC-2 E AC-3	121433	1616	both	41
CONTATOR TRIPOLAR, CORRENTE DE 32 A, TENSAO NOMINAL DE *500* V, CATEGORIA AC-2 E AC-3	121434	1614	both	41
CONTATOR TRIPOLAR, CORRENTE DE 400 A, TENSAO NOMINAL DE *500* V, CATEGORIA AC-2 E AC-3	121435	1617	both	41
CONTATOR TRIPOLAR, CORRENTE DE 45 A, TENSAO NOMINAL DE *500* V, CATEGORIA AC-2 E AC-3	121436	1621	both	41
CONTATOR TRIPOLAR, CORRENTE DE 630 A, TENSAO NOMINAL DE *500* V, CATEGORIA AC-2 E AC-3	121437	1624	both	41
CONTATOR TRIPOLAR, CORRENTE DE 75 A, TENSAO NOMINAL DE *500* V, CATEGORIA AC-2 E AC-3	121438	1615	both	41
CONTATOR TRIPOLAR, CORRENTE DE 9 A, TENSAO NOMINAL DE *500* V, CATEGORIA AC-2 E AC-3	121439	1612	both	41
CONTATOR TRIPOLAR, CORRENTE DE 95 A, TENSAO NOMINAL DE *500* V, CATEGORIA AC-2 E AC-3	121440	1618	both	41
"CONTRA-PORCA SEXTAVADA, DIAMETRO NOMINAL 1 3/8"", ALTURA 35 MM"	121441	14211	both	1
CORDA DE POLIAMIDA 12 MM TIPO BOMBEIRO, PARA TRABALHO EM ALTURA	121444	38200	both	42
CORDAO DE COBRE, FLEXIVEL, TORCIDO, CLASSE 4 OU 5, ISOLACAO EM PVC/D, 300 V, 2 CONDUTORES DE 0,5 MM2	121445	39269	both	4
CORDAO DE COBRE, FLEXIVEL, TORCIDO, CLASSE 4 OU 5, ISOLACAO EM PVC/D, 300 V, 2 CONDUTORES DE 0,75 MM2	121446	11889	both	4
CORDAO DE COBRE, FLEXIVEL, TORCIDO, CLASSE 4 OU 5, ISOLACAO EM PVC/D, 300 V, 2 CONDUTORES DE 1,0 MM2	121447	39270	both	4
CORDAO DE COBRE, FLEXIVEL, TORCIDO, CLASSE 4 OU 5, ISOLACAO EM PVC/D, 300 V, 2 CONDUTORES DE 1,5 MM2	121448	11890	both	4
CORDAO DE COBRE, FLEXIVEL, TORCIDO, CLASSE 4 OU 5, ISOLACAO EM PVC/D, 300 V, 2 CONDUTORES DE 2,5 MM2	121449	11891	both	4
CORDAO DE COBRE, FLEXIVEL, TORCIDO, CLASSE 4 OU 5, ISOLACAO EM PVC/D, 300 V, 2 CONDUTORES DE 4 MM2	121450	11892	both	4
CORDEL DETONANTE, NP 05 G/M	121451	37601	both	85
CORDEL DETONANTE, NP 10 G/M	121452	1634	both	11
"COROA PARA PERFURATRIZ T38, D = 2 1/2"", 6 X 4 BOTOES BALISTICOS, FACE PLANA"	152369	44274	both	62
"CORRENTE DE ELO CURTO COMUM, SOLDADA, GALVANIZADA, ESPESSURA DO ELO = 1/2"" (12,5 MM)"	121453	5086	both	108
CORTA-TUBOS COM CAPACIDADE DE 6 A 42 MM	152328	45244	both	20
CORTADEIRA HIDRAULICA DE VERGALHAO, PARA ACO DE DIAMETRO ATE 50 MM, MOTOR ELETRICO TRIFASICO, POTENCIA DE 5,5 HP A 7,5 HP	121455	45657	both	7
"COTOVELO 45 GRAUS DE FERRO GALVANIZADO, COM ROSCA BSP, DE 1 1/2"""	121476	3446	both	30
"COTOVELO 45 GRAUS DE FERRO GALVANIZADO, COM ROSCA BSP, DE 1 1/4"""	121477	3445	both	30
"COTOVELO 45 GRAUS DE FERRO GALVANIZADO, COM ROSCA BSP, DE 1"""	121479	3444	both	30
"COTOVELO 45 GRAUS DE FERRO GALVANIZADO, COM ROSCA BSP, DE 1/2"""	121478	3441	both	30
"COTOVELO 45 GRAUS DE FERRO GALVANIZADO, COM ROSCA BSP, DE 2 1/2"""	121480	12402	both	30
"COTOVELO 45 GRAUS DE FERRO GALVANIZADO, COM ROSCA BSP, DE 2"""	121481	3447	both	30
"COTOVELO 45 GRAUS DE FERRO GALVANIZADO, COM ROSCA BSP, DE 3"""	121483	3448	both	30
"COTOVELO 45 GRAUS DE FERRO GALVANIZADO, COM ROSCA BSP, DE 3/4"""	121482	3442	both	30
"COTOVELO 45 GRAUS DE FERRO GALVANIZADO, COM ROSCA BSP, DE 4"""	121484	3449	both	30
COTOVELO 45 GRAUS, PEAD PE 100, DE 125 MM, PARA ELETROFUSAO	121485	37438	both	87
COTOVELO 45 GRAUS, PEAD PE 100, DE 200 MM, PARA ELETROFUSAO	121486	37439	both	87
COTOVELO 45 GRAUS, PEAD PE 100, DE 32 MM, PARA ELETROFUSAO	121487	37435	both	87
COTOVELO 45 GRAUS, PEAD PE 100, DE 40 MM, PARA ELETROFUSAO	121488	37436	both	87
COTOVELO 45 GRAUS, PEAD PE 100, DE 63 MM, PARA ELETROFUSAO	121489	37437	both	87
"COTOVELO 90 GRAUS DE FERRO GALVANIZADO, COM ROSCA BSP MACHO/FEMEA, DE 1 1/2"""	121490	3473	both	28
"COTOVELO 90 GRAUS DE FERRO GALVANIZADO, COM ROSCA BSP MACHO/FEMEA, DE 1 1/4"""	121491	3474	both	28
"COTOVELO 90 GRAUS DE FERRO GALVANIZADO, COM ROSCA BSP MACHO/FEMEA, DE 1"""	121493	3443	both	28
"COTOVELO 90 GRAUS DE FERRO GALVANIZADO, COM ROSCA BSP MACHO/FEMEA, DE 1/2"""	121492	3450	both	28
"COTOVELO 90 GRAUS DE FERRO GALVANIZADO, COM ROSCA BSP MACHO/FEMEA, DE 2 1/2"""	121494	3453	both	28
"COTOVELO 90 GRAUS DE FERRO GALVANIZADO, COM ROSCA BSP MACHO/FEMEA, DE 2"""	121495	3452	both	28
"COTOVELO 90 GRAUS DE FERRO GALVANIZADO, COM ROSCA BSP MACHO/FEMEA, DE 3"""	121497	3454	both	28
"COTOVELO 90 GRAUS DE FERRO GALVANIZADO, COM ROSCA BSP MACHO/FEMEA, DE 3/4"""	121496	3451	both	28
"COTOVELO 90 GRAUS DE FERRO GALVANIZADO, COM ROSCA BSP, DE 1 1/2"""	121498	3458	both	28
"COTOVELO 90 GRAUS DE FERRO GALVANIZADO, COM ROSCA BSP, DE 1 1/4"""	121499	3457	both	28
"COTOVELO 90 GRAUS DE FERRO GALVANIZADO, COM ROSCA BSP, DE 1"""	121501	3472	both	28
"COTOVELO 90 GRAUS DE FERRO GALVANIZADO, COM ROSCA BSP, DE 1/2"""	121500	3455	both	28
"COTOVELO 90 GRAUS DE FERRO GALVANIZADO, COM ROSCA BSP, DE 2 1/2"""	121502	3470	both	28
"COTOVELO 90 GRAUS DE FERRO GALVANIZADO, COM ROSCA BSP, DE 2"""	121503	3471	both	28
"COTOVELO 90 GRAUS DE FERRO GALVANIZADO, COM ROSCA BSP, DE 3"""	121505	3459	both	28
"COTOVELO 90 GRAUS DE FERRO GALVANIZADO, COM ROSCA BSP, DE 3/4"""	121504	3456	both	28
"COTOVELO 90 GRAUS DE FERRO GALVANIZADO, COM ROSCA BSP, DE 4"""	121506	3469	both	28
"COTOVELO 90 GRAUS DE FERRO GALVANIZADO, COM ROSCA BSP, DE 5"""	121507	3460	both	28
"COTOVELO 90 GRAUS DE FERRO GALVANIZADO, COM ROSCA BSP, DE 6"""	121508	3461	both	28
COTOVELO 90 GRAUS, PEAD PE 100, DE 125 MM, PARA ELETROFUSAO	121509	37433	both	87
COTOVELO 90 GRAUS, PEAD PE 100, DE 20 MM, PARA ELETROFUSAO	121510	37430	both	87
COTOVELO 90 GRAUS, PEAD PE 100, DE 200 MM, PARA ELETROFUSAO	121511	37434	both	87
COTOVELO 90 GRAUS, PEAD PE 100, DE 32 MM, PARA ELETROFUSAO	121512	37431	both	87
COTOVELO 90 GRAUS, PEAD PE 100, DE 63 MM, PARA ELETROFUSAO	121513	37432	both	87
"COTOVELO DE REDUCAO 90 GRAUS DE FERRO GALVANIZADO, COM ROSCA BSP, DE 1 1/2"" X 1"""	121468	3468	both	28
"COTOVELO DE REDUCAO 90 GRAUS DE FERRO GALVANIZADO, COM ROSCA BSP, DE 1 1/2"" X 3/4"""	121469	3465	both	28
"COTOVELO DE REDUCAO 90 GRAUS DE FERRO GALVANIZADO, COM ROSCA BSP, DE 1 1/4"" X 1"""	121470	12403	both	28
"COTOVELO DE REDUCAO 90 GRAUS DE FERRO GALVANIZADO, COM ROSCA BSP, DE 1"" X 1/2"""	121471	3463	both	28
"COTOVELO DE REDUCAO 90 GRAUS DE FERRO GALVANIZADO, COM ROSCA BSP, DE 1"" X 3/4"""	121472	3464	both	28
"COTOVELO DE REDUCAO 90 GRAUS DE FERRO GALVANIZADO, COM ROSCA BSP, DE 2 1/2"" X 2"""	121473	3466	both	28
"COTOVELO DE REDUCAO 90 GRAUS DE FERRO GALVANIZADO, COM ROSCA BSP, DE 2"" X 1 1/2"""	121474	3467	both	28
"COTOVELO DE REDUCAO 90 GRAUS DE FERRO GALVANIZADO, COM ROSCA BSP, DE 3/4"" X 1/2"""	121475	3462	both	28
COTOVELO HORIZONTAL RETO 90 GRAUS PARA ELETROCALHA, EM CHAPA PERFURADA DE ACO GALVANIZADO ESPESSURA #14, 700 X 50 MM (L X A), SEM VIROLA, SEM TAMPA	152164	43917	both	-1
COTOVELO HORIZONTAL RETO 90 GRAUS, PARA ELETROCALHA, EM CHAPA LISA DE ACO GALVANIZADO ESPESSURA # 22, 150 X 50 MM (L X A), SEM VIROLA, SEM TAMPA	152165	41808	both	-1
COTOVELO HORIZONTAL RETO 90 GRAUS, PARA ELETROCALHA, EM CHAPA LISA DE ACO GALVANIZADO ESPESSURA #14, 700 X 50 MM (L X A), SEM VIROLA, SEM TAMPA	152166	41817	both	-1
COTOVELO HORIZONTAL RETO 90 GRAUS, PARA ELETROCALHA, EM CHAPA LISA DE ACO GALVANIZADO ESPESSURA #14, 800 X 50 MM (L X A), SEM VIROLA, SEM TAMPA	152167	41819	both	-1
COTOVELO HORIZONTAL RETO 90 GRAUS, PARA ELETROCALHA, EM CHAPA LISA DE ACO GALVANIZADO ESPESSURA #16, 500 X 50 MM (L X A), SEM VIROLA, SEM TAMPA	152168	41815	both	-1
COTOVELO HORIZONTAL RETO 90 GRAUS, PARA ELETROCALHA, EM CHAPA LISA DE ACO GALVANIZADO ESPESSURA #16, 600 X 50 MM (L X A), SEM VIROLA, SEM TAMPA	152169	41816	both	-1
COTOVELO HORIZONTAL RETO 90 GRAUS, PARA ELETROCALHA, EM CHAPA LISA DE ACO GALVANIZADO ESPESSURA #18, 300 X 50 MM (L X A), SEM VIROLA, SEM TAMPA	152170	41812	both	-1
COTOVELO HORIZONTAL RETO 90 GRAUS, PARA ELETROCALHA, EM CHAPA LISA DE ACO GALVANIZADO ESPESSURA #18, 400 X 50 MM (L X A), SEM VIROLA, SEM TAMPA	152171	41813	both	-1
COTOVELO HORIZONTAL RETO 90 GRAUS, PARA ELETROCALHA, EM CHAPA LISA DE ACO GALVANIZADO ESPESSURA #22, 100 X 50 MM (L X A), SEM VIROLA, SEM TAMPA	152172	41806	both	-1
COTOVELO HORIZONTAL RETO 90 GRAUS, PARA ELETROCALHA, EM CHAPA LISA DE ACO GALVANIZADO ESPESSURA #22, 125 X 50 MM (L X A), SEM VIROLA, SEM TAMPA	152173	41807	both	-1
COTOVELO HORIZONTAL RETO 90 GRAUS, PARA ELETROCALHA, EM CHAPA LISA DE ACO GALVANIZADO ESPESSURA #22, 200 X 50 MM (L X A), SEM VIROLA, SEM TAMPA	152174	41809	both	-1
COTOVELO HORIZONTAL RETO 90 GRAUS, PARA ELETROCALHA, EM CHAPA LISA DE ACO GALVANIZADO ESPESSURA #22, 250 X 50 MM (L X A), SEM VIROLA, SEM TAMPA	152175	41811	both	-1
COTOVELO HORIZONTAL RETO 90 GRAUS, PARA ELETROCALHA, EM CHAPA LISA DE ACO GALVANIZADO ESPESSURA #22, 50 X 50 MM (L X A), SEM VIROLA, SEM TAMPA	152176	41814	both	-1
COTOVELO HORIZONTAL RETO 90 GRAUS, PARA ELETROCALHA, EM CHAPA LISA DE ACO GALVANIZADO ESPESSURA #22, 75 X 50 MM (L X A), SEM VIROLA, SEM TAMPA	152177	41818	both	-1
COTOVELO HORIZONTAL RETO 90 GRAUS, PARA ELETROCALHA, EM CHAPA PERFURADA DE ACO GALVANIZADO ESPESSURA #14, 800 X 50 MM (L X A), SEM VIROLA, SEM TAMPA	152178	43919	both	-1
COTOVELO HORIZONTAL RETO 90 GRAUS, PARA ELETROCALHA, EM CHAPA PERFURADA DE ACO GALVANIZADO ESPESSURA #16, 500 X 50 MM (L X A), SEM VIROLA, SEM TAMPA	152179	43914	both	-1
COTOVELO HORIZONTAL RETO 90 GRAUS, PARA ELETROCALHA, EM CHAPA PERFURADA DE ACO GALVANIZADO ESPESSURA #16, 600 X 50 MM (L X A), SEM VIROLA, SEM TAMPA	152180	43916	both	-1
COTOVELO HORIZONTAL RETO 90 GRAUS, PARA ELETROCALHA, EM CHAPA PERFURADA DE ACO GALVANIZADO ESPESSURA #18, 300 X 50 MM (L X A), SEM VIROLA, SEM TAMPA	152181	43912	both	-1
COTOVELO HORIZONTAL RETO 90 GRAUS, PARA ELETROCALHA, EM CHAPA PERFURADA DE ACO GALVANIZADO ESPESSURA #18, 400 X 50 MM (L X A), SEM VIROLA, SEM TAMPA	152182	43913	both	-1
COTOVELO HORIZONTAL RETO 90 GRAUS, PARA ELETROCALHA, EM CHAPA PERFURADA DE ACO GALVANIZADO ESPESSURA #22, 125 X 50 MM (L X A), SEM VIROLA, SEM TAMPA	152183	43908	both	-1
COTOVELO HORIZONTAL RETO 90 GRAUS, PARA ELETROCALHA, EM CHAPA PERFURADA DE ACO GALVANIZADO ESPESSURA #22, 150 X 50 MM (L X A), SEM VIROLA, SEM TAMPA	152184	43909	both	-1
COTOVELO HORIZONTAL RETO 90 GRAUS, PARA ELETROCALHA, EM CHAPA PERFURADA DE ACO GALVANIZADO ESPESSURA #22, 200 X 50 MM (L X A), SEM VIROLA, SEM TAMPA	152185	43910	both	-1
COTOVELO HORIZONTAL RETO 90 GRAUS, PARA ELETROCALHA, EM CHAPA PERFURADA DE ACO GALVANIZADO ESPESSURA #22, 250 X 50 MM (L X A), SEM VIROLA, SEM TAMPA	152186	43911	both	-1
COTOVELO HORIZONTAL RETO 90 GRAUS, PARA ELETROCALHA, EM CHAPA PERFURADA DE ACO GALVANIZADO ESPESSURA #22, 50 X 50 MM (L X A), SEM VIROLA, SEM TAMPA	152187	43915	both	-1
COTOVELO HORIZONTAL RETO 90 GRAUS, PARA ELETROCALHA, EM CHAPA PERFURADA DE ACO GALVANIZADO ESPESSURA #22, 75 X 50 MM (L X A), SEM VIROLA, SEM TAMPA	152188	43918	both	-1
COTOVELO HORIZONTAL RETO, 90 GRAUS, PARA ELETROCALHA, EM CHAPA PERFURADA DE ACO GALVANIZADO ESPESSURA #22, 100 X 50 MM (L X A), SEM VIROLA, SEM TAMPA	152189	43907	both	-1
COTOVELO/JOELHO 90 GRAUS, EM POLIPROPILENO, PN 16, PARA TUBOS PEAD, 20 X 20 MM - LIGACAO PREDIAL DE AGUA	121517	37416	both	-1
COTOVELO/JOELHO 90 GRAUS, EM POLIPROPILENO, PN 16, PARA TUBOS PEAD, 32 X 32 MM - LIGACAO PREDIAL DE AGUA	121518	37417	both	-1
"COTOVELO/JOELHO COM ADAPTADOR, 90 GRAUS, EM POLIPROPILENO, PN 16, PARA TUBOS PEAD, 20 MM X 1/2"" - LIGACAO PREDIAL DE AGUA"	121514	37413	both	-1
"COTOVELO/JOELHO COM ADAPTADOR, 90 GRAUS, EM POLIPROPILENO, PN 16, PARA TUBOS PEAD, 20 MM X 3/4"" - LIGACAO PREDIAL DE AGUA"	121515	37414	both	-1
"COTOVELO/JOELHO COM ADAPTADOR, 90 GRAUS, EM POLIPROPILENO, PN 16, PARA TUBOS PEAD, 32 MM X 1"" - LIGACAO PREDIAL DE AGUA"	121516	37415	both	-1
CREMONA RETANGULAR INJETADA LISA COM CHAVE, COM CASTANHA / ALCA, EM LATAO, COM ACABAMENTO CROMADO, DE SOBREPOR / EMBUTIR	121519	43590	both	6
CREMONA RETANGULAR INJETADA LISA, COM CASTANHA / ALCA, EM LATAO, COM ACABAMENTO CROMADO, DE SOBREPOR / EMBUTIR	121520	43589	both	6
CRUZETA DE CONCRETO LEVE, COMP. 2000 MM SECAO, 90 X 90 MM	121521	34519	both	14
"CRUZETA DE FERRO GALVANIZADO, COM ROSCA BSP, DE 1 1/2"""	121522	1649	both	76
"CRUZETA DE FERRO GALVANIZADO, COM ROSCA BSP, DE 1 1/4"""	121523	1653	both	76
"CRUZETA DE FERRO GALVANIZADO, COM ROSCA BSP, DE 1"""	121525	1648	both	76
"CRUZETA DE FERRO GALVANIZADO, COM ROSCA BSP, DE 1/2"""	121524	1647	both	76
"CRUZETA DE FERRO GALVANIZADO, COM ROSCA BSP, DE 2 1/2"""	121526	1651	both	76
"CRUZETA DE FERRO GALVANIZADO, COM ROSCA BSP, DE 2"""	121527	1650	both	76
"CRUZETA DE FERRO GALVANIZADO, COM ROSCA BSP, DE 3"""	121529	1652	both	76
"CRUZETA DE FERRO GALVANIZADO, COM ROSCA BSP, DE 3/4"""	121528	1654	both	76
CRUZETA DE MADEIRA TRATADA, *90 X 115 X 2400* MM, EM EUCALIPTO OU EQUIVALENTE DA REGIAO	121530	10510	both	3
CUMEEIRA ARTICULADA (ABA INFERIOR) PARA TELHA ONDULADA DE FIBROCIMENTO E = 4 MM, ABA *330* MM, COMPRIMENTO 500 MM (SEM AMIANTO)	121534	39640	both	59
CUMEEIRA NORMAL PARA TELHA ESTRUTURAL DE FIBROCIMENTO 2 ABAS, E = 6 MM, DE 1050 X 935 MM (SEM AMIANTO)	121539	7216	both	59
CUMEEIRA NORMAL PARA TELHA ONDULADA DE FIBROCIMENTO, E = 6 MM, ABA 300 MM, COMPRIMENTO 1100 MM (SEM AMIANTO)	121540	20235	both	59
CUMEEIRA PARA TELHA CERAMICA, COMPRIMENTO DE *41* CM, RENDIMENTO DE *3* TELHAS/M	121541	7181	both	-1
CUMEEIRA PARA TELHA DE CONCRETO, PARA 2 AGUAS DE TELHADO, COR CINZA, RENDIMENTO DE *3* TELHAS/M	121542	40742	both	-1
CUMEEIRA SHED PARA TELHA ONDULADA DE FIBROCIMENTO, E = 6 MM, ABA 280 MM, COMPRIMENTO 1100 MM (SEM AMIANTO)	121543	7214	both	59
CUMEEIRA UNIVERSAL PARA TELHA ONDULADA DE FIBROCIMENTO, E = 6 MM, ABA 210 MM, COMPRIMENTO 1100 MM (SEM AMIANTO)	121544	7219	both	59
"CURVA 135 GRAUS, DE PVC RIGIDO ROSCAVEL, DE 1"", PARA ELETRODUTO"	121623	1880	both	103
"CURVA 135 GRAUS, DE PVC RIGIDO ROSCAVEL, DE 3/4"", PARA ELETRODUTO"	121624	39274	both	103
"CURVA 180 GRAUS, DE PVC RIGIDO ROSCAVEL, DE 1 1/2"", PARA ELETRODUTO"	121634	12033	both	103
"CURVA 180 GRAUS, DE PVC RIGIDO ROSCAVEL, DE 1 1/4"", PARA ELETRODUTO"	121635	40408	both	103
"CURVA 180 GRAUS, DE PVC RIGIDO ROSCAVEL, DE 1"", PARA ELETRODUTO"	121637	39276	both	103
"CURVA 180 GRAUS, DE PVC RIGIDO ROSCAVEL, DE 1/2"", PARA ELETRODUTO"	121636	40409	both	103
"CURVA 180 GRAUS, DE PVC RIGIDO ROSCAVEL, DE 2"", PARA ELETRODUTO"	121638	39277	both	103
"CURVA 180 GRAUS, DE PVC RIGIDO ROSCAVEL, DE 3/4"", PARA ELETRODUTO"	121639	12034	both	103
"CURVA 45 GRAUS DE FERRO GALVANIZADO, COM ROSCA BSP FEMEA, DE 1 1/2"""	121647	1777	both	30
"CURVA 45 GRAUS DE FERRO GALVANIZADO, COM ROSCA BSP FEMEA, DE 1 1/4"""	121648	1819	both	30
"CURVA 45 GRAUS DE FERRO GALVANIZADO, COM ROSCA BSP FEMEA, DE 1"""	121650	1776	both	30
"CURVA 45 GRAUS DE FERRO GALVANIZADO, COM ROSCA BSP FEMEA, DE 1/2"""	121649	1775	both	30
"CURVA 45 GRAUS DE FERRO GALVANIZADO, COM ROSCA BSP FEMEA, DE 2 1/2"""	121651	1778	both	30
"CURVA 45 GRAUS DE FERRO GALVANIZADO, COM ROSCA BSP FEMEA, DE 2"""	121652	1818	both	30
"CURVA 45 GRAUS DE FERRO GALVANIZADO, COM ROSCA BSP FEMEA, DE 3"""	121654	1779	both	30
"CURVA 45 GRAUS DE FERRO GALVANIZADO, COM ROSCA BSP FEMEA, DE 3/4"""	121653	1820	both	30
"CURVA 45 GRAUS DE FERRO GALVANIZADO, COM ROSCA BSP FEMEA, DE 4"""	121655	1780	both	30
"CURVA 45 GRAUS DE FERRO GALVANIZADO, COM ROSCA BSP MACHO/FEMEA, DE 1 1/2"""	121656	1783	both	30
"CURVA 45 GRAUS DE FERRO GALVANIZADO, COM ROSCA BSP MACHO/FEMEA, DE 1 1/4"""	121657	1782	both	30
"CURVA 45 GRAUS DE FERRO GALVANIZADO, COM ROSCA BSP MACHO/FEMEA, DE 1"""	121659	1781	both	30
"CURVA 45 GRAUS DE FERRO GALVANIZADO, COM ROSCA BSP MACHO/FEMEA, DE 1/2"""	121658	1817	both	30
"CURVA 45 GRAUS DE FERRO GALVANIZADO, COM ROSCA BSP MACHO/FEMEA, DE 2 1/2"""	121660	1784	both	30
"CURVA 45 GRAUS DE FERRO GALVANIZADO, COM ROSCA BSP MACHO/FEMEA, DE 2"""	121661	1810	both	30
"CURVA 45 GRAUS DE FERRO GALVANIZADO, COM ROSCA BSP MACHO/FEMEA, DE 3"""	121663	1812	both	30
"CURVA 45 GRAUS DE FERRO GALVANIZADO, COM ROSCA BSP MACHO/FEMEA, DE 3/4"""	121662	1811	both	30
"CURVA 45 GRAUS EM ACO CARBONO, SOLDAVEL, PRESSAO 3.000 LBS, DN 1 1/2"""	121664	40386	both	105
"CURVA 45 GRAUS EM ACO CARBONO, SOLDAVEL, PRESSAO 3.000 LBS, DN 1 1/4"""	121665	40384	both	105
"CURVA 45 GRAUS EM ACO CARBONO, SOLDAVEL, PRESSAO 3.000 LBS, DN 1"""	121667	40423	both	105
"CURVA 45 GRAUS EM ACO CARBONO, SOLDAVEL, PRESSAO 3.000 LBS, DN 1/2"""	121666	40379	both	105
"CURVA 45 GRAUS EM ACO CARBONO, SOLDAVEL, PRESSAO 3.000 LBS, DN 2 1/2"""	121668	40389	both	105
"CURVA 45 GRAUS EM ACO CARBONO, SOLDAVEL, PRESSAO 3.000 LBS, DN 2"""	121669	40388	both	105
"CURVA 45 GRAUS EM ACO CARBONO, SOLDAVEL, PRESSAO 3.000 LBS, DN 3"""	121671	40391	both	105
"CURVA 45 GRAUS EM ACO CARBONO, SOLDAVEL, PRESSAO 3.000 LBS, DN 3/4"""	121670	40381	both	105
"CURVA 45 GRAUS RANHURADA EM FERRO FUNDIDO, DN 50 MM (2"")"	121672	40414	both	30
"CURVA 45 GRAUS RANHURADA EM FERRO FUNDIDO, DN 65 MM (2 1/2"")"	121673	40416	both	30
"CURVA 45 GRAUS RANHURADA EM FERRO FUNDIDO, DN 80 MM (3"")"	121674	40418	both	30
"CURVA 90 GRAUS DE FERRO GALVANIZADO, COM ROSCA BSP FEMEA, DE 1 1/2"""	121679	1789	both	28
"CURVA 90 GRAUS DE FERRO GALVANIZADO, COM ROSCA BSP FEMEA, DE 1 1/4"""	121680	1788	both	28
"CURVA 90 GRAUS DE FERRO GALVANIZADO, COM ROSCA BSP FEMEA, DE 1"""	121682	1787	both	28
"CURVA 90 GRAUS DE FERRO GALVANIZADO, COM ROSCA BSP FEMEA, DE 1/2"""	121681	1786	both	28
"CURVA 90 GRAUS DE FERRO GALVANIZADO, COM ROSCA BSP FEMEA, DE 2 1/2"""	121683	1791	both	28
"CURVA 90 GRAUS DE FERRO GALVANIZADO, COM ROSCA BSP FEMEA, DE 2"""	121684	1790	both	28
"CURVA 90 GRAUS DE FERRO GALVANIZADO, COM ROSCA BSP FEMEA, DE 3"""	121686	1792	both	28
"CURVA 90 GRAUS DE FERRO GALVANIZADO, COM ROSCA BSP FEMEA, DE 3/4"""	121685	1813	both	28
"CURVA 90 GRAUS DE FERRO GALVANIZADO, COM ROSCA BSP FEMEA, DE 4"""	121687	1793	both	28
"CURVA 90 GRAUS DE FERRO GALVANIZADO, COM ROSCA BSP MACHO, DE 1 1/2"""	121697	1797	both	28
"CURVA 90 GRAUS DE FERRO GALVANIZADO, COM ROSCA BSP MACHO, DE 1 1/4"""	121698	1796	both	28
"CURVA 90 GRAUS DE FERRO GALVANIZADO, COM ROSCA BSP MACHO, DE 1"""	121700	1816	both	28
"CURVA 90 GRAUS DE FERRO GALVANIZADO, COM ROSCA BSP MACHO, DE 1/2"""	121699	1794	both	28
"CURVA 90 GRAUS DE FERRO GALVANIZADO, COM ROSCA BSP MACHO, DE 2 1/2"""	121701	1815	both	28
"CURVA 90 GRAUS DE FERRO GALVANIZADO, COM ROSCA BSP MACHO, DE 2"""	121702	1798	both	28
"CURVA 90 GRAUS DE FERRO GALVANIZADO, COM ROSCA BSP MACHO, DE 3"""	121704	1799	both	28
"CURVA 90 GRAUS DE FERRO GALVANIZADO, COM ROSCA BSP MACHO, DE 3/4"""	121703	1795	both	28
"CURVA 90 GRAUS DE FERRO GALVANIZADO, COM ROSCA BSP MACHO, DE 4"""	121705	1800	both	28
"CURVA 90 GRAUS DE FERRO GALVANIZADO, COM ROSCA BSP MACHO, DE 6"""	121706	1802	both	28
"CURVA 90 GRAUS DE FERRO GALVANIZADO, COM ROSCA BSP MACHO/FEMEA, DE 1 1/2"""	121688	1809	both	28
"CURVA 90 GRAUS DE FERRO GALVANIZADO, COM ROSCA BSP MACHO/FEMEA, DE 1 1/4"""	121689	1814	both	28
"CURVA 90 GRAUS DE FERRO GALVANIZADO, COM ROSCA BSP MACHO/FEMEA, DE 1"""	121691	1805	both	28
"CURVA 90 GRAUS DE FERRO GALVANIZADO, COM ROSCA BSP MACHO/FEMEA, DE 1/2"""	121690	1803	both	28
"CURVA 90 GRAUS DE FERRO GALVANIZADO, COM ROSCA BSP MACHO/FEMEA, DE 2 1/2"""	121692	1821	both	28
"CURVA 90 GRAUS DE FERRO GALVANIZADO, COM ROSCA BSP MACHO/FEMEA, DE 2"""	121693	1806	both	28
"CURVA 90 GRAUS DE FERRO GALVANIZADO, COM ROSCA BSP MACHO/FEMEA, DE 3"""	121695	1807	both	28
"CURVA 90 GRAUS DE FERRO GALVANIZADO, COM ROSCA BSP MACHO/FEMEA, DE 3/4"""	121694	1804	both	28
"CURVA 90 GRAUS DE FERRO GALVANIZADO, COM ROSCA BSP MACHO/FEMEA, DE 4"""	121696	1808	both	28
"CURVA 90 GRAUS EM ACO CARBONO, RAIO CURTO, SOLDAVEL, PRESSAO 3.000 LBS, DN 1 1/2"""	121707	40385	both	105
"CURVA 90 GRAUS EM ACO CARBONO, RAIO CURTO, SOLDAVEL, PRESSAO 3.000 LBS, DN 1 1/4"""	121708	40383	both	105
"CURVA 90 GRAUS EM ACO CARBONO, RAIO CURTO, SOLDAVEL, PRESSAO 3.000 LBS, DN 1"""	121710	40382	both	105
"CURVA 90 GRAUS EM ACO CARBONO, RAIO CURTO, SOLDAVEL, PRESSAO 3.000 LBS, DN 1/2"""	121709	40378	both	105
"CURVA 90 GRAUS EM ACO CARBONO, RAIO CURTO, SOLDAVEL, PRESSAO 3.000 LBS, DN 2 1/2"""	121711	40422	both	105
"CURVA 90 GRAUS EM ACO CARBONO, RAIO CURTO, SOLDAVEL, PRESSAO 3.000 LBS, DN 2"""	121712	40387	both	105
"CURVA 90 GRAUS EM ACO CARBONO, RAIO CURTO, SOLDAVEL, PRESSAO 3.000 LBS, DN 3"""	121714	40390	both	105
"CURVA 90 GRAUS EM ACO CARBONO, RAIO CURTO, SOLDAVEL, PRESSAO 3.000 LBS, DN 3/4"""	121713	40380	both	105
"CURVA 90 GRAUS RANHURADA EM FERRO FUNDIDO, DN 50 MM (2"")"	121715	40413	both	30
"CURVA 90 GRAUS RANHURADA EM FERRO FUNDIDO, DN 65 MM (2 1/2"")"	121716	40415	both	30
"CURVA 90 GRAUS RANHURADA EM FERRO FUNDIDO, DN 80 MM (3"")"	121717	40417	both	30
"CURVA 90 GRAUS, CURTA, DE PVC RIGIDO ROSCAVEL, DE 1"", PARA ELETRODUTO"	121719	39273	both	103
"CURVA 90 GRAUS, CURTA, DE PVC RIGIDO ROSCAVEL, DE 1/2"", PARA ELETRODUTO"	121718	39271	both	103
"CURVA 90 GRAUS, CURTA, DE PVC RIGIDO ROSCAVEL, DE 3/4"", PARA ELETRODUTO"	121720	39272	both	103
"CURVA 90 GRAUS, LONGA, DE PVC RIGIDO ROSCAVEL, DE 1 1/2"", PARA ELETRODUTO"	121721	1875	both	103
"CURVA 90 GRAUS, LONGA, DE PVC RIGIDO ROSCAVEL, DE 1 1/4"", PARA ELETRODUTO"	121722	1874	both	103
"CURVA 90 GRAUS, LONGA, DE PVC RIGIDO ROSCAVEL, DE 1"", PARA ELETRODUTO"	121724	1884	both	103
"CURVA 90 GRAUS, LONGA, DE PVC RIGIDO ROSCAVEL, DE 1/2"", PARA ELETRODUTO"	121723	1870	both	103
"CURVA 90 GRAUS, LONGA, DE PVC RIGIDO ROSCAVEL, DE 2 1/2"", PARA ELETRODUTO"	121725	1887	both	103
"CURVA 90 GRAUS, LONGA, DE PVC RIGIDO ROSCAVEL, DE 2"", PARA ELETRODUTO"	121726	1876	both	103
"CURVA 90 GRAUS, LONGA, DE PVC RIGIDO ROSCAVEL, DE 3"", PARA ELETRODUTO"	121728	1877	both	103
"CURVA 90 GRAUS, LONGA, DE PVC RIGIDO ROSCAVEL, DE 3/4"", PARA ELETRODUTO"	121727	1879	both	103
"CURVA 90 GRAUS, LONGA, DE PVC RIGIDO ROSCAVEL, DE 4"", PARA ELETRODUTO"	121729	1878	both	103
CURVA CPVC, 90 GRAUS, SOLDAVEL, 22 MM, PARA AGUA QUENTE	121545	37972	both	11
CURVA CPVC, 90 GRAUS, SOLDAVEL, 28 MM, PARA AGUA QUENTE	121546	37973	both	11
CURVA DE TRANSPOSICAO, CPVC, SOLDAVEL, 15 MM	121575	37999	both	11
CURVA DE TRANSPOSICAO, CPVC, SOLDAVEL, 22 MM	121576	38000	both	11
CURVA HORIZONTAL 90 GRAUS PERFURADA, PARA ELETROCALHA, EM CHAPA DE ACO GALVANIZADO ESPESSURA #14, 700 X 50 MM (L X A), SEM VIROLA, SEM TAMPA	152190	43955	both	-1
CURVA HORIZONTAL 90 GRAUS PERFURADA, PARA ELETROCALHA, EM CHAPA DE ACO GALVANIZADO ESPESSURA #14, 800 X 50 MM (L X A), SEM VIROLA, SEM TAMPA	152191	43957	both	-1
CURVA HORIZONTAL 90 GRAUS PERFURADA, PARA ELETROCALHA, EM CHAPA DE ACO GALVANIZADO ESPESSURA #16, 500 X 50 MM (L X A), SEM VIROLA, SEM TAMPA	152192	43950	both	-1
CURVA HORIZONTAL 90 GRAUS PERFURADA, PARA ELETROCALHA, EM CHAPA DE ACO GALVANIZADO ESPESSURA #16, 600 X 50 MM (L X A), SEM VIROLA, SEM TAMPA	152193	43954	both	-1
CURVA HORIZONTAL 90 GRAUS PERFURADA, PARA ELETROCALHA, EM CHAPA DE ACO GALVANIZADO ESPESSURA #18, 300 X 50 MM (L X A), SEM VIROLA, SEM TAMPA	152194	43945	both	-1
CURVA HORIZONTAL 90 GRAUS PERFURADA, PARA ELETROCALHA, EM CHAPA DE ACO GALVANIZADO ESPESSURA #18, 400 X 50 MM (L X A), SEM VIROLA, SEM TAMPA	152195	43947	both	-1
CURVA HORIZONTAL 90 GRAUS PERFURADA, PARA ELETROCALHA, EM CHAPA DE ACO GALVANIZADO ESPESSURA #22, 100 X 50 MM (L X A), SEM VIROLA, SEM TAMPA	152196	43920	both	-1
CURVA HORIZONTAL 90 GRAUS PERFURADA, PARA ELETROCALHA, EM CHAPA DE ACO GALVANIZADO ESPESSURA #22, 125 X 50 MM (L X A), SEM VIROLA, SEM TAMPA	152197	43921	both	-1
CURVA HORIZONTAL 90 GRAUS PERFURADA, PARA ELETROCALHA, EM CHAPA DE ACO GALVANIZADO ESPESSURA #22, 150 X 50 MM (L X A), SEM VIROLA, SEM TAMPA	152198	43922	both	-1
CURVA HORIZONTAL 90 GRAUS PERFURADA, PARA ELETROCALHA, EM CHAPA DE ACO GALVANIZADO ESPESSURA #22, 200 X 50 MM (L X A), SEM VIROLA, SEM TAMPA	152199	43923	both	-1
CURVA HORIZONTAL 90 GRAUS PERFURADA, PARA ELETROCALHA, EM CHAPA DE ACO GALVANIZADO ESPESSURA #22, 250 X 50 MM (L X A), SEM VIROLA, SEM TAMPA	152200	43924	both	-1
CURVA HORIZONTAL 90 GRAUS PERFURADA, PARA ELETROCALHA, EM CHAPA DE ACO GALVANIZADO ESPESSURA #22, 50 X 50 MM (L X A), SEM VIROLA, SEM TAMPA	152201	43952	both	-1
CURVA HORIZONTAL 90 GRAUS PERFURADA, PARA ELETROCALHA, EM CHAPA DE ACO GALVANIZADO ESPESSURA #22, 75 X 50 MM (L X A), SEM VIROLA, SEM TAMPA	152202	43956	both	-1
CURVA PVC CURTA 90 GRAUS, DN 40 MM, PARA ESGOTO PREDIAL	121587	1933	both	58
CURVA PVC CURTA 90 GRAUS, DN 75 MM, PARA ESGOTO PREDIAL	121588	1951	both	58
DENTE PARA FRESADORA	121739	44472	both	-1
DESEMPENADEIRA DE ACO DENTADA 12 X *25* CM, DENTES 8 X 8 MM, CABO FECHADO DE MADEIRA	121740	38369	both	14
DESEMPENADEIRA DE ACO LISA 12 X *25* CM COM CABO FECHADO DE MADEIRA	121741	38370	both	14
DESEMPENADEIRA DE MADEIRA *16 X 27* CM	152203	45199	both	2
DESEMPENADEIRA PLASTICA LISA *14 X 27* CM	121742	38372	both	2
DESENHISTA PROJETISTA (MENSALISTA)	121748	40807	both	0
DESMOLDANTE PARA CONCRETO ESTAMPADO	121751	43144	both	-1
DESMOLDANTE PARA FORMAS METALICAS A BASE DE OLEO VEGETAL	121752	39397	both	25
DESMOLDANTE PROTETOR PARA FORMAS DE MADEIRA, DE BASE OLEOSA EMULSIONADA EM AGUA	121753	2692	both	-1
DETECTOR DE TENSAO 90 V A 1000 V (CAT IV)	152371	45299	both	29
DILUENTE EPOXI	121754	5330	both	-1
DISJUNTOR TERMOMAGNETICO TRIPOLAR 150 A / 600 V, TIPO FXD / ICC - 35 KA	121767	2374	both	29
DISJUNTOR TERMOMAGNETICO TRIPOLAR 200 A / 600 V, TIPO FXD / ICC - 35 KA	121768	2377	both	29
DISJUNTOR TERMOMAGNETICO TRIPOLAR 250 A / 600 V, TIPO FXD	121769	2393	both	29
DISJUNTOR TERMOMAGNETICO TRIPOLAR 3 X 250 A/ICC - 25 KA	121770	34705	both	29
DISJUNTOR TERMOMAGNETICO TRIPOLAR 3 X 350 A/ICC - 25 KA	121771	34707	both	29
DISJUNTOR TERMOMAGNETICO TRIPOLAR 3 X 400 A / ICC - 25 KA	121762	34544	both	29
DISJUNTOR TERMOMAGNETICO TRIPOLAR 300 A / 600 V, TIPO JXD / ICC - 40 KA	121772	2378	both	29
DISJUNTOR TERMOMAGNETICO TRIPOLAR 400 A / 600 V, TIPO JXD / ICC - 40 KA	121773	2379	both	29
DISJUNTOR TERMOMAGNETICO TRIPOLAR 600 A / 600 V, TIPO LXD / ICC - 40 KA	121774	2376	both	29
DISJUNTOR TERMOMAGNETICO TRIPOLAR 800 A / 600 V, TIPO LMXD	121775	2394	both	29
DISJUNTOR TIPO NEMA, BIPOLAR 10 ATE 50 A, TENSAO MAXIMA 415 V	121784	2388	both	29
DISJUNTOR TIPO NEMA, BIPOLAR 60 ATE 100A, TENSAO MAXIMA 415 V	121785	34606	both	29
DISJUNTOR TIPO NEMA, MONOPOLAR 10 ATE 30A, TENSAO MAXIMA DE 240 V	121787	2370	both	29
DISJUNTOR TIPO NEMA, MONOPOLAR 35 ATE 50 A, TENSAO MAXIMA DE 240 V	121788	2386	both	29
DISJUNTOR TIPO NEMA, MONOPOLAR DE 60 ATE 70A, TENSAO MAXIMA DE 240 V	121786	34689	both	29
DISJUNTOR TIPO NEMA, TRIPOLAR 10 ATE 50A, TENSAO MAXIMA DE 415 V	121789	2392	both	29
DISJUNTOR TIPO NEMA, TRIPOLAR 60 ATE 100 A, TENSAO MAXIMA DE 415 V	121790	2373	both	29
DISPOSITIVO DPS CLASSE II, 1 POLO, TENSAO MAXIMA DE 175 V, CORRENTE MAXIMA DE *20* KA (TIPO AC)	121791	39465	both	20
DISPOSITIVO DPS CLASSE II, 1 POLO, TENSAO MAXIMA DE 175 V, CORRENTE MAXIMA DE *30* KA (TIPO AC)	121792	39466	both	20
DISPOSITIVO DPS CLASSE II, 1 POLO, TENSAO MAXIMA DE 175 V, CORRENTE MAXIMA DE *45* KA (TIPO AC)	121793	39467	both	20
DISPOSITIVO DPS CLASSE II, 1 POLO, TENSAO MAXIMA DE 175 V, CORRENTE MAXIMA DE *90* KA (TIPO AC)	121794	39468	both	20
DISPOSITIVO DPS CLASSE II, 1 POLO, TENSAO MAXIMA DE 275 V, CORRENTE MAXIMA DE *20* KA (TIPO AC)	121795	39469	both	20
DISPOSITIVO DPS CLASSE II, 1 POLO, TENSAO MAXIMA DE 275 V, CORRENTE MAXIMA DE *30* KA (TIPO AC)	121796	39470	both	20
DISPOSITIVO DPS CLASSE II, 1 POLO, TENSAO MAXIMA DE 275 V, CORRENTE MAXIMA DE *45* KA (TIPO AC)	121797	39471	both	20
DISPOSITIVO DPS CLASSE II, 1 POLO, TENSAO MAXIMA DE 275 V, CORRENTE MAXIMA DE *90* KA (TIPO AC)	121798	39472	both	20
DISPOSITIVO DPS CLASSE II, 1 POLO, TENSAO MAXIMA DE 385 V, CORRENTE MAXIMA DE *20* KA (TIPO AC)	121799	39473	both	20
DISPOSITIVO DPS CLASSE II, 1 POLO, TENSAO MAXIMA DE 385 V, CORRENTE MAXIMA DE *30* KA (TIPO AC)	121800	39474	both	20
DISPOSITIVO DPS CLASSE II, 1 POLO, TENSAO MAXIMA DE 385 V, CORRENTE MAXIMA DE *45* KA (TIPO AC)	121801	39475	both	20
DISPOSITIVO DPS CLASSE II, 1 POLO, TENSAO MAXIMA DE 385 V, CORRENTE MAXIMA DE *90* KA (TIPO AC)	121802	39476	both	20
DISPOSITIVO DPS CLASSE II, 1 POLO, TENSAO MAXIMA DE 460 V, CORRENTE MAXIMA DE *20* KA (TIPO AC)	121803	39477	both	20
DISPOSITIVO DPS CLASSE II, 1 POLO, TENSAO MAXIMA DE 460 V, CORRENTE MAXIMA DE *30* KA (TIPO AC)	121804	39478	both	20
DISPOSITIVO DPS CLASSE II, 1 POLO, TENSAO MAXIMA DE 460 V, CORRENTE MAXIMA DE *45* KA (TIPO AC)	121805	39479	both	20
DISPOSITIVO DPS CLASSE II, 1 POLO, TENSAO MAXIMA DE 460 V, CORRENTE MAXIMA DE *90* KA (TIPO AC)	121806	39480	both	20
DISPOSITIVO DR, 2 POLOS, SENSIBILIDADE DE 30 MA, CORRENTE DE 100 A, TIPO AC	121807	39459	both	29
DISPOSITIVO DR, 2 POLOS, SENSIBILIDADE DE 30 MA, CORRENTE DE 25 A, TIPO AC	121808	39445	both	29
DISPOSITIVO DR, 2 POLOS, SENSIBILIDADE DE 30 MA, CORRENTE DE 40 A, TIPO AC	121809	39446	both	29
DISPOSITIVO DR, 2 POLOS, SENSIBILIDADE DE 30 MA, CORRENTE DE 63 A, TIPO AC	121810	39447	both	29
DISPOSITIVO DR, 2 POLOS, SENSIBILIDADE DE 30 MA, CORRENTE DE 80 A, TIPO AC	121811	39448	both	29
DISPOSITIVO DR, 2 POLOS, SENSIBILIDADE DE 300 MA, CORRENTE DE 25 A, TIPO AC	121812	39450	both	29
DISPOSITIVO DR, 2 POLOS, SENSIBILIDADE DE 300 MA, CORRENTE DE 40 A, TIPO AC	121813	39451	both	29
DISPOSITIVO DR, 2 POLOS, SENSIBILIDADE DE 300 MA, CORRENTE DE 63 A, TIPO AC	121814	39452	both	29
DISPOSITIVO DR, 2 POLOS, SENSIBILIDADE DE 300 MA, CORRENTE DE 80 A, TIPO AC	121815	39523	both	29
DISPOSITIVO DR, 4 POLOS, SENSIBILIDADE DE 30 MA, CORRENTE DE 100 A, TIPO AC	121816	39449	both	29
DISPOSITIVO DR, 4 POLOS, SENSIBILIDADE DE 30 MA, CORRENTE DE 25 A, TIPO AC	121817	39455	both	29
DISPOSITIVO DR, 4 POLOS, SENSIBILIDADE DE 30 MA, CORRENTE DE 40 A, TIPO AC	121818	39456	both	29
DISPOSITIVO DR, 4 POLOS, SENSIBILIDADE DE 30 MA, CORRENTE DE 63 A, TIPO AC	121819	39457	both	29
DISPOSITIVO DR, 4 POLOS, SENSIBILIDADE DE 30 MA, CORRENTE DE 80 A, TIPO AC	121820	39458	both	29
DISPOSITIVO DR, 4 POLOS, SENSIBILIDADE DE 300 MA, CORRENTE DE 100 A, TIPO AC	121821	39464	both	29
DISPOSITIVO DR, 4 POLOS, SENSIBILIDADE DE 300 MA, CORRENTE DE 25 A, TIPO AC	121822	39460	both	29
DISPOSITIVO DR, 4 POLOS, SENSIBILIDADE DE 300 MA, CORRENTE DE 40 A, TIPO AC	121823	39461	both	29
DISPOSITIVO DR, 4 POLOS, SENSIBILIDADE DE 300 MA, CORRENTE DE 63 A, TIPO AC	121824	39462	both	29
DISPOSITIVO DR, 4 POLOS, SENSIBILIDADE DE 300 MA, CORRENTE DE 80 A, TIPO AC	121825	39463	both	29
DISTRIBUIDOR DE AGREGADOS AUTOPROPELIDO, CAP 3 M3, A DIESEL, 6 CC, 176 CV	121826	26039	both	7
DISTRIBUIDOR DE AGREGADOS REBOCAVEL, CAPACIDADE 1,9 M3, LARGURA DE TRABALHO 3,66 M	121827	2401	both	14
DIVISORIA EM GRANITO, COM DUAS FACES POLIDAS, TIPO ANDORINHA/ QUARTZ/ CASTELO/ CORUMBA OU OUTROS EQUIVALENTES DA REGIAO, E= *3,0* CM	121838	44476	both	24
DIVISORIA EM MARMORE, COM DUAS FACES POLIDAS, BRANCO COMUM, E= *3,0* CM	121839	10629	both	24
DIVISORIA, PLACA PRE-MOLDADA EM GRANILITE, MARMORITE OU GRANITINA, E = *3 CM	121840	10698	both	24
"DOBRADEIRA ELETROMECANICA DE VERGALHAO, PARA ACO DE DIAMETRO ATE 1 1/2"", MOTOR ELETRICO TRIFASICO, POTENCIA DE 3 HP ATE 5 HP"	152329	45658	both	7
"DOBRADICA EM ACO/FERRO, 3 1/2"" X 3"", E= 1,9 A 2 MM, COM ANEL, CROMADO OU ZINCADO, TAMPA BOLA, COM PARAFUSOS"	121842	2432	both	50
"DOBRADICA EM ACO/FERRO, 3"" X 2 1/2"", E= 1,2 A 1,8 MM, SEM ANEL, CROMADO OU ZINCADO, TAMPA CHATA, COM PARAFUSOS"	121843	2433	both	50
"DOBRADICA EM ACO/FERRO, 3"" X 2 1/2"", E= 1,9 A 2 MM, SEM ANEL, CROMADO OU ZINCADO, TAMPA BOLA, COM PARAFUSOS"	121844	2420	both	50
DOSADOR DE AREIA, CAPACIDADE DE *26* LITROS	121848	38411	both	-1
ELEMENTO VAZADO DE CONCRETO, QUADRICULADO, 1 FURO *10 X 10 X 10* CM	121855	10605	both	2
ELEMENTO VAZADO DE CONCRETO, QUADRICULADO, 1 FURO *20 X 10 X 7* CM	121856	10604	both	2
ELEMENTO VAZADO DE CONCRETO, QUADRICULADO, 1 FURO *20 X 20 X 6,5* CM	121857	672	both	2
ELEMENTO VAZADO DE CONCRETO, QUADRICULADO, 16 FUROS *29 X 29 X 6* CM	121858	668	both	2
ELEMENTO VAZADO DE CONCRETO, QUADRICULADO, 16 FUROS *33 X 33 X 10* CM	121859	10578	both	2
ELEMENTO VAZADO DE CONCRETO, QUADRICULADO, 16 FUROS *40 X 40 X 7* CM	121860	666	both	2
ELEMENTO VAZADO DE CONCRETO, QUADRICULADO, 16 FUROS *50 X 50 X 7* CM	121861	665	both	2
ELEMENTO VAZADO DE CONCRETO, QUADRICULADO, 25 FUROS *50 X 50 X 5* CM	121862	10577	both	2
ELEMENTO VAZADO DE CONCRETO, VENEZIANA *39 X 22 X 15* CM	121863	10583	both	2
ELEMENTO VAZADO DE CONCRETO, VENEZIANA *39 X 29 X 10* CM	121864	10579	both	2
ELEMENTO VAZADO DE CONCRETO, VENEZIANA *40 X 10 X 10* CM	121865	10582	both	2
ELETRICISTA (MENSALISTA)	121867	40918	both	0
ELETROCALHA LISA OU PERFURADA TIPO U, EM CHAPA DE ACO GALVANIZADO A FOGO, ESPESSURA # 14, DE 700 X 50 MM (L X A), SEM VIROLA, SEM TAMPA	152204	44046	both	-1
ELETROCALHA LISA OU PERFURADA TIPO U, EM CHAPA DE ACO GALVANIZADO A FOGO, ESPESSURA # 14, DE 800 X 50 MM (L X A), SEM VIROLA, SEM TAMPA	152205	44047	both	-1
ELETROCALHA LISA OU PERFURADA TIPO U, EM CHAPA DE ACO GALVANIZADO A FOGO, ESPESSURA # 16, DE 500 X 50 MM (L X A), SEM VIROLA, SEM TAMPA	152206	44043	both	-1
ELETROCALHA LISA OU PERFURADA TIPO U, EM CHAPA DE ACO GALVANIZADO A FOGO, ESPESSURA # 16, DE 600 X 50 MM (L X A), SEM VIROLA, SEM TAMPA	152207	44044	both	-1
ELETROCALHA LISA OU PERFURADA TIPO U, EM CHAPA DE ACO GALVANIZADO A FOGO, ESPESSURA # 18, DE 300 X 50 MM (L X A), SEM VIROLA, SEM TAMPA	152208	44041	both	-1
ELETROCALHA LISA OU PERFURADA TIPO U, EM CHAPA DE ACO GALVANIZADO A FOGO, ESPESSURA # 18, DE 400 X 50 MM (L X A), SEM VIROLA, SEM TAMPA	152209	44042	both	-1
ELETROCALHA LISA OU PERFURADA TIPO U, EM CHAPA DE ACO GALVANIZADO A FOGO, ESPESSURA # 22, DE 100 X 50 MM (L X A), SEM VIROLA, SEM TAMPA	152210	43961	both	-1
ELETROCALHA LISA OU PERFURADA TIPO U, EM CHAPA DE ACO GALVANIZADO A FOGO, ESPESSURA # 22, DE 125 X 50 MM (L X A), SEM VIROLA, SEM TAMPA	152211	43959	both	-1
ELETROCALHA LISA OU PERFURADA TIPO U, EM CHAPA DE ACO GALVANIZADO A FOGO, ESPESSURA # 22, DE 150 X 50 MM (L X A), SEM VIROLA, SEM TAMPA	152212	43962	both	-1
ELETROCALHA LISA OU PERFURADA TIPO U, EM CHAPA DE ACO GALVANIZADO A FOGO, ESPESSURA # 22, DE 250 X 50 MM (L X A), SEM VIROLA, SEM TAMPA	152213	43960	both	-1
ELETROCALHA LISA OU PERFURADA TIPO U, EM CHAPA DE ACO GALVANIZADO A FOGO, ESPESSURA # 22, DE 75 X 50 MM (L X A), SEM VIROLA, SEM TAMPA	152214	43963	both	-1
ELETROCALHA LISA OU PERFURADA, TIPO U, EM CHAPA DE ACO GALVANIZADO A FOGO, ESPESSURA # 22, DE 200 X 50 MM (L X A), SEM VIROLA, SEM TAMPA	152215	43958	both	-1
ELETROCALHA LISA OU PERFURADA, TIPO U, EM CHAPA DE ACO GALVANIZADO A FOGO, ESPESSURA #22, DE 50 X 50 MM (L X A), SEM VIROLA, SEM TAMPA	152216	41549	both	-1
ELETRODO REVESTIDO AWS - E-6010, DIAMETRO IGUAL A 4,00 MM	121870	10998	both	110
ELETRODO REVESTIDO AWS - E6013, DIAMETRO IGUAL A 2,50 MM	121871	11002	both	110
ELETRODO REVESTIDO AWS - E6013, DIAMETRO IGUAL A 4,00 MM	121872	10999	both	110
ELETRODO REVESTIDO AWS - E7018, DIAMETRO IGUAL A 4,00 MM	121873	10997	both	110
ELETRODUTO DE PVC RIGIDO SOLDAVEL, CLASSE B, DE 20 MM	121883	2676	both	9
ELETRODUTO DE PVC RIGIDO SOLDAVEL, CLASSE B, DE 25 MM	121884	2678	both	9
ELETRODUTO DE PVC RIGIDO SOLDAVEL, CLASSE B, DE 32 MM	121885	2679	both	9
ELETRODUTO DE PVC RIGIDO SOLDAVEL, CLASSE B, DE 40 MM	121886	12070	both	9
ELETRODUTO DE PVC RIGIDO SOLDAVEL, CLASSE B, DE 50 MM	121887	2675	both	9
ELETRODUTO DE PVC RIGIDO SOLDAVEL, CLASSE B, DE 60 MM	121888	12067	both	9
ELETRODUTO FLEXIVEL PLANO EM PEAD, COR PRETA E LARANJA, DIAMETRO 25 MM	121891	40400	both	56
ELETRODUTO FLEXIVEL PLANO EM PEAD, COR PRETA E LARANJA, DIAMETRO 32 MM	121889	40401	both	56
ELETRODUTO FLEXIVEL PLANO EM PEAD, COR PRETA E LARANJA, DIAMETRO 40 MM	121890	40402	both	56
ELETRODUTO PVC FLEXIVEL CORRUGADO, COR AMARELA, DE 16 MM	121906	2687	both	4
ELETRODUTO PVC FLEXIVEL CORRUGADO, COR AMARELA, DE 20 MM	121907	2689	both	4
ELETRODUTO PVC FLEXIVEL CORRUGADO, COR AMARELA, DE 25 MM	121908	2688	both	4
ELETRODUTO PVC FLEXIVEL CORRUGADO, COR AMARELA, DE 32 MM	121909	2690	both	4
ELETRODUTO PVC FLEXIVEL CORRUGADO, REFORCADO, COR LARANJA, DE 20 MM, PARA LAJES E PISOS	121910	39243	both	4
ELETRODUTO PVC FLEXIVEL CORRUGADO, REFORCADO, COR LARANJA, DE 25 MM, PARA LAJES E PISOS	121911	39244	both	4
ELETRODUTO PVC FLEXIVEL CORRUGADO, REFORCADO, COR LARANJA, DE 32 MM, PARA LAJES E PISOS	121912	39245	both	4
"ELETRODUTO/CONDULETE DE PVC RIGIDO, LISO, COR CINZA, DE 1"", PARA INSTALACOES APARENTES (NBR 5410)"	121914	39255	both	32
"ELETRODUTO/CONDULETE DE PVC RIGIDO, LISO, COR CINZA, DE 1/2"", PARA INSTALACOES APARENTES (NBR 5410)"	121913	39254	both	32
"ELETRODUTO/CONDULETE DE PVC RIGIDO, LISO, COR CINZA, DE 3/4"", PARA INSTALACOES APARENTES (NBR 5410)"	121915	39253	both	32
ELETROTECNICO (MENSALISTA)	121922	40922	both	0
EMENDA INTERNA, TIPO U, BASE LISA, PARA ELETROCALHA, EM CHAPA DE ACO GALVANIZADO ESPESSURA #14, 700 X 50 MM (L X A)	152217	44342	both	-1
EMENDA INTERNA, TIPO U, BASE LISA, PARA ELETROCALHA, EM CHAPA DE ACO GALVANIZADO ESPESSURA #14, 800 X 50 MM (L X A)	152218	44343	both	-1
EMENDA INTERNA, TIPO U, BASE LISA, PARA ELETROCALHA, EM CHAPA DE ACO GALVANIZADO ESPESSURA #16, 500 X 50 MM (L X A)	152219	44340	both	-1
EMENDA INTERNA, TIPO U, BASE LISA, PARA ELETROCALHA, EM CHAPA DE ACO GALVANIZADO ESPESSURA #16, 600 X 50 MM (L X A)	152220	44341	both	-1
EMENDA INTERNA, TIPO U, BASE LISA, PARA ELETROCALHA, EM CHAPA DE ACO GALVANIZADO ESPESSURA #18, 300 X 50 MM (L X A)	152221	44338	both	-1
EMENDA INTERNA, TIPO U, BASE LISA, PARA ELETROCALHA, EM CHAPA DE ACO GALVANIZADO ESPESSURA #18, 400 X 50 MM (L X A)	152222	44339	both	-1
EMENDA INTERNA, TIPO U, BASE LISA, PARA ELETROCALHA, EM CHAPA DE ACO GALVANIZADO ESPESSURA #22, 100 X 50 MM (L X A)	152223	44336	both	-1
EMENDA INTERNA, TIPO U, BASE LISA, PARA ELETROCALHA, EM CHAPA DE ACO GALVANIZADO ESPESSURA #22, 125 X 50 MM (L X A)	152224	41834	both	-1
EMENDA INTERNA, TIPO U, BASE LISA, PARA ELETROCALHA, EM CHAPA DE ACO GALVANIZADO ESPESSURA #22, 150 X 50 MM (L X A)	152225	44337	both	-1
EMENDA INTERNA, TIPO U, BASE LISA, PARA ELETROCALHA, EM CHAPA DE ACO GALVANIZADO ESPESSURA #22, 200 X 50 MM (L X A)	152226	43964	both	-1
EMENDA INTERNA, TIPO U, BASE LISA, PARA ELETROCALHA, EM CHAPA DE ACO GALVANIZADO ESPESSURA #22, 250 X 50 MM (L X A)	152227	44334	both	-1
EMENDA INTERNA, TIPO U, BASE LISA, PARA ELETROCALHA, EM CHAPA DE ACO GALVANIZADO ESPESSURA #22, 50 X 50 MM (L X A)	152228	44344	both	-1
EMENDA INTERNA, TIPO U, BASE LISA, PARA ELETROCALHA, EM CHAPA DE ACO GALVANIZADO ESPESSURA #22, 75 X 50 MM (L X A)	152229	44335	both	-1
EMULSAO ASFALTICA ANIONICA	121926	517	both	-1
"EMULSAO EXPLOSIVA EM CARTUCHOS DE 1"" X 12"", DENSIDADE 1.15 G/CM3, INICIACAO ESPOLETA N. 8 / CORDEL"	121929	37534	both	-1
"EMULSAO EXPLOSIVA EM CARTUCHOS DE 1"" X 24"", DENSIDADE 1.15 G/CM3, INICIACAO ESPOLETA N. 8 / CORDEL"	121930	37535	both	-1
"EMULSAO EXPLOSIVA EM CARTUCHOS DE 1"" X 8"", DENSIDADE 1.15 G/CM3, INICIACAO ESPOLETA N. 8 / CORDEL"	121931	37533	both	-1
"EMULSAO EXPLOSIVA EM CARTUCHOS DE 2 1/2"" X 24"", DENSIDADE 1.15 G/CM3, INICIACAO ESPOLETA N. 8 / CORDEL"	121932	37537	both	-1
"EMULSAO EXPLOSIVA EM CARTUCHOS DE 2 1/4"" X 24"", DENSIDADE 1.15 G/CM3, INICIACAO ESPOLETA N. 8 / CORDEL"	121933	37536	both	-1
"EMULSAO EXPLOSIVA EM CARTUCHOS DE 2"" X 24"", DENSIDADE 1.15 G/CM3, INICIACAO ESPOLETA N. 8 / CORDEL"	121934	37532	both	-1
ENCANADOR OU BOMBEIRO HIDRAULICO (MENSALISTA)	121936	40928	both	0
ENCARREGADO GERAL DE OBRAS (MENSALISTA)	121938	40818	both	0
ENDURECEDOR MINERAL DE BASE CIMENTICIA PARA PISO DE CONCRETO	121939	43146	both	25
ENERGIA ELETRICA ATE 2000 KWH INDUSTRIAL, SEM DEMANDA	121940	2705	both	31
ENERGIA ELETRICA COMERCIAL, BAIXA TENSAO, RELATIVA AO CONSUMO DE ATE 100 KWH, INCLUINDO ICMS, PIS/PASEP E COFINS	121941	14250	both	31
ENGENHEIRO CIVIL DE OBRA JUNIOR (MENSALISTA)	121947	40811	both	-1
ENGENHEIRO CIVIL DE OBRA PLENO (MENSALISTA)	121949	40813	both	0
ENGENHEIRO CIVIL DE OBRA SENIOR (MENSALISTA)	121951	40814	both	-1
EPI - FAMILIA ALMOXARIFE - HORISTA (ENCARGOS COMPLEMENTARES - COLETADO CAIXA)	121963	43482	both	35
EPI - FAMILIA ALMOXARIFE - MENSALISTA (ENCARGOS COMPLEMENTARES - COLETADO CAIXA)	121964	43494	both	35
EPI - FAMILIA CARPINTEIRO DE FORMAS - HORISTA (ENCARGOS COMPLEMENTARES - COLETADO CAIXA)	121965	43483	both	35
EPI - FAMILIA CARPINTEIRO DE FORMAS - MENSALISTA (ENCARGOS COMPLEMENTARES - COLETADO CAIXA)	121966	43495	both	35
EPI - FAMILIA ELETRICISTA - HORISTA (ENCARGOS COMPLEMENTARES - COLETADO CAIXA)	121967	43484	both	35
EPI - FAMILIA ELETRICISTA - MENSALISTA (ENCARGOS COMPLEMENTARES - COLETADO CAIXA)	121968	43496	both	35
EPI - FAMILIA ENCANADOR - HORISTA (ENCARGOS COMPLEMENTARES - COLETADO CAIXA)	121969	43485	both	35
EPI - FAMILIA ENCANADOR - MENSALISTA (ENCARGOS COMPLEMENTARES - COLETADO CAIXA)	121970	43497	both	35
EPI - FAMILIA ENCARREGADO GERAL - HORISTA (ENCARGOS COMPLEMENTARES - COLETADO CAIXA)	121971	43487	both	35
EPI - FAMILIA ENCARREGADO GERAL - MENSALISTA (ENCARGOS COMPLEMENTARES - COLETADO CAIXA)	121972	43499	both	35
EPI - FAMILIA ENGENHEIRO CIVIL - HORISTA (ENCARGOS COMPLEMENTARES - COLETADO CAIXA)	121973	43486	both	35
EPI - FAMILIA ENGENHEIRO CIVIL - MENSALISTA (ENCARGOS COMPLEMENTARES - COLETADO CAIXA)	121974	43498	both	35
EPI - FAMILIA OPERADOR ESCAVADEIRA - HORISTA (ENCARGOS COMPLEMENTARES - COLETADO CAIXA)	121975	43488	both	35
EPI - FAMILIA OPERADOR ESCAVADEIRA - MENSALISTA (ENCARGOS COMPLEMENTARES - COLETADO CAIXA)	121976	43500	both	35
EPI - FAMILIA PEDREIRO - HORISTA (ENCARGOS COMPLEMENTARES - COLETADO CAIXA)	121977	43489	both	35
EPI - FAMILIA PEDREIRO - MENSALISTA (ENCARGOS COMPLEMENTARES - COLETADO CAIXA)	121978	43501	both	35
EPI - FAMILIA PINTOR - HORISTA (ENCARGOS COMPLEMENTARES - COLETADO CAIXA)	121979	43490	both	35
EPI - FAMILIA PINTOR - MENSALISTA (ENCARGOS COMPLEMENTARES - COLETADO CAIXA)	121980	43502	both	35
EPI - FAMILIA SERVENTE - HORISTA (ENCARGOS COMPLEMENTARES - COLETADO CAIXA)	121981	43491	both	35
EPI - FAMILIA SERVENTE - MENSALISTA (ENCARGOS COMPLEMENTARES - COLETADO CAIXA)	121982	43503	both	35
EPI - FAMILIA SOLDADOR - HORISTA (ENCARGOS COMPLEMENTARES - COLETADO CAIXA)	121983	43492	both	35
EPI - FAMILIA SOLDADOR - MENSALISTA (ENCARGOS COMPLEMENTARES - COLETADO CAIXA)	121984	43504	both	35
EPI - FAMILIA TOPOGRAFO - HORISTA (ENCARGOS COMPLEMENTARES - COLETADO CAIXA)	121985	43493	both	35
EPI - FAMILIA TOPOGRAFO - MENSALISTA (ENCARGOS COMPLEMENTARES - COLETADO CAIXA)	121986	43505	both	35
ESCAVADEIRA HIDRAULICA DE BRACO LONGO (LONGO ALCANCE) SOBRE ESTEIRAS, CACAMBA 0,52 M3, PESO OPERACIONAL 24 T, POTENCIA LIQUIDA 155 HP	152230	45112	both	10
ESCAVADEIRA HIDRAULICA SOBRE ESTEIRAS COM CACAMBA DE 1,20 M3, PESO OPERACIONAL 21 T, POTENCIA BRUTA 155 HP	121994	14525	both	10
ESCAVADEIRA HIDRAULICA SOBRE ESTEIRAS, CACAMBA 0,80M3, PESO OPERACIONAL 17T, POTENCIA BRUTA 111HP	121999	10685	both	10
ESCAVADEIRA HIDRAULICA SOBRE ESTEIRAS, CAPACIDADE DA CACAMBA ENTRE 1,20 E 1,50 M3, PESO OPERACIONAL ENTRE 20,00 E 22,00 TON, POTENCIA LIQUIDA ENTRE 150 E 155 HP, EQUIPADA COM CLAMSHELL	122000	40636	both	10
ESCORA PRE-MOLDADA EM CONCRETO, *10 X 10* CM, H = 2,30M	122001	4111	both	-1
ESCOVA DE ACO, COM CABO, *4 X 15* FILEIRAS DE CERDAS	122003	12	both	-1
"ESGUICHO JATO REGULAVEL, TIPO ELKHART, ENGATE RAPIDO 1 1/2"", PARA COMBATE A INCENDIO"	122004	37554	both	40
"ESGUICHO JATO REGULAVEL, TIPO ELKHART, ENGATE RAPIDO 2 1/2"", PARA COMBATE A INCENDIO"	122005	37555	both	40
"ESGUICHO TIPO JATO SOLIDO, EM LATAO, ENGATE RAPIDO 1 1/2"" X 13 MM, PARA MANGUEIRA EM INSTALACAO PREDIAL COMBATE A INCENDIO"	122006	10902	both	40
"ESGUICHO TIPO JATO SOLIDO, EM LATAO, ENGATE RAPIDO 1 1/2"" X 16 MM, PARA MANGUEIRA EM INSTALACAO PREDIAL COMBATE A INCENDIO"	122007	20965	both	40
"ESGUICHO TIPO JATO SOLIDO, EM LATAO, ENGATE RAPIDO 1 1/2"" X 19 MM, PARA MANGUEIRA EM INSTALACAO PREDIAL COMBATE A INCENDIO"	122008	20966	both	40
"ESGUICHO TIPO JATO SOLIDO, EM LATAO, ENGATE RAPIDO 2 1/2"" X 13 MM, PARA MANGUEIRA EM INSTALACAO PREDIAL COMBATE A INCENDIO"	122009	10903	both	40
"ESGUICHO TIPO JATO SOLIDO, EM LATAO, ENGATE RAPIDO 2 1/2"" X 16 MM, PARA MANGUEIRA EM INSTALACAO PREDIAL COMBATE A INCENDIO"	122010	20967	both	40
"ESGUICHO TIPO JATO SOLIDO, EM LATAO, ENGATE RAPIDO 2 1/2"" X 19 MM, PARA MANGUEIRA EM INSTALACAO PREDIAL COMBATE A INCENDIO"	122011	20968	both	40
ESPACADOR / DISTANCIADOR CIRCULAR COM ENTRADA LATERAL, EM PLASTICO, PARA VERGALHAO *4,2 A 12,5* MM, COBRIMENTO 20 MM	122013	39017	both	14
ESPACADOR / DISTANCIADOR TIPO GARRA DUPLA, EM PLASTICO, COBRIMENTO *20* MM, PARA FERRAGENS DE LAJES E FUNDO DE VIGAS	122014	39315	both	-1
ESPACADOR / DISTANCIADOR TIPO PINO EM PLASTICO, PARA VERGALHAO ATE 10 MM, PARA APOIO DE ARMADURA	122015	39016	both	-1
ESPACADOR OU DISTANCIADOR, EM PLASTICO, TIPO APOIO DE CORDOALHA (CARANGUEJO), PARA ARMADURA NEGATIVA E PROTENSAO, COBRIMENTO 50 MM	122017	39481	both	61
ESPACADOR/SEPARADOR DE CORDOALHA TIPO DISCO 12 FUROS DE 14 MM, PARA TIRANTES	122018	40433	both	-1
ESPARGIDOR DE ASFALTO PRESSURIZADO, REBOCAVEL, TANQUE DE 2500 L, PNEUMATICO, COM MOTOR A GASOLINA 3,4HP	122019	20219	both	7
ESPARGIDOR DE ASFALTO PRESSURIZADO, TANQUE 6 M3 COM ISOLACAO TERMICA, AQUECIDO COM 2 MACARICOS, COM BARRA ESPARGIDORA 3,60 M, A SER MONTADO SOBRE CAMINHAO	122020	36484	both	14
"ESPELHO / PLACA CEGA 4"" X 2"", PARA INSTALACAO DE TOMADAS E INTERRUPTORES"	122023	38091	both	50
"ESPELHO / PLACA CEGA 4"" X 4"", PARA INSTALACAO DE TOMADAS E INTERRUPTORES"	122024	38095	both	50
"ESPELHO / PLACA DE 1 POSTO 4"" X 2"", PARA INSTALACAO DE TOMADAS E INTERRUPTORES"	122025	38092	both	50
"ESPELHO / PLACA DE 2 POSTOS 4"" X 2"", PARA INSTALACAO DE TOMADAS E INTERRUPTORES"	122026	38093	both	50
"ESPELHO / PLACA DE 2 POSTOS 4"" X 4"", PARA INSTALACAO DE TOMADAS E INTERRUPTORES"	122027	38096	both	50
"ESPELHO / PLACA DE 3 POSTOS 4"" X 2"", PARA INSTALACAO DE TOMADAS E INTERRUPTORES"	122028	38094	both	50
"ESPELHO / PLACA DE 4 POSTOS 4"" X 4"", PARA INSTALACAO DE TOMADAS E INTERRUPTORES"	122029	38097	both	50
"ESPELHO / PLACA DE 6 POSTOS 4"" X 4"", PARA INSTALACAO DE TOMADAS E INTERRUPTORES"	122030	38098	both	50
ESPELHO CRISTAL E = 4 MM	122031	11186	both	59
ESPELHO, RETO OU CURVO, EM LATAO CROMADO, ESPESSURA ATE 6 MM, LARGURA *40*MM, ALTURA *180*MM - PARA FECHADURA DE EMBUTIR	122032	11558	both	47
ESPELHO, RETO OU CURVO, EM LATAO CROMADO, ESPESSURA MINIMA 6 MM, LARGURA *43*MM, ALTURA *230*MM - PARA FECHADURA DE EMBUTIR	122033	11557	both	47
ESPOLETA SIMPLES N 8.	122034	2759	both	-1
ESPUMA EXPANSIVA DE POLIURETANO, APLICACAO MANUAL - 500 ML	122035	38124	both	17
ESQUADRO PARA SOLDA, EM ALUMINIO, 65 MM, COM DUAS MORSAS (GRAMPO SARGENTO)	152330	45278	both	22
ESQUI TRIPLO, EM TUBO DE ACO CARBONO, PINTURA NO PROCESSO ELETROSTATICO - EQUIPAMENTO DE GINASTICA PARA ACADEMIA AO AR LIVRE / ACADEMIA DA TERCEIRA IDADE - ATI	122038	42429	both	-1
ESTACA PRE-MOLDADA MACICA DE CONCRETO VIBRADO ARMADO, PARA CARGA DE 25 T, SECAO QUADRADA DE *16 X 16*, COM ANEL METALICO INCORPORADO A PECA (SOMENTE FORNECIMENTO)	122044	38538	both	84
ESTACA PRE-MOLDADA MACICA DE CONCRETO VIBRADO ARMADO, PARA CARGA DE 50 T, SECAO QUADRADA, COM ANEL METALICO INCORPORADO A PECA (SOMENTE FORNECIMENTO)	122045	38539	both	84
ESTACA PRE-MOLDADA VAZADA DE CONCRETO CENTRIFUGADO, PARA CARGA DE 100 T, SECAO CIRCULAR, COM ANEL METALICO INCORPORADO A PECA (SOMENTE FORNECIMENTO)	122046	38540	both	84
ESTILETE DE METAL, LAMINA 18 MM	122047	38384	both	22
ESTOPA	122048	13	both	0
ESTOPIM SIMPLES	122049	2762	both	-1
"ESTRIBO COM PARAFUSO EM CHAPA DE FERRO FUNDIDO DE 2"" X 3/16"" X 35 CM, SECAO ""U"", PARA MADEIRAMENTO DE TELHADO"	122050	21142	both	94
EXTINTOR DE INCENDIO PORTATIL COM CARGA DE AGUA PRESSURIZADA DE 10 L, CLASSE A	122056	10886	both	-1
EXTINTOR DE INCENDIO PORTATIL COM CARGA DE GAS CARBONICO CO2 DE 4 KG, CLASSE BC	122057	10888	both	31
EXTINTOR DE INCENDIO PORTATIL COM CARGA DE GAS CARBONICO CO2 DE 6 KG, CLASSE BC	122058	10889	both	31
EXTINTOR DE INCENDIO PORTATIL COM CARGA DE PO QUIMICO SECO (PQS) DE 12 KG, CLASSE BC	122059	10890	both	-1
EXTINTOR DE INCENDIO PORTATIL COM CARGA DE PO QUIMICO SECO (PQS) DE 4 KG, CLASSE BC	122060	10891	both	-1
EXTINTOR DE INCENDIO PORTATIL COM CARGA DE PO QUIMICO SECO (PQS) DE 6 KG, CLASSE BC	122061	10892	both	-1
EXTINTOR DE INCENDIO PORTATIL COM CARGA DE PO QUIMICO SECO (PQS) DE 8 KG, CLASSE BC	122062	20977	both	-1
FECHADURA AUXILIAR DE SEGURANCA PARA PORTA EXTERNA, EM ACO INOX, BROCA DE 45 A 55 MM, LINGUETA COM 3 AVANCOS, INCLUINDO 2 CHAVES TIPO CILINDRO	122077	11480	both	8
FECHADURA DE EMBUTIR PARA GAVETA E MOVEIS DE MADEIRA, EM ACO INOX COM ACABAMENTO CROMADO, COM ABAS LATERAIS, CILINDRO COM 22 MM DE DIAMETRO, INCLUINDO CHAVE COM PERFIL METALICO E CAPA ESCAMOTEAVEL	122078	11469	both	8
FECHADURA DE SOBREPOR PARA GAVETAS E ARMARIOS, EM ACO INOX COM ACABAMENTO CROMADO, COM CILINDRO DE APROX 20 MM	122079	11468	both	8
FECHADURA DE SOBREPOR PARA PORTAO, EM ACO INOX COM ACABAMENTO CROMADO, CAIXA DE 100 MM, INCLUINDO CHAVE TIPO CILINDRO	122080	11484	both	8
FECHADURA DE SOBREPOR PARA PORTAO, EM ACO INOX COM ACABAMENTO CROMADO, CAIXA DE 100 MM, INCLUINDO CHAVE TIPO TETRA	122081	38155	both	8
FECHADURA DE SOBREPOR TIPO CAIXAO, EM FERRO COM ACABAMENTO RESINADO, SEM MACANETA, SEM CILINDRO, INCLUINDO CHAVE TIPO SIMPLES	122082	11467	both	6
FECHADURA ESPELHO PARA PORTA DE BANHEIRO, EM ACO INOX (MAQUINA, TESTA E CONTRA-TESTA) E EM ZAMAC (MACANETA, LINGUETA E TRINCOS) COM ACABAMENTO CROMADO, MAQUINA DE 40 MM, INCLUINDO CHAVE TIPO TRANQUETA	122083	38153	both	-1
FECHADURA ESPELHO PARA PORTA DE BANHEIRO, EM ACO INOX (MAQUINA, TESTA E CONTRA-TESTA) E EM ZAMAC (MACANETA, LINGUETA E TRINCOS) COM ACABAMENTO CROMADO, MAQUINA DE 55 MM, INCLUINDO CHAVE TIPO TRANQUETA (CONJUNTO DE FECHADURAS)	122084	43607	both	-1
FECHADURA ESPELHO PARA PORTA EXTERNA, EM ACO INOX (MAQUINA, TESTA E CONTRA-TESTA) E EM ZAMAC (MACANETA, LINGUETA E TRINCOS) COM ACABAMENTO CROMADO, MAQUINA DE 40 MM, INCLUINDO CHAVE TIPO CILINDRO	122085	3080	both	-1
FECHADURA ESPELHO PARA PORTA EXTERNA, EM ACO INOX (MAQUINA, TESTA E CONTRA-TESTA) E EM ZAMAC (MACANETA, LINGUETA E TRINCOS) COM ACABAMENTO CROMADO, MAQUINA DE 55 MM, INCLUINDO CHAVE TIPO CILINDRO	122086	3081	both	-1
FECHADURA ESPELHO PARA PORTA INTERNA, EM ACO INOX (MAQUINA, TESTA E CONTRA-TESTA) E EM ZAMAC (MACANETA, LINGUETA E TRINCOS) COM ACABAMENTO CROMADO, MAQUINA DE 40 MM, INCLUINDO CHAVE TIPO INTERNA	122087	3090	both	-1
FECHADURA ESPELHO PARA PORTA INTERNA, EM ACO INOX (MAQUINA, TESTA E CONTRA-TESTA) E EM ZAMAC (MACANETA, LINGUETA E TRINCOS) COM ACABAMENTO CROMADO, MAQUINA DE 55 MM, INCLUINDO CHAVE TIPO INTERNA	122088	43611	both	-1
FECHADURA PARA PORTA PIVOTANTE DE VIDRO TEMPERADO, EM ACO INOX COM ACABAMENTO CROMADO, RECORTE PADRAO SANTA MARINA, COM CILINDRO EM LATAO, INCLUINDO CHAVE TIPO CILINDRO	122089	3103	both	8
FECHADURA ROSETA REDONDA PARA PORTA DE BANHEIRO, EM ACO INOX (MAQUINA, TESTA E CONTRA-TESTA) E EM ZAMAC (MACANETA, LINGUETA E TRINCOS) COM ACABAMENTO CROMADO, MAQUINA DE 40 MM, INCLUINDO CHAVE TIPO TRANQUETA	122090	3097	both	-1
FECHADURA ROSETA REDONDA PARA PORTA DE BANHEIRO, EM ACO INOX (MAQUINA, TESTA E CONTRA-TESTA) E EM ZAMAC (MACANETA, LINGUETA E TRINCOS) COM ACABAMENTO CROMADO, MAQUINA DE 55 MM, INCLUINDO CHAVE TIPO TRANQUETA	122091	3099	both	-1
FECHADURA ROSETA REDONDA PARA PORTA EXTERNA, EM ACO INOX (MAQUINA, TESTA E CONTRA-TESTA) E EM ZAMAC (MACANETA, LINGUETA E TRINCOS) COM ACABAMENTO CROMADO, MAQUINA DE 40 MM, INCLUINDO CHAVE TIPO CILINDRO	122092	38151	both	-1
FECHADURA ROSETA REDONDA PARA PORTA EXTERNA, EM ACO INOX (MAQUINA, TESTA E CONTRA-TESTA) E EM ZAMAC (MACANETA, LINGUETA E TRINCOS) COM ACABAMENTO CROMADO, MAQUINA DE 55 MM, INCLUINDO CHAVE TIPO CILINDRO	122093	38152	both	-1
FECHADURA ROSETA REDONDA PARA PORTA INTERNA, EM ACO INOX (MAQUINA, TESTA E CONTRA-TESTA) E EM ZAMAC (MACANETA, LINGUETA E TRINCOS) COM ACABAMENTO CROMADO, MAQUINA DE 40 MM, INCLUINDO CHAVE TIPO INTERNA (CONJUNTO DE FECHADURAS)	122094	43610	both	-1
FECHADURA ROSETA REDONDA PARA PORTA INTERNA, EM ACO INOX (MAQUINA, TESTA E CONTRA-TESTA) E EM ZAMAC (MACANETA, LINGUETA E TRINCOS) COM ACABAMENTO CROMADO, MAQUINA DE 55 MM, INCLUINDO CHAVE TIPO INTERNA	122095	3093	both	-1
FECHO / FECHADURA COM PUXADOR CONCHA, COM TRANCA TIPO TRAVA, PARA JANELA / PORTA DE CORRER (INCLUI TESTA, FECHADURA, PUXADOR) - COMPLETA	122096	38165	both	6
FECHO / TRINCO TIPO AVIAO, EM ZAMAC CROMADO, *60* MM, PARA JANELAS - INCLUI PARAFUSOS	122097	38177	both	6
FECHO DE SEGURANCA, TIPO BATOM, EM LATAO / ZAMAC, CROMADO, PARA PORTAS E JANELAS - INCLUI PARAFUSOS	122098	11458	both	6
FECHO QUEBRA UNHA, EM LATAO COM ACABAMENTO CROMADO, DE EMBUTIR, COM COMANDO ALAVANCA, ALTURA DE DE 22 CM, LARGURA MINIMA DE 1,90 CM E ESPESSURA MINIMA DE 1,90 MM, PARA PORTAS E JANELAS (INCLUI PARAFUSOS)	122099	3108	both	82
FECHO QUEBRA UNHA, EM LATAO COM ACABAMENTO CROMADO, DE EMBUTIR, COM COMANDO ALAVANCA, ALTURA DE DE 40 CM, LARGURA MINIMA DE 1,90 CM E ESPESSURA MINIMA DE 1,90 MM, PARA PORTAS E JANELAS (INCLUI PARAFUSOS)	122100	3105	both	82
FECHO QUEBRA UNHA, EM LATAO COM ACABAMENTO CROMADO, DE EMBUTIR, COM COMANDO DESLIZANTE, ALTURA DE 12 CM, LARGURA MINIMA DE 1,90 CM E ESPESSURA MINIMA DE 1,90 MM	122101	38178	both	82
FECHO QUEBRA UNHA, EM LATAO COM ACABAMENTO CROMADO, DE EMBUTIR, COM COMANDO DESLIZANTE, ALTURA DE 22 CM, LARGURA MINIMA DE 1,90 CM E ESPESSURA MINIMA DE 1,90 MM	122102	43575	both	82
FECHO QUEBRA UNHA, EM LATAO COM ACABAMENTO CROMADO, DE EMBUTIR, COM COMANDO DESLIZANTE, ALTURA DE 40 CM, LARGURA MINIMA DE 1,90 CM E ESPESSURA MINIMA DE 1,90 MM	122103	43577	both	82
FERRAMENTAS - FAMILIA ALMOXARIFE - HORISTA (ENCARGOS COMPLEMENTARES - COLETADO CAIXA)	122104	43458	both	35
FERRAMENTAS - FAMILIA ALMOXARIFE - MENSALISTA (ENCARGOS COMPLEMENTARES - COLETADO CAIXA)	122105	43470	both	35
FERRAMENTAS - FAMILIA CARPINTEIRO DE FORMAS - HORISTA (ENCARGOS COMPLEMENTARES - COLETADO CAIXA)	122106	43459	both	35
FERRAMENTAS - FAMILIA CARPINTEIRO DE FORMAS - MENSALISTA (ENCARGOS COMPLEMENTARES - COLETADO CAIXA)	122107	43471	both	35
FERRAMENTAS - FAMILIA ELETRICISTA - HORISTA (ENCARGOS COMPLEMENTARES - COLETADO CAIXA)	122108	43460	both	35
FERRAMENTAS - FAMILIA ELETRICISTA - MENSALISTA (ENCARGOS COMPLEMENTARES - COLETADO CAIXA)	122109	43472	both	35
FERRAMENTAS - FAMILIA ENCANADOR - HORISTA (ENCARGOS COMPLEMENTARES - COLETADO CAIXA)	122110	43461	both	35
FERRAMENTAS - FAMILIA ENCANADOR - MENSALISTA (ENCARGOS COMPLEMENTARES - COLETADO CAIXA)	122111	43473	both	35
FERRAMENTAS - FAMILIA ENCARREGADO GERAL - HORISTA (ENCARGOS COMPLEMENTARES - COLETADO CAIXA)	122112	43463	both	35
FERRAMENTAS - FAMILIA ENCARREGADO GERAL - MENSALISTA (ENCARGOS COMPLEMENTARES - COLETADO CAIXA)	122113	43475	both	35
FERRAMENTAS - FAMILIA ENGENHEIRO CIVIL - HORISTA (ENCARGOS COMPLEMENTARES - COLETADO CAIXA)	122114	43462	both	35
FERRAMENTAS - FAMILIA ENGENHEIRO CIVIL - MENSALISTA (ENCARGOS COMPLEMENTARES - COLETADO CAIXA)	122115	43474	both	35
FERRAMENTAS - FAMILIA OPERADOR ESCAVADEIRA - HORISTA (ENCARGOS COMPLEMENTARES - COLETADO CAIXA)	122116	43464	both	35
FERRAMENTAS - FAMILIA OPERADOR ESCAVADEIRA - MENSALISTA (ENCARGOS COMPLEMENTARES - COLETADO CAIXA)	122117	43476	both	35
FERRAMENTAS - FAMILIA PEDREIRO - HORISTA (ENCARGOS COMPLEMENTARES - COLETADO CAIXA)	122118	43465	both	35
FERRAMENTAS - FAMILIA PEDREIRO - MENSALISTA (ENCARGOS COMPLEMENTARES - COLETADO CAIXA)	122119	43477	both	35
FERRAMENTAS - FAMILIA PINTOR - HORISTA (ENCARGOS COMPLEMENTARES - COLETADO CAIXA)	122120	43466	both	35
FERRAMENTAS - FAMILIA PINTOR - MENSALISTA (ENCARGOS COMPLEMENTARES - COLETADO CAIXA)	122121	43478	both	35
FERRAMENTAS - FAMILIA SERVENTE - HORISTA (ENCARGOS COMPLEMENTARES - COLETADO CAIXA)	122122	43467	both	35
FERRAMENTAS - FAMILIA SERVENTE - MENSALISTA (ENCARGOS COMPLEMENTARES - COLETADO CAIXA)	122123	43479	both	35
FERRAMENTAS - FAMILIA SOLDADOR - HORISTA (ENCARGOS COMPLEMENTARES - COLETADO CAIXA)	122124	43468	both	35
FERRAMENTAS - FAMILIA SOLDADOR - MENSALISTA (ENCARGOS COMPLEMENTARES - COLETADO CAIXA)	122125	43480	both	35
FERRAMENTAS - FAMILIA TOPOGRAFO - HORISTA (ENCARGOS COMPLEMENTARES - COLETADO CAIXA)	122126	43469	both	35
FERRAMENTAS - FAMILIA TOPOGRAFO - MENSALISTA (ENCARGOS COMPLEMENTARES - COLETADO CAIXA)	122127	43481	both	35
FERRO DE SOLDA, POTENCIA 40 W	152331	45204	both	28
"FERROLHO COM FECHO / TRINCO REDONDO, EM ACO GALVANIZADO / ZINCADO, DE SOBREPOR, COM COMPRIMENTO DE 2"" E ESPESSURA MINIMA DA CHAPA DE 0,90 MM, PARA PORTAS E JANELAS"	122128	3119	both	82
"FERROLHO COM FECHO / TRINCO REDONDO, EM ACO GALVANIZADO / ZINCADO, DE SOBREPOR, COM COMPRIMENTO DE 3"" A 4"" E ESPESSURA MINIMA DA CHAPA DE 0,90 MM"	122129	3122	both	82
"FERROLHO COM FECHO / TRINCO REDONDO, EM ACO GALVANIZADO / ZINCADO, DE SOBREPOR, COM COMPRIMENTO DE 5"" E ESPESSURA MINIMA DA CHAPA DE 0,90 MM"	122130	3121	both	82
"FERROLHO COM FECHO / TRINCO REDONDO, EM ACO GALVANIZADO / ZINCADO, DE SOBREPOR, COM COMPRIMENTO DE 6"" E ESPESSURA MINIMA DA CHAPA DE 1,50 MM"	122131	3120	both	82
"FERROLHO COM FECHO / TRINCO REDONDO, EM ACO GALVANIZADO / ZINCADO, DE SOBREPOR, COM COMPRIMENTO DE 8"" E ESPESSURA MINIMA DA CHAPA DE 1,50 MM"	122132	11455	both	82
"FERROLHO COM FECHO /TRINCO REDONDO, EM ACO GALVANIZADO / ZINCADO, DE SOBREPOR, COM COMPRIMENTO DE 10"" A 12"" E ESPESSURA MINIMA DA CHAPA DE 1,50 MM"	122133	11456	both	82
FERTILIZANTE NPK - 4: 14: 8	122141	3123	both	-1
FERTILIZANTE ORGANICO COMPOSTO, CLASSE A	122142	38125	both	42
FIBRA DE ACO PARA REFORCO DO CONCRETO, SOLTA, TIPO A-I, FATOR DE FORMA *50* L / D, COMPRIMENTO DE *30* MM E RESISTENCIA A TRACAO DO ACO MAIOR 1000 MPA	122143	39014	both	62
FILTRO ANAEROBIO, EM POLIETILENO DE ALTA DENSIDADE (PEAD), CAPACIDADE *1100* LITROS (NBR 13969)	122144	39365	both	42
FILTRO ANAEROBIO, EM POLIETILENO DE ALTA DENSIDADE (PEAD), CAPACIDADE *2800* LITROS (NBR 13969)	122145	39366	both	42
FILTRO ANAEROBIO, EM POLIETILENO DE ALTA DENSIDADE (PEAD), CAPACIDADE *5000* LITROS (NBR 13969)	122146	39367	both	42
FILTRO QUIMICO PARA RESPIRADOR SEMI FACIAL, PROTECAO CONTRA VAPORES ORGANICOS E GASES ACIDOS	152231	45263	both	-1
FIO DE COBRE, SOLIDO, CLASSE 1, ISOLACAO EM PVC/A, ANTICHAMA BWF-B, 450/750V, SECAO NOMINAL 1,5 MM2	122152	938	both	96
FIO DE COBRE, SOLIDO, CLASSE 1, ISOLACAO EM PVC/A, ANTICHAMA BWF-B, 450/750V, SECAO NOMINAL 10 MM2	122153	937	both	96
FIO DE COBRE, SOLIDO, CLASSE 1, ISOLACAO EM PVC/A, ANTICHAMA BWF-B, 450/750V, SECAO NOMINAL 2,5 MM2	122154	939	both	96
FIO DE COBRE, SOLIDO, CLASSE 1, ISOLACAO EM PVC/A, ANTICHAMA BWF-B, 450/750V, SECAO NOMINAL 4 MM2	122155	944	both	96
FIO DE COBRE, SOLIDO, CLASSE 1, ISOLACAO EM PVC/A, ANTICHAMA BWF-B, 450/750V, SECAO NOMINAL 6 MM2	122156	940	both	96
FITA ACO INOX PARA CINTAR POSTE, L = 19 MM, E = 0,5 MM (ROLO DE 30M)	122159	406	both	8
FITA ADESIVA ALUMINIZADA, PARA INSTALACAO DE MANTAS DE SUBCOBERTURA, L = *5* CM	122160	42529	both	-1
FITA ADESIVA ANTICORROSIVA DE PVC FLEXIVEL, COR PRETA, PARA PROTECAO TUBULACAO, 50 MM X 30 M (L X C), E= *0,25* MM	122161	39634	both	44
FITA ADESIVA ASFALTICA ALUMINIZADA MULTIUSO, L = 10 CM, ROLO DE 10 M	122162	39701	both	22
FITA DE PAPEL MICROPERFURADO, 50 X 150 MM, PARA TRATAMENTO DE JUNTAS DE CHAPA DE GESSO PARA DRYWALL	122165	39431	both	51
FITA DE PAPEL REFORCADA COM LAMINA DE METAL PARA REFORCO DE CANTOS DE CHAPA DE GESSO PARA DRYWALL	122166	39432	both	6
FITA ISOLANTE ADESIVA ANTICHAMA, USO ATE 750 V, EM ROLO DE 19 MM X 20 M	122167	20111	both	2
FITA ISOLANTE ADESIVA ANTICHAMA, USO ATE 750 V, EM ROLO DE 19 MM X 5 M	122168	21127	both	2
FITA METALICA GRAVADA, L = 17 MM, ROLO DE 25 M, CARGA RECOMENDADA = *120* KGF	122170	14151	both	-1
FITA METALICA PERFURADA, L = *18* MM, ROLO DE 30 M, CARGA RECOMENDADA = *30* KGF	122171	14153	both	-1
FITA METALICA PERFURADA, L = 17 MM, ROLO DE 30 M, CARGA RECOMENDADA = *19* KGF	122172	14152	both	-1
FITA METALICA PERFURADA, L = 25 MM, ROLO DE 30 M, CARGA RECOMENDADA = *222,5* KGF	122173	14154	both	-1
FIXADOR DE ABA AUTOTRAVANTE PARA TELHA DE FIBROCIMENTO, TIPO CANALETE 90 OU KALHETAO	122177	4310	both	51
FIXADOR DE ABA SIMPLES PARA TELHA DE FIBROCIMENTO, TIPO CANALETA 49 OU KALHETA	122178	4311	both	51
FIXADOR DE ABA SIMPLES PARA TELHA DE FIBROCIMENTO, TIPO CANALETA 90 OU KALHETAO	122179	4312	both	51
FLANELA *30 X 40* CM	122180	13261	both	2
"FLANGE SEXTAVADO DE FERRO GALVANIZADO, COM ROSCA BSP, DE 1 1/2"""	122189	3272	both	-1
"FLANGE SEXTAVADO DE FERRO GALVANIZADO, COM ROSCA BSP, DE 1 1/4"""	122190	3265	both	-1
"FLANGE SEXTAVADO DE FERRO GALVANIZADO, COM ROSCA BSP, DE 1"""	122192	3264	both	-1
"FLANGE SEXTAVADO DE FERRO GALVANIZADO, COM ROSCA BSP, DE 1/2"""	122191	3262	both	-1
"FLANGE SEXTAVADO DE FERRO GALVANIZADO, COM ROSCA BSP, DE 2 1/2"""	122193	3267	both	-1
"FLANGE SEXTAVADO DE FERRO GALVANIZADO, COM ROSCA BSP, DE 2"""	122194	3266	both	-1
"FLANGE SEXTAVADO DE FERRO GALVANIZADO, COM ROSCA BSP, DE 3"""	122196	3268	both	-1
"FLANGE SEXTAVADO DE FERRO GALVANIZADO, COM ROSCA BSP, DE 3/4"""	122195	3263	both	-1
"FLANGE SEXTAVADO DE FERRO GALVANIZADO, COM ROSCA BSP, DE 4"""	122197	3271	both	-1
"FLANGE SEXTAVADO DE FERRO GALVANIZADO, COM ROSCA BSP, DE 6"""	122198	3270	both	-1
"FORMAO CHANFRADO 1"", CABO DE MADEIRA"	152373	45256	both	94
FORRO COMPOSTO POR PAINEIS DE LA DE VIDRO, REVESTIDOS EM PVC MICROPERFURADO, DE *1250 X 625* MM, ESPESSURA 15 MM (COM COLOCACAO)	122199	3275	both	107
FORRO DE FIBRA MINERAL EM PLACAS DE 1250 X 625 MM, E = 15 MM, BORDA RETA, COM PINTURA ANTIMOFO, APOIADO EM PERFIL DE ACO GALVANIZADO COM 24 MM DE BASE - INSTALADO	122200	39512	both	107
FORRO DE FIBRA MINERAL EM PLACAS DE 625 X 625 MM, E = 15 MM, BORDA RETA, COM PINTURA ANTIMOFO, APOIADO EM PERFIL DE ACO GALVANIZADO COM 24 MM DE BASE - INSTALADO	122201	39511	both	107
FORRO DE FIBRA MINERAL EM PLACAS DE 625 X 625 MM, E = 15/16 MM, BORDA REBAIXADA, COM PINTURA ANTIMOFO, APOIADO EM PERFIL DE ACO GALVANIZADO COM 24 MM DE BASE - INSTALADO	122202	39513	both	107
FORRO DE MADEIRA CEDRINHO OU EQUIVALENTE DA REGIAO, ENCAIXE MACHO/FEMEA COM FRISO, *10 X 1* CM (SEM COLOCACAO)	122203	3286	both	3
FORRO DE MADEIRA CUMARU/IPE CHAMPANHE OU EQUIVALENTE DA REGIAO, ENCAIXE MACHO/FEMEA COM FRISO, *10 X 1* CM (SEM COLOCACAO)	122204	3287	both	3
FORRO DE MADEIRA PINUS OU EQUIVALENTE DA REGIAO, ENCAIXE MACHO/FEMEA COM FRISO, *10 X 1* CM (SEM COLOCACAO)	122205	3283	both	3
FRESADORA DE ASFALTO A FRIO SOBRE ESTEIRAS, LARG. FRESAGEM 2,00 M, POT. 410 KW/550 HP	122214	14576	both	10
FRESADORA DE ASFALTO A FRIO SOBRE RODAS, LARG. FRESAGEM 1,00 M, POT. 155 KW/208 HP	122215	13877	both	10
FUNDO ANTICORROSIVO PARA METAIS FERROSOS (ZARCAO)	122216	7307	both	-1
FUNDO PREPARADOR ACRILICO BASE AGUA	122217	38122	both	12
"FURADEIRA ELETRICA DE IMPACTO 1/2"", 600 W"	152334	45301	both	-1
FURO PARA TORNEIRA OU OUTROS ACESSORIOS EM BANCADA DE MARMORE/ GRANITO OU OUTRO TIPO DE PEDRA NATURAL	122218	45334	both	6
GABIAO MANTA (COLCHAO) MALHA HEXAGONAL 6 X 8 CM (ZN/AL REVESTIDO COM POLIMERO), DIMENSOES 4,0 X 2,0 X 0,17 M (C X L X A) FIO 2 MM	122228	34802	both	86
GABIAO MANTA (COLCHAO) MALHA HEXAGONAL 6 X 8 CM (ZN/AL REVESTIDO COM POLIMERO), FIO 2 MM, DIMENSOES 4,0 X 2,0 X 0,23 M (C X L X A)	122229	11588	both	86
GABIAO MANTA (COLCHAO) MALHA HEXAGONAL 6 X 8 CM (ZN/AL REVESTIDO COM POLIMERO), FIO 2 MM, DIMENSOES 4,0 X 2,0 X 0,3 M (C X L X A)	122230	34383	both	86
GABIAO MANTA (COLCHAO) MALHA HEXAGONAL 6 X 8 CM (ZN/AL REVESTIDO COM POLIMERO), FIO 2,0 MM, DIMENSOES 5,0 X 2,0 X 0,17 M (C X L X A)	122231	40451	both	86
GABIAO MANTA (COLCHAO) MALHA HEXAGONAL 6 X 8 CM (ZN/AL REVESTIDO COM POLIMERO), FIO 2,0 MM, DIMENSOES 5,0 X 2,0 X 0,23 M (C X L X A)	122232	40453	both	86
GABIAO MANTA (COLCHAO) MALHA HEXAGONAL 6 X 8 CM (ZN/AL REVESTIDO COM POLIMERO), FIO 2,0 MM, DIMENSOES 5,0 X 2,0 X 0,30 M (C X L X A)	122233	40452	both	86
GABIAO SACO MALHA HEXAGONAL 8 X 10 CM (ZN/AL REVESTIDO COM POLIMERO), FIO 2,4 MM, DIMENSOES 3,0 X 0,65 M	122234	11594	both	86
GABIAO SACO MALHA HEXAGONAL 8 X 10 CM (ZN/AL REVESTIDO COM POLIMERO), FIO 2,4 MM, H = 0,65 M	122235	3311	both	86
GABIAO SACO MALHA HEXAGONAL 8 X 10 CM (ZN/AL), FIO 2,7 MM, DIMENSOES 4,0 X 0,65 M	122236	11599	both	86
GABIAO TIPO CAIXA MALHA HEXAGONAL 8 X 10 CM (ZN/AL REVESTIDO COM POLIMERO), FIO 2,4 MM, DIMENSOES 2,0 X 1,0 X 1,0 M (C X L X A)	122237	11593	both	86
GABIAO TIPO CAIXA MALHA HEXAGONAL 8 X 10 CM (ZN/AL REVESTIDO COM POLIMERO), FIO 2,4 MM, H = 0,50 M	122238	3314	both	86
GABIAO TIPO CAIXA MALHA HEXAGONAL 8 X 10 CM (ZN/AL), FIO 2,7 MM, DIMENSOES 2,0 X 1,0 X 1,0 M (C X L X A)	122239	11597	both	86
GABIAO TIPO CAIXA MALHA HEXAGONAL 8 X 10 CM (ZN/AL), FIO 2,7 MM, H = 0,50 M	122240	3309	both	86
GABIAO TIPO CAIXA PARA SOLO REFORCADO, MALHA HEXAGONAL 8 X 10 CM (ZN/AL REVESTIDO COM POLIMERO), FIO 2,7 MM, DIMENSOES 2,0 X 1,0 X 0,5 M, COM CAUDA DE 4,0 M	122244	40440	both	86
GABIAO TIPO CAIXA PARA SOLO REFORCADO, MALHA HEXAGONAL 8 X 10 CM (ZN/AL REVESTIDO COM POLIMERO), FIO 2,7 MM, DIMENSOES 2,0 X 1,0 X 1,0 M, COM CAUDA DE 4,0 M	122245	40441	both	86
GABIAO TIPO CAIXA PARA SOLO REFORCADO, MALHA HEXAGONAL DE DUPLA TORCAO 8 X 10 CM (ZN/AL REVESTIDO COM POLIMERO), FIO 2,7 MM, DIMENSOES 2,0 X 1,0 X 0,5 M, COM CAUDA DE 3,0 M	122241	34612	both	86
GABIAO TIPO CAIXA PARA SOLO REFORCADO, MALHA HEXAGONAL DE DUPLA TORCAO 8 X 10 CM (ZN/AL REVESTIDO COM POLIMERO), FIO 2,7 MM, DIMENSOES 2,0 X 1,0 X 1,0 M, COM CAUDA DE 3,0 M	122242	34635	both	86
GABIAO TIPO CAIXA PARA SOLO REFORCADO, MALHA HEXAGONAL DE DUPLA TORCAO 8 X 10 CM (ZN/AL REVESTIDO COM POLIMERO), FIO 2,7 MM, DIMENSOES 2,0 X 1,0 X 1,0 M, COM CAUDA DE 4,0 M	122243	34633	both	86
GABIAO TIPO CAIXA TRAPEZOIDAL, MALHA HEXAGONAL 10 X 12 CM (ZN/AL REVESTIDO COM POLIMERO) FIO 2,7 MM, FACE COM 65 GRAUS, COM GEOSSINTETICO, DIMENSOES 2,0 X 1,5 X 1,0 M (C X L X A)	122246	40449	both	86
GABIAO TIPO CAIXA, MALHA HEXAGONAL 8 X 10 CM (ZN/AL REVESTIDO COM POLIMERO), FIO 2,4 MM, DIMENSOES 2,0 X 1,0 X 0,5 M (C X L X A)	122248	11592	both	86
GABIAO TIPO CAIXA, MALHA HEXAGONAL 8 X 10 CM (ZN/AL REVESTIDO COM POLIMERO), FIO DE 2,4 MM, DIMENSOES 2,0 x 1,0 x 1,0 M (C X L X A)	122247	34800	both	86
GABIAO TIPO CAIXA, MALHA HEXAGONAL 8 X 10 CM (ZN/AL), FIO 2,7 MM, DIMENSOES 2,0 X 1,0 X 0,5 M (C X L X A)	122227	11596	both	86
GABIAO TIPO CAIXA, MALHA HEXAGONAL 8 X 10 CM (ZN/AL), FIO DE 2,7 MM, DIMENSOES 2,0 X 1,0 X 1,0 M (C X L X A)	122249	40438	both	86
GABIAO TIPO CAIXA, MALHA HEXAGONAL 8 X 10 CM (ZN/AL), FIO DE 2,7 MM, DIMENSOES 5,0 X 1,0 X 1,0 M (C X L X A)	122250	40436	both	86
GANCHO OLHAL EM ACO GALVANIZADO, ESPESSURA 16MM, ABERTURA 21MM	122252	402	both	-1
GAS DE COZINHA - GLP	122253	4226	both	-1
GASOLINA COMUM	122254	4222	both	-1
GEOGRELHA TECIDA COM FILAMENTOS DE POLIESTER + PVC, RESISTENCIA LONGITUDINAL: 90 KN/M, RESISTENCIA TRANSVERSAL: 30 KN/M, ALONGAMENTO = 12 POR CENTO	122255	34804	both	58
GEOTEXTIL NAO TECIDO AGULHADO DE FILAMENTOS CONTINUOS 100% POLIESTER, RESITENCIA A TRACAO = 09 KN/M	122256	4013	both	-1
GEOTEXTIL NAO TECIDO AGULHADO DE FILAMENTOS CONTINUOS 100% POLIESTER, RESITENCIA A TRACAO = 10 KN/M	122257	4011	both	-1
GEOTEXTIL NAO TECIDO AGULHADO DE FILAMENTOS CONTINUOS 100% POLIESTER, RESITENCIA A TRACAO = 14 KN/M	122258	4021	both	-1
GEOTEXTIL NAO TECIDO AGULHADO DE FILAMENTOS CONTINUOS 100% POLIESTER, RESITENCIA A TRACAO = 16 KN/M	122259	4019	both	-1
GEOTEXTIL NAO TECIDO AGULHADO DE FILAMENTOS CONTINUOS 100% POLIESTER, RESITENCIA A TRACAO = 21 KN/M	122260	4012	both	-1
GEOTEXTIL NAO TECIDO AGULHADO DE FILAMENTOS CONTINUOS 100% POLIESTER, RESITENCIA A TRACAO = 26 KN/M	122261	4020	both	-1
GEOTEXTIL NAO TECIDO AGULHADO DE FILAMENTOS CONTINUOS 100% POLIESTER, RESITENCIA A TRACAO = 31 KN/M	122262	4018	both	-1
GERADOR PORTATIL MONOFASICO, POTENCIA 5500 VA, MOTOR A GASOLINA, POTENCIA DO MOTOR 13 CV	122263	36498	both	7
GESSEIRO (MENSALISTA)	122265	41075	both	0
GESSO EM PO PARA REVESTIMENTOS/MOLDURAS/SANCAS E USO GERAL	122266	3315	both	6
GESSO PROJETADO	122267	36870	both	0
GONZO DE EMBUTIR, EM LATAO / ZAMAC, *20 X 48* MM, PARA JANELA BASCULANTE / PIVOTANTE, JOGO COM 4 PECAS (PAR) - INCLUI PARAFUSOS	122268	5092	both	-1
GONZO DE SOBREPOR, EM LATAO / ZAMAC, PARA JANELA PIVOTANTE - INCLUI PARAFUSOS	122269	11462	both	6
"GRADE DE DISCOS COM CONTROLE REMOTO, REBOCAVEL, COM 24 DISCOS 24"" X 6 MM, COM PNEUS PARA TRANSPORTE"	122270	36529	both	-1
"GRADE DE DISCOS MECANICA 20X24"" COM 20 DISCOS 24"" X 6MM COM PNEUS PARA TRANSPORTE"	122271	3318	both	-1
GRAMA BATATAIS EM PLACAS, SEM PLANTIO	122272	3324	both	6
GRAMA ESMERALDA OU SAO CARLOS OU CURITIBANA, EM PLACAS, SEM PLANTIO	122273	3322	both	6
"GRAMPO DE APERTO RAPIDO 18"""	152335	45242	both	68
GRAMPO LINHA VIVA DE LATAO ESTANHADO, DIAMETRO DO CONDUTOR PRINCIPAL DE 10 A 120 MM2, DIAMETRO DA DERIVACAO DE 10 A 70 MM2	122276	11837	both	14
GRAMPO PARALELO METALICO PARA CABO DE 6 A 50 MM2, COM 2 PARAFUSOS	122283	1564	both	-1
GRANALHA DE ACO, ANGULAR (GRIT), PARA JATEAMENTO, PENEIRA 0,117 A 1,00 MM, (SAE G-40 A G-80)	122285	36786	both	-1
GRANALHA DE ACO, ANGULAR (GRIT), PARA JATEAMENTO, PENEIRA 1,41 A 1,19 MM (SAE G16)	122286	36785	both	-1
GRANALHA DE ACO, ESFERICA (SHOT), PARA JATEAMENTO, PENEIRA 0,40 A 1,00 MM (SAE S-170 A S-280)	122287	36782	both	-1
GRANALHA DE ACO, ESFERICA (SHOT), PARA JATEAMENTO, PENEIRA 1,19 A 1,00 MM (SAE S390)	122288	44481	both	-1
GRANILHA/ GRANA/ PEDRISCO OU AGREGADO EM MARMORE/ GRANITO/ QUARTZO E CALCARIO, PRETO, CINZA, PALHA OU BRANCO	122289	4824	both	6
GRANITO PARA BANCADA, POLIDO, TIPO ANDORINHA/ QUARTZ/ CASTELO/ CORUMBA OU OUTROS EQUIVALENTES DA REGIAO, E= *2,5* CM	122290	11795	both	24
GRAUTE CIMENTICIO PARA USO GERAL	122291	134	both	-1
GRELHA FOFO ARTICULADA, CARGA MAXIMA 1,5 T, *300 X 1000* MM, E= *15* MM	122293	11244	both	100
GRELHA FOFO SIMPLES COM REQUADRO, CARGA MAXIMA 1,5 T, 150 X 1000 MM, E= *15* MM	122295	11235	both	100
GRELHA FOFO SIMPLES COM REQUADRO, CARGA MAXIMA 1,5 T, 200 X 1000 MM, E= *15* MM	122296	11236	both	100
GRELHA FOFO SIMPLES COM REQUADRO, CARGA MAXIMA 12,5 T, *300 X 1000* MM, E= *15* MM, AREA ESTACIONAMENTO CARRO PASSEIO	122294	11245	both	100
GRUA ASCENCIONAL, LANCA DE 30 M, CAPACIDADE DE 1,0 T A 30 M, ALTURA ATE 39 M	122299	36494	both	-1
GRUA ASCENCIONAL, LANCA DE 42 M, CAPACIDADE DE 1,5 T A 30 M, ALTURA ATE 39 M	122300	36493	both	-1
GRUPO GERADOR DIESEL, COM CARENAGEM, POTENCIA STANDART ENTRE 250 E 260 KVA, VELOCIDADE DE 1800 RPM, FREQUENCIA DE 60 HZ	122308	39588	both	-1
GRUPO GERADOR DIESEL, SEM CARENAGEM, POTENCIA STANDART ENTRE 80 E 90 KVA, VELOCIDADE DE 1800 RPM, FREQUENCIA DE 60 HZ	122313	14254	both	-1
GRUPO GERADOR ESTACIONARIO, MOTOR DIESEL POTENCIA 170 KVA	122315	25019	both	7
GRUPO GERADOR ESTACIONARIO, POTENCIA 150 KVA, MOTOR DIESEL	122316	36501	both	7
GRUPO GERADOR REBOCAVEL, POTENCIA *66* KVA, MOTOR A DIESEL	122318	36500	both	7
GUARNICAO / ALIZAR / VISTA, E = *1,5* CM, L = *5,0* CM, EM POLIESTIRENO, BRANCO (JOGO PARA 1 FACE)	122321	39831	both	24
GUARNICAO/ALIZAR/VISTA, E = *1,3* CM, L = *5,0* CM HASTE REGULAVEL = *35* MM, EM MDF/PVC WOOD/ POLIESTIRENO OU MADEIRA LAMINADA, PRIMER BRANCO (JOGO PARA 1 FACE)	122322	39836	both	24
GUARNICAO/ALIZAR/VISTA, E = *1,3* CM, L = *7,0* CM, EM POLIESTIRENO, BRANCO (JOGO PARA 1 FACE)	122323	39830	both	24
GUINCHO ELETRICO DE COLUNA, CAPACIDADE 400 KG, COM MOTO FREIO, MOTOR TRIFASICO DE 1,25 CV	122327	36487	both	7
GUINDAUTO HIDRAULICO, CAPACIDADE MAXIMA DE CARGA 14340 KG, MOMENTO MAXIMO DE CARGA 42,3 TM, ALCANCE MAXIMO HORIZONTAL 16,80 M, PARA MONTAGEM SOBRE CHASSI DE CAMINHAO PBT MINIMO 23000 KG (INCLUI MONTAGEM, NAO INCLUI CAMINHAO)	122332	37775	both	38
HASTE ANCORA EM ACO GALVANIZADO, DIMENSOES 16 MM X 2000 MM	122337	7569	both	-1
"HASTE DE ATERRAMENTO EM ACO GALVANIZADO TIPO CANTONEIRA COM 2,00 M DE COMPRIMENTO, 25 X 25 MM E CHAPA DE 3/16"""	122339	11991	both	-1
"HASTE PARA PERFURATRIZ DE ESTEIRA T38, D= 1 1/2"" X *3 M*, PARA PROLONGAR BROCA"	152375	44305	both	17
"HASTE RETA PARA GANCHO DE FERRO GALVANIZADO, COM ROSCA 5/16"" X 35 CM PARA FIXACAO DE TELHA DE FIBROCIMENTO, INCLUI PORCA E ARRUELAS DE VEDACAO"	122343	4313	both	-1
"HASTE RETA PARA GANCHO DE FERRO GALVANIZADO, COM ROSCA 5/16"" X 40 CM PARA FIXACAO DE TELHA DE FIBROCIMENTO, INCLUI PORCA SEXTAVADA DE ZINCO"	122344	4317	both	-1
"HASTE RETA PARA GANCHO DE FERRO GALVANIZADO, COM ROSCA 5/16"" X 45 CM PARA FIXACAO DE TELHA DE FIBROCIMENTO, INCLUI PORCA E ARRUELAS DE VEDACAO"	122345	4314	both	-1
HIDRANTE DE COLUNA COMPLETO, EM FERRO FUNDIDO, DN = 100 MM, COM REGISTRO, CUNHA DE BORRACHA, CURVA DESSIMETRICA, EXTREMIDADE E TAMPAS (INCLUI KIT FIXACAO)	122346	10921	both	14
HIDRANTE DE COLUNA COMPLETO, EM FERRO FUNDIDO, DN = 75 MM, COM REGISTRO, CUNHA DE BORRACHA, CURVA DESSIMETRICA, EXTREMIDADE E TAMPAS (INCLUI KIT FIXACAO)	122347	10922	both	14
HIDRANTE SUBTERRANEO, EM FERRO FUNDIDO, COM CURVA CURTA E CAIXA, DN 75 MM	122348	10923	both	14
HIDRANTE SUBTERRANEO, EM FERRO FUNDIDO, COM CURVA LONGA E CAIXA, DN 75 MM	122349	10924	both	14
"HIDROMETRO MULTIJATO / MEDIDOR DE AGUA, DN 1 1/2"", VAZAO MAXIMA DE 20 M3/H, PARA AGUA POTAVEL FRIA, RELOJOARIA PLANA, CLASSE B, HORIZONTAL (SEM CONEXOES)"	122352	12772	both	29
"HIDROMETRO MULTIJATO / MEDIDOR DE AGUA, DN 1"", VAZAO MAXIMA DE 10 M3/H, PARA AGUA POTAVEL FRIA, RELOJOARIA PLANA, CLASSE B, HORIZONTAL (SEM CONEXOES)"	122353	12770	both	29
"HIDROMETRO MULTIJATO / MEDIDOR DE AGUA, DN 1"", VAZAO MAXIMA DE 7 M3/H, PARA AGUA POTAVEL FRIA, RELOJOARIA PLANA, CLASSE B, HORIZONTAL (SEM CONEXOES)"	122354	12775	both	29
"HIDROMETRO MULTIJATO / MEDIDOR DE AGUA, DN 2"", VAZAO MAXIMA DE 30 M3/H, PARA AGUA POTAVEL FRIA, RELOJOARIA PLANA, CLASSE B, HORIZONTAL (SEM CONEXOES)"	122355	12768	both	29
"HIDROMETRO UNIJATO / MEDIDOR DE AGUA, DN 1/2"", VAZAO MAXIMA DE 1,5 M3/H, PARA AGUA POTAVEL FRIA, RELOJOARIA PLANA, CLASSE B, HORIZONTAL (SEM CONEXOES)"	122356	12769	both	29
"HIDROMETRO UNIJATO / MEDIDOR DE AGUA, DN 1/2"", VAZAO MAXIMA DE 3 M3/H, PARA AGUA POTAVEL FRIA, RELOJOARIA PLANA, CLASSE B, HORIZONTAL (SEM CONEXOES)"	122357	12773	both	29
"HIDROMETRO UNIJATO / MEDIDOR DE AGUA, DN 3/4"", VAZAO MAXIMA DE 5 M3/H, PARA AGUA POTAVEL FRIA, RELOJOARIA PLANA, CLASSE B, HORIZONTAL (SEM CONEXOES)0,"	122358	12774	both	29
IMPERMEABILIZADOR (MENSALISTA)	122365	41076	both	0
IMPERMEABILIZANTE FLEXIVEL BRANCO DE BASE ACRILICA PARA COBERTURAS	122366	140	both	4
IMUNIZANTE PARA MADEIRA, INCOLOR	122368	7340	both	0
INSTALADOR DE TUBULACOES (TUBOS/EQUIPAMENTOS) (MENSALISTA)	122370	40929	both	-1
"INTERRUPTOR BIPOLAR 10A, 250V, CONJUNTO MONTADO PARA EMBUTIR 4"" X 2"" (PLACA + SUPORTE + MODULO)"	122372	38064	both	39
INTERRUPTOR BIPOLAR SIMPLES 10 A, 250 V (APENAS MODULO)	122371	38114	both	39
INTERRUPTOR INTERMEDIARIO 10 A, 250 V (APENAS MODULO)	122373	38115	both	39
"INTERRUPTOR INTERMEDIARIO 10A, 250V, CONJUNTO MONTADO PARA EMBUTIR 4"" X 2"" (PLACA + SUPORTE + MODULO)"	122374	38065	both	39
"INTERRUPTOR PARALELO + TOMADA 2P+T 10A, 250V, CONJUNTO MONTADO PARA EMBUTIR 4"" X 2"" (PLACA + SUPORTE + MODULOS)"	122375	38078	both	39
INTERRUPTOR PARALELO 10A, 250V (APENAS MODULO)	122376	38113	both	39
"INTERRUPTOR PARALELO 10A, 250V, CONJUNTO MONTADO PARA EMBUTIR 4"" X 2"" (PLACA + SUPORTE + MODULO)"	122377	38063	both	39
"INTERRUPTOR SIMPLES + 2 INTERRUPTORES PARALELOS 10A, 250V, CONJUNTO MONTADO PARA EMBUTIR 4"" X 2"" (PLACA + SUPORTE + MODULOS)"	122381	38073	both	39
"INTERRUPTOR SIMPLES + INTERRUPTOR PARALELO + TOMADA 2P+T 10A, 250V, CONJUNTO MONTADO PARA EMBUTIR 4"" X 2"" (PLACA + SUPORTE + MODULOS)"	122378	38080	both	39
"INTERRUPTOR SIMPLES + INTERRUPTOR PARALELO 10A, 250V, CONJUNTO MONTADO PARA EMBUTIR 4"" X 2"" (PLACA + SUPORTE + MODULOS)"	122379	38069	both	39
"INTERRUPTOR SIMPLES + TOMADA 2P+T 10A, 250V, CONJUNTO MONTADO PARA EMBUTIR 4"" X 2"" (PLACA + SUPORTE + MODULOS)"	122380	38077	both	39
INTERRUPTOR SIMPLES 10A, 250V (APENAS MODULO)	122382	38112	both	39
"INTERRUPTOR SIMPLES 10A, 250V, CONJUNTO MONTADO PARA EMBUTIR 4"" X 2"" (PLACA + SUPORTE + MODULO)"	122383	38062	both	39
"INTERRUPTOR SIMPLES 10A, 250V, CONJUNTO MONTADO PARA SOBREPOR 4"" X 2"" (CAIXA + 2 MODULOS)"	122385	12129	both	39
"INTERRUPTOR SIMPLES 10A, 250V, CONJUNTO MONTADO PARA SOBREPOR 4"" X 2"" (CAIXA + MODULO)"	122384	12128	both	39
"INTERRUPTORES PARALELOS (2 MODULOS) + TOMADA 2P+T 10A, 250V, CONJUNTO MONTADO PARA EMBUTIR 4"" X 2"" (PLACA + SUPORTE + MODULOS)"	122386	38081	both	39
"INTERRUPTORES PARALELOS (2 MODULOS) 10A, 250V, CONJUNTO MONTADO PARA EMBUTIR 4"" X 2"" (PLACA + SUPORTE + MODULOS)"	122387	38070	both	39
"INTERRUPTORES PARALELOS (3 MODULOS) 10A, 250V, CONJUNTO MONTADO PARA EMBUTIR 4"" X 2"" (PLACA + SUPORTE + MODULO)"	122388	38074	both	39
"INTERRUPTORES SIMPLES (2 MODULOS) + 1 INTERRUPTOR PARALELO 10A, 250V, CONJUNTO MONTADO PARA EMBUTIR 4"" X 2"" (PLACA + SUPORTE + MODULOS)"	122390	38072	both	39
"INTERRUPTORES SIMPLES (2 MODULOS) + TOMADA 2P+T 10A, 250V, CONJUNTO MONTADO PARA EMBUTIR 4"" X 2"" (PLACA + SUPORTE + MODULOS)"	122389	38079	both	39
"INTERRUPTORES SIMPLES (2 MODULOS) 10A, 250V, CONJUNTO MONTADO PARA EMBUTIR 4"" X 2"" (PLACA + SUPORTE + MODULOS)"	122391	38068	both	39
"INTERRUPTORES SIMPLES (3 MODULOS) 10A, 250V, CONJUNTO MONTADO PARA EMBUTIR 4"" X 2"" (PLACA + SUPORTE + MODULOS)"	122392	38071	both	39
INVERSOR DE SOLDA MONOFASICO DE 160 A, POTENCIA DE *7000* W, TENSAO DE 220 V, TURBO VENTILADO, PROTECAO POR TERMOSTATO, PARA ELETRODOS DE *2,0 A 4,0* MM	152376	45279	both	14
ISOLADOR DE PORCELANA SUSPENSO, DISCO TIPO GARFO OLHAL, DIAMETRO DE 152 MM, PARA TENSAO DE *15* KV	122394	3405	both	71
ISOLADOR DE PORCELANA, TIPO BUCHA, PARA TENSAO DE *15* KV	122395	3394	both	71
ISOLADOR DE PORCELANA, TIPO BUCHA, PARA TENSAO DE *35* KV	122396	3393	both	71
ISOLADOR DE PORCELANA, TIPO PINO MONOCORPO, PARA TENSAO DE *15* KV	122397	3406	both	71
ISOLADOR DE PORCELANA, TIPO PINO MONOCORPO, PARA TENSAO DE *35* KV	122398	3395	both	71
ISOLADOR DE PORCELANA, TIPO ROLDANA, DIMENSOES DE *72* X *72* MM, PARA USO EM BAIXA TENSAO	122399	3398	both	-1
JANELA BASCULANTE EM MADEIRA PINUS/ EUCALIPTO/ TAUARI/ VIROLA OU EQUIVALENTE DA REGIAO, *60 X 60*, CAIXA DO BATENTE/ MARCO E = *10* CM, 2 BASCULAS PARA VIDRO, COM FERRAGENS (SEM VIDRO, SEM GUARNICAO/ALIZAR E SEM ACABAMENTO)	122401	40662	both	-1
JANELA BASCULANTE EM MADEIRA PINUS/ EUCALIPTO/ TAUARI/ VIROLA OU EQUIVALENTE DA REGIAO, CAIXA DO BATENTE/ MARCO *10* CM, *2* FOLHAS BASCULANTES PARA VIDRO, COM FERRAGENS (SEM VIDRO, SEM GUARNICAO/ALIZAR E SEM ACABAMENTO)	122402	3437	both	-1
JANELA BASCULANTE, ACO, COM BATENTE/REQUADRO, 60 X 60 CM (SEM VIDROS)	122403	11190	both	22
JANELA DE 6 FOLHAS DE CORRER EM MADEIRA CEDRINHO/ ANGELIM COMERCIAL/ CURUPIXA/ CUMARU OU EQUIVALENTE DA REGIAO, CAIXA DO BATENTE/MARCO *10* CM, 2 FOLHAS DE CORRER VENEZIANA, 2 FOLHAS FIXAS VENEZIANA E 2 FOLHAS DE CORRER PARA VIDRO, COM FERRAGENS (SEM VIDRO, SEM ACABAMENTO E SEM GUARNICAO/ALIZAR)	122413	40659	both	-1
JANELA DE 6 FOLHAS DE CORRER EM MADEIRA IMBUIA/CEDRO ARANA/CEDRO ROSA OU EQUIVALENTE DA REGIAO, CAIXA DO BATENTE/MARCO *10* CM, 2 FOLHAS DE CORRER VENEZIANA, 2 FOLHAS FIXAS VENEZIANA E 2 FOLHAS DE CORRER PARA VIDRO, COM FERRAGENS (SEM VIDRO, SEM ACABAMENTO E SEM GUARNICAO/ALIZAR)	122414	40660	both	-1
JANELA DE 6 FOLHAS DE CORRER EM MADEIRA PINUS/ EUCALIPTO/ TAUARI/ VIROLA OU EQUIVALENTE DA REGIAO, CAIXA DO BATENTE/MARCO *10* CM, 2 FOLHAS DE CORRER VENEZIANA, 2 FOLHAS FIXAS VENEZIANA E 2 FOLHAS DE CORRER PARA VIDRO, COM FERRAGENS (SEM VIDRO, SEM ACABAMENTO E SEM GUARNICAO/ALIZAR)	122415	40661	both	-1
JANELA DE ABRIR EM MADEIRA IMBUIA/CEDRO ARANA/CEDRO ROSA OU EQUIVALENTE DA REGIAO, CAIXA DO BATENTE/MARCO *10* CM, 2 FOLHAS DE ABRIR TIPO VENEZIANA E 2 FOLHAS DE ABRIR PARA VIDRO, COM GUARNICAO/ALIZAR, COM FERRAGENS, (SEM VIDRO E SEM ACABAMENTO)	122404	3428	both	-1
JANELA EM MADEIRA CEDRINHO/ ANGELIM COMERCIAL/ CURUPIXA/ CUMARU OU EQUIVALENTE DA REGIAO, CAIXA DO BATENTE/MARCO *10* CM, 2 FOLHAS DE ABRIR TIPO VENEZIANA E 2 FOLHAS GUILHOTINA PARA VIDRO, COM GUARNICAO/ALIZAR, COM FERRAGENS (SEM VIDRO E SEM ACABAMENTO)	122416	3421	both	-1
JARDINEIRO (MENSALISTA)	122422	41077	both	0
JOELHO CPVC, SOLDAVEL, 45 GRAUS, 15 MM, PARA AGUA QUENTE	122424	37963	both	11
JOELHO CPVC, SOLDAVEL, 45 GRAUS, 22 MM, PARA AGUA QUENTE	122425	37964	both	11
JOELHO CPVC, SOLDAVEL, 45 GRAUS, 28 MM, PARA AGUA QUENTE	122426	37965	both	11
JOELHO CPVC, SOLDAVEL, 45 GRAUS, 35 MM, PARA AGUA QUENTE	122427	37966	both	11
JOELHO CPVC, SOLDAVEL, 45 GRAUS, 42 MM, PARA AGUA QUENTE	122428	37967	both	11
JOELHO CPVC, SOLDAVEL, 45 GRAUS, 54 MM, PARA AGUA QUENTE	122429	37968	both	11
JOELHO CPVC, SOLDAVEL, 45 GRAUS, 73 MM, PARA AGUA QUENTE	122430	37969	both	11
JOELHO CPVC, SOLDAVEL, 45 GRAUS, 89 MM, PARA AGUA QUENTE	122431	37970	both	11
JOELHO CPVC, SOLDAVEL, 90 GRAUS, 15 MM, PARA AGUA QUENTE	122432	21118	both	11
JOELHO CPVC, SOLDAVEL, 90 GRAUS, 22 MM, PARA AGUA QUENTE	122433	37956	both	11
JOELHO CPVC, SOLDAVEL, 90 GRAUS, 28 MM, PARA AGUA QUENTE	122434	37957	both	11
JOELHO CPVC, SOLDAVEL, 90 GRAUS, 35 MM, PARA AGUA QUENTE	122435	37958	both	11
JOELHO CPVC, SOLDAVEL, 90 GRAUS, 42 MM, PARA AGUA QUENTE	122436	37959	both	11
JOELHO CPVC, SOLDAVEL, 90 GRAUS, 54 MM, PARA AGUA QUENTE	122437	37960	both	11
JOELHO CPVC, SOLDAVEL, 90 GRAUS, 73 MM, PARA AGUA QUENTE	122438	37961	both	11
JOELHO CPVC, SOLDAVEL, 90 GRAUS, 89 MM, PARA AGUA QUENTE	122439	37962	both	11
"JOELHO DE TRANSICAO, CPVC, SOLDAVEL, 90 GRAUS, 15 MM X 1/2"", PARA AGUA QUENTE"	122445	38429	both	11
"JOELHO DE TRANSICAO, CPVC, SOLDAVEL, 90 GRAUS, 22 MM X 1/2"", PARA AGUA QUENTE"	122446	38431	both	11
"JOELHO DE TRANSICAO, CPVC, SOLDAVEL, 90 GRAUS, 22 MM X 3/4"", PARA AGUA QUENTE"	122447	38430	both	11
JOELHO PVC COM VISITA, 90 GRAUS, DN 100 X 50 MM, SERIE NORMAL, PARA ESGOTO PREDIAL	122460	10836	both	36
JOELHO PVC, COM BOLSA E ANEL, 90 GRAUS, DN 40 X *38* MM, SERIE NORMAL, PARA ESGOTO PREDIAL	122467	10835	both	79
JOELHO PVC, SOLDAVEL, BB, 45 GRAUS, DN 40 MM, PARA ESGOTO PREDIAL	122474	3516	both	79
"JOELHO PVC, SOLDAVEL, COM BUCHA DE LATAO, 90 GRAUS, 20 MM X 1/2"", PARA AGUA FRIA PREDIAL"	122476	3515	both	-1
"JOELHO PVC, SOLDAVEL, COM BUCHA DE LATAO, 90 GRAUS, 25 MM X 1/2"", PARA AGUA FRIA PREDIAL"	122477	20147	both	52
"JOELHO PVC, SOLDAVEL, COM BUCHA DE LATAO, 90 GRAUS, 25 MM X 3/4"", PARA AGUA FRIA PREDIAL"	122478	3524	both	-1
"JOELHO PVC, SOLDAVEL, COM BUCHA DE LATAO, 90 GRAUS, 32 MM X 3/4"", PARA AGUA FRIA PREDIAL"	122479	3532	both	-1
JOELHO PVC, SOLDAVEL, PB, 45 GRAUS, DN 100 MM, PARA ESGOTO PREDIAL	122480	3528	both	79
JOELHO PVC, SOLDAVEL, PB, 45 GRAUS, DN 150 MM, PARA ESGOTO PREDIAL	122481	37952	both	79
JOELHO PVC, SOLDAVEL, PB, 45 GRAUS, DN 40 MM, PARA ESGOTO PREDIAL	122482	37951	both	79
JOELHO PVC, SOLDAVEL, PB, 45 GRAUS, DN 50 MM, PARA ESGOTO PREDIAL	122483	3518	both	79
JOELHO PVC, SOLDAVEL, PB, 45 GRAUS, DN 75 MM, PARA ESGOTO PREDIAL	122484	3519	both	79
JOELHO PVC, SOLDAVEL, PB, 90 GRAUS, DN 100 MM, PARA ESGOTO PREDIAL	122485	3520	both	79
JOELHO PVC, SOLDAVEL, PB, 90 GRAUS, DN 150 MM, PARA ESGOTO PREDIAL	122486	37950	both	79
JOELHO PVC, SOLDAVEL, PB, 90 GRAUS, DN 40 MM, PARA ESGOTO PREDIAL	122487	37949	both	79
JOELHO PVC, SOLDAVEL, PB, 90 GRAUS, DN 50 MM, PARA ESGOTO PREDIAL	122488	3526	both	79
JOELHO PVC, SOLDAVEL, PB, 90 GRAUS, DN 75 MM, PARA ESGOTO PREDIAL	122489	3509	both	79
JOGO DE CHAVES ALLEN LONGAS HEXAGONAIS DE 1,5 MM A 10 MM - 9 PECAS	152336	45198	both	74
JOGO DE CHAVES DE FENDA E PHILLIPS ISOLADAS, 1000 V - *6* PECAS	152337	45196	both	-1
JOGO DE TRANQUETA E ROSETA QUADRADA DE SOBREPOR SEM FUROS, EM LATAO CROMADO, *50 X 50* MM, PARA FECHADURA DE PORTA DE BANHEIRO	122569	12032	both	51
JOGO DE TRANQUETA E ROSETA REDONDA DE SOBREPOR SEM FUROS, EM LATAO CROMADO, DIAMETRO *50* MM, PARA FECHADURA DE PORTA DE BANHEIRO	122570	12030	both	6
JOGO SERRA COPO COM 6 SERRAS, DIAMETRO VARIANDO DE 15 MM A 60 MM	152338	45207	both	-1
JUNCAO 2 GARRAS PARA FITA PERFURADA	122598	14157	both	94
JUNCAO DE REDUCAO INVERTIDA, PVC SOLDAVEL, 100 X 50 MM, SERIE NORMAL PARA ESGOTO PREDIAL	122571	10908	both	36
JUNCAO DE REDUCAO INVERTIDA, PVC SOLDAVEL, 100 X 75 MM, SERIE NORMAL PARA ESGOTO PREDIAL	122572	10909	both	36
JUNCAO DE REDUCAO INVERTIDA, PVC SOLDAVEL, 75 X 50 MM, SERIE NORMAL PARA ESGOTO PREDIAL	122573	3669	both	36
JUNCAO INVERTIDA, PVC SOLDAVEL, 75 X 75 MM, SERIE NORMAL PARA ESGOTO PREDIAL	122578	10911	both	36
JUNCAO SIMPLES, PVC, 45 GRAUS, DN 100 X 100 MM, SERIE NORMAL PARA ESGOTO PREDIAL	122596	3670	both	36
JUNCAO SIMPLES, PVC, 45 GRAUS, DN 40 X 40 MM, SERIE NORMAL PARA ESGOTO PREDIAL	122597	3666	both	36
JUNTA DILATACAO ELASTICA PARA CONCRETO (FUGENBAND) O-12, ATE 5 MCA	122611	3674	both	-1
JUNTA DILATACAO ELASTICA PARA CONCRETO (FUGENBAND) O-22, ATE 30 MCA	122612	3681	both	-1
JUNTA DILATACAO ELASTICA PARA CONCRETO (FUGENBAND) O-35/10, ATE 100 MCA	122613	3676	both	-1
JUNTA DILATACAO ELASTICA PARA CONCRETO (FUGENBAND) O-35/6, ATE 100 MCA	122614	3679	both	-1
JUNTA PLASTICA DE DILATACAO PARA PISOS, COR CINZA, 10 X 4,5 MM (ALTURA X ESPESSURA)	122615	3672	both	108
JUNTA PLASTICA DE DILATACAO PARA PISOS, COR CINZA, 17 X 3 MM (ALTURA X ESPESSURA)	122616	3671	both	-1
JUNTA PLASTICA DE DILATACAO PARA PISOS, COR CINZA, 27 X 3 MM (ALTURA X ESPESSURA)	122617	3673	both	-1
KIT ACESSORIOS PARA COMPRESSOR DE AR, 5 PECAS (PISTOLAS PINTURA, LIMPEZA E PULVERIZACAO, CALIBRADOR E MANGUEIRA)	122618	38394	both	8
"KIT CAVALETE, PVC, COM REGISTRO, PARA HIDROMETRO, BITOLAS 1/2"" OU 3/4"" - COMPLETO"	122619	3729	both	4
KIT DE ACESSORIOS PARA BANHEIRO EM METAL CROMADO, 5 PECAS	122626	39398	both	25
KIT DE MATERIAIS PARA BRACADEIRA PARA FIXACAO EM POSTE CIRCULAR, CONTEM TRES FIXADORES E UM ROLO DE FITA DE 3 M EM ACO CARBONO	122627	13343	both	-1
KIT DE PROTECAO ARSTOP PARA AR CONDICIONADO, TOMADA PADRAO 2P+T 20 A, COM DISJUNTOR UNIPOLAR DIN 20A	122628	12118	both	15
KIT PORTA PRONTA DE MADEIRA, FOLHA LEVE (NBR 15930) DE 600 X 2100 MM OU 700 X 2100 MM, DE 35 MM A 40 MM DE ESPESSURA, COM MARCO EM ACO, NUCLEO COLMEIA, CAPA LISA EM HDF, ACABAMENTO MELAMINICO BRANCO (INCLUI MARCO, ALIZARES, DOBRADICAS E FECHADURA)	122629	39482	both	61
KIT PORTA PRONTA DE MADEIRA, FOLHA LEVE (NBR 15930) DE 600 X 2100 MM OU 700 X 2100 MM, DE 35 MM A 40 MM DE ESPESSURA, NUCLEO COLMEIA, ESTRUTURA USINADA PARA FECHADURA, CAPA LISA EM HDF, ACABAMENTO EM PRIMER PARA PINTURA (INCLUI MARCO, ALIZARES E DOBRADICAS)	122630	39486	both	61
KIT PORTA PRONTA DE MADEIRA, FOLHA LEVE (NBR 15930) DE 800 X 2100 MM, DE 35 MM A 40 MM DE ESPESSURA, COM MARCO EM ACO, NUCLEO COLMEIA, CAPA LISA EM HDF, ACABAMENTO MELAMINICO BRANCO (INCLUI MARCO, ALIZARES, DOBRADICAS E FECHADURA)	122631	39484	both	61
KIT PORTA PRONTA DE MADEIRA, FOLHA LEVE (NBR 15930) DE 800 X 2100 MM, DE 35 MM A 40 MM DE ESPESSURA, NUCLEO COLMEIA, ESTRUTURA USINADA PARA FECHADURA, CAPA LISA EM HDF, ACABAMENTO EM PRIMER PARA PINTURA (INCLUI MARCO, ALIZARES E DOBRADICAS)	122632	39488	both	61
KIT PORTA PRONTA DE MADEIRA, FOLHA LEVE (NBR 15930) DE 900 X 2100 MM, DE 35 MM A 40 MM DE ESPESSURA, COM MARCO EM ACO, NUCLEO COLMEIA, CAPA LISA EM HDF, ACABAMENTO MELAMINICO BRANCO (INCLUI MARCO, ALIZARES, DOBRADICAS E FECHADURA)	122633	39485	both	61
KIT PORTA PRONTA DE MADEIRA, FOLHA LEVE (NBR 15930) DE 900 X 2100 MM, DE 35 MM A 40 MM DE ESPESSURA, NUCLEO COLMEIA, ESTRUTURA USINADA PARA FECHADURA, CAPA LISA EM HDF, ACABAMENTO EM PRIMER PARA PINTURA (INCLUI MARCO, ALIZARES E DOBRADICAS)	122634	39489	both	61
KIT PORTA PRONTA DE MADEIRA, FOLHA MEDIA (NBR 15930) DE 600 X 2100 MM OU 700 X 2100 MM, DE 35 MM A 40 MM DE ESPESSURA, NUCLEO SEMI-SOLIDO (SARRAFEADO), ESTRUTURA USINADA PARA FECHADURA, CAPA LISA EM HDF, ACABAMENTO MELAMINICO BRANCO (INCLUI MARCO, ALIZARES E DOBRADICAS)	122635	39490	both	41
KIT PORTA PRONTA DE MADEIRA, FOLHA MEDIA (NBR 15930) DE 600 X 2100 MM, DE 35 MM A 40 MM DE ESPESSURA, NUCLEO SEMI-SOLIDO (SARRAFEADO), ESTRUTURA USINADA PARA FECHADURA, CAPA LISA EM HDF, ACABAMENTO EM PRIMER PARA PINTURA (INCLUI MARCO, ALIZARES E DOBRADICAS)	122636	39494	both	41
KIT PORTA PRONTA DE MADEIRA, FOLHA MEDIA (NBR 15930) DE 700 X 2100 MM, DE 35 MM A 40 MM DE ESPESSURA, NUCLEO SEMI-SOLIDO (SARRAFEADO), ESTRUTURA USINADA PARA FECHADURA, CAPA LISA EM HDF, ACABAMENTO EM PRIMER PARA PINTURA (INCLUI MARCO, ALIZARES E DOBRADICAS)	122637	39495	both	41
KIT PORTA PRONTA DE MADEIRA, FOLHA MEDIA (NBR 15930) DE 800 X 2100 MM, DE 35 MM A 40 MM DE ESPESSURA, NUCLEO SEMI-SOLIDO (SARRAFEADO), ESTRUTURA USINADA PARA FECHADURA, CAPA LISA EM HDF, ACABAMENTO EM PRIMER PARA PINTURA (INCLUI MARCO, ALIZARES E DOBRADICAS)	122638	39496	both	41
KIT PORTA PRONTA DE MADEIRA, FOLHA MEDIA (NBR 15930) DE 800 X 2100 MM, DE 35 MM A 40 MM DE ESPESSURA, NUCLEO SEMI-SOLIDO (SARRAFEADO), ESTRUTURA USINADA PARA FECHADURA, CAPA LISA EM HDF, ACABAMENTO MELAMINICO BRANCO (INCLUI MARCO, ALIZARES E DOBRADICAS)	122639	39492	both	41
KIT PORTA PRONTA DE MADEIRA, FOLHA MEDIA (NBR 15930) DE 900 X 2100 MM, DE 35 MM A 40 MM DE ESPESSURA, NUCLEO SEMI-SOLIDO (SARRAFEADO), ESTRUTURA USINADA PARA FECHADURA, CAPA LISA EM HDF, ACABAMENTO EM PRIMER PARA PINTURA (INCLUI MARCO, ALIZARES E DOBRADICAS)	122640	39497	both	41
KIT PORTA PRONTA DE MADEIRA, FOLHA MEDIA (NBR 15930) DE 900 X 2100 MM, DE 35 MM A 40 MM DE ESPESSURA, NUCLEO SEMI-SOLIDO (SARRAFEADO), ESTRUTURA USINADA PARA FECHADURA, CAPA LISA EM HDF, ACABAMENTO MELAMINICO BRANCO (INCLUI MARCO, ALIZARES E DOBRADICAS)	122641	39493	both	41
KIT PORTA PRONTA DE MADEIRA, FOLHA PESADA (NBR 15930) DE 800 X 2100 MM, DE 40 MM A 45 MM DE ESPESSURA, COM MARCO EM ACO, NUCLEO SOLIDO, CAPA LISA EM HDF, ACABAMENTO MELAMINICO BRANCO (INCLUI MARCO, ALIZARES, DOBRADICAS E FECHADURA)	122644	43628	both	61
KIT PORTA PRONTA DE MADEIRA, FOLHA PESADA (NBR 15930) DE 800 X 2100 MM, DE 40 MM A 45 MM DE ESPESSURA, NUCLEO SOLIDO, CAPA LISA EM HDF, ACABAMENTO MELAMINICO BRANCO (INCLUI MARCO, ALIZARES, DOBRADICAS E FECHADURA EXTERNA)	122642	39500	both	61
KIT PORTA PRONTA DE MADEIRA, FOLHA PESADA (NBR 15930) DE 900 X 2100 MM, DE 40 MM A 45 MM DE ESPESSURA, COM MARCO EM ACO, NUCLEO SOLIDO, CAPA LISA EM HDF, ACABAMENTO MELAMINICO BRANCO (INCLUI MARCO, ALIZARES, DOBRADICAS E FECHADURA)	122647	43621	both	61
KIT PORTA PRONTA DE MADEIRA, FOLHA PESADA (NBR 15930) DE 900 X 2100 MM, DE 40 MM A 45 MM DE ESPESSURA, NUCLEO SOLIDO, CAPA LISA EM HDF, ACABAMENTO MELAMINICO BRANCO (INCLUI MARCO, ALIZARES, DOBRADICAS E FECHADURA EXTERNA)	122645	39501	both	61
LADRILHO HIDRAULICO, *20 x 20* CM, E= 2 CM, PADRAO COPACABANA, 2 CORES (PRETO E BRANCO)	122648	3733	both	2
LAJE EM PAINEL TRELICADO L=25, COM ENCHIMENTO EM POLIESTIRENO EXPANDIDO (EPS) H13, PTN-20, TRELICA DE 16 CM, PARA PISO, UNIDIRECIONAL, SOBRECARGA DE 350 KGF/M2, VAO ATE 7,0 M, EXCLUSO CONCRETO (SEM COLOCACAO)	152233	45318	both	-1
LAJE EM PAINEL TRELICADO L=25, COM ENCHIMENTO EM POLIESTIRENO EXPANDIDO (EPS) H17, PTN-25, TRELICA DE 20 CM, PARA PISO, UNIDIRECIONAL, SOBRECARGA DE 350 KGF/M2, VAO ATE 8,0 M, EXCLUSO CONCRETO (SEM COLOCACAO)	152234	45319	both	-1
LAJE EM PAINEL TRELICADO L=25, COM ENCHIMENTO EM POLIESTIRENO EXPANDIDO (EPS) H22, PTN-30, TRELICA DE 25 CM, PARA PISO, UNIDIRECIONAL, SOBRECARGA DE 350 KGF/M2, VAO ATE 9,0 M, EXCLUSO CONCRETO (SEM COLOCACAO)	152235	45320	both	-1
LAJE EM PAINEL TRELICADO L=25, COM ENCHIMENTO EM POLIESTIRENO EXPANDIDO (EPS) H5, PTN-12, TRELICA DE 8 CM, PARA FORRO, UNIDIRECIONAL, SOBRECARGA DE 100 KGF/M2, VAO ATE 5,0 M, EXCLUSO CONCRETO (SEM COLOCACAO)	152236	45315	both	-1
LAJE EM PAINEL TRELICADO L=25, COM ENCHIMENTO EM POLIESTIRENO EXPANDIDO (EPS) H5, PTN-12, TRELICA DE 8 CM, PARA PISO, UNIDIRECIONAL, SOBRECARGA DE 350 KGF/M2, VAO ATE 4,5 M, EXCLUSO CONCRETO (SEM COLOCACAO)	152237	45316	both	-1
LAJE EM PAINEL TRELICADO L=25, COM ENCHIMENTO EM POLIESTIRENO EXPANDIDO (EPS) H9, PTN-*16*, TRELICA DE 12 CM, PARA PISO, UNIDIRECIONAL, SOBRECARGA DE 350 KGF/M2, VAO ATE 6,0 M, EXCLUSO CONCRETO (SEM COLOCACAO)	152238	45317	both	-1
LAJE EM PAINEL TRELICADO MACICO L=25 CM, PTM-*25*, COM TRELICA DE 20 CM, PARA PISO, UNIDIRECIONAL, SOBRECARGA DE 350 KGF/M2, VAO ATE 9,0 M, EXCLUSO CONCRETO (SEM COLOCACAO)	152239	45313	both	-1
LAJE EM PAINEL TRELICADO MACICO L=25 CM, PTM-*30*, COM TRELICA DE 25 CM, PARA PISO, UNIDIRECIONAL, SOBRECARGA DE 350 KGF/M2, VAO ATE 10,0 M, EXCLUSO CONCRETO (SEM COLOCACAO)	152240	45314	both	-1
LAJE EM PAINEL TRELICADO MACICO L=25 CM, PTM-12, COM TRELICA DE 8 CM, PARA FORRO, UNIDIRECIONAL, SOBRECARGA DE 100 KGF/M2, VAO ATE 6,0 M, EXCLUSO CONCRETO (SEM COLOCACAO)	152241	45309	both	-1
LAJE EM PAINEL TRELICADO MACICO L=25 CM, PTM-12, COM TRELICA DE 8 CM, PARA PISO, UNIDIRECIONAL, SOBRECARGA DE 350 KGF/M2, VAO ATE 5,0 M, EXCLUSO CONCRETO (SEM COLOCACAO)	152242	45310	both	-1
LAJE EM PAINEL TRELICADO MACICO L=25 CM, PTM-16, COM TRELICA DE 12 CM, PARA PISO, UNIDIRECIONAL, SOBRECARGA DE 350 KGF/M2, VAO ATE 6,0 M, EXCLUSO CONCRETO (SEM COLOCACAO)	152243	45311	both	-1
LAJE EM PAINEL TRELICADO MACICO L=25 CM, PTM-20, COM TRELICA DE 16 CM, PARA PISO, UNIDIRECIONAL, SOBRECARGA DE 350 KGF/M2, VAO ATE 8,0 M, EXCLUSO CONCRETO (SEM COLOCACAO)	152244	45312	both	-1
LAJE PRE-MOLDADA COM VIGOTA PROTENDIDA (LAJOTAS + VIGOTAS) COM LAJOTA CERAMICA 30 X 20 X 12 CM (L X C X A) E VIGOTA VPT 10 X 9 CM (L X A), PARA PISO, UNIDIRECIONAL, SOBRECARGA DE 350 KGF/M2, VAO ATE 5,5 M (SEM COLOCACAO)	152245	43342	both	77
LAJE PRE-MOLDADA COM VIGOTA PROTENDIDA (LAJOTAS + VIGOTAS) COM LAJOTA CERAMICA 30 X 20 X 16 CM (L X C X A) E VIGOTA VPT 10 X 9 CM (L X A), PARA PISO, UNIDIRECIONAL, SOBRECARGA DE 350 KGF/M2, VAO ATE 6 M (SEM COLOCACAO)	152246	43343	both	77
LAJE PRE-MOLDADA COM VIGOTA PROTENDIDA (LAJOTAS + VIGOTAS) COM LAJOTA CERAMICA 30 X 20 X 20 CM (L X C X A) E VIGOTA VPT 10 X 9 CM (L X A), PARA PISO, UNIDIRECIONAL, SOBRECARGA DE 350 KGF/M2, VAO ATE 6,5 M (SEM COLOCACAO)	152247	43344	both	77
LAJE PRE-MOLDADA COM VIGOTA PROTENDIDA (LAJOTAS + VIGOTAS) COM LAJOTA CERAMICA 30 X 20 X 24 CM (L X C X A) E VIGOTA VPT 10 X 9 CM (L X A), PARA PISO, UNIDIRECIONAL, SOBRECARGA DE 350 KGF/M2, VAO ATE 7 M (SEM COLOCACAO)	152248	45307	both	77
LAJE PRE-MOLDADA COM VIGOTA PROTENDIDA (LAJOTAS + VIGOTAS) COM LAJOTA CERAMICA 30 X 20 X 8 CM (L X C X A) E VIGOTA VPT 10 X 9 CM (L X A), PARA PISO, UNIDIRECIONAL, SOBRECARGA DE 350 KGF/M2, VAO ATE 4,5 M (SEM COLOCACAO)	152249	43345	both	77
LAJE PRE-MOLDADA COM VIGOTA PROTENDIDA (LAJOTAS + VIGOTAS) COM LAJOTA EM POLIESTIRENO EXPANDIDO (EPS), H12, *33* X 100 X 12 CM (L X C X A) E VIGOTA VPT 10 X 9 CM (L X A), PARA PISO, UNIDIRECIONAL, SOBRECARGA DE 350 KGF/M2, VAO ATE 5,5 M (SEM COLOCACAO)	152250	43346	both	77
LAJE PRE-MOLDADA COM VIGOTA PROTENDIDA (LAJOTAS + VIGOTAS) COM LAJOTA EM POLIESTIRENO EXPANDIDO (EPS), H16, *33* X 100 X 16 CM (L X C X A) E VIGOTA VPT 10 X 9 CM (L X A), PARA PISO, UNIDIRECIONAL, SOBRECARGA DE 350 KGF/M2, VAO ATE 6,5 M (SEM COLOCACAO)	152251	43347	both	77
LAJE PRE-MOLDADA COM VIGOTA PROTENDIDA (LAJOTAS + VIGOTAS) COM LAJOTA EM POLIESTIRENO EXPANDIDO (EPS), H20, *33* X 100 X 20 CM (L X C X A) E VIGOTA VPT 10 X 9 CM (L X A), PARA PISO, UNIDIRECIONAL, SOBRECARGA DE 350 KGF/M2, VAO ATE 7 M (SEM COLOCACAO)	152252	43348	both	77
LAJE PRE-MOLDADA COM VIGOTA PROTENDIDA (LAJOTAS + VIGOTAS) COM LAJOTA EM POLIESTIRENO EXPANDIDO (EPS), H25, *33* X 100 X 25 CM (L X C X A) E VIGOTA VPT 10 X 9 CM (L X A), PARA PISO, UNIDIRECIONAL, SOBRECARGA DE 350 KGF/M2, VAO ATE 8 M (SEM COLOCACAO)	152253	45308	both	77
LAJE PRE-MOLDADA COM VIGOTA PROTENDIDA (LAJOTAS + VIGOTAS) COM LAJOTA EM POLIESTIRENO EXPANDIDO (EPS), H8, *33* X 100 X 8 CM (L X C X A) E VIGOTA VPT 10 X 9 CM (L X A), PARA PISO, UNIDIRECIONAL, SOBRECARGA DE 350 KGF/M2, VAO ATE 4,5 M (SEM COLOCACAO)	152254	43349	both	77
LAJE PRE-MOLDADA TRELICADA (LAJOTAS + VIGOTAS) COM LAJOTA CERAMICA *30* X 20 X *8* CM (L X C X A) E VIGOTA VTR *12* X 8 CM (L X A), PARA PISO, UNIDIRECIONAL, SOBRECARGA DE 350 KGF/M2, VAO ATE 4 M (SEM COLOCACAO)	152255	43353	both	77
LAJE PRE-MOLDADA TRELICADA (LAJOTAS + VIGOTAS) COM LAJOTA CERAMICA *30* X 20 X 12 CM (L X C X A) E VIGOTA VTR *12* X 12 CM (L X A), PARA PISO, UNIDIRECIONAL, SOBRECARGA DE 350 KGF/M2, VAO ATE 5 M (SEM COLOCACAO)	152256	43350	both	77
LAJE PRE-MOLDADA TRELICADA (LAJOTAS + VIGOTAS) COM LAJOTA CERAMICA *30* X 20 X 16 CM (L X C X A) E VIGOTA VTR *12* X 16 CM (L X A), PARA PISO, UNIDIRECIONAL, SOBRECARGA DE 350 KGF/M2, VAO ATE 6 M (SEM COLOCACAO)	152257	43351	both	77
LAJE PRE-MOLDADA TRELICADA (LAJOTAS + VIGOTAS) COM LAJOTA CERAMICA *30* X 20 X 20 CM (L X C X A) E VIGOTA VTR *12* X 20 CM (L X A), PARA PISO, UNIDIRECIONAL, SOBRECARGA DE 350 KGF/M2, VAO ATE 7 M (SEM COLOCACAO)	152258	43352	both	77
LAJE PRE-MOLDADA TRELICADA (LAJOTAS + VIGOTAS) COM LAJOTA CERAMICA *30* X 20 X 24 CM (L X C X A) E VIGOTA VTR *12* X 25 CM (L X A), PARA PISO, UNIDIRECIONAL, SOBRECARGA DE 350 KGF/M2, VAO ATE 8 M (SEM COLOCACAO)	152259	45306	both	77
LAJE PRE-MOLDADA TRELICADA (LAJOTAS + VIGOTAS) COM LAJOTA EM POLIESTIRENO EXPANDIDO (EPS), *H8*, *33* X 100 X 8 CM (L X C X A) E VIGOTA VTR *12* X 8 CM (L X A), PARA PISO, UNIDIRECIONAL, SOBRECARGA DE 250 KGF/M2, VAO ATE 4 M (SEM COLOCACAO)	152264	43357	both	77
LAJE PRE-MOLDADA TRELICADA (LAJOTAS + VIGOTAS) COM LAJOTA EM POLIESTIRENO EXPANDIDO (EPS), H12, *33* X 100 X 12 CM (L X C X A) E VIGOTA VTR *12* X 12 CM (L X A), PARA PISO, UNIDIRECIONAL, SOBRECARGA DE 350 KGF/M2, VAO ATE 5,5 M (SEM COLOCACAO)	152260	44379	both	77
LAJE PRE-MOLDADA TRELICADA (LAJOTAS + VIGOTAS) COM LAJOTA EM POLIESTIRENO EXPANDIDO (EPS), H16, *33* X 100 X 16 CM (L X C X A) E VIGOTA VTR *12* X 16 CM (L X A), PARA PISO, UNIDIRECIONAL, SOBRECARGA DE 350 KGF/M2, VAO ATE 6,5 M (SEM COLOCACAO)	152261	43355	both	77
LAJE PRE-MOLDADA TRELICADA (LAJOTAS + VIGOTAS) COM LAJOTA EM POLIESTIRENO EXPANDIDO (EPS), H20, *33* X 100 X 20 CM (L X C X A) E VIGOTA VTR *12* X 20 CM (L X A), PARA PISO, UNIDIRECIONAL, SOBRECARGA DE 350 KGF/M2, VAO ATE 8 M (SEM COLOCACAO)	152262	43356	both	77
LAJE PRE-MOLDADA TRELICADA (LAJOTAS + VIGOTAS) COM LAJOTA EM POLIESTIRENO EXPANDIDO (EPS), H25,*33* X 100 X 25 CM (L X C X A) E VIGOTA VTR *12* X 25 CM (L X A), PARA PISO, UNIDIRECIONAL, SOBRECARGA DE 350 KGF/M2, VAO ATE 9 M (SEM COLOCACAO)	152263	45305	both	77
LAJE PRE-MOLDADA TRELICADA (LAJOTAS + VIGOTAS) PARA FORRO, UNIDIRECIONAL, SOBRECARGA DE 100 KG/M2, VAO ATE 6,00 M (SEM COLOCACAO)	122664	3742	both	98
LAMPADA LED 10 W BIVOLT BRANCA, FORMATO TRADICIONAL (BASE E27)	122683	38194	both	16
LAMPADA LED 6 W BIVOLT BRANCA, FORMATO TRADICIONAL (BASE E27)	122684	38193	both	16
LAMPADA LED TIPO DICROICA BIVOLT, LUZ BRANCA, 5 W (BASE GU10)	122680	39388	both	16
LAMPADA LED TUBULAR BIVOLT 18/20 W, BASE G13	122681	39387	both	16
LAMPADA LED TUBULAR BIVOLT 9/10 W, BASE G13	122682	39386	both	16
LAPIS PARA CARPINTEIRO	152377	45229	both	0
LAVADORA DE ALTA PRESSAO (LAVA - JATO) PARA AGUA FRIA, PRESSAO DE OPERACAO ENTRE 1400 E 1900 LIB/POL2, VAZAO MAXIMA ENTRE 400 E 700 L/H, POTENCIA DE OPERACAO ENTRE 2,50 E 3,00 CV	122693	746	both	10
LAVATORIO / CUBA DE EMBUTIR, OVAL, DE LOUCA BRANCA, SEM LADRAO, DIMENSOES *50 X 35* CM (L X C)	122694	20269	both	8
LAVATORIO / CUBA DE EMBUTIR, OVAL, DE LOUCA COLORIDA, SEM LADRAO, DIMENSOES *50 X 35* CM (L X C)	122695	20270	both	8
LAVATORIO / CUBA DE SOBREPOR, OVAL PEQUENA, DE LOUCA BRANCA, SEM LADRAO, DIMENSOES *44 X 31* CM (L X C)	122696	11696	both	8
LAVATORIO / CUBA DE SOBREPOR, RETANGULAR, DE LOUCA BRANCA, COM LADRAO, DIMENSOES *52 X 45* CM (L X C)	122697	10427	both	8
LAVATORIO / CUBA DE SOBREPOR, RETANGULAR, DE LOUCA COLORIDA, COM LADRAO, DIMENSOES *52 X 45* CM (L X C)	122698	10428	both	8
LAVATORIO DE CANTO DE LOUCA BRANCA, SUSPENSO (SEM COLUNA), DIMENSOES *40 X 30* CM (L X C)	122699	36521	both	8
LAVATORIO DE LOUCA BRANCA, COM COLUNA, DIMENSOES *44 X 35* CM (L X C)	122700	36794	both	8
LAVATORIO DE LOUCA BRANCA, COM COLUNA, DIMENSOES *54 X 44* CM (L X C)	122701	10426	both	8
LAVATORIO DE LOUCA BRANCA, SUSPENSO (SEM COLUNA), DIMENSOES *40 X 30* CM	122702	10425	both	8
LAVATORIO DE LOUCA COLORIDA, COM COLUNA, DIMENSOES *54 X 44* CM (L X C)	122703	10431	both	8
LAVATORIO DE LOUCA COLORIDA, SUSPENSO (SEM COLUNA), DIMENSOES *40 X 30* CM (L X C)	122704	10429	both	8
LETRA ACO INOX (AISI 304), CHAPA NUM. 22, RECORTADO, H= 20 CM (SEM RELEVO)	122707	10853	both	8
LEVANTADOR DE JANELA GUILHOTINA, EM LATAO CROMADO	122708	5093	both	123
"LIMA QUADRADA BASTARDA 8"", COM CABO"	152339	45254	both	-1
"LIMA REDONDA BASTARDA 8"", COM CABO"	152340	45253	both	-1
LIMPADORA A SUCCAO, TANQUE 12000 L, BASCULAMENTO HIDRAULICO, BOMBA 12 M3/MIN 95% VACUO (INCLUI MONTAGEM, NAO INCLUI CAMINHAO)	122709	37768	both	109
LIXA EM FOLHA PARA FERRO, NUMERO 150	122715	3768	both	-1
LIXEIRA DUPLA, COM CAPACIDADE VOLUMETRICA DE 60L*, FABRICADA EM TUBO DE ACO CARBONO, CESTOS EM CHAPA DE ACO E PINTURA NO PROCESSO ELETROSTATICO - PARA ACADEMIA AO AR LIVRE / ACADEMIA DA TERCEIRA IDADE - ATI	122719	42440	both	-1
LOCACAO DE ANDAIME SUSPENSO OU BALANCIM MANUAL, CAPACIDADE DE CARGA TOTAL DE APROXIMADAMENTE 250 KG/M2, PLATAFORMA DE 1,50 M X 0,80 M (C X L), CABO DE 45 M	122722	41805	both	38
LOCACAO DE APRUMADOR METALICO DE PILAR, COM ALTURA E ANGULO REGULAVEIS, EXTENSAO DE *1,50* A *2,80* M	122723	40271	both	-1
"LOCACAO DE BARRA DE ANCORAGEM DE 0,80 A 1,20 M DE EXTENSAO, COM ROSCA DE 5/8"", INCLUINDO PORCA E FLANGE"	122724	40287	both	14
LOCACAO DE ESCORA METALICA TELESCOPICA, COM ALTURA REGULAVEL DE *1,80* A *3,20* M, COM CAPACIDADE DE CARGA DE NO MINIMO 1000 KGF (10 KN), INCLUSO TRIPE E FORCADO	122738	10749	both	-1
LOCACAO DE FORMA PLASTICA PARA LAJE NERVURADA, DIMENSOES *60* X *60* X *16* CM	122739	40290	both	2
LOCACAO DE GRUPO GERADOR *80 A 125* KVA, MOTOR DIESEL, REBOCAVEL, ACIONAMENTO MANUAL	122740	3346	both	7
LOCACAO DE GRUPO GERADOR ACIMA DE * 125 ATE 180* KVA, MOTOR DIESEL, REBOCAVEL, ACIONAMENTO MANUAL	122741	3348	both	7
LOCACAO DE GRUPO GERADOR DE *260* KVA, DIESEL REBOCAVEL, ACIONAMENTO MANUAL	122742	39833	both	-1
LOCACAO DE NIVEL OPTICO, COM PRECISAO DE 0,7 MM, AUMENTO DE 32X	122743	7252	both	-1
LOCACAO DE TEODOLITO ELETRONICO, PRECISAO ANGULAR DE 5 A 7 SEGUNDOS, INCLUINDO TRIPE	122748	7247	both	123
LOCACAO DE VIGA SANDUICHE METALICA VAZADA PARA TRAVAMENTO DE PILARES, ALTURA DE *8* CM, LARGURA DE *6* CM E EXTENSAO DE 2 M	122750	40275	both	-1
LONA PLASTICA EXTRA FORTE PRETA, E = 200 MICRA	122751	42408	both	17
LONA PLASTICA PESADA PRETA, E = 150 MICRA	122752	3777	both	17
LUMINARIA ABERTA P/ ILUMINACAO PUBLICA, TIPO X-57 PETERCO OU EQUIV	122753	3798	both	16
LUMINARIA ARANDELA TIPO MEIA-LUA COM VIDRO FOSCO *30 X 15* CM, PARA 1 LAMPADA, BASE E27, POTENCIA MAXIMA 40/60 W (NAO INCLUI LAMPADA)	122754	38769	both	106
LUMINARIA DE EMERGENCIA 30 LEDS, POTENCIA 2 W, BATERIA DE LITIO, AUTONOMIA DE 6 HORAS	122757	38774	both	16
LUMINARIA DE LED PARA ILUMINACAO PUBLICA, DE 138 W ATE 180 W, INVOLUCRO EM ALUMINIO OU ACO INOX	122758	42247	both	-1
LUMINARIA DE LED PARA ILUMINACAO PUBLICA, DE 181 W ATE 239 W, INVOLUCRO EM ALUMINIO OU ACO INOX	122759	42248	both	-1
LUMINARIA DE LED PARA ILUMINACAO PUBLICA, DE 240 W ATE 350 W, INVOLUCRO EM ALUMINIO OU ACO INOX	122760	42249	both	-1
LUMINARIA DE LED PARA ILUMINACAO PUBLICA, DE 33 W ATE 50 W, INVOLUCRO EM ALUMINIO OU ACO INOX	122761	42244	both	-1
LUMINARIA DE LED PARA ILUMINACAO PUBLICA, DE 51 W ATE 67 W, INVOLUCRO EM ALUMINIO OU ACO INOX	122762	42245	both	-1
LUMINARIA DE LED PARA ILUMINACAO PUBLICA, DE 68 W ATE 97 W, INVOLUCRO EM ALUMINIO OU ACO INOX	122763	42246	both	-1
LUMINARIA DE LED PARA ILUMINACAO PUBLICA, DE 98 W ATE 137 W, INVOLUCRO EM ALUMINIO OU ACO INOX	122764	42243	both	-1
LUMINARIA DE SOBREPOR EM CHAPA DE ACO COM ALETAS PLASTICAS, PARA 1 LAMPADA, BASE E27, POTENCIA MAXIMA 40/60 W (NAO INCLUI LAMPADA)	122765	38889	both	106
LUMINARIA DE SOBREPOR EM CHAPA DE ACO COM ALETAS PLASTICAS, PARA 2 LAMPADAS, BASE E27, POTENCIA MAXIMA 40/60 W (NAO INCLUI LAMPADAS)	122766	38784	both	106
LUMINARIA DE SOBREPOR EM CHAPA DE ACO PARA 1 LAMPADA FLUORESCENTE DE *36* W, ALETADA, COMPLETA (LAMPADA E REATOR INCLUSOS)	122769	3780	both	106
LUMINARIA DE TETO PLAFON/PLAFONIER EM PLASTICO COM BASE E27, POTENCIA MAXIMA 60 W (NAO INCLUI LAMPADA)	122775	38773	both	106
LUMINARIA DUPLA P/SINALIZACAO, TIPO WETZEL AS-2/110 OU EQUIV	122776	12271	both	16
LUMINARIA LED PLAFON REDONDO DE SOBREPOR BIVOLT 12/13 W, D = *17* CM	122779	39385	both	-1
LUMINARIA LED REFLETOR RETANGULAR BIVOLT, LUZ BRANCA, 10 W	122780	39389	both	16
LUMINARIA LED REFLETOR RETANGULAR BIVOLT, LUZ BRANCA, 30 W	122781	39390	both	16
LUMINARIA LED REFLETOR RETANGULAR BIVOLT, LUZ BRANCA, 50 W	122782	39391	both	16
LUMINARIA PLAFON REDONDO COM VIDRO FOSCO DIAMETRO *25* CM, PARA 1 LAMPADA, BASE E27, POTENCIA MAXIMA 40/60 W (NAO INCLUI LAMPADA)	122783	3803	both	106
LUMINARIA PLAFON REDONDO COM VIDRO FOSCO DIAMETRO *30* CM, PARA 2 LAMPADAS, BASE E27, POTENCIA MAXIMA 40/60 W (NAO INCLUI LAMPADAS)	122784	38770	both	106
LUMINARIA PROVA DE TEMPO PETERCO Y.31/1	122785	12267	both	46
LUMINARIA SOLAR LED EXTERNA, TIPO ARANDELA DE PAREDE, EM ALUMINIO, 16 LEDS, LUZ BRANCA, *180* LUMENS, CAPACIDADE DE ILUMINACAO ATE 36 H, RETANGULAR, *13 X 9 X 7* (C X L X A), COM SENSOR DE MOVIMENTO / PRESENCA, BATERIA RECARREGAVEL COM LUZ SOLAR, RESISTENTE AO CALOR, A PROVA DE AGUA E POEIRA/ IMPERMEAVEL, IP65	122786	43265	both	-1
LUMINARIA SPOT DE SOBREPOR EM ALUMINIO COM ALETA PLASTICA PARA 1 LAMPADA, BASE E27, POTENCIA MAXIMA 40/60 W (NAO INCLUI LAMPADA)	122787	12266	both	106
LUMINARIA SPOT DE SOBREPOR EM ALUMINIO COM ALETA PLASTICA PARA 2 LAMPADAS, BASE E27, POTENCIA MAXIMA 40/60 W (NAO INCLUI LAMPADA)	122788	39378	both	106
LUMINARIA TIPO TARTARUGA PARA AREA EXTERNA EM ALUMINIO, COM GRADE, PARA 1 LAMPADA, BASE E27, POTENCIA MAXIMA 40/60 W (NAO INCLUI LAMPADA)	122790	38775	both	106
LUVA CPVC, SOLDAVEL, 15 MM, PARA AGUA QUENTE PREDIAL	122791	21119	both	11
LUVA CPVC, SOLDAVEL, 22 MM, PARA AGUA QUENTE PREDIAL	122792	37974	both	11
LUVA CPVC, SOLDAVEL, 28 MM, PARA AGUA QUENTE PREDIAL	122793	37975	both	11
LUVA CPVC, SOLDAVEL, 35 MM, PARA AGUA QUENTE PREDIAL	122794	37976	both	11
LUVA CPVC, SOLDAVEL, 42 MM, PARA AGUA QUENTE PREDIAL	122795	37977	both	11
LUVA CPVC, SOLDAVEL, 54 MM, PARA AGUA QUENTE PREDIAL	122796	37978	both	11
LUVA CPVC, SOLDAVEL, 73 MM, PARA AGUA QUENTE PREDIAL	122797	37979	both	11
LUVA CPVC, SOLDAVEL, 89 MM, PARA AGUA QUENTE PREDIAL	122798	37980	both	11
LUVA DE BORRACHA ISOLANTE PARA ALTA TENSAO, RESISTENTE A OZONIO, TENSAO DE ENSAIO 2,5 KV (PAR)	122799	36147	both	45
"LUVA DE CORRER PARA TUBO ROSCAVEL, PVC, 1 1/2"", PARA AGUA FRIA PREDIAL"	122814	3900	both	32
"LUVA DE CORRER PARA TUBO ROSCAVEL, PVC, 1/2"", PARA AGUA FRIA PREDIAL"	122815	3846	both	32
"LUVA DE CORRER PARA TUBO ROSCAVEL, PVC, 3/4"", PARA AGUA FRIA PREDIAL"	122816	3886	both	32
LUVA DE CORRER PARA TUBO SOLDAVEL, PVC, 20 MM, PARA AGUA FRIA PREDIAL	122817	3854	both	32
LUVA DE CORRER PARA TUBO SOLDAVEL, PVC, 25 MM, PARA AGUA FRIA PREDIAL	122818	3873	both	32
LUVA DE CORRER PARA TUBO SOLDAVEL, PVC, 32 MM, PARA AGUA FRIA PREDIAL	122819	38021	both	32
LUVA DE CORRER PARA TUBO SOLDAVEL, PVC, 50 MM, PARA AGUA FRIA PREDIAL	122820	3847	both	32
LUVA DE CORRER PARA TUBO SOLDAVEL, PVC, 60 MM, PARA AGUA FRIA PREDIAL	122821	38022	both	32
LUVA DE CORRER, CPVC, SOLDAVEL, 15 MM, PARA AGUA QUENTE PREDIAL	122827	37981	both	11
LUVA DE CORRER, CPVC, SOLDAVEL, 22 MM, PARA AGUA QUENTE PREDIAL	122828	37982	both	11
LUVA DE CORRER, CPVC, SOLDAVEL, 28 MM, PARA AGUA QUENTE PREDIAL	122829	37983	both	11
LUVA DE CORRER, CPVC, SOLDAVEL, 35 MM, PARA AGUA QUENTE PREDIAL	122830	37984	both	11
LUVA DE CORRER, CPVC, SOLDAVEL, 42 MM, PARA AGUA QUENTE PREDIAL	122831	37985	both	11
LUVA DE CORRER, PVC, DN 100 MM, PARA ESGOTO PREDIAL	122838	3893	both	49
LUVA DE CORRER, PVC, DN 50 MM, PARA ESGOTO PREDIAL	122839	3848	both	49
LUVA DE CORRER, PVC, DN 75 MM, PARA ESGOTO PREDIAL	122840	3895	both	49
"LUVA DE FERRO GALVANIZADO, COM ROSCA BSP MACHO/FEMEA, DE 3/4"""	122841	12404	both	46
"LUVA DE FERRO GALVANIZADO, COM ROSCA BSP, DE 1 1/2"""	122842	3939	both	46
"LUVA DE FERRO GALVANIZADO, COM ROSCA BSP, DE 1 1/4"""	122843	3911	both	46
"LUVA DE FERRO GALVANIZADO, COM ROSCA BSP, DE 1"""	122845	3910	both	46
"LUVA DE FERRO GALVANIZADO, COM ROSCA BSP, DE 1/2"""	122844	3908	both	46
"LUVA DE FERRO GALVANIZADO, COM ROSCA BSP, DE 2 1/2"""	122846	3913	both	46
"LUVA DE FERRO GALVANIZADO, COM ROSCA BSP, DE 2"""	122847	3912	both	46
"LUVA DE FERRO GALVANIZADO, COM ROSCA BSP, DE 3"""	122849	3914	both	46
"LUVA DE FERRO GALVANIZADO, COM ROSCA BSP, DE 3/4"""	122848	3909	both	46
"LUVA DE FERRO GALVANIZADO, COM ROSCA BSP, DE 4"""	122850	3915	both	46
"LUVA DE FERRO GALVANIZADO, COM ROSCA BSP, DE 5"""	122851	3916	both	46
"LUVA DE FERRO GALVANIZADO, COM ROSCA BSP, DE 6"""	122852	3917	both	46
LUVA DE LATEX MULTIUSO AMARELA FORRADA	152265	45266	both	37
LUVA DE PRESSAO, EM PVC, DE 20 MM, PARA ELETRODUTO FLEXIVEL	122853	1904	both	66
LUVA DE PRESSAO, EM PVC, DE 25 MM, PARA ELETRODUTO FLEXIVEL	122854	1899	both	66
LUVA DE PRESSAO, EM PVC, DE 32 MM, PARA ELETRODUTO FLEXIVEL	122855	1900	both	66
"LUVA DE REDUCAO DE FERRO GALVANIZADO, COM ROSCA BSP MACHO/FEMEA, DE 1 1/2"" X 1"""	122856	12407	both	46
"LUVA DE REDUCAO DE FERRO GALVANIZADO, COM ROSCA BSP MACHO/FEMEA, DE 1"" X 1/2"""	122857	12408	both	46
"LUVA DE REDUCAO DE FERRO GALVANIZADO, COM ROSCA BSP MACHO/FEMEA, DE 1"" X 3/4"""	122858	12409	both	46
"LUVA DE REDUCAO DE FERRO GALVANIZADO, COM ROSCA BSP MACHO/FEMEA, DE 3/4"" X 1/2"""	122859	12410	both	46
"LUVA DE REDUCAO DE FERRO GALVANIZADO, COM ROSCA BSP, DE 1 1/2"" X 1 1/4"""	122860	3936	both	46
"LUVA DE REDUCAO DE FERRO GALVANIZADO, COM ROSCA BSP, DE 1 1/2"" X 1"""	122862	3924	both	46
"LUVA DE REDUCAO DE FERRO GALVANIZADO, COM ROSCA BSP, DE 1 1/2"" X 1/2"""	122861	3922	both	46
"LUVA DE REDUCAO DE FERRO GALVANIZADO, COM ROSCA BSP, DE 1 1/2"" X 3/4"""	122863	3923	both	46
"LUVA DE REDUCAO DE FERRO GALVANIZADO, COM ROSCA BSP, DE 1 1/4"" X 1"""	122865	3921	both	46
"LUVA DE REDUCAO DE FERRO GALVANIZADO, COM ROSCA BSP, DE 1 1/4"" X 1/2"""	122864	3937	both	46
"LUVA DE REDUCAO DE FERRO GALVANIZADO, COM ROSCA BSP, DE 1 1/4"" X 3/4"""	122866	3920	both	46
"LUVA DE REDUCAO DE FERRO GALVANIZADO, COM ROSCA BSP, DE 1"" X 1/2"""	122867	3938	both	46
"LUVA DE REDUCAO DE FERRO GALVANIZADO, COM ROSCA BSP, DE 1"" X 3/4"""	122868	3919	both	46
"LUVA DE REDUCAO DE FERRO GALVANIZADO, COM ROSCA BSP, DE 2 1/2"" X 1 1/2"""	122869	3927	both	46
"LUVA DE REDUCAO DE FERRO GALVANIZADO, COM ROSCA BSP, DE 2 1/2"" X 2"""	122870	3928	both	46
"LUVA DE REDUCAO DE FERRO GALVANIZADO, COM ROSCA BSP, DE 2"" X 1 1/2"""	122871	3926	both	46
"LUVA DE REDUCAO DE FERRO GALVANIZADO, COM ROSCA BSP, DE 2"" X 1 1/4"""	122872	3935	both	46
"LUVA DE REDUCAO DE FERRO GALVANIZADO, COM ROSCA BSP, DE 2"" X 1"""	122873	3925	both	46
"LUVA DE REDUCAO DE FERRO GALVANIZADO, COM ROSCA BSP, DE 3"" X 1 1/2"""	122875	3929	both	46
"LUVA DE REDUCAO DE FERRO GALVANIZADO, COM ROSCA BSP, DE 3"" X 2 1/2"""	122876	3931	both	46
"LUVA DE REDUCAO DE FERRO GALVANIZADO, COM ROSCA BSP, DE 3"" X 2"""	122877	3930	both	46
"LUVA DE REDUCAO DE FERRO GALVANIZADO, COM ROSCA BSP, DE 3/4"" X 1/2"""	122874	12406	both	46
"LUVA DE REDUCAO DE FERRO GALVANIZADO, COM ROSCA BSP, DE 4"" X 2 1/2"""	122878	3932	both	46
"LUVA DE REDUCAO DE FERRO GALVANIZADO, COM ROSCA BSP, DE 4"" X 2"""	122879	3933	both	46
"LUVA DE REDUCAO DE FERRO GALVANIZADO, COM ROSCA BSP, DE 4"" X 3"""	122880	3934	both	46
"LUVA DE REDUCAO EM ACO CARBONO, COM ENCAIXE PARA SOLDA DN SW, PRESSAO 3.000 LBS, DN 1 1/2"" X 1 1/4"""	122882	40364	both	19
"LUVA DE REDUCAO EM ACO CARBONO, COM ENCAIXE PARA SOLDA DN SW, PRESSAO 3.000 LBS, DN 1 1/4"" X 1"""	122883	40361	both	19
"LUVA DE REDUCAO EM ACO CARBONO, COM ENCAIXE PARA SOLDA DN SW, PRESSAO 3.000 LBS, DN 1"" X 3/4"""	122884	40358	both	19
"LUVA DE REDUCAO EM ACO CARBONO, COM ENCAIXE PARA SOLDA DN SW, PRESSAO 3.000 LBS, DN 2 1/2"" X 2"""	122885	40370	both	19
"LUVA DE REDUCAO EM ACO CARBONO, COM ENCAIXE PARA SOLDA DN SW, PRESSAO 3.000 LBS, DN 2"" X 1 1/2"""	122886	40367	both	19
"LUVA DE REDUCAO EM ACO CARBONO, COM ENCAIXE PARA SOLDA DN SW, PRESSAO 3.000 LBS, DN 3"" X 2 1/2"""	122887	40373	both	19
"LUVA DE REDUCAO ROSCAVEL, PVC, 1"" X 3/4"", PARA AGUA FRIA PREDIAL"	122896	3907	both	45
"LUVA DE REDUCAO ROSCAVEL, PVC, 3/4"" X 1/2"", PARA AGUA FRIA PREDIAL"	122897	3889	both	45
LUVA DE REDUCAO SOLDAVEL, PVC, 25 MM X 20 MM, PARA AGUA FRIA PREDIAL	122898	3868	both	45
LUVA DE REDUCAO SOLDAVEL, PVC, 32 MM X 25 MM, PARA AGUA FRIA PREDIAL	122899	3869	both	45
LUVA DE REDUCAO SOLDAVEL, PVC, 40 MM X 32 MM, PARA AGUA FRIA PREDIAL	122900	3872	both	45
LUVA DE REDUCAO SOLDAVEL, PVC, 60 MM X 50 MM, PARA AGUA FRIA PREDIAL	122901	3850	both	45
LUVA DE TRANSICAO DE CPVC X PVC, SOLDAVEL, 22 X 25 MM, PARA AGUA QUENTE	122903	37986	both	45
"LUVA DE TRANSICAO, CPVC, 15 MM X 1/2"", PARA AGUA QUENTE PREDIAL"	122906	21120	both	11
"LUVA DE TRANSICAO, CPVC, 22 MM X 1/2"", PARA AGUA QUENTE"	122907	39318	both	11
"LUVA DE TRANSICAO, CPVC, SOLDAVEL, 42 MM X 1 1/2"", PARA AGUA QUENTE"	122904	37987	both	11
"LUVA DE TRANSICAO, CPVC, SOLDAVEL, 54 MM X 2"", PARA AGUA QUENTE PREDIAL"	122905	37988	both	11
"LUVA EM ACO CARBONO, SOLDAVEL, PRESSAO 3.000 LBS, DN 1 1/2"""	122909	40366	both	19
"LUVA EM ACO CARBONO, SOLDAVEL, PRESSAO 3.000 LBS, DN 1 1/4"""	122910	40363	both	19
"LUVA EM ACO CARBONO, SOLDAVEL, PRESSAO 3.000 LBS, DN 1"""	122912	40360	both	19
"LUVA EM ACO CARBONO, SOLDAVEL, PRESSAO 3.000 LBS, DN 1/2"""	122911	40354	both	19
"LUVA EM ACO CARBONO, SOLDAVEL, PRESSAO 3.000 LBS, DN 2 1/2"""	122913	40372	both	19
"LUVA EM ACO CARBONO, SOLDAVEL, PRESSAO 3.000 LBS, DN 2"""	122914	40369	both	19
"LUVA EM ACO CARBONO, SOLDAVEL, PRESSAO 3.000 LBS, DN 3"""	122916	40375	both	19
"LUVA EM ACO CARBONO, SOLDAVEL, PRESSAO 3.000 LBS, DN 3/4"""	122915	40357	both	19
"LUVA EM PVC RIGIDO ROSCAVEL, DE 1 1/2"", PARA ELETRODUTO"	122917	1893	both	66
"LUVA EM PVC RIGIDO ROSCAVEL, DE 1 1/4"", PARA ELETRODUTO"	122918	1902	both	66
"LUVA EM PVC RIGIDO ROSCAVEL, DE 1"", PARA ELETRODUTO"	122920	1892	both	66
"LUVA EM PVC RIGIDO ROSCAVEL, DE 1/2"", PARA ELETRODUTO"	122919	1901	both	66
"LUVA EM PVC RIGIDO ROSCAVEL, DE 2 1/2"", PARA ELETRODUTO"	122921	1907	both	66
"LUVA EM PVC RIGIDO ROSCAVEL, DE 2"", PARA ELETRODUTO"	122922	1894	both	66
"LUVA EM PVC RIGIDO ROSCAVEL, DE 3"", PARA ELETRODUTO"	122924	1896	both	66
"LUVA EM PVC RIGIDO ROSCAVEL, DE 3/4"", PARA ELETRODUTO"	122923	1891	both	66
"LUVA EM PVC RIGIDO ROSCAVEL, DE 4"", PARA ELETRODUTO"	122925	1895	both	66
"LUVA PARA PERFURATRIZ DE ESTEIRA T38, D = 1 1/2"""	152266	44281	both	17
LUVA PVC SOLDAVEL, 110 MM, PARA AGUA FRIA PREDIAL	122959	3867	both	45
LUVA PVC SOLDAVEL, 20 MM, PARA AGUA FRIA PREDIAL	122960	3861	both	45
LUVA PVC SOLDAVEL, 25 MM, PARA AGUA FRIA PREDIAL	122961	3904	both	45
LUVA PVC SOLDAVEL, 32 MM, PARA AGUA FRIA PREDIAL	122962	3903	both	45
LUVA PVC SOLDAVEL, 40 MM, PARA AGUA FRIA PREDIAL	122963	3862	both	45
LUVA PVC SOLDAVEL, 50 MM, PARA AGUA FRIA PREDIAL	122964	3863	both	45
LUVA PVC SOLDAVEL, 60 MM, PARA AGUA FRIA PREDIAL	122965	3864	both	45
LUVA PVC SOLDAVEL, 75 MM, PARA AGUA FRIA PREDIAL	122966	3865	both	45
LUVA PVC SOLDAVEL, 85 MM, PARA AGUA FRIA PREDIAL	122967	3866	both	45
"LUVA PVC, ROSCAVEL, 1 1/2"", AGUA FRIA PREDIAL"	122969	3878	both	45
LUVA RASPA DE COURO, CANO CURTO (PUNHO *7* CM)	122973	12892	both	-1
LUVA SIMPLES, PVC, SOLDAVEL, DN 100 MM, SERIE NORMAL, PARA ESGOTO PREDIAL	122985	3899	both	-1
LUVA SIMPLES, PVC, SOLDAVEL, DN 150 MM, SERIE NORMAL, PARA ESGOTO PREDIAL	122986	38676	both	-1
LUVA SIMPLES, PVC, SOLDAVEL, DN 40 MM, SERIE NORMAL, PARA ESGOTO PREDIAL	122987	3897	both	-1
LUVA SIMPLES, PVC, SOLDAVEL, DN 50 MM, SERIE NORMAL, PARA ESGOTO PREDIAL	122988	3875	both	-1
LUVA SIMPLES, PVC, SOLDAVEL, DN 75 MM, SERIE NORMAL, PARA ESGOTO PREDIAL	122989	3898	both	-1
"LUVA SOLDAVEL COM BUCHA DE LATAO, PVC, 20 MM X 1/2"""	122990	3855	both	45
"LUVA SOLDAVEL COM BUCHA DE LATAO, PVC, 25 MM X 1/2"""	122991	3874	both	45
"LUVA SOLDAVEL COM BUCHA DE LATAO, PVC, 25 MM X 3/4"""	122992	3870	both	45
"LUVA SOLDAVEL COM BUCHA DE LATAO, PVC, 32 MM X 1"""	122993	38678	both	45
"LUVA SOLDAVEL COM ROSCA, PVC, 20 MM X 1/2"", PARA AGUA FRIA PREDIAL"	122994	3859	both	45
"LUVA SOLDAVEL COM ROSCA, PVC, 25 MM X 1/2"", PARA AGUA FRIA PREDIAL"	122995	3856	both	45
"LUVA SOLDAVEL COM ROSCA, PVC, 25 MM X 3/4"", PARA AGUA FRIA PREDIAL"	122996	3906	both	45
"LUVA SOLDAVEL COM ROSCA, PVC, 32 MM X 1"", PARA AGUA FRIA PREDIAL"	122997	3860	both	45
"LUVA SOLDAVEL COM ROSCA, PVC, 40 MM X 1 1/4"", PARA AGUA FRIA PREDIAL"	122998	3905	both	45
"LUVA SOLDAVEL COM ROSCA, PVC, 50 MM X 1 1/2"", PARA AGUA FRIA PREDIAL"	122999	3871	both	45
LUVA, PEAD PE 100, DE 125 MM, PARA ELETROFUSAO	123002	37427	both	16
LUVA, PEAD PE 100, DE 20 MM, PARA ELETROFUSAO	123003	37424	both	16
LUVA, PEAD PE 100, DE 200 MM, PARA ELETROFUSAO	123004	37428	both	16
LUVA, PEAD PE 100, DE 32 MM, PARA ELETROFUSAO	123005	37425	both	16
LUVA, PEAD PE 100, DE 400 MM, PARA ELETROFUSAO	123000	37429	both	16
LUVA, PEAD PE 100, DE 63 MM, PARA ELETROFUSAO	123001	37426	both	16
LUVAS DE PVC, COM COMPRIMENTO DE *35* CM, FORRADAS, ACABAMENTO ASPERO ANTIDERRAPANTE NA FACE PALMAR	152378	45261	both	4
MACANETA ALAVANCA RETA OCA, EM ZAMAC COM ACABAMENTO CROMADO, COMPRIMENTO APROX DE 15 CM	123006	11519	both	6
MACANETA ALAVANCA, RETA SIMPLES / OCA, CROMADA, COMPRIMENTO DE 10 A 16 CM, ACABAMENTO PADRAO POPULAR - SOMENTE MACANETAS	123007	11520	both	-1
"MACANETA BOLA, EM ZAMAC COM ACABAMENTO CROMADO, DIAMETRO DE APROX 2 1/2"""	123008	11518	both	6
MACARICO DE SOLDA 201 PARA EXTENSAO GLP OU ACETILENO	123009	38473	both	-1
MACARIQUEIRO (MENSALISTA)	123011	40977	both	0
MADEIRA ROLICA TRATADA, D = 12 A 15 CM, H = 3,00 M, EM EUCALIPTO OU EQUIVALENTE DA REGIAO	123012	4115	both	17
MADEIRA ROLICA TRATADA, D = 16 A 20 CM, H = 6,00 M, EM EUCALIPTO OU EQUIVALENTE DA REGIAO	123013	4119	both	17
MADEIRA ROLICA TRATADA, D = 25 A 29 CM, H = 6,50 M, EM EUCALIPTO OU EQUIVALENTE DA REGIAO	123014	2794	both	17
MADEIRA ROLICA TRATADA, D = 30 A 34 CM, H = 6,50 M, EM EUCALIPTO OU EQUIVALENTE DA REGIAO	123015	2788	both	17
MADEIRA SERRADA EM PINUS, MISTA OU EQUIVALENTE DA REGIAO - BRUTA	123016	4006	both	6
MANGOTE DE SEGURANCA EM RASPA DE COURO	123017	45395	both	12
"MANGUEIRA CRISTAL TRANCADA, PVC COM REFORCO, COM PRESSAO DE TRABALHO (PT) 250 LBS/POL2, DE 3/4"" X *2,8* MM"	123020	37461	both	4
"MANGUEIRA CRISTAL, LISA, PVC TRANSPARENTE, 1/2"" X 2 MM"	123022	37458	both	4
"MANGUEIRA CRISTAL, LISA, PVC TRANSPARENTE, 1/4"" X1 MM"	123023	37454	both	4
"MANGUEIRA CRISTAL, LISA, PVC TRANSPARENTE, 1/4"" X1,5 MM"	123024	37455	both	4
"MANGUEIRA CRISTAL, LISA, PVC TRANSPARENTE, 3/4"" X 2 MM"	123025	37459	both	4
"MANGUEIRA DE INCENDIO, TIPO 1, DE 1 1/2"", COMPRIMENTO = 15 M, TECIDO EM FIO DE POLIESTER E TUBO INTERNO EM BORRACHA SINTETICA, COM UNIOES ENGATE RAPIDO"	123026	21029	both	33
"MANGUEIRA DE INCENDIO, TIPO 1, DE 1 1/2"", COMPRIMENTO = 20 M, TECIDO EM FIO DE POLIESTER E TUBO INTERNO EM BORRACHA SINTETICA, COM UNIOES ENGATE RAPIDO"	123027	21030	both	33
"MANGUEIRA DE INCENDIO, TIPO 1, DE 1 1/2"", COMPRIMENTO = 25 M, TECIDO EM FIO DE POLIESTER E TUBO INTERNO EM BORRACHA SINTETICA, COM UNIOES ENGATE RAPIDO"	123028	21031	both	33
"MANGUEIRA DE INCENDIO, TIPO 1, DE 1 1/2"", COMPRIMENTO = 30 M, TECIDO EM FIO DE POLIESTER E TUBO INTERNO EM BORRACHA SINTETICA, COM UNIOES ENGATE RAPIDO"	123029	21032	both	33
"MANGUEIRA DE INCENDIO, TIPO 2, DE 1 1/2"", COMPRIMENTO = 15 M, TECIDO EM FIO DE POLIESTER E TUBO INTERNO EM BORRACHA SINTETICA, COM UNIOES ENGATE RAPIDO"	123030	37527	both	33
"MANGUEIRA DE INCENDIO, TIPO 2, DE 1 1/2"", COMPRIMENTO = 20 M, TECIDO EM FIO DE POLIESTER E TUBO INTERNO EM BORRACHA SINTETICA, COM UNIOES"	123031	37528	both	33
"MANGUEIRA DE INCENDIO, TIPO 2, DE 1 1/2"", COMPRIMENTO = 25 M, TECIDO EM FIO DE POLIESTER E TUBO INTERNO EM BORRACHA SINTETICA, COM UNIOES"	123032	37529	both	33
"MANGUEIRA DE INCENDIO, TIPO 2, DE 1 1/2"", COMPRIMENTO = 30 M, TECIDO EM FIO DE POLIESTER E TUBO INTERNO EM BORRACHA SINTETICA, COM UNIOES"	123033	37530	both	33
"MANGUEIRA DE INCENDIO, TIPO 2, DE 2 1/2"", COMPRIMENTO = 15 M, TECIDO EM FIO DE POLIESTER E TUBO INTERNO EM BORRACHA SINTETICA, COM UNIOES ENGATE RAPIDO"	123034	21034	both	33
"MANGUEIRA DE INCENDIO, TIPO 2, DE 2 1/2"", COMPRIMENTO = 20 M, TECIDO EM FIO DE POLIESTER E TUBO INTERNO EM BORRACHA SINTETICA, COM UNIOES"	123035	37531	both	33
"MANGUEIRA DE INCENDIO, TIPO 2, DE 2 1/2"", COMPRIMENTO = 25 M, TECIDO EM FIO DE POLIESTER E TUBO INTERNO EM BORRACHA SINTETICA, COM UNIOES ENGATE RAPIDO"	123036	21036	both	33
"MANGUEIRA DE INCENDIO, TIPO 2, DE 2 1/2"", COMPRIMENTO = 30 M, TECIDO EM FIO DE POLIESTER E TUBO INTERNO EM BORRACHA SINTETICA, COM UNIOES ENGATE RAPIDO"	123037	21037	both	33
"MANGUEIRA FLEXIVEL TRANSPARENTE COM ESPIRAL AZUL, EM PVC, DIAM. 1"" (25 MM), PARA SERVICOS LEVES DE SUCCAO E DESCARGA"	152341	44909	both	4
"MANGUEIRA FLEXIVEL TRANSPARENTE COM ESPIRAL AZUL, EM PVC, DIAM. 2"" (50 MM), PARA SERVICOS LEVES DE SUCCAO E DESCARGA"	152342	44115	both	4
"MANGUEIRA FLEXIVEL TRANSPARENTE COM ESPIRAL AZUL, EM PVC, DIAM. 4"" (100 MM), PARA SERVICOS LEVES DE SUCCAO E DESCARGA"	152343	44333	both	4
MANGUEIRA PARA AR E AGUA DE PVC/BORRACHA, PRESSAO 300 PSI, DIAMETRO DE 1 POLEGADA	152344	44907	both	92
"MANGUEIRA PARA GAS - GLP, PVC, TRANCADA, DIAMETRO DE 3/8"", COMPRIMENTO DE 1M (NORMATIZADA)"	123039	20260	both	4
MANIPULADOR TELESCOPICO, POTENCIA DE 85 HP, CAPACIDADE DE CARGA DE 3.500 KG, ALTURA MAXIMA DE ELEVACAO DE 12,3 M	123041	37515	both	7
"MANOMETRO COM CAIXA EM ACO PINTADO, ESCALA *10* KGF/CM2 (*10* BAR), DIAMETRO NOMINAL DE *63* MM, CONEXAO DE 1/4"""	123042	12899	both	-1
"MANOMETRO COM CAIXA EM ACO PINTADO, ESCALA *10* KGF/CM2 (*10* BAR), DIAMETRO NOMINAL DE 100 MM, CONEXAO DE 1/2"""	123043	12898	both	-1
MANTA ALUMINIZADA 1 FACE PARA SUBCOBERTURA, E = *1* MM	123045	39696	both	-1
MANTA ALUMINIZADA NAS DUAS FACES, PARA SUBCOBERTURA, E = *2* MM	123044	42528	both	-1
MANTA ANTIRRUIDO DE POLIESTER (PET) PARA CONTRAPISO E = *8* MM	123046	39700	both	17
MANTA ASFALTICA ELASTOMERICA EM POLIESTER 3 MM, TIPO III, CLASSE B, ACABAMENTO PP (NBR 9952)	123048	4014	both	42
MANTA ASFALTICA ELASTOMERICA EM POLIESTER 4 MM, TIPO III, CLASSE B, ACABAMENTO PP (NBR 9952)	123049	4015	both	42
MANTA ASFALTICA ELASTOMERICA EM POLIESTER 5 MM, TIPO III, CLASSE B, ACABAMENTO PP (NBR 9952)	123050	4017	both	42
MANTA ASFALTICA ELASTOMERICA EM POLIESTER ALUMINIZADA 3 MM, TIPO III, CLASSE B (NBR 9952)	123047	11621	both	42
MANTA ASFALTICA ELASTOMERICA TIPO GLASS 3 MM, TIPO II, CLASSE C, ACABAMENTO PP (NBR 9952)	123051	4016	both	42
MANTA DE POLIETILENO EXPANDIDO (PEBD) ANTICHAMAS, E = 8 MM	123053	38544	both	17
MANTA DE POLIETILENO EXPANDIDO (PEBD), E = 5 MM	123054	38545	both	17
MANTA DE POLIETILENO EXPANDIDO, COM 1 FACE METALIZADA PARA SUBCOBERTURA, E = *5* MM	123055	42527	both	-1
MANTA GEOTEXTIL TECIDO DE LAMINETES DE POLIPROPILENO, RESISTENCIA A TRACAO = *25* KN/M	123056	39323	both	-1
MAQUINA DE 40 MM PARA FECHADURA DE EMBUTIR EXTERNA, EM ACO INOX	123072	11479	both	8
MAQUINA DE 40 MM PARA FECHADURA, PARA PORTA DE BANHEIRO, EM ACO INOX	123073	11481	both	8
MAQUINA DE 40 MM PARA FECHADURA, PARA PORTA INTERNA, EM ACO INOX	123074	43609	both	8
MAQUINA DE 55 MM PARA FECHADURA DE EMBUTIR EXTERNA, EM ACO INOX	123075	11478	both	8
MAQUINA DE 55 MM PARA FECHADURA, PARA PORTA DE BANHEIRO, EM ACO INOX	123076	43608	both	8
MAQUINA DE 55 MM PARA FECHADURA, PARA PORTA INTERNA, EM ACO INOX	123077	11476	both	8
MAQUINA DEMARCADORA DE FAIXA DE TRAFEGO A FRIO, AUTOPROPELIDA, MOTOR DIESEL 38 HP	123078	40637	both	7
MARCENEIRO (MENSALISTA)	123086	40916	both	0
MARMORISTA / GRANITEIRO (MENSALISTA)	123088	41067	both	0
MARRETA DE ACO, OITAVADA, 500 G, COM CABO DE MADEIRA	152345	45240	both	14
MARTELO DE BORRACHA PRETO 450 G, CABO DE MADEIRA *60* MM DE DIAMETRO	152267	45228	both	14
MARTELO DE PEDREIRO, 1 CORTE, EM ACO, *500* G, COMPRIMENTO TOTAL DE *28* CM, COM CABO DE MADEIRA	152268	45241	both	-1
MARTELO DE SOLDADOR/PICADOR DE SOLDA	123089	38463	both	-1
MARTELO DEMOLIDOR PNEUMATICO MANUAL, PADRAO, PESO DE 32 KG	123093	11616	both	-1
MARTELO DEMOLIDOR PNEUMATICO MANUAL, PESO DE 28 KG, COM SILENCIADOR	123094	41898	both	-1
MARTELO PERFURADOR PNEUMATICO MANUAL, HASTE 19 X 108 MM, *11* KG	152269	45304	both	-1
MASCARA DE SEGURANCA PARA SOLDA COM ESCUDO DE CELERON E CARNEIRA DE PLASTICO COM REGULAGEM	123098	36141	both	6
MASCARA DE SOLDA AUTOMATICA, COM GRAU DE ESCURECIMENTO DIN 9 A 13	152379	45211	both	-1
MASSA DE REJUNTE EM PO PARA DRYWALL, A BASE DE GESSO, SECAGEM RAPIDA, PARA TRATAMENTO DE JUNTAS DE CHAPA DE GESSO (NECESSITA ADICAO DE AGUA)	123099	39434	both	6
MASSA DE REJUNTE PRONTA PARA TRATAMENTO DE JUNTAS DE CHAPA DE GESSO PARA DRYWALL, SEM ADICAO DE AGUA	123100	39433	both	6
MASSA EPOXI BICOMPONENTE PARA REPAROS	123102	38120	both	-1
MASSA PARA VIDRO	123105	10498	both	-1
MASSA PLASTICA PARA MARMORE/GRANITO	123106	4823	both	-1
MECANICO DE EQUIPAMENTOS PESADOS (MENSALISTA)	123112	40974	both	0
MECANICO DE REFRIGERACAO (MENSALISTA)	123114	40925	both	0
MEDIDOR DE NIVEL ESTATICO E DINAMICO PARA POCO, COMPRIMENTO DE 200 M	123115	13741	both	17
MEIA CANA DE MADEIRA CEDRINHO OU EQUIVALENTE DA REGIAO, ACABAMENTO PARA FORRO PAULISTA, *2,5 X 2,5* CM	123116	3288	both	3
MEIA CANA DE MADEIRA PINUS OU EQUIVALENTE DA REGIAO, ACABAMENTO PARA FORRO PAULISTA, *2,5 X 2,5* CM	123117	13587	both	3
MEIA CANALETA DE CONCRETO ESTRUTURAL 14 X 19 X 19 CM, FBK 14 MPA (NBR 6136)	123118	38598	both	48
MEIA CANALETA DE CONCRETO ESTRUTURAL 14 X 19 X 19 CM, FBK 4,5 MPA (NBR 6136)	123119	38595	both	48
MEIO BLOCO DE CONCRETO ESTRUTURAL 14 X 19 X 14 CM, FBK 14 MPA (NBR 6136)	123120	38592	both	48
MEIO BLOCO DE CONCRETO ESTRUTURAL 14 X 19 X 14 CM, FBK 4,5 MPA (NBR 6136)	123121	38588	both	48
MEIO BLOCO DE CONCRETO ESTRUTURAL 14 X 19 X 19 CM, FBK 14 MPA (NBR 6136)	123122	38593	both	48
MEIO BLOCO DE CONCRETO ESTRUTURAL 14 X 19 X 19 CM, FBK 4,5 MPA (NBR 6136)	123123	38589	both	48
MEIO BLOCO DE CONCRETO ESTRUTURAL 14 X 19 X 34 CM, FBK 14 MPA (NBR 6136)	123124	38594	both	48
MEIO BLOCO DE VEDACAO DE CONCRETO 14 X 19 X 19 CM (CLASSE C - NBR 6136)	123128	34774	both	104
MEIO BLOCO DE VEDACAO DE CONCRETO 19 X 19 X 19 CM (CLASSE C - NBR 6136)	123129	34771	both	104
MEIO BLOCO DE VEDACAO DE CONCRETO 9 X 19 X 19 CM (CLASSE C - NBR 6136)	123130	34764	both	104
MEIO BLOCO DE VEDACAO DE CONCRETO APARENTE 14 X 19 X 19 CM (CLASSE C - NBR 6136)	123125	34773	both	104
MEIO BLOCO DE VEDACAO DE CONCRETO APARENTE 19 X 19 X 19 CM (CLASSE C - NBR 6136)	123126	34769	both	104
MEIO BLOCO DE VEDACAO DE CONCRETO APARENTE 9 X 19 X 19 CM (CLASSE C - NBR 6136)	123127	34763	both	104
MEIO-FIO OU GUIA DE CONCRETO PRE MOLDADO, COMP 1 M, *30 X 10/12* CM (H X L1/L2)	123133	41682	both	69
MEIO-FIO OU GUIA DE CONCRETO PRE MOLDADO, COMP 80 CM, *30 X 10/10* (H X L1/L2)	123134	41683	both	69
MEIO-FIO OU GUIA DE CONCRETO PRE-MOLDADO, COMP *39* CM, *19 X 6,5/6,5* CM (H X L1/L2)	123135	41680	both	69
MEIO-FIO OU GUIA DE CONCRETO PRE-MOLDADO, COMP 1 M, *20 X 12/15* CM (H X L1/L2)	123136	41679	both	69
MEIO-FIO OU GUIA DE CONCRETO PRE-MOLDADO, COMP 80 CM, *25 X 08/08* CM (H X L1/L2)	123137	41681	both	69
MEIO-FIO OU GUIA DE CONCRETO PRE-MOLDADO, TIPO CHAPEU PARA BOCA DE LOBO, DIMENSOES *1,20* X 0,15 X 0,30 M	123138	43386	both	-1
MEIO-FIO OU GUIA DE CONCRETO, PRE-MOLDADO, COMP 1 M, *30 X 12/15* CM (H X L1/L2)	123139	4059	both	69
MEIO-FIO OU GUIA DE CONCRETO, PRE-MOLDADO, COMP 1 M, *30 X 15* CM (H X L)	123140	4062	both	69
MEIO-FIO OU GUIA DE CONCRETO, PRE-MOLDADO, COMP 80 CM, *45 X 12/18* CM (H X L1/L2)	123141	4061	both	69
MEMBRANA IMPERMEABILIZANTE A BASE DE POLIUREIA, BICOMPONENTE, APLICACAO A FRIO	123142	41315	both	114
MEMBRANA IMPERMEABILIZANTE A BASE DE POLIURETANO	123143	43148	both	-1
MEMBRANA IMPERMEABILIZANTE ACRILICA MONOCOMPONENTE	123144	43147	both	-1
MESA VIBRATORIA COM DIMENSOES DE 2,0 X 1,0 M, COM MOTOR ELETRICO DE 2 POLOS E POTENCIA DE 3 CV	123145	10608	both	7
MESTRE DE OBRAS (MENSALISTA)	123147	40819	both	0
METACAULIM DE ALTA REATIVIDADE/CAULIM CALCINADO	123148	34361	both	68
MICTORIO COLETIVO ACO INOX (AISI 304), E = 0,8 MM, DE *100 X 40 X 30* CM (C X A X P)	123152	11697	both	8
MICTORIO COLETIVO ACO INOX (AISI 304), E = 0,8 MM, DE *100 X 50 X 35* CM (C X A X P)	123153	11698	both	8
MICTORIO INDIVIDUAL ACO INOX (AISI 304), E = 0,8 MM, DE *50 X 45 X 35* (C X A X P)	123155	11699	both	8
MICTORIO INDIVIDUAL, SIFONADO, VALVULA EMBUTIDA, DE LOUCA BRANCA, SEM COMPLEMENTOS - PADRAO ALTO	123156	44020	both	-1
MINICARREGADEIRA SOBRE RODAS, POTENCIA LIQUIDA DE *47* HP, CAPACIDADE NOMINAL DE OPERACAO DE *646* KG	123157	37514	both	10
MINIESCAVADEIRA SOBRE ESTEIRAS, POTENCIA LIQUIDA DE *30* HP, PESO OPERACIONAL DE *3.500* KG	123159	37520	both	10
MISTURADOR DE ARGAMASSA, EIXO HORIZONTAL, CAPACIDADE DE MISTURA 160 KG, MOTOR ELETRICO TRIFASICO 220/380 V, POTENCIA 3 CV	123166	37546	both	7
MISTURADOR DE ARGAMASSA, EIXO HORIZONTAL, CAPACIDADE DE MISTURA 300 KG, MOTOR ELETRICO TRIFASICO 220/380 V, POTENCIA 5 CV	123167	37544	both	7
MISTURADOR DE ARGAMASSA, EIXO HORIZONTAL, CAPACIDADE DE MISTURA 600 KG, MOTOR ELETRICO TRIFASICO 220/380 V, POTENCIA 7,5 CV	123168	37545	both	7
MISTURADOR DUPLO HORIZONTAL DE ALTA TURBULENCIA, CAPACIDADE / VOLUME 2 X 500 LITROS, MOTORES ELETRICOS MINIMO 5 CV CADA, PARA NATA CIMENTO, ARGAMASSA E OUTROS	123170	39919	both	7
MISTURADOR MANUAL DE TINTAS PARA FURADEIRA, HASTE METALICA *60* CM, COM HELICE (MEXEDOR DE TINTA)	123171	38385	both	14
MOLA HIDRAULICA AEREA, PARA PORTAS DE ATE 1.100 MM E PESO DE ATE 85 KG, COM CORPO EM ALUMINIO E BRACO EM ACO, SEM BRACO DE PARADA	123173	11561	both	13
MOLA HIDRAULICA AEREA, PARA PORTAS DE ATE 850 MM E PESO DE ATE 50 KG, COM CORPO EM ALUMINIO E BRACO EM ACO, SEM BRACO DE PARADA	123174	43604	both	13
MOLA HIDRAULICA AEREA, PARA PORTAS DE ATE 950 MM E PESO DE ATE 65 KG, COM CORPO EM ALUMINIO E BRACO EM ACO, SEM BRACO DE PARADA	123175	11560	both	13
MOLA HIDRAULICA DE PISO, PARA PORTAS DE ATE 1100 MM E PESO DE ATE 120 KG, COM CORPO EM ACO INOX	123176	11499	both	8
MONTADOR DE ELETROELETRONICOS (MENSALISTA)	123178	40924	both	-1
MONTADOR DE ESTRUTURAS METALICAS (MENSALISTA)	123180	40983	both	-1
MONTADOR DE MAQUINAS (MENSALISTA)	123182	40921	both	0
"MOTOBOMBA CENTRIFUGA, MOTOR A GASOLINA, POTENCIA 5,42 HP, BOCAIS 1 1/2"" X 1"", DIAMETRO ROTOR 143 MM HM/Q = 6 MCA / 16,8 M3/H A 38 MCA / 6,6 M3/H"	123186	36502	both	72
"MOTOBOMBA TRASH (PARA AGUA SUJA) AUTO ESCORVANTE, MOTOR GASOLINA DE 6,41 HP, DIAMETROS DE SUCCAO X RECALQUE: 3"" X 3"", HM/Q: 10/60 A 23/0"	123187	36503	both	72
MOTORISTA DE CAMINHAO (MENSALISTA)	123196	10512	both	-1
MOTORISTA DE CAMINHAO-BASCULANTE (MENSALISTA)	123198	41038	both	-1
MOTORISTA DE CAMINHAO-CARRETA (MENSALISTA)	123200	40988	both	-1
MOTORISTA DE CARRO DE PASSEIO (MENSALISTA)	123202	40990	both	-1
MOTORISTA OPERADOR DE CAMINHAO COM MUNCK (MENSALISTA)	123206	40992	both	-1
"MOURAO CONCRETO CURVO, SECAO ""T"", H = 2,80 M + CURVA COM 0,45 M, COM FUROS PARA FIOS"	123208	4114	both	-1
MOURAO DE CONCRETO CURVO, *10 X 10* CM, H= *2,60* M + CURVA DE 0,40 M	123209	36797	both	-1
MOURAO DE CONCRETO RETO, SECAO QUADRADA, *10 X 10* CM, H= 3,00 M	123211	4102	both	-1
MOURAO DE CONCRETO RETO, TIPO ESTICADOR, *10 X 10* CM, H= 2,50 M	123212	36799	both	-1
MOURAO ROLICO DE MADEIRA TRATADA, D = 16 A 20 CM, H = 2,20 M, EM EUCALIPTO OU EQUIVALENTE DA REGIAO (PARA CERCA)	123213	2747	both	17
MOURAO ROLICO DE MADEIRA TRATADA, D = 8 A 11 CM, H = 2,20 M, EM EUCALIPTO OU EQUIVALENTE DA REGIAO (PARA CERCA)	123214	21138	both	17
MUDA DE ARBUSTO FLORIFERO, CLUSIA/GARDENIA/MOREIA BRANCA/ AZALEIA OU EQUIVALENTE DA REGIAO, H= *50 A 70* CM	123215	10826	both	-1
MUDA DE ARBUSTO FOLHAGEM, SANSAO-DO-CAMPO OU EQUIVALENTE DA REGIAO, H= *50 A 70* CM	123216	365	both	-1
MUDA DE ARBUSTO, PINGO DE OURO/ VIOLETEIRA, H = *10 A 20* CM	123218	38640	both	-1
MUDA DE ARVORE ORNAMENTAL, OITI/AROEIRA SALSA/ANGICO/IPE/JACARANDA OU EQUIVALENTE DA REGIAO, H= *1* M	123219	358	both	-1
MUDA DE ARVORE ORNAMENTAL, OITI/AROEIRA SALSA/ANGICO/IPE/JACARANDA OU EQUIVALENTE DA REGIAO, H= *2* M	123220	359	both	-1
MUDA DE RASTEIRA/FORRACAO, AMENDOIM RASTEIRO/ONZE HORAS/AZULZINHA/IMPATIENS OU EQUIVALENTE DA REGIAO	123222	360	both	-1
MULTIEXERCITADOR COM SEIS FUNCOES, EM TUBO DE ACO CARBONO, PINTURA NO PROCESSO ELETROSTATICO - EQUIPAMENTO DE GINASTICA PARA ACADEMIA AO AR LIVRE / ACADEMIA DA TERCEIRA IDADE - ATI	123223	42430	both	-1
"NIPLE DE FERRO GALVANIZADO, COM ROSCA BSP, DE 1 1/2"""	123230	4209	both	54
"NIPLE DE FERRO GALVANIZADO, COM ROSCA BSP, DE 1 1/4"""	123231	4180	both	76
"NIPLE DE FERRO GALVANIZADO, COM ROSCA BSP, DE 1"""	123233	4179	both	76
"NIPLE DE FERRO GALVANIZADO, COM ROSCA BSP, DE 1/2"""	123232	4177	both	76
"NIPLE DE FERRO GALVANIZADO, COM ROSCA BSP, DE 2 1/2"""	123234	4208	both	76
"NIPLE DE FERRO GALVANIZADO, COM ROSCA BSP, DE 2"""	123235	4181	both	76
"NIPLE DE FERRO GALVANIZADO, COM ROSCA BSP, DE 3"""	123237	4182	both	76
"NIPLE DE FERRO GALVANIZADO, COM ROSCA BSP, DE 3/4"""	123236	4178	both	76
"NIPLE DE FERRO GALVANIZADO, COM ROSCA BSP, DE 4"""	123238	4183	both	76
"NIPLE DE FERRO GALVANIZADO, COM ROSCA BSP, DE 5"""	123239	4184	both	76
"NIPLE DE FERRO GALVANIZADO, COM ROSCA BSP, DE 6"""	123240	4185	both	76
"NIPLE DE REDUCAO DE FERRO GALVANIZADO, COM ROSCA BSP, DE 1 1/2"" X 1 1/4"""	123241	4205	both	54
"NIPLE DE REDUCAO DE FERRO GALVANIZADO, COM ROSCA BSP, DE 1 1/2"" X 1"""	123242	4192	both	54
"NIPLE DE REDUCAO DE FERRO GALVANIZADO, COM ROSCA BSP, DE 1 1/2"" X 3/4"""	123243	4191	both	54
"NIPLE DE REDUCAO DE FERRO GALVANIZADO, COM ROSCA BSP, DE 1 1/4"" X 1"""	123245	4206	both	54
"NIPLE DE REDUCAO DE FERRO GALVANIZADO, COM ROSCA BSP, DE 1 1/4"" X 1/2"""	123244	4207	both	54
"NIPLE DE REDUCAO DE FERRO GALVANIZADO, COM ROSCA BSP, DE 1 1/4"" X 3/4"""	123246	4190	both	54
"NIPLE DE REDUCAO DE FERRO GALVANIZADO, COM ROSCA BSP, DE 1"" X 1/2"""	123248	4188	both	54
"NIPLE DE REDUCAO DE FERRO GALVANIZADO, COM ROSCA BSP, DE 1"" X 3/4"""	123249	4189	both	54
"NIPLE DE REDUCAO DE FERRO GALVANIZADO, COM ROSCA BSP, DE 1/2"" X 1/4"""	123247	4186	both	54
"NIPLE DE REDUCAO DE FERRO GALVANIZADO, COM ROSCA BSP, DE 2 1/2"" X 2"""	123250	4197	both	54
"NIPLE DE REDUCAO DE FERRO GALVANIZADO, COM ROSCA BSP, DE 2"" X 1 1/2"""	123251	4194	both	54
"NIPLE DE REDUCAO DE FERRO GALVANIZADO, COM ROSCA BSP, DE 2"" X 1 1/4"""	123252	4193	both	54
"NIPLE DE REDUCAO DE FERRO GALVANIZADO, COM ROSCA BSP, DE 2"" X 1"""	123253	4204	both	54
"NIPLE DE REDUCAO DE FERRO GALVANIZADO, COM ROSCA BSP, DE 3"" X 2 1/2"""	123255	4202	both	54
"NIPLE DE REDUCAO DE FERRO GALVANIZADO, COM ROSCA BSP, DE 3"" X 2"""	123256	4203	both	54
"NIPLE DE REDUCAO DE FERRO GALVANIZADO, COM ROSCA BSP, DE 3/4"" X 1/2"""	123254	4187	both	54
"NIPLE SEXTAVADO EM ACO CARBONO, COM ROSCA BSP, PRESSAO 3.000 LBS, DN 1 1/2"""	123257	40368	both	73
"NIPLE SEXTAVADO EM ACO CARBONO, COM ROSCA BSP, PRESSAO 3.000 LBS, DN 1 1/4"""	123258	40365	both	73
"NIPLE SEXTAVADO EM ACO CARBONO, COM ROSCA BSP, PRESSAO 3.000 LBS, DN 1"""	123260	40362	both	73
"NIPLE SEXTAVADO EM ACO CARBONO, COM ROSCA BSP, PRESSAO 3.000 LBS, DN 1/2"""	123259	40356	both	73
"NIPLE SEXTAVADO EM ACO CARBONO, COM ROSCA BSP, PRESSAO 3.000 LBS, DN 2 1/2"""	123261	40374	both	73
"NIPLE SEXTAVADO EM ACO CARBONO, COM ROSCA BSP, PRESSAO 3.000 LBS, DN 2"""	123262	40371	both	73
"NIPLE SEXTAVADO EM ACO CARBONO, COM ROSCA BSP, PRESSAO 3.000 LBS, DN 3/4"""	123263	40359	both	73
"NIVEL DE ALUMINIO 350 MM (14""), COM 3 BOLHAS"	152346	45201	both	22
NIVELADOR (MENSALISTA)	123265	41094	both	0
NUMERO / ALGARISMO PARA RESIDENCIA (FACHADA), EM ZAMAC, COM ALTURA DE APROX *45* MM, INCLUSIVE PARAFUSOS	123271	38175	both	1
NUMERO / ALGARISMO PARA RESIDENCIA (FACHADA), EM ZAMAC, COM ALTURA DE APROX 125 MM, INCLUSIVE PARAFUSOS	123272	38176	both	1
OCULOS DE SEGURANCA CONTRA IMPACTOS COM LENTE INCOLOR, ARMACAO NYLON, COM PROTECAO UVA E UVB	123273	36152	both	4
OCULOS DE SOLDA COM ESCURECIMENTO AUTOMATICO	152347	45212	both	-1
OLHO MAGICO PARA PORTAS, EM LATAO, COM LENTE DE POLICARBONATO, ANGULO DE *200* GRAUS, ESPESSURA ENTRE *25 E 46* MM, INCLUINDO FECHO JANELA	123277	38170	both	51
OPERADOR DE BATE-ESTACAS (MENSALISTA)	123279	40980	both	26
OPERADOR DE BETONEIRA (CAMINHAO) (MENSALISTA)	123281	41031	both	26
OPERADOR DE BETONEIRA ESTACIONARIA / MISTURADOR (MENSALISTA)	123283	40986	both	26
OPERADOR DE COMPRESSOR DE AR OU COMPRESSORISTA (MENSALISTA)	123285	40978	both	26
OPERADOR DE DEMARCADORA DE FAIXAS DE TRAFEGO (MENSALISTA)	123287	41043	both	26
OPERADOR DE ESCAVADEIRA (MENSALISTA)	123289	40987	both	26
OPERADOR DE GUINCHO OU GUINCHEIRO (MENSALISTA)	123291	40981	both	26
OPERADOR DE GUINDASTE (MENSALISTA)	123293	41036	both	26
OPERADOR DE JATO ABRASIVO OU JATISTA (MENSALISTA)	123295	40979	both	26
OPERADOR DE MARTELETE OU MARTELETEIRO (MENSALISTA)	123299	40982	both	26
OPERADOR DE MOTO SCRAPER (MENSALISTA)	123301	41026	both	26
OPERADOR DE MOTONIVELADORA (MENSALISTA)	123303	41024	both	26
OPERADOR DE PA CARREGADEIRA (MENSALISTA)	123305	41033	both	26
OPERADOR DE PAVIMENTADORA / MESA VIBROACABADORA (MENSALISTA)	123307	41040	both	26
OPERADOR DE ROLO COMPACTADOR (MENSALISTA)	123309	41012	both	26
OPERADOR DE USINA DE ASFALTO, DE SOLOS OU DE CONCRETO (MENSALISTA)	123313	41001	both	26
PA CARREGADEIRA SOBRE RODAS, POTENCIA LIQUIDA 128 HP, CAPACIDADE DA CACAMBA DE 1,7 A 2,8 M3, PESO OPERACIONAL MAXIMO DE 11632 KG	123316	4262	both	10
PA CARREGADEIRA SOBRE RODAS, POTENCIA LIQUIDA 197 HP, CAPACIDADE DA CACAMBA DE 2,5 A 3,5 M3, PESO OPERACIONAL MAXIMO DE 18338 KG	123317	4263	both	10
PA DE LIXO PLASTICA, CABO LONGO	123320	38402	both	6
PA QUADRADA COM CABO DE MADEIRA EM Y DE 71 CM	152270	45234	both	14
PAINEL DE LA DE VIDRO SEM REVESTIMENTO PSI 20, E = 25 MM, DE 1200 X 600 MM	123321	3412	both	17
PAINEL DE LA DE VIDRO SEM REVESTIMENTO PSI 20, E = 50 MM, DE 1200 X 600 MM	123322	3413	both	17
PAINEL DE LA DE VIDRO SEM REVESTIMENTO PSI 40, E = 25 MM, DE 1200 X 600 MM	123323	39744	both	17
PAINEL DE LA DE VIDRO SEM REVESTIMENTO PSI 40, E = 50 MM, DE 1200 X 600 MM	123324	39745	both	17
PAINEL ESTRUTURAL PARA LAJE SECA REVESTIDO EM PLACA CIMENTICIA, DE 1,20 X 2,50 M, E = 23 MM	123325	39637	both	17
PAINEL ESTRUTURAL PARA LAJE SECA REVESTIDO EM PLACA CIMENTICIA, DE 1,20 X 2,50 M, E = 40 MM	123326	39638	both	17
PAINEL TERMOISOLANTE PARA FECHAMENTOS VERTICAIS (INCLUI PARAFUSOS DE FIXACAO) REVESTIDO EM ACO GALVALUME, LARGURA UTIL DE 1100 MM, REVESTIMENTO COM ESPESSURA DE 0,50 MM, COM PRE-PINTURA NAS DUAS FACES, NUCLEO EM POLIURETANO (PUR) COM ESPESSURA 40/50 MM	123328	39517	both	61
PAINEL TERMOISOLANTE PARA FECHAMENTOS VERTICAIS (INCLUI PARAFUSOS DE FIXACAO) REVESTIDO EM ACO GALVALUME, LARGURA UTIL DE 1100 MM, REVESTIMENTO COM ESPESSURA DE 0,50 MM, COM PRE-PINTURA NAS DUAS FACES, NUCLEO EM POLIURETANO (PUR) COM ESPESSURA 70/80 MM	123329	39518	both	61
PAPEL KRAFT BETUMADO	123330	38366	both	0
PAPELEIRA DE PAREDE EM METAL CROMADO SEM TAMPA	123331	11703	both	25
PAPELEIRA PLASTICA TIPO DISPENSER PARA PAPEL HIGIENICO ROLAO	123332	37400	both	-1
PARA-RAIOS DE DISTRIBUICAO, TENSAO NOMINAL 15 KV, CORRENTE NOMINAL DE DESCARGA 5 KA	123334	4276	both	71
PARA-RAIOS DE DISTRIBUICAO, TENSAO NOMINAL 30 KV, CORRENTE NOMINAL DE DESCARGA 10 KA	123335	4273	both	71
PARA-RAIOS TIPO FRANKLIN 350 MM, EM LATAO CROMADO, DUAS DESCIDAS, PARA PROTECAO DE EDIFICACOES CONTRA DESCARGAS ATMOSFERICAS	123336	4274	both	-1
PARAFUSO CABECA TROMBETA E PONTA AGULHA (GN55), COMPRIMENTO 55 MM, EM ACO FOSFATIZADO, PARA FIXAR CHAPA DE GESSO EM PERFIL DRYWALL METALICO MAXIMO 0,7 MM	123337	39438	both	1
PARAFUSO DE ACO ZINCADO COM ROSCA SOBERBA, CABECA CHATA E FENDA SIMPLES, DIAMETRO 2,5 MM, COMPRIMENTO * 9,5 * MM	123340	4379	both	1
PARAFUSO DE ACO ZINCADO COM ROSCA SOBERBA, CABECA CHATA E FENDA SIMPLES, DIAMETRO 4,2 MM, COMPRIMENTO * 32 * MM	123341	4377	both	1
PARAFUSO DE ACO ZINCADO COM ROSCA SOBERBA, CABECA CHATA E FENDA SIMPLES, DIAMETRO 4,8 MM, COMPRIMENTO 45 MM	123342	4356	both	1
"PARAFUSO DE FERRO POLIDO, SEXTAVADO, COM ROSCA PARCIAL, DIAMETRO 5/8"", COMPRIMENTO 6"", COM PORCA E ARRUELA DE PRESSAO MEDIA"	123344	4346	both	1
PARAFUSO DE LATAO COM ACABAMENTO CROMADO PARA FIXAR PECA SANITARIA, INCLUI PORCA CEGA, ARRUELA E BUCHA DE NYLON TAMANHO S-10	123345	11955	both	6
PARAFUSO DE LATAO COM ROSCA SOBERBA, CABECA CHATA E FENDA SIMPLES, DIAMETRO 2,5 MM, COMPRIMENTO 12 MM	123346	11960	both	1
PARAFUSO DE LATAO COM ROSCA SOBERBA, CABECA CHATA E FENDA SIMPLES, DIAMETRO 3,2 MM, COMPRIMENTO 16 MM	123347	4333	both	1
PARAFUSO DE LATAO COM ROSCA SOBERBA, CABECA CHATA E FENDA SIMPLES, DIAMETRO 4,8 MM, COMPRIMENTO 65 MM	123348	4358	both	1
PARAFUSO DRY WALL, EM ACO FOSFATIZADO, CABECA TROMBETA E PONTA AGULHA (TA), COMPRIMENTO 25 MM	123349	39435	both	1
PARAFUSO DRY WALL, EM ACO FOSFATIZADO, CABECA TROMBETA E PONTA AGULHA (TA), COMPRIMENTO 35 MM	123350	39436	both	1
PARAFUSO DRY WALL, EM ACO FOSFATIZADO, CABECA TROMBETA E PONTA AGULHA (TA), COMPRIMENTO 45 MM	123351	39437	both	1
PARAFUSO DRY WALL, EM ACO FOSFATIZADO, CABECA TROMBETA E PONTA BROCA (TB), COMPRIMENTO 25 MM	123352	39439	both	1
PARAFUSO DRY WALL, EM ACO FOSFATIZADO, CABECA TROMBETA E PONTA BROCA (TB), COMPRIMENTO 35 MM	123353	39440	both	1
PARAFUSO DRY WALL, EM ACO FOSFATIZADO, CABECA TROMBETA E PONTA BROCA (TB), COMPRIMENTO 45 MM	123354	39441	both	1
PARAFUSO DRY WALL, EM ACO ZINCADO, CABECA LENTILHA E PONTA AGULHA (LA), LARGURA 4,2 MM, COMPRIMENTO 13 MM	123355	39442	both	1
PARAFUSO DRY WALL, EM ACO ZINCADO, CABECA LENTILHA E PONTA BROCA (LB), LARGURA 4,2 MM, COMPRIMENTO 13 MM	123356	39443	both	1
"PARAFUSO EM ACO GALVANIZADO, TIPO MAQUINA, SEXTAVADO, SEM PORCA, DIAMETRO 1/2"", COMPRIMENTO 2"""	123357	4329	both	1
PARAFUSO FRANCES M16 EM ACO GALVANIZADO, COMPRIMENTO = 150 MM, DIAMETRO = 16 MM, CABECA ABAULADA	123360	436	both	1
PARAFUSO FRANCES M16 EM ACO GALVANIZADO, COMPRIMENTO = 45 MM, DIAMETRO = 16 MM, CABECA ABAULADA	123361	442	both	1
PARAFUSO FRANCES METRICO ZINCADO, DIAMETRO 12 MM, COMPRIMENTO 140MM, COM PORCA SEXTAVADA E ARRUELA DE PRESSAO MEDIA	123358	4383	both	1
PARAFUSO FRANCES METRICO ZINCADO, DIAMETRO 12 MM, COMPRIMENTO 150 MM, COM PORCA SEXTAVADA E ARRUELA DE PRESSAO MEDIA	123359	4344	both	1
"PARAFUSO FRANCES ZINCADO, DIAMETRO 1/2"", COMPRIMENTO 12"", COM PORCA E ARRUELA LISA MEDIA"	123363	4335	both	1
"PARAFUSO FRANCES ZINCADO, DIAMETRO 1/2"", COMPRIMENTO 15"", COM PORCA E ARRUELA LISA MEDIA"	123364	4334	both	1
"PARAFUSO FRANCES ZINCADO, DIAMETRO 1/2"", COMPRIMENTO 4"", COM PORCA E ARRUELA"	123365	4343	both	1
PARAFUSO M16 EM ACO GALVANIZADO, COMPRIMENTO = 125 MM, DIAMETRO = 16 MM, ROSCA MAQUINA, CABECA QUADRADA	123366	430	both	1
PARAFUSO M16 EM ACO GALVANIZADO, COMPRIMENTO = 150 MM, DIAMETRO = 16 MM, ROSCA MAQUINA, CABECA QUADRADA	123367	441	both	1
PARAFUSO M16 EM ACO GALVANIZADO, COMPRIMENTO = 200 MM, DIAMETRO = 16 MM, ROSCA MAQUINA, CABECA QUADRADA	123368	431	both	1
PARAFUSO M16 EM ACO GALVANIZADO, COMPRIMENTO = 250 MM, DIAMETRO = 16 MM, ROSCA MAQUINA, CABECA QUADRADA	123369	432	both	1
PARAFUSO M16 EM ACO GALVANIZADO, COMPRIMENTO = 300 MM, DIAMETRO = 16 MM, ROSCA DUPLA	123370	429	both	1
PARAFUSO M16 EM ACO GALVANIZADO, COMPRIMENTO = 300 MM, DIAMETRO = 16 MM, ROSCA MAQUINA, CABECA QUADRADA	123371	439	both	1
PARAFUSO M16 EM ACO GALVANIZADO, COMPRIMENTO = 350 MM, DIAMETRO = 16 MM, ROSCA MAQUINA, CABECA QUADRADA	123372	433	both	1
PARAFUSO M16 EM ACO GALVANIZADO, COMPRIMENTO = 400 MM, DIAMETRO = 16 MM, ROSCA DUPLA	123373	437	both	1
PARAFUSO M16 EM ACO GALVANIZADO, COMPRIMENTO = 450 MM, DIAMETRO = 16 MM, ROSCA MAQUINA, CABECA QUADRADA	123374	11790	both	1
PARAFUSO M16 EM ACO GALVANIZADO, COMPRIMENTO = 500 MM, DIAMETRO = 16 MM, ROSCA MAQUINA, COM CABECA SEXTAVADA E PORCA	123375	428	both	1
"PARAFUSO NIQUELADO 3 1/2"" COM ACABAMENTO CROMADO PARA FIXAR PECA SANITARIA, INCLUI PORCA CEGA, ARRUELA E BUCHA DE NYLON TAMANHO S-8"	123377	4351	both	6
PARAFUSO NIQUELADO COM ACABAMENTO CROMADO PARA FIXAR PECA SANITARIA, INCLUI PORCA CEGA, ARRUELA E BUCHA DE NYLON TAMANHO S-10	123376	4384	both	6
PARAFUSO ZINCADO, AUTOBROCANTE, FLANGEADO, 4,2 MM X 19 MM	123395	40547	both	1
"PARAFUSO ZINCADO, SEXTAVADO, COM ROSCA INTEIRA, DIAMETRO 1/4"", COMPRIMENTO 1/2"""	123396	11962	both	1
"PARAFUSO ZINCADO, SEXTAVADO, COM ROSCA INTEIRA, DIAMETRO 3/8"", COMPRIMENTO 2"""	123397	4332	both	1
"PARAFUSO ZINCADO, SEXTAVADO, COM ROSCA INTEIRA, DIAMETRO 5/8"", COMPRIMENTO 2 1/4"""	123398	4331	both	1
"PARAFUSO ZINCADO, SEXTAVADO, COM ROSCA INTEIRA, DIAMETRO 5/8"", COMPRIMENTO 3"", COM PORCA E ARRUELA DE PRESSAO MEDIA"	123399	4336	both	1
"PARAFUSO ZINCADO, SEXTAVADO, COM ROSCA SOBERBA, DIAMETRO 5/16"", COMPRIMENTO 40 MM"	123401	11948	both	1
"PARAFUSO ZINCADO, SEXTAVADO, COM ROSCA SOBERBA, DIAMETRO 5/16"", COMPRIMENTO 80 MM"	123402	4382	both	1
"PARAFUSO ZINCADO, SEXTAVADO, GRAU 5, ROSCA INTEIRA, DIAMETRO 1 1/2"", COMPRIMENTO 4"""	123403	4354	both	1
"PARAFUSO, COMUM, ASTM A307, SEXTAVADO, DIAMETRO 1/2"" (12,7 MM), COMPRIMENTO 1"" (25,4 MM)"	123406	40549	both	1
"PARAFUSO, EM ACO ZINCADO, CABECA LENTILHA AUTOTRAVANTE DIAMETRO 5/16"" X 1"""	152281	43965	both	1
PARALELEPIPEDO GRANITICO OU BASALTICO, PARA PAVIMENTACAO, SEM FRETE (VARIACAO REGIONAL DE PECAS POR M2)	123407	4385	both	6
PASTA ABRASIVA PARA LIMPEZA DE MAOS	152282	45236	both	-1
PASTA PARA SOLDA DE TUBOS E CONEXOES DE COBRE (EMBALAGEM COM 250 G)	123409	39897	both	33
PASTILHA CERAMICA/PORCELANA, REVEST INT/EXT E PISCINA, CORES BRANCA OU FRIAS, SOLIDAS, SEM MESCLAGEM/MISTURA, ACABAMENTO LISO *2,5 X 2,5* CM	123411	4396	both	-1
PASTILHA CERAMICA/PORCELANA, REVEST INT/EXT E PISCINA, CORES BRANCA OU FRIAS, SOLIDAS, SEM MESCLAGEM/MISTURA, ACABAMENTO LISO *5 X 5* CM	123412	36881	both	-1
PASTILHA CERAMICA/PORCELANA, REVEST INT/EXT E PISCINA, CORES LISAS/SOLIDAS, QUENTES, SEM MESCLAGEM/MISTURA, *2,5 X 2,5* CM	123413	4397	both	-1
PASTILHA CERAMICA/PORCELANA, REVEST INT/EXT E PISCINA, CORES LISAS/SOLIDAS, QUENTES, SEM MESCLAGEM/MISTURA, *5 X 5* CM	123414	36882	both	-1
PASTILHEIRO (MENSALISTA)	123416	41066	both	0
PEDRA ARDOSIA, CINZA, *40 X 40* CM, E= *1 CM	123425	10731	both	2
PEDRA ARDOSIA, CINZA, 20 X 40 CM, E= *1 CM	123426	4704	both	2
PEDRA ARDOSIA, CINZA, 30 X 30, E= *1 CM	123427	10730	both	2
PEDRA BRITADA N. 0, OU PEDRISCO (4,8 A 9,5 MM) POSTO PEDREIRA/FORNECEDOR, SEM FRETE	123429	4720	both	87
PEDRA BRITADA N. 1 (9,5 a 19 MM) POSTO PEDREIRA/FORNECEDOR, SEM FRETE	123430	4721	both	87
PEDRA BRITADA N. 2 (19 A 38 MM) POSTO PEDREIRA/FORNECEDOR, SEM FRETE	123431	4718	both	87
PEDRA BRITADA N. 3 (38 A 50 MM) POSTO PEDREIRA/FORNECEDOR, SEM FRETE	123432	4722	both	87
PEDRA DE MAO OU PEDRA RACHAO PARA ARRIMO/FUNDACAO (POSTO PEDREIRA/FORNECEDOR, SEM FRETE)	123436	4730	both	-1
PEDRA GRANITICA OU BASALTICA IRREGULAR, FAIXA GRANULOMETRICA 100 A 150 MM PARA PAVIMENTACAO OU CALCAMENTO POLIEDRICO, POSTO PEDREIRA / FORNECEDOR (SEM FRETE)	123437	13186	both	122
PEDRA GRANITICA OU BASALTO, CACO, RETALHO, CAVACO, TIPO MIRACEMA, MADEIRA, PADUANA, RACHINHA, SANTA ISABEL OU OUTRAS SIMILARES, E= *1,0 A *2,0 CM	123438	10737	both	24
PEDRA GRANITICA, SERRADA, TIPO MIRACEMA, MADEIRA, PADUANA, RACHINHA, SANTA ISABEL OU OUTRAS SIMILARES, *11,5 X *23 CM, E= *1,0 A *2,0 CM	123439	10734	both	24
PEDRA PORTUGUESA OU PETIT PAVE, BRANCA OU PRETA	123440	4708	both	-1
PEDRA QUARTZITO OU CALCARIO LAMINADO, CACO, TIPO CARIRI, ITACOLOMI, LAGOA SANTA, LUMINARIA, PIRENOPOLIS, SAO TOME OU OUTRAS SIMILARES DA REGIAO, E= *1,5 A *2,5 CM	123441	4712	both	24
PEDRA QUARTZITO OU CALCARIO LAMINADO, SERRADA, TIPO CARIRI, ITACOLOMI, LAGOA SANTA, LUMINARIA, PIRENOPOLIS, SAO TOME OU OUTRAS SIMILARES DA REGIAO, *20 X *40 CM, E= *1,5 A *2,5 CM	123442	4710	both	24
PEDREIRO (MENSALISTA)	123445	41065	both	0
PEITORIL EM MARMORE, POLIDO, BRANCO COMUM, L= *15* CM, E= *2,0* CM, COM PINGADEIRA	123446	34747	both	24
PEITORIL EM MARMORE, POLIDO, BRANCO COMUM, L= *15* CM, E= *3* CM, CORTE RETO	123447	4826	both	24
PEITORIL PRE-MOLDADO EM GRANILITE, MARMORITE OU GRANITINA, L = *15* CM	123448	41975	both	24
PEITORIL/ SOLEIRA EM MARMORE, POLIDO, BRANCO COMUM, L= *25* CM, E= *3* CM, CORTE RETO	123449	4825	both	24
PELICULA REFLETIVA, GT 7 ANOS PARA SINALIZACAO VERTICAL	123450	34744	both	12
PENDURAL OU PRESILHA REGULADORA, EM ACO GALVANIZADO, COM CORPO, MOLA E REBITE, PARA PERFIL TIPO CANALETA DE ESTRUTURA EM FORROS DRYWALL	123451	39430	both	6
PENDURAL OU REGULADOR, COM MOLA, EM ACO GALVANIZADO, PARA PERFIL TIPO T CLICADO DE FORROS REMOVIVEL	123452	39573	both	6
PENEIRA ROTATIVA COM MOTOR ELETRICO TRIFASICO DE 2 CV, CILINDRO DE 1 M X 0,60 M, COM FUROS DE 3,17 MM	123453	38410	both	7
PERFIL CANALETA, FORMATO C, EM ACO ZINCADO, PARA ESTRUTURA FORRO DRYWALL, E = 0,5 MM, *46 X 18* (L X H), COMPRIMENTO 3 M	123466	39427	both	-1
PERFIL CANTONEIRA L, LISA, EM ACO, 25 X 30 MM, E = 0,5 MM, PARA ESTRUTURA DRYWALL	123467	39424	both	-1
PERFIL CANTONEIRA L, PERFURADA, EM ACO, 23 X 23 MM, E = 0,5 MM, PARA ESTRUTURA DRYWALL	123468	39425	both	-1
PERFIL CARTOLA DE ACO GALVANIZADO, *20 X 30 X 10* MM, E = 0,8 MM	123469	40664	both	-1
PERFIL DE ALUMINIO ANODIZADO	123470	34360	both	-1
PERFIL DE BORRACHA EPDM MACICO *12 X 15* MM PARA ESQUADRIAS	123471	20259	both	-1
PERFIL ELASTOMERICO PRE-FORMADO EM EPMD, PARA JUNTA DE DILATACAO DE PISOS COM POUCA SOLICITACAO, 15 MM DE LARGURA, MOVIMENTACAO DE *11 A 19* MM	123472	14077	both	108
PERFIL ELASTOMERICO PRE-FORMADO EM EPMD, PARA JUNTA DE DILATACAO DE USO GERAL EM MEDIAS SOLICITACOES, 8 MM DE LARGURA, MOVIMENTACAO DE *5 A 11* MM	123473	3678	both	108
PERFIL GUIA, FORMATO U, EM ACO ZINCADO, PARA ESTRUTURA PAREDE DRYWALL, E = 0,5 MM, 48 X 3000 MM (L X C)	123474	39418	both	-1
PERFIL GUIA, FORMATO U, EM ACO ZINCADO, PARA ESTRUTURA PAREDE DRYWALL, E = 0,5 MM, 70 X 3000 MM (L X C)	123475	39419	both	-1
PERFIL GUIA, FORMATO U, EM ACO ZINCADO, PARA ESTRUTURA PAREDE DRYWALL, E = 0,5 MM, 90 X 3000 MM (L X C)	123476	39420	both	-1
PERFIL MONTANTE, FORMATO C, EM ACO ZINCADO, PARA ESTRUTURA PAREDE DRYWALL, E = 0,5 MM, 48 X 3000 MM (L X C)	123478	39421	both	-1
PERFIL MONTANTE, FORMATO C, EM ACO ZINCADO, PARA ESTRUTURA PAREDE DRYWALL, E = 0,5 MM, 70 X 3000 MM (L X C)	123479	39422	both	-1
PERFIL MONTANTE, FORMATO C, EM ACO ZINCADO, PARA ESTRUTURA PAREDE DRYWALL, E = 0,5 MM, 90 X 3000 MM (L X C)	123480	39423	both	-1
PERFIL RODAPE DE IMPERMEABILIZACAO, FORMATO L, EM ACO ZINCADO, PARA ESTRUTURA DRYWALL, E = 0,5 MM, 220 X 3000 MM (H X C)	123481	39426	both	-1
PERFIL TABICA ABERTA, PERFURADA, FORMATO Z, EM ACO GALVANIZADO NATURAL, LARGURA APROXIMADA 40 MM, PARA ESTRUTURA FORRO DRYWALL	123482	39429	both	47
PERFIL TABICA FECHADA, LISA, FORMATO Z, EM ACO GALVANIZADO NATURAL, LARGURA TOTAL NA HORIZONTAL *40* MM, PARA ESTRUTURA FORRO DRYWALL	123483	39428	both	-1
PERFIL TIPO CANTONEIRA EM L, EM ACO GALVANIZADO, BRANCO, PARA FORRO REMOVIVEL, *23* X 3000 MM (L X C)	123484	39572	both	47
PERFIL TRAVESSA (SECUNDARIO), T CLICADO, EM ACO GALVANIZADO, BRANCO, PARA FORRO REMOVIVEL, 24 X 625 MM (L X C)	123486	39569	both	47
PERFILADO PERFURADO 19 X 38 MM, CHAPA 22	123491	39328	both	47
PERFILADO PERFURADO DUPLO 38 X 76 MM, CHAPA 22	123489	39029	both	47
PERFILADO PERFURADO SIMPLES 38 X 38 MM, CHAPA 22	123490	39028	both	47
PERFURATRIZ COM TORRE METALICA PARA EXECUCAO DE ESTACA HELICE CONTINUA, PROFUNDIDADE MAXIMA DE 30 M, DIAMETRO MAXIMO DE 800 MM, POTENCIA INSTALADA DE 268 HP, MESA ROTATIVA COM TORQUE MAXIMO DE 170 KNM	123492	38541	both	10
PERFURATRIZ COM TORRE METALICA PARA EXECUCAO DE ESTACA HELICE CONTINUA, PROFUNDIDADE MAXIMA DE 32 M, DIAMETRO MAXIMO DE 1000 MM, POTENCIA INSTALADA DE 350 HP, MESA ROTATIVA COM TORQUE MAXIMO DE 263 KNM	123493	38542	both	10
PERFURATRIZ DE COROA DIAMANTADA PARA CONCRETO, DIAMETRO ATE 250 MM, MOTOR ELETRICO 220 V, POTENCIA 2.500W	152283	45080	both	7
PERFURATRIZ HIDRAULICA COM TRADO CURTO ACOPLADO, PROFUNDIDADE MAXIMA DE 20 M, DIAMETRO MAXIMO DE 1500 MM, POTENCIA INSTALADA DE 137 HP, MESA ROTATIVA COM TORQUE MAXIMO DE 30 KNM (INCLUI MONTAGEM, NAO INCLUI CAMINHAO)	123494	38543	both	10
PERFURATRIZ HIDRAULICA SOBRE ESTEIRA, TORQUE MAXIMO 161 KNM, PROFUNDIDADE MAXIMA 54 M, DIAMETRO MAXIMO 1500 MM, POTENCIA MOTOR 268 HP	152284	44002	both	10
PERFURATRIZ HIDRAULICA SOBRE ESTEIRA, TORQUE MAXIMO 98 KNM, PROFUNDIDADE MAXIMA 25 M, DIAMETRO MAXIMO 115 MM, POTENCIA MOTOR 190 HP	152285	43886	both	10
"PERFURATRIZ MANUAL, TORQUE MAXIMO 83 N.M, POTENCIA 5 CV, COM DIAMETRO MAXIMO 4"", PARA SOLO GRAMPEADO (INCLUI SUPORTE OU CHASSI TIPO MESA)"	123497	40791	both	10
PERFURATRIZ PARA EXECUCAO DE ESTACAS SECANTES, TIPO HELICE CONTINUA COM CABECOTE DUPLO E TUBO METALICO 300 KW	152286	44003	both	33
PERFURATRIZ PARA FURO DIRECIONAL HORIZONTAL (HDD) COM CAPACIDADE ATE 89 KN, POTENCIA 24,8 HP A 80 HP (INCLUSO FERRAMENTAS E LOCALIZADOR), PARA REDE SUBTERRANEA	152287	44548	both	79
PERFURATRIZ PARA FURO DIRECIONAL HORIZONTAL (HDD) COM CAPACIDADE DE 201 KN A 560 KN, POTENCIA 200 HP A 260 HP (INCLUSO FERRAMENTAS E LOCALIZADOR), PARA REDE SUBTERRANEA	152288	44550	both	79
PERFURATRIZ PARA FURO DIRECIONAL HORIZONTAL (HDD) COM CAPACIDADE DE 90 KN A 200 KN, POTENCIA 100 HP A 160 HP (INCLUSO FERRAMENTAS E LOCALIZADOR), PARA REDE SUBTERRANEA	152289	44549	both	79
"PERFURATRIZ SOBRE ESTEIRA, TORQUE MAXIMO 600 KGF, PESO MEDIO 1000 KG, POTENCIA 20 HP, DIAMETRO MAXIMO 10"""	123500	39012	both	10
"PERFURATRIZ SOBRE ESTEIRA, TORQUE MAXIMO DE 600 KGF, POTENCIA ENTRE 50 E 60 HP, DIAMETRO MAXIMO DE 10"""	123499	40435	both	10
PERNEIRA DE RASPA COM VELCRO	152380	45265	both	-1
PICAPE CABINE SIMPLES COM MOTOR 1.6 FLEX, CAMBIO MANUAL, POTENCIA 101/104 CV, 2 PORTAS	123501	13617	both	7
PINGADEIRA PLASTICA PARA TELHA DE FIBROCIMENTO CANALETE 49/KALHETA OU CANALETE 90/KALHETAO	123506	11091	both	51
PINO DE ACO COM ARRUELA CONICA, DIAMETRO ARRUELA = *23* MM E COMP HASTE = *27* MM (ACAO INDIRETA)	123507	37586	both	-1
PINO DE ACO COM FURO, HASTE = 27 MM (ACAO DIRETA)	123508	37395	both	-1
PINO GUIA RETO, EM LATAO, CHAPA COM 3 MM DE ESPESSURA E GUIA COM ROLETE DE 9 MM	123512	43606	both	-1
PINO ROSCA EXTERNA, EM ACO GALVANIZADO, PARA ISOLADOR DE 15KV, DIAMETRO 25 MM, COMPRIMENTO *290* MM	123513	444	both	-1
PINO ROSCA EXTERNA, EM ACO GALVANIZADO, PARA ISOLADOR DE 25KV, DIAMETRO 35MM, COMPRIMENTO *320* MM	123514	445	both	108
PINTOR (MENSALISTA)	123516	41079	both	-1
PINTOR DE LETREIROS (MENSALISTA)	123518	41082	both	-1
PINTOR PARA TINTA EPOXI (MENSALISTA)	123520	41081	both	-1
PISO DE BORRACHA CANELADO EM PLACAS 50 X 50 CM, E = *3,5* MM, PARA COLA	123521	4801	both	17
PISO DE BORRACHA ESPORTIVO EM PLACAS 50 X 50 CM, E = 15 MM, PARA ARGAMASSA, PRETO	123522	4794	both	17
PISO DE BORRACHA FRISADO OU PASTILHADO, PRETO, EM PLACAS 50 X 50 CM, E = 7 MM, PARA ARGAMASSA	123523	4796	both	17
PISO DE BORRACHA PASTILHADO EM PLACAS 50 X 50 CM, E = *3,5* MM, PARA COLA, PRETO	123524	4800	both	17
PISO DE BORRACHA PASTILHADO EM PLACAS 50 X 50 CM, E = 15 MM, PARA ARGAMASSA, PRETO	123525	4795	both	17
PISO EM GRANILITE, MARMORITE OU GRANITINA, AGREGADO COR PRETO, CINZA, PALHA OU BRANCO, E= *8* MM (INCLUSO EXECUCAO)	123530	4786	both	24
PISO EM GRANITO, POLIDO, TIPO AMENDOA/ AMARELO CAPRI/ AMARELO DOURADO CARIOCA OU OUTROS EQUIVALENTES DA REGIAO, FORMATO MENOR OU IGUAL A 3025 CM2, E= *2* CM	123531	10840	both	24
PISO EM GRANITO, POLIDO, TIPO ANDORINHA/ QUARTZ/ CASTELO/ CORUMBA OU OUTROS EQUIVALENTES DA REGIAO, FORMATO MENOR OU IGUAL A 3025 CM2, E= *2* CM	123532	10841	both	24
PISO EM GRANITO, POLIDO, TIPO PRETO SAO GABRIEL/ TIJUCA OU OUTROS EQUIVALENTES DA REGIAO, FORMATO MENOR OU IGUAL A 3025 CM2, E= *2* CM	123534	10842	both	24
PISO EM PORCELANATO, RETIFICADO, LISO, MONOCOLOR, ACETINADO OU POLIDO, FORMATO MAIOR QUE 2500 ATE 6400 CM2	152348	45190	both	24
PISO EM PORCELANATO,RETIFICADO, LISO, MONOCOLOR, ACETINADO OU POLIDO, FORMATO MAIOR QUE 6400 CM2	152349	45191	both	24
PISO EM REGUA VINILICA SEMIFLEXIVEL, ENCAIXE CLICADO, E = 4 MM (SEM COLOCACAO)	123536	38180	both	59
PISO EPOXI AUTONIVELANTE, ESPESSURA *4* MM (INCLUSO EXECUCAO)	123537	40648	both	50
PISO EPOXI MULTILAYER, ESPESSURA *2* MM (INCLUSO EXECUCAO)	123538	40649	both	50
PISO FULGET (GRANITO LAVADO) EM PLACAS DE *40 X 40* CM, E = 2,0 CM (SEM COLOCACAO)	123539	40650	both	17
PISO FULGET (GRANITO LAVADO) EM PLACAS DE *75 X 75* CM, E = 2,0 CM (SEM COLOCACAO)	123540	40651	both	-1
PISO FULGET (GRANITO LAVADO) MOLDADO IN LOCO (INCLUSO EXECUCAO)	123541	40652	both	6
PISO INDUSTRIAL EM CONCRETO ARMADO DE ACABAMENTO POLIDO, ESPESSURA 12 CM (CIMENTO QUEIMADO) (INCLUSO EXECUCAO)	123542	40647	both	-1
PISO KORODUR (INCLUSO EXECUCAO)	123543	40653	both	-1
PISO TATIL ALERTA OU DIRECIONAL, DE BORRACHA, COLORIDO, 25 X 25 CM, E = 5 MM, PARA COLA	123546	38181	both	17
PISO TATIL DE ALERTA OU DIRECIONAL DE BORRACHA, PRETO, 25 X 25 CM, E = 5 MM, PARA COLA	123547	38182	both	17
PISO TATIL DE ALERTA OU DIRECIONAL, DE BORRACHA, COLORIDO, 25 X 25 CM, E = 12 MM, PARA ARGAMASSA	123548	38186	both	-1
PISO TATIL DE ALERTA OU DIRECIONAL, DE BORRACHA, PRETO, 25 X 25 CM, E = 12 MM, PARA ARGAMASSA	123549	38185	both	17
PISO/ REVESTIMENTO EM MARMORE, POLIDO, BRANCO COMUM, FORMATO MAIOR OU IGUAL A 3025 CM2, E = *2* CM	123552	4822	both	24
PISO/ REVESTIMENTO EM MARMORE, POLIDO, BRANCO COMUM, FORMATO MENOR OU IGUAL A 3025 CM2, E = *2* CM	123553	4818	both	24
PLACA / CHAPA DE GESSO ACARTONADO, ACABAMENTO VINILICO LISO EM UMA DAS FACES, COR BRANCA, BORDA QUADRADA, E = 9,5 MM, *625 X 1250* MM (L X C), PARA FORRO REMOVIVEL	123554	39567	both	-1
PLACA / CHAPA DE GESSO ACARTONADO, ACABAMENTO VINILICO LISO EM UMA DAS FACES, COR BRANCA, BORDA QUADRADA, E = 9,5 MM, *625 X 625* MM (L X C), PARA FORRO REMOVIVEL	123555	39566	both	-1
PLACA / CHAPA DE GESSO ACARTONADO, RESISTENTE A UMIDADE (RU), COR VERDE, E = 12,5 MM, 1200 X 1800 MM (L X C)	123556	39416	both	-1
PLACA / CHAPA DE GESSO ACARTONADO, RESISTENTE A UMIDADE (RU), COR VERDE, E = 12,5 MM, 1200 X 2400 MM (L X C)	123557	39417	both	-1
PLACA / CHAPA DE GESSO ACARTONADO, RESISTENTE AO FOGO (RF), COR ROSA, E = 12,5 MM, 1200 X 1800 MM (L X C)	123558	39414	both	-1
PLACA / CHAPA DE GESSO ACARTONADO, RESISTENTE AO FOGO (RF), COR ROSA, E = 12,5 MM, 1200 X 2400 MM (L X C)	123559	39415	both	-1
PLACA / CHAPA DE GESSO ACARTONADO, STANDARD (ST), COR BRANCA, E = 12,5 MM, 1200 X 1800 MM (L X C)	123560	39412	both	-1
PLACA / CHAPA DE GESSO ACARTONADO, STANDARD (ST), COR BRANCA, E = 12,5 MM, 1200 X 2400 MM (L X C)	123561	39413	both	-1
PLACA DE ACO ESMALTADA PARA IDENTIFICACAO DE RUA, *45 CM X 20* CM	123564	13521	both	-1
PLACA DE ACRILICO TRANSPARENTE ADESIVADA PARA SINALIZACAO DE PORTAS, BORDA POLIDA, DE *25 X 8*, E = 6 MM (NAO INCLUI ACESSORIOS PARA FIXACAO)	123565	10851	both	17
PLACA DE FIBRA MINERAL PARA FORRO, DE 1250 X 625 MM, E = 15 MM, BORDA RETA, COM PINTURA ANTIMOFO (NAO INCLUI PERFIS)	123566	39515	both	107
PLACA DE FIBRA MINERAL PARA FORRO, DE 625 X 625 MM, E = 15 MM, BORDA REBAIXADA PARA PERFIL 24 MM, COM PINTURA ANTIMOFO (NAO INCLUI PERFIS)	123567	39516	both	107
PLACA DE FIBRA MINERAL PARA FORRO, DE 625 X 625 MM, E = 15 MM, BORDA RETA, COM PINTURA ANTIMOFO (NAO INCLUI PERFIS)	123568	39514	both	107
PLACA DE GESSO PARA FORRO, *60 X 60* CM, ESPESSURA DE 12 MM (SEM COLOCACAO)	123569	4812	both	-1
PLACA DE INAUGURACAO EM BRONZE *35X 50*CM	123570	10849	both	-1
PLACA DE INAUGURACAO METALICA, *40* CM X *60* CM	123571	10848	both	2
PLACA DE SINALIZACAO DE SEGURANCA CONTRA INCENDIO - ALERTA, TRIANGULAR, BASE DE *30* CM, EM PVC *2* MM ANTI-CHAMAS (SIMBOLOS, CORES E PICTOGRAMAS CONFORME NBR 16820)	123573	37560	both	4
PLACA DE SINALIZACAO DE SEGURANCA CONTRA INCENDIO, FOTOLUMINESCENTE, QUADRADA, *14 X 14* CM, EM PVC *2* MM ANTI-CHAMAS (SIMBOLOS, CORES E PICTOGRAMAS CONFORME NBR 16820)	123574	37557	both	4
PLACA DE SINALIZACAO DE SEGURANCA CONTRA INCENDIO, FOTOLUMINESCENTE, QUADRADA, *20 X 20* CM, EM PVC *2* MM ANTI-CHAMAS (SIMBOLOS, CORES E PICTOGRAMAS CONFORME NBR 16820)	123575	37556	both	4
PLACA DE SINALIZACAO DE SEGURANCA CONTRA INCENDIO, FOTOLUMINESCENTE, RETANGULAR, *12 X 40* CM, EM PVC *2* MM ANTI-CHAMAS (SIMBOLOS, CORES E PICTOGRAMAS CONFORME NBR 16820)	123576	37559	both	4
PLACA DE SINALIZACAO DE SEGURANCA CONTRA INCENDIO, FOTOLUMINESCENTE, RETANGULAR, *13 X 26* CM, EM PVC *2* MM ANTI-CHAMAS (SIMBOLOS, CORES E PICTOGRAMAS CONFORME NBR 16820)	123577	37539	both	4
PLACA DE SINALIZACAO DE SEGURANCA CONTRA INCENDIO, FOTOLUMINESCENTE, RETANGULAR, *20 X 40* CM, EM PVC *2* MM ANTI-CHAMAS (SIMBOLOS, CORES E PICTOGRAMAS CONFORME NBR 16820)	123578	37558	both	4
PLACA DE SINALIZACAO EM CHAPA DE ACO NUM 16 COM PINTURA REFLETIVA	123579	34723	both	-1
PLACA DE SINALIZACAO EM CHAPA DE ALUMINIO COM PINTURA REFLETIVA, E = 2 MM	123580	34721	both	-1
PLACA DE VENTILACAO PARA TELHA DE FIBROCIMENTO CANALETE 49 KALHETA	123581	4309	both	51
PLACA DE VENTILACAO PARA TELHA DE FIBROCIMENTO, CANALETE 90 OU KALHETAO	123582	4307	both	51
PLACA NUMERACAO RESIDENCIAL EM CHAPA GALVANIZADA ESMALTADA 12 X 18 CM	123583	10850	both	-1
PLACA VINILICA SEMIFLEXIVEL PARA PISOS, E = 3,2 MM, 30 X 30 CM (SEM COLOCACAO)	123585	4792	both	-1
PLACA VINILICA SEMIFLEXIVEL PARA REVESTIMENTO DE PISOS E PAREDES, E = 2 MM (SEM COLOCACAO)	123586	4790	both	17
"PLACA/TAMPA CEGA EM LATAO ESCOVADO PARA CONDULETE EM LIGA DE ALUMINIO 4 X 4"""	123588	7552	both	43
"PLUG OU BUJAO DE FERRO GALVANIZADO, DE 1 1/2"""	123589	4893	both	91
"PLUG OU BUJAO DE FERRO GALVANIZADO, DE 1 1/4"""	123590	4894	both	91
"PLUG OU BUJAO DE FERRO GALVANIZADO, DE 1"""	123592	4890	both	91
"PLUG OU BUJAO DE FERRO GALVANIZADO, DE 1/2"""	123591	4888	both	91
"PLUG OU BUJAO DE FERRO GALVANIZADO, DE 2 1/2"""	123593	12411	both	91
"PLUG OU BUJAO DE FERRO GALVANIZADO, DE 2"""	123594	4891	both	91
"PLUG OU BUJAO DE FERRO GALVANIZADO, DE 3"""	123596	4892	both	91
"PLUG OU BUJAO DE FERRO GALVANIZADO, DE 3/4"""	123595	4889	both	91
"PLUG OU BUJAO DE FERRO GALVANIZADO, DE 4"""	123597	12412	both	91
PO DE PEDRA (POSTO PEDREIRA/FORNECEDOR, SEM FRETE)	123613	4741	both	-1
POCEIRO / ESCAVADOR DE VALAS E TUBULOES (MENSALISTA)	123615	41091	both	-1
POLIDORA DE PISO (POLITRIZ) ELETRICA, MOTOR MONOFASICO DE 4 HP, PESO DE 100 KG, DIAMETRO DO TRABALHO DE 450 MM	123616	13954	both	7
POLIESTIRENO EXPANDIDO/EPS (ISOPOR), PEROLAS, PARA CONCRETO LEVE	123617	3411	both	-1
POLIESTIRENO EXPANDIDO/EPS (ISOPOR), TIPO 2F, BLOCO	123618	39995	both	83
POLIESTIRENO EXPANDIDO/EPS (ISOPOR), TIPO 2F, PLACA, ISOLAMENTO TERMOACUSTICO, E = 10 MM, 1000 X 500 MM	123619	11615	both	83
POLIESTIRENO EXPANDIDO/EPS (ISOPOR), TIPO 2F, PLACA, ISOLAMENTO TERMOACUSTICO, E = 20 MM, 1000 X 500 MM	123620	3408	both	83
POLIESTIRENO EXPANDIDO/EPS (ISOPOR), TIPO 2F, PLACA, ISOLAMENTO TERMOACUSTICO, E = 50 MM, 1000 X 500 MM	123621	3409	both	83
POLVORA NEGRA	123622	11427	both	0
PONTALETE *7,5 X 7,5* CM EM PINUS, MISTA OU EQUIVALENTE DA REGIAO - BRUTA	123623	4491	both	3
"PONTEIRO DE ACO, LISO, REDONDO, 3/4"" X 10"""	152350	45238	both	50
PORCA OLHAL EM ACO GALVANIZADO, ESPESSURA 16MM, ABERTURA 21MM	123627	12362	both	-1
PORCA OLHAL M 16, EM ACO GALVANIZADO, DIAMETRO = 16 MM	123628	421	both	-1
"PORCA ZINCADA, QUADRADA, DIAMETRO 3/8"""	123630	4341	both	1
"PORCA ZINCADA, QUADRADA, DIAMETRO 5/8"""	123631	4337	both	1
"PORCA ZINCADA, SEXTAVADA, DIAMETRO 1"""	123634	11971	both	1
"PORCA ZINCADA, SEXTAVADA, DIAMETRO 1/2"""	123632	4339	both	1
"PORCA ZINCADA, SEXTAVADA, DIAMETRO 1/4"""	123633	39997	both	1
"PORCA ZINCADA, SEXTAVADA, DIAMETRO 3/8"""	123635	4342	both	1
"PORCA ZINCADA, SEXTAVADA, DIAMETRO 5/16"""	123636	4330	both	1
"PORCA ZINCADA, SEXTAVADA, DIAMETRO 5/8"""	123637	4340	both	1
"PORTA CADEADO EM ACO GALVANIZADO, COMPRIMENTO DE 3 1/2"""	123638	5088	both	94
PORTA DE ABRIR / GIRO, DE MADEIRA FOLHA MEDIA (NBR 15930) DE 1000 X 2100 MM, DE 35 MM A 40 MM DE ESPESSURA, NUCLEO SEMI-SOLIDO (SARRAFEADO), CAPA LISA EM HDF, ACABAMENTO EM LAMINADO NATURAL PARA VERNIZ	123640	4989	both	41
PORTA DE ABRIR / GIRO, DE MADEIRA FOLHA MEDIA (NBR 15930) DE 1000 X 2100 MM, DE 35 MM A 40 MM DE ESPESSURA, NUCLEO SEMI-SOLIDO (SARRAFEADO), CAPA LISA EM HDF, ACABAMENTO EM PRIMER PARA PINTURA	123641	4982	both	41
PORTA DE ABRIR / GIRO, DE MADEIRA FOLHA MEDIA (NBR 15930) DE 700 X 2100 MM, DE 35 MM A 40 MM DE ESPESSURA, NUCLEO SEMI-SOLIDO (SARRAFEADO), CAPA FRISADA EM HDF, ACABAMENTO MELAMINICO EM PADRAO MADEIRA	123642	4962	both	41
PORTA DE ABRIR / GIRO, DE MADEIRA FOLHA MEDIA (NBR 15930) DE 700 X 2100 MM, DE 35 MM A 40 MM DE ESPESSURA, NUCLEO SEMI-SOLIDO (SARRAFEADO), CAPA LISA EM HDF, ACABAMENTO EM LAMINADO NATURAL PARA VERNIZ	123643	4981	both	41
PORTA DE ABRIR / GIRO, DE MADEIRA FOLHA MEDIA (NBR 15930) DE 800 X 2100 MM, DE 35 MM A 40 MM DE ESPESSURA, NUCLEO SEMI-SOLIDO (SARRAFEADO), CAPA FRISADA EM HDF, ACABAMENTO MELAMINICO EM PADRAO MADEIRA	123644	4964	both	41
PORTA DE ABRIR / GIRO, DE MADEIRA FOLHA MEDIA (NBR 15930) DE 800 X 2100 MM, DE 35 MM A 40 MM DE ESPESSURA, NUCLEO SEMI-SOLIDO (SARRAFEADO), CAPA LISA EM HDF, ACABAMENTO EM LAMINADO NATURAL PARA VERNIZ	123645	4992	both	41
PORTA DE ABRIR / GIRO, DE MADEIRA FOLHA MEDIA (NBR 15930) DE 900 X 2100 MM, DE 35 MM A 40 MM DE ESPESSURA, NUCLEO SEMI-SOLIDO (SARRAFEADO), CAPA LISA EM HDF, ACABAMENTO EM LAMINADO NATURAL PARA VERNIZ	123646	4987	both	41
PORTA DE ABRIR EM ALUMINIO COM LAMBRI HORIZONTAL/LAMINADA, ACABAMENTO ANODIZADO NATURAL, SEM GUARNICAO/ALIZAR/VISTA	123650	4914	both	13
PORTA DE ABRIR EM ALUMINIO TIPO VENEZIANA, ACABAMENTO ANODIZADO NATURAL, SEM GUARNICAO/ALIZAR/VISTA	123651	4917	both	13
PORTA DE CORRER EM ALUMINIO, DUAS FOLHAS MOVEIS COM VIDRO, FECHADURA E PUXADOR EMBUTIDO, ACABAMENTO ANODIZADO NATURAL, SEM GUARNICAO/ALIZAR/VISTA	123654	4922	both	13
PORTA DE ENROLAR MANUAL COMPLETA, ARTICULADA RAIADA LARGA, EM ACO GALVANIZADO NATURAL, CHAPA NUMERO 24 (SEM INSTALACAO)	123655	4911	both	-1
PORTA DE ENROLAR MANUAL COMPLETA, PERFIL MEIA CANA CEGA, EM ACO GALVANIZADO NATURAL, CHAPA NUMERO 24 (SEM INSTALACAO)	123657	4910	both	-1
PORTA DE ENROLAR MANUAL COMPLETA, PERFIL MEIA CANA VAZADA TIJOLINHO, EM ACO GALVANIZADO NATURAL, CHAPA NUMERO 24 (SEM INSTALACAO)	123658	4943	both	-1
PORTA DE MADEIRA QUADRICULADA PARA VIDRO, DE CORRER (EUCALIPTO OU EQUIVALENTE REGIONAL), E = *3,5* CM	123659	5002	both	24
PORTA DE MADEIRA TIPO VENEZIANA (EUCALIPTO OU EQUIVALENTE REGIONAL), E = *3,5* CM	123660	4977	both	24
PORTA DE MADEIRA, FOLHA LEVE (NBR 15930) DE 600 X 2100 MM, DE 35 MM A 40 MM DE ESPESSURA, NUCLEO COLMEIA, CAPA LISA EM HDF, ACABAMENTO EM PRIMER PARA PINTURA	123664	11364	both	61
PORTA DE MADEIRA, FOLHA LEVE (NBR 15930) DE 700 X 2100 MM, DE 35 MM A 40 MM DE ESPESSURA, NUCLEO COLMEIA, CAPA LISA EM HDF, ACABAMENTO EM PRIMER PARA PINTURA	123665	11365	both	61
PORTA DE MADEIRA, FOLHA LEVE (NBR 15930) DE 800 X 2100 MM, DE 35 MM A 40 MM DE ESPESSURA, NUCLEO COLMEIA, CAPA LISA EM HDF, ACABAMENTO EM PRIMER PARA PINTURA	123666	11366	both	61
PORTA DE MADEIRA, FOLHA LEVE (NBR 15930), DE 600 X 2100 MM, E = 35 MM, NUCLEO COLMEIA, CAPA LISA EM HDF, ACABAMENTO MELAMINICO EM PADRAO MADEIRA	123667	43777	both	61
PORTA DE MADEIRA, FOLHA MEDIA (NBR 15930) DE 600 X 2100 MM, DE 35 MM A 40 MM DE ESPESSURA, NUCLEO SEMI-SOLIDO (SARRAFEADO), CAPA FRISADA EM HDF, ACABAMENTO MELAMINICO EM PADRAO MADEIRA	123668	20322	both	41
PORTA DE MADEIRA, FOLHA MEDIA (NBR 15930) DE 600 X 2100 MM, DE 35 MM A 40 MM DE ESPESSURA, NUCLEO SEMI-SOLIDO (SARRAFEADO), CAPA LISA EM HDF, ACABAMENTO EM PRIMER PARA PINTURA	123669	10553	both	41
PORTA DE MADEIRA, FOLHA MEDIA (NBR 15930) DE 600 X 2100 MM, DE 35 MM A 40 MM DE ESPESSURA, NUCLEO SEMI-SOLIDO (SARRAFEADO), CAPA LISA EM HDF, ACABAMENTO LAMINADO NATURAL PARA VERNIZ	123670	5020	both	41
PORTA DE MADEIRA, FOLHA MEDIA (NBR 15930) DE 700 X 2100 MM, DE 35 MM A 40 MM DE ESPESSURA, NUCLEO SEMI-SOLIDO (SARRAFEADO), CAPA LISA EM HDF, ACABAMENTO EM PRIMER PARA PINTURA	123671	10554	both	41
PORTA DE MADEIRA, FOLHA MEDIA (NBR 15930) DE 800 X 2100 MM, DE 35 MM A 40 MM DE ESPESSURA, NUCLEO SEMI-SOLIDO (SARRAFEADO), CAPA LISA EM HDF, ACABAMENTO EM PRIMER PARA PINTURA	123672	10555	both	41
PORTA DE MADEIRA, FOLHA MEDIA (NBR 15930) DE 900 X 2100 MM, DE 35 MM A 40 MM DE ESPESSURA, NUCLEO SEMI-SOLIDO (SARRAFEADO), CAPA LISA EM HDF, ACABAMENTO EM PRIMER PARA PINTURA	123673	10556	both	41
PORTA DE MADEIRA, FOLHA PESADA (NBR 15930) DE 800 X 2100 MM, DE 40 MM A 45 MM DE ESPESSURA, NUCLEO SOLIDO, CAPA LISA EM HDF, ACABAMENTO EM LAMINADO NATURAL PARA VERNIZ	123674	39502	both	61
PORTA DE MADEIRA, FOLHA PESADA (NBR 15930) DE 800 X 2100 MM, DE 40 MM A 45 MM DE ESPESSURA, NUCLEO SOLIDO, CAPA LISA EM HDF, ACABAMENTO EM PRIMER PARA PINTURA	123675	39504	both	61
PORTA DE MADEIRA, FOLHA PESADA (NBR 15930) DE 900 X 2100 MM, DE 40 MM A 45 MM DE ESPESSURA, NUCLEO SOLIDO, CAPA LISA EM HDF, ACABAMENTO EM LAMINADO NATURAL PARA VERNIZ	123676	39503	both	61
PORTA DE MADEIRA, FOLHA PESADA (NBR 15930) DE 900 X 2100 MM, DE 40 MM A 45 MM DE ESPESSURA, NUCLEO SOLIDO, CAPA LISA EM HDF, ACABAMENTO EM PRIMER PARA PINTURA	123677	39505	both	61
PORTA DE MADEIRA-DE-LEI QUADRICULADA PARA VIDRO, DE CORRER (ANGELIM OU EQUIVALENTE REGIONAL), E = *3,5* CM	123661	5028	both	24
PORTA DE MADEIRA-DE-LEI TIPO VENEZIANA (ANGELIM OU EQUIVALENTE REGIONAL), E = *3,5* CM	123663	4969	both	24
PORTA DENTE PARA FRESADORA	123678	44471	both	-1
PORTA TOALHA BANHO EM METAL CROMADO, TIPO BARRA	123680	21102	both	25
PORTA TOALHA ROSTO EM METAL CROMADO, TIPO ARGOLA	123681	21101	both	25
PORTA VIDRO TEMPERADO INCOLOR, 2 FOLHAS DE CORRER, E = 10 MM (SEM FERRAGENS E SEM COLOCACAO)	123682	34713	both	-1
PORTAO DE CORRER EM CHAPA TIPO PAINEL LAMBRIL QUADRADO, COM PORTA SOCIAL COMPLETA INCLUIDA, COM REQUADRO, ACABAMENTO NATURAL, COM TRILHOS E ROLDANAS	123686	37561	both	6
"PORTAO DE CORRER EM GRADIL FIXO DE BARRA DE FERRO CHATA DE 3 X 1/4"" NA VERTICAL, SEM REQUADRO, ACABAMENTO NATURAL, COM TRILHOS E ROLDANAS"	123687	37562	both	6
POSTE CONICO CONTINUO EM ACO GALVANIZADO, CURVO, BRACO DUPLO, FLANGEADO, H = 9 M, DIAMETRO INFERIOR = *135* MM	123689	14163	both	-1
POSTE CONICO CONTINUO EM ACO GALVANIZADO, CURVO, BRACO SIMPLES, ENGASTADO, H = 9 M, DIAMETRO INFERIOR = *135* MM	123690	5051	both	-1
POSTE CONICO CONTINUO EM ACO GALVANIZADO, CURVO, BRACO SIMPLES, FLANGEADO, H = 7 M, DIAMETRO INFERIOR = *125* MM	123692	5052	both	-1
POSTE CONICO CONTINUO EM ACO GALVANIZADO, CURVO, BRACO SIMPLES, FLANGEADO, H = 9 M, DIAMETRO INFERIOR = *135* MM	123691	14162	both	-1
POSTE CONICO CONTINUO EM ACO GALVANIZADO, RETO, ENGASTADO, H = 7 M, DIAMETRO INFERIOR = *125* MM	123693	14166	both	-1
POSTE CONICO CONTINUO EM ACO GALVANIZADO, RETO, ENGASTADO, H = 9 M, DIAMETRO INFERIOR = *145* MM	123694	14165	both	-1
POSTE CONICO CONTINUO EM ACO GALVANIZADO, RETO, FLANGEADO, H = 3 M, DIAMETRO INFERIOR = *95* MM	123695	5050	both	-1
POSTE DECORATIVO PARA JARDIM EM ACO TUBULAR, SEM LUMINARIA, H = *2,5* M	123710	12388	both	23
POSTE ROLICO DE MADEIRA TRATADA, D = 20 A 25 CM, H = 12,00 M, EM EUCALIPTO OU EQUIVALENTE DA REGIAO	123713	2731	both	17
PREGO DE ACO POLIDO COM CABECA 10 X 10 (7/8 X 17)	123724	5065	both	102
PREGO DE ACO POLIDO COM CABECA 10 X 11 (1 X 17)	123725	5072	both	102
PREGO DE ACO POLIDO COM CABECA 12 X 12	123726	5066	both	102
PREGO DE ACO POLIDO COM CABECA 14 X 18 (1 1/2 X 14)	123727	5063	both	102
PREGO DE ACO POLIDO COM CABECA 15 X 15 (1 1/4 X 13)	123728	20247	both	102
PREGO DE ACO POLIDO COM CABECA 15 X 18 (1 1/2 X 13)	123729	5074	both	102
PREGO DE ACO POLIDO COM CABECA 16 X 24 (2 1/4 X 12)	123730	5067	both	102
PREGO DE ACO POLIDO COM CABECA 16 X 27 (2 1/2 X 12)	123731	5078	both	102
PREGO DE ACO POLIDO COM CABECA 17 X 21 (2 X 11)	123732	5068	both	102
PREGO DE ACO POLIDO COM CABECA 17 X 24 (2 1/4 X 11)	123733	5073	both	102
PREGO DE ACO POLIDO COM CABECA 17 X 27 (2 1/2 X 11)	123734	5069	both	102
PREGO DE ACO POLIDO COM CABECA 17 X 30 (2 3/4 X 11)	123735	5070	both	102
PREGO DE ACO POLIDO COM CABECA 18 X 24 (2 1/4 X 10)	123736	5071	both	102
PREGO DE ACO POLIDO COM CABECA 18 X 27 (2 1/2 X 10)	123737	5061	both	102
PREGO DE ACO POLIDO COM CABECA 18 X 30 (2 3/4 X 10)	123738	5075	both	102
PREGO DE ACO POLIDO COM CABECA 19 X 33 (3 X 9)	123740	5062	both	102
PREGO DE ACO POLIDO COM CABECA 19 X 36 (3 1/4 X 9)	123739	39027	both	102
PREGO DE ACO POLIDO COM CABECA 22 X 48 (4 1/4 X 5)	123741	40568	both	102
PREGO DE ACO POLIDO COM CABECA DUPLA 17 X 27 (2 1/2 X 11)	123723	40304	both	102
PREGO DE ACO POLIDO SEM CABECA 15 X 15 (1 1/4 X 13)	123742	39026	both	102
PRESSAO DE PERNAS TRIPLO, EM TUBO DE ACO CARBONO, PINTURA NO PROCESSO ELETROSTATICO - EQUIPAMENTO DE GINASTICA PARA ACADEMIA AO AR LIVRE / ACADEMIA DA TERCEIRA IDADE - ATI	123743	42431	both	-1
PRIMER PARA MANTA ASFALTICA A BASE DE ASFALTO MODIFICADO DILUIDO EM SOLVENTE, APLICACAO A FRIO	123745	511	both	-1
PROJETOR DE ARGAMASSA, CAPACIDADE DE PROJECAO 1,5 M3/H, ALCANCE DA PROJECAO 30 ATE 60 M, MOTOR ELETRICO TRIFASICO	123746	37540	both	7
PROJETOR DE ARGAMASSA, CAPACIDADE DE PROJECAO 2,0 M3/H, ALCANCE DA PROJECAO ATE 50 M, MOTOR ELETRICO TRIFASICO	123747	37548	both	7
PROTETOR AUDITIVO TIPO CONCHA COM ABAFADOR DE RUIDOS, ATENUACAO ACIMA DE 22 DB	123754	36143	both	-1
PROTETOR AUDITIVO TIPO PLUG DE INSERCAO COM CORDAO, ATENUACAO SUPERIOR A 15 DB	123755	36142	both	-1
PROTETOR FACIAL ARCO ELETRICO, COM QUEIXEIRA E LENTE EM POLICARBONATO, CAPACETE INCLUIDO	152290	45227	both	-1
PROTETOR FACIAL DE POLICARBONATO, 200 MM X *390* MM, COM COROA E CARNEIRA	152291	45209	both	14
PROTETOR SOLAR FPS 30, EMBALAGEM 2 LITROS	123756	36146	both	-1
"PROTETOR/PONTEIRA PLASTICA PARA PONTA DE VERGALHAO DE ATE 1"", TIPO PROTETOR DE ESPERA"	123757	39015	both	-1
PULSADOR CAMPAINHA 10A, 250V (APENAS MODULO)	123760	38116	both	39
"PULSADOR CAMPAINHA 10A, 250V, CONJUNTO MONTADO PARA EMBUTIR 4"" X 2"" (PLACA + SUPORTE + MODULO)"	123761	38066	both	39
PULSADOR MINUTERIA 10A, 250V (APENAS MODULO)	123762	38117	both	39
"PULSADOR MINUTERIA 10A, 250V, CONJUNTO MONTADO PARA EMBUTIR 4"" X 2"" (PLACA + SUPORTE + MODULO)"	123763	38067	both	39
"PUNHO PARA PERFURATRIZ DE ESTEIRA T38, D = 1 1/2"" (38 MM), C = 380 MM"	152351	44313	both	17
PUXADOR DE EMBUTIR TIPO CONCHA, COM FURO PARA CHAVE, EM LATAO CROMADO, COMPRIMENTO DE APROX *100* MM E LARGURA DE APROX *40* MM	123764	11522	both	51
PUXADOR TIPO ALCA, EM ZAMAC CROMADO, COM COMPRIMENTO DE APROX 150 MM, COM ROSETA PARA PORTAS DE MADEIRAS, INCLUINDO PARAFUSOS	123765	43600	both	6
PUXADOR TIPO ALCA, EM ZAMAC CROMADO, COM ROSETAS, COMPRIMENTO DE APROX *100* MM, PARA PORTAS E JANELAS DE MADEIRA, INCLUINDO PARAFUSOS	123766	5080	both	6
"PUXADOR TUBULAR RETO DUPLO, EM ALUMINIO CROMADO, COMPRIMENTO DE APROX 400 MM E DIAMETRO DE 25 MM (1"")"	123767	38168	both	-1
PUXADOR TUBULAR RETO SIMPLES, EM ALUMINIO CROMADO, COM COMPRIMENTO DE APROX 400 MM E DIAMETRO DE 25 MM	123768	43601	both	-1
QUADRO DE DISTRIBUICAO COM BARRAMENTO TRIFASICO, DE EMBUTIR, EM CHAPA DE ACO GALVANIZADO, PARA 12 DISJUNTORES DIN, 100 A	123769	13393	both	51
QUADRO DE DISTRIBUICAO COM BARRAMENTO TRIFASICO, DE EMBUTIR, EM CHAPA DE ACO GALVANIZADO, PARA 24 DISJUNTORES DIN, 100 A	123771	12039	both	51
QUADRO DE DISTRIBUICAO COM BARRAMENTO TRIFASICO, DE EMBUTIR, EM CHAPA DE ACO GALVANIZADO, PARA 28 DISJUNTORES DIN, 100 A	123772	13396	both	51
QUADRO DE DISTRIBUICAO COM BARRAMENTO TRIFASICO, DE EMBUTIR, EM CHAPA DE ACO GALVANIZADO, PARA 30 DISJUNTORES DIN, 150 A	123773	12041	both	51
QUADRO DE DISTRIBUICAO COM BARRAMENTO TRIFASICO, DE EMBUTIR, EM CHAPA DE ACO GALVANIZADO, PARA 30 DISJUNTORES DIN, 225 A	123774	12043	both	51
QUADRO DE DISTRIBUICAO COM BARRAMENTO TRIFASICO, DE EMBUTIR, EM CHAPA DE ACO GALVANIZADO, PARA 36 DISJUNTORES DIN, 100 A	123775	39762	both	51
QUADRO DE DISTRIBUICAO COM BARRAMENTO TRIFASICO, DE EMBUTIR, EM CHAPA DE ACO GALVANIZADO, PARA 40 DISJUNTORES DIN, 100 A	123776	12042	both	51
QUADRO DE DISTRIBUICAO COM BARRAMENTO TRIFASICO, DE EMBUTIR, EM CHAPA DE ACO GALVANIZADO, PARA 48 DISJUNTORES DIN, 100 A	123777	39763	both	51
QUADRO DE DISTRIBUICAO COM BARRAMENTO TRIFASICO, DE SOBREPOR, EM CHAPA DE ACO GALVANIZADO, PARA *42* DISJUNTORES DIN, 100 A	123778	39760	both	51
QUADRO DE DISTRIBUICAO COM BARRAMENTO TRIFASICO, DE SOBREPOR, EM CHAPA DE ACO GALVANIZADO, PARA 12 DISJUNTORES DIN, 100 A	123779	39756	both	51
QUADRO DE DISTRIBUICAO COM BARRAMENTO TRIFASICO, DE SOBREPOR, EM CHAPA DE ACO GALVANIZADO, PARA 18 DISJUNTORES DIN, 100 A	123780	12038	both	51
QUADRO DE DISTRIBUICAO COM BARRAMENTO TRIFASICO, DE SOBREPOR, EM CHAPA DE ACO GALVANIZADO, PARA 28 DISJUNTORES DIN, 100 A	123781	39757	both	51
QUADRO DE DISTRIBUICAO COM BARRAMENTO TRIFASICO, DE SOBREPOR, EM CHAPA DE ACO GALVANIZADO, PARA 30 DISJUNTORES DIN, 100 A	123782	39758	both	51
QUADRO DE DISTRIBUICAO COM BARRAMENTO TRIFASICO, DE SOBREPOR, EM CHAPA DE ACO GALVANIZADO, PARA 36 DISJUNTORES DIN, 100 A	123783	39759	both	51
QUADRO DE DISTRIBUICAO COM BARRAMENTO TRIFASICO, DE SOBREPOR, EM CHAPA DE ACO GALVANIZADO, PARA 48 DISJUNTORES DIN, 100 A	123784	39761	both	51
QUADRO DE DISTRIBUICAO, EM PVC, DE EMBUTIR, COM BARRAMENTO TERRA / NEUTRO, PARA 12 DISJUNTORES NEMA OU 16 DISJUNTORES DIN	123785	39805	both	-1
QUADRO DE DISTRIBUICAO, EM PVC, DE EMBUTIR, COM BARRAMENTO TERRA / NEUTRO, PARA 18 DISJUNTORES NEMA OU 24 DISJUNTORES DIN	123786	39806	both	-1
QUADRO DE DISTRIBUICAO, EM PVC, DE EMBUTIR, COM BARRAMENTO TERRA / NEUTRO, PARA 27 DISJUNTORES NEMA OU 36 DISJUNTORES DIN	123787	39807	both	-1
QUADRO DE DISTRIBUICAO, EM PVC, DE EMBUTIR, COM BARRAMENTO TERRA / NEUTRO, PARA 48 DISJUNTORES DIN	123788	43100	both	-1
QUADRO DE DISTRIBUICAO, EM PVC, DE EMBUTIR, COM BARRAMENTO TERRA / NEUTRO, PARA 6 DISJUNTORES NEMA OU 8 DISJUNTORES DIN	123789	39804	both	-1
QUADRO DE DISTRIBUICAO, SEM BARRAMENTO, EM PVC, DE EMBUTIR, PARA 12 DISJUNTORES NEMA OU 16 DISJUNTORES DIN	123790	39796	both	-1
QUADRO DE DISTRIBUICAO, SEM BARRAMENTO, EM PVC, DE EMBUTIR, PARA 18 DISJUNTORES NEMA OU 24 DISJUNTORES DIN	123791	39797	both	-1
QUADRO DE DISTRIBUICAO, SEM BARRAMENTO, EM PVC, DE EMBUTIR, PARA 27 DISJUNTORES NEMA OU 36 DISJUNTORES DIN	123792	39798	both	-1
QUADRO DE DISTRIBUICAO, SEM BARRAMENTO, EM PVC, DE EMBUTIR, PARA 3 DISJUNTORES NEMA OU 4 DISJUNTORES DIN	123793	39794	both	-1
QUADRO DE DISTRIBUICAO, SEM BARRAMENTO, EM PVC, DE EMBUTIR, PARA 6 DISJUNTORES NEMA OU 8 DISJUNTORES DIN	123794	39795	both	-1
QUADRO DE DISTRIBUICAO, SEM BARRAMENTO, EM PVC, DE SOBREPOR, PARA 12 DISJUNTORES NEMA OU 16 DISJUNTORES DIN	123796	39801	both	-1
QUADRO DE DISTRIBUICAO, SEM BARRAMENTO, EM PVC, DE SOBREPOR, PARA 18 DISJUNTORES NEMA OU 24 DISJUNTORES DIN	123797	39802	both	-1
QUADRO DE DISTRIBUICAO, SEM BARRAMENTO, EM PVC, DE SOBREPOR, PARA 27 DISJUNTORES NEMA OU 36 DISJUNTORES DIN	123798	39803	both	-1
QUADRO DE DISTRIBUICAO, SEM BARRAMENTO, EM PVC, DE SOBREPOR, PARA 3 DISJUNTORES NEMA OU 4 DISJUNTORES DIN	123795	39799	both	-1
QUADRO DE DISTRIBUICAO, SEM BARRAMENTO, EM PVC, DE SOBREPOR, PARA 6 DISJUNTORES NEMA OU 8 DISJUNTORES DIN	123799	39800	both	-1
RALO FOFO COM REQUADRO, QUADRADO 150 X 150 MM	123800	21059	both	-1
RALO FOFO COM REQUADRO, QUADRADO 200 X 200 MM	123801	11234	both	-1
RALO FOFO COM REQUADRO, QUADRADO 250 X 250 MM	123802	21060	both	-1
RALO FOFO COM REQUADRO, QUADRADO 300 X 300 MM	123803	21061	both	-1
RALO FOFO COM REQUADRO, QUADRADO 400 X 400 MM	123804	21062	both	-1
RALO FOFO SEMIESFERICO, 100 MM, PARA LAJES/ CALHAS	123805	11708	both	68
RALO FOFO SEMIESFERICO, 150 MM, PARA LAJES/ CALHAS	123806	11709	both	68
RALO FOFO SEMIESFERICO, 200 MM, PARA LAJES/ CALHAS	123807	11710	both	68
RALO FOFO SEMIESFERICO, 75 MM, PARA LAJES/ CALHAS	123808	11707	both	68
RECICLADORA DE ASFALTO A FRIO SOBRE RODAS, LARG. FRESAGEM 2,00 M, POT. 315 KW/422 HP	123830	14575	both	10
REDUCAO CONCENTRICA PARA ELETROCALHA, PERFURADA, EM CHAPA DE ACO GALVANIZADO ESPESSURA #14, (700 X 600 MM) X 50 MM, SEM VIROLA, SEM TAMPA	152292	44048	both	47
REDUCAO CONCENTRICA PARA ELETROCALHA, PERFURADA, EM CHAPA DE ACO GALVANIZADO ESPESSURA #14, (800 X 700 MM) X 50 MM, SEM VIROLA, SEM TAMPA	152293	44026	both	47
REDUCAO CONCENTRICA PARA ELETROCALHA, PERFURADA, EM CHAPA DE ACO GALVANIZADO ESPESSURA #16, (500 X 400 MM) X 50 MM (L X A), SEM VIROLA, SEM TAMPA	152294	44024	both	47
REDUCAO CONCENTRICA PARA ELETROCALHA, PERFURADA, EM CHAPA DE ACO GALVANIZADO ESPESSURA #16, (600 X 500 MM) X 50 MM, SEM VIROLA, SEM TAMPA	152295	44025	both	47
REDUCAO CONCENTRICA PARA ELETROCALHA, PERFURADA, EM CHAPA DE ACO GALVANIZADO ESPESSURA #18, (300 X 250 MM) X 50 MM (L X A), SEM VIROLA, SEM TAMPA	152296	44022	both	47
REDUCAO CONCENTRICA PARA ELETROCALHA, PERFURADA, EM CHAPA DE ACO GALVANIZADO ESPESSURA #18, (400 X 300 MM) X 50 MM (L X A), SEM VIROLA, SEM TAMPA	152297	44023	both	47
REDUCAO CONCENTRICA PARA ELETROCALHA, PERFURADA, EM CHAPA DE ACO GALVANIZADO ESPESSURA #22, (100 X 75 MM) X 50 MM (L X A), SEM VIROLA, SEM TAMPA	152298	43966	both	47
REDUCAO CONCENTRICA PARA ELETROCALHA, PERFURADA, EM CHAPA DE ACO GALVANIZADO ESPESSURA #22, (125 X100 MM) X 50 MM (L X A), SEM VIROLA, SEM TAMPA	152299	43967	both	47
REDUCAO CONCENTRICA PARA ELETROCALHA, PERFURADA, EM CHAPA DE ACO GALVANIZADO ESPESSURA #22, (150 X125 MM) X 50 MM (L X A), SEM VIROLA, SEM TAMPA	152300	43968	both	47
REDUCAO CONCENTRICA PARA ELETROCALHA, PERFURADA, EM CHAPA DE ACO GALVANIZADO ESPESSURA #22, (200 X 150 MM) X 50 MM (L X A), SEM VIROLA, SEM TAMPA	152301	43969	both	47
REDUCAO CONCENTRICA PARA ELETROCALHA, PERFURADA, EM CHAPA DE ACO GALVANIZADO ESPESSURA #22, (250 X 200 MM) X 50 MM (L X A), SEM VIROLA, SEM TAMPA	152302	44021	both	47
REDUCAO CONCENTRICA PARA ELETROCALHA, PERFURADA, EM CHAPA DE ACO GALVANIZADO ESPESSURA #22, (75 X 50 MM) X 50 MM (L X A), SEM VIROLA, SEM TAMPA	152303	43970	both	47
"REDUCAO FIXA TIPO STORZ, ENGATE RAPIDO 2.1/2"" X 1.1/2"", EM LATAO, PARA INSTALACAO PREDIAL COMBATE A INCENDIO PREDIAL"	123840	20972	both	40
REDUCAO PVC PBA, JE, PB, DN 100 X 50 / DE 110 X 60 MM, PARA REDE DE AGUA	123842	11321	both	5
REDUCAO PVC PBA, JE, PB, DN 100 X 75 / DE 110 X 85 MM, PARA REDE DE AGUA	123843	11323	both	5
REDUCAO PVC PBA, JE, PB, DN 75 X 50 / DE 85 X 60 MM, PARA REDE DE AGUA	123844	20327	both	5
REGISTRO DE ESFERA DE PASSEIO, PVC PARA POLIETILENO, 20 MM	123846	6034	both	34
"REGISTRO DE ESFERA PVC, COM BORBOLETA, COM ROSCA EXTERNA, DE 1/2"""	123847	6036	both	-1
"REGISTRO DE ESFERA PVC, COM BORBOLETA, COM ROSCA EXTERNA, DE 3/4"""	123848	6031	both	-1
"REGISTRO DE ESFERA PVC, COM CABECA QUADRADA, COM ROSCA EXTERNA, 1/2"""	123849	6029	both	-1
"REGISTRO DE ESFERA PVC, COM CABECA QUADRADA, COM ROSCA EXTERNA, 3/4"""	123850	6033	both	-1
"REGISTRO DE ESFERA, PVC, COM VOLANTE, VS, ROSCAVEL, DN 1 1/2"", COM CORPO DIVIDIDO"	123851	11672	both	-1
"REGISTRO DE ESFERA, PVC, COM VOLANTE, VS, ROSCAVEL, DN 1 1/4"", COM CORPO DIVIDIDO"	123852	11669	both	-1
"REGISTRO DE ESFERA, PVC, COM VOLANTE, VS, ROSCAVEL, DN 1"", COM CORPO DIVIDIDO"	123854	20055	both	-1
"REGISTRO DE ESFERA, PVC, COM VOLANTE, VS, ROSCAVEL, DN 1/2"", COM CORPO DIVIDIDO"	123853	11670	both	-1
"REGISTRO DE ESFERA, PVC, COM VOLANTE, VS, ROSCAVEL, DN 2"", COM CORPO DIVIDIDO"	123855	11671	both	-1
"REGISTRO DE ESFERA, PVC, COM VOLANTE, VS, ROSCAVEL, DN 3/4"", COM CORPO DIVIDIDO"	123856	6032	both	-1
REGISTRO DE ESFERA, PVC, COM VOLANTE, VS, SOLDAVEL, DN 20 MM, COM CORPO DIVIDIDO	123857	11673	both	-1
REGISTRO DE ESFERA, PVC, COM VOLANTE, VS, SOLDAVEL, DN 25 MM, COM CORPO DIVIDIDO	123858	11674	both	-1
REGISTRO DE ESFERA, PVC, COM VOLANTE, VS, SOLDAVEL, DN 32 MM, COM CORPO DIVIDIDO	123859	11675	both	-1
REGISTRO DE ESFERA, PVC, COM VOLANTE, VS, SOLDAVEL, DN 40 MM, COM CORPO DIVIDIDO	123860	11676	both	-1
REGISTRO DE ESFERA, PVC, COM VOLANTE, VS, SOLDAVEL, DN 50 MM, COM CORPO DIVIDIDO	123861	11677	both	-1
REGISTRO DE ESFERA, PVC, COM VOLANTE, VS, SOLDAVEL, DN 60 MM, COM CORPO DIVIDIDO	123862	11678	both	-1
"REGISTRO DE PRESSAO PVC, ROSCAVEL, VOLANTE SIMPLES, DE 1/2"""	123863	6038	both	9
"REGISTRO DE PRESSAO PVC, ROSCAVEL, VOLANTE SIMPLES, DE 3/4"""	123864	11718	both	9
REGISTRO DE PRESSAO PVC, SOLDAVEL, VOLANTE SIMPLES, DE 20 MM	123865	6037	both	9
REGISTRO DE PRESSAO PVC, SOLDAVEL, VOLANTE SIMPLES, DE 25 MM	123866	11719	both	9
REGISTRO OU REGULADOR DE GAS COZINHA, VAZAO DE 2 KG/H, 2,8 KPA	123881	11756	both	10
"REGISTRO OU VALVULA GLOBO ANGULAR EM LATAO, PARA HIDRANTES EM INSTALACAO PREDIAL DE INCENDIO, 45 GRAUS, DIAMETRO DE 2 1/2"", COM VOLANTE, CLASSE DE PRESSAO DE ATE 200 PSI"	123882	10904	both	56
REGUA DE ALUMINIO PARA PEDREIRO 2 M X *25,5* MM	152352	45394	both	22
REGUA VIBRADORA DUPLA PARA CONCRETO A GASOLINA 5,5 HP, PESO DE 60 KG, COMPRIMENTO 4 M	123888	13897	both	10
REJUNTE CIMENTICIO, QUALQUER COR	123891	34357	both	-1
REJUNTE EPOXI, QUALQUER COR	123892	37329	both	-1
RELE FOTOELETRICO INTERNO E EXTERNO BIVOLT 1000 W, DE CONECTOR, SEM BASE	123893	2510	both	14
RELE TERMICO BIMETAL PARA USO EM MOTORES TRIFASICOS, TENSAO 380 V, POTENCIA ATE 15 CV, CORRENTE NOMINAL MAXIMA 22 A	123894	12359	both	7
RESPIRADOR / MASCARA SEMI FACIAL COM UMA VALVULA DE INALACAO E DUAS DE EXALACAO, PROTECAO CONTRA VAPORES ORGANICOS E GASES ACIDOS (1 FILTRO INCLUIDO)	152353	45264	both	-1
RESPIRADOR DESCARTAVEL SEM VALVULA DE EXALACAO, PFF 1	123896	36144	both	25
RETARDO PARA CORDEL DETONANTE	123897	10518	both	-1
RETROESCAVADEIRA SOBRE RODAS COM CARREGADEIRA, TRACAO 4 X 2, POTENCIA LIQUIDA 79 HP, PESO OPERACIONAL MINIMO DE 6570 KG, CAPACIDADE DA CARREGADEIRA DE 1,00 M3 E DA RETROESCAVADEIRA MINIMA DE 0,20 M3, PROFUNDIDADE DE ESCAVACAO MAXIMA DE 4,37 M	123898	36530	both	10
RETROESCAVADEIRA SOBRE RODAS COM CARREGADEIRA, TRACAO 4 X 4, POTENCIA LIQUIDA 72 HP, PESO OPERACIONAL MINIMO DE 7140 KG, CAPACIDADE MINIMA DA CARREGADEIRA DE 0,79 M3 E DA RETROESCAVADEIRA MINIMA DE 0,18 M3, PROFUNDIDADE DE ESCAVACAO MAXIMA DE 4,50 M	123899	6046	both	10
RETROESCAVADEIRA SOBRE RODAS COM CARREGADEIRA, TRACAO 4 X 4, POTENCIA LIQUIDA 88 HP, PESO OPERACIONAL MINIMO DE 6674 KG, CAPACIDADE DA CARREGADEIRA DE 1,00 M3 E DA RETROESCAVADEIRA MINIMA DE 0,26 M3, PROFUNDIDADE DE ESCAVACAO MAXIMA DE 4,37 M	123900	36531	both	10
REVESTIMENTO DE PAREDE EM GRANILITE, MARMORITE OU GRANITINA - ESP = 5 MM (INCLUSO EXECUCAO)	123901	34684	both	-1
REVESTIMENTO DE PAREDE EM GRANILITE, MARMORITE OU GRANITINA COLORIDO - ESP = 5 MM (INCLUSO EXECUCAO)	123902	34683	both	24
REVESTIMENTO EM CERAMICA ESMALTADA PARA FACHADAS, PECAS NO FORMATO APROX. *5 X 15* CM, FORNECIDAS EM PLACAS COM PECAS UNIDAS EM PONTOS	152304	44954	both	3
REVESTIMENTO EM CERAMICA ESMALTADA PARA FACHADAS, PECAS NO FORMATO APROX. *7 X 26* CM, FORNECIDAS EM PLACAS COM PECAS UNIDAS EM PONTOS	152305	44955	both	3
REVESTIMENTO EPOXI DE ALTA RESISTENCIA QUIMICA, ISENTO DE SOLVENTES, BICOMPONENTE	123906	153	both	114
REVESTIMENTO PARA ESCADA EM GRANILITE, MARMORITE OU GRANITINA ESP = 8 MM (INCLUSO EXECUCAO)	123907	34682	both	-1
RISCADOR DE FORMICA COM COMPRIMENTO *16* CM E ALTURA *5* CM	152354	45213	both	2
RODAFORRO EM PVC, PARA FORRO DE PVC, COMPRIMENTO 6 M	123913	36250	both	9
RODAPE ARDOSIA, CINZA, 10 CM, E= *1CM	123914	10857	both	2
RODAPE DE MADEIRA MACICA CUMARU/IPE CHAMPANHE OU EQUIVALENTE DA REGIAO, *1,5 X 7 CM	123916	6186	both	3
RODAPE EM MARMORE, POLIDO, BRANCO COMUM, L= *7* CM, E= *2* CM, CORTE RETO	123917	4829	both	24
RODAPE EM POLIESTIRENO, BRANCO, H = *5* CM, E = *1,5* CM	123918	39829	both	24
RODAPE OU RODABANCADA EM GRANITO, POLIDO, TIPO ANDORINHA/ QUARTZ/ CASTELO/ CORUMBA OU OUTROS EQUIVALENTES DA REGIAO, H= 10 CM, E= *2,0* CM	123919	20231	both	24
RODAPE PLANO PARA PISO VINILICO, H = 5 CM	123920	4804	both	17
RODAPE PRE-MOLDADO DE GRANILITE, MARMORITE OU GRANITINA L = 10 CM	123921	34680	both	24
RODIZIO TIPO NAPOLEAO PARA JANELAS DE CORRER, EM ZAMAC, COMPRIMENTO DE APROX 60 CM, COM ROLAMENTO EM ACO	123922	11573	both	14
ROLDANA CONCAVA DUPLA, 4 RODAS, EM ZAMAC COM CHAPA DE LATAO, ROLAMENTOS EM ACO, PARA PORTAS E JANELAS DE CORRER	123924	11575	both	6
ROLDANA CONCAVA DUPLA, 4 RODAS, PARA PORTA DE CORRER, EM ZAMAC COM CHAPA DE ACO, ROLAMENTO INTERNO BLINDADO DE ACO REVESTIDO EM NYLON	123925	38179	both	6
ROLDANA PLASTICA COM PREGO, TAMANHO 30 X 30 MM, PARA INSTALACAO ELETRICA APARENTE	123926	20256	both	108
ROLO COMPACTADOR DE PNEUS, ESTATICO, PRESSAO VARIAVEL, POTENCIA 110 HP, PESO SEM/COM LASTRO 10,8/27 T, LARGURA DE ROLAGEM 2,30 M	123927	14511	both	10
ROLO COMPACTADOR DE PNEUS, ESTATICO, PRESSAO VARIAVEL, POTENCIA 111 HP, PESO SEM/COM LASTRO 9,5/26,0 T, LARGURA DE ROLAGEM 1,90 M	123928	10642	both	10
ROLO COMPACTADOR PE DE CARNEIRO VIBRATORIO, POTENCIA 125 HP, PESO OPERACIONAL SEM/COM LASTRO 11,95/13,30 T, IMPACTO DINAMICO 38,5/22,5 T, LARGURA DE TRABALHO 2,15 M	123929	14489	both	10
ROLO COMPACTADOR PE DE CARNEIRO VIBRATORIO, POTENCIA 80 HP, PESO OPERACIONAL SEM/COM LASTRO 7,4/8,8 T, LARGURA DE TRABALHO 1,68 M	123930	14513	both	10
ROLO COMPACTADOR VIBRATORIO DE UM CILINDRO, ACO LISO, POTENCIA 80 HP, PESO OPERACIONAL MAXIMO 8,1 T, IMPACTO DINAMICO 16,15/9,5 T, LARGURA TRABALHO 1,68 M	123932	10646	both	10
ROLO COMPACTADOR VIBRATORIO PE DE CARNEIRO, COM CONTROLE REMOTO POR RADIO, POTENCIA 12,5 KW, PESO OPERACIONAL DE 1,675 T, LARGURA DE TRABALHO 0,85 M	123933	6070	both	10
ROLO COMPACTADOR VIBRATORIO REBOCAVEL, CILINDRO DE ACO LISO, POTENCIA DE TRACAO DE 65 CV, PESO DE 4,7 T, IMPACTO DINAMICO TOTAL DE 18,3 T, LARGURA DO ROLO 1,67 M	123934	6069	both	10
ROLO COMPACTADOR VIBRATORIO TANDEM, ACO LISO, POTENCIA 125 HP, PESO SEM/COM LASTRO 10,20/11,65 T, LARGURA DE TRABALHO 1,73 M	123935	14626	both	10
ROLO COMPACTADOR VIBRATORIO TANDEM, ACO LISO, POTENCIA 58 CV, PESO SEM/COM LASTRO 6,5/9,4 T, LARGURA DE TRABALHO 1,20 M	123936	6067	both	10
ROLO DE ESPUMA POLIESTER, 9 CM X 10 MM, COM CABO	152306	45233	both	2
ROSETA QUADRADA, SEM FUROS, EM ACO INOX POLIDO, LARGURA APROXIMADA DE 50 MM, PARA FECHADURA DE PORTA - PARAFUSOS INCLUIDOS	123940	11578	both	8
ROSETA REDONDA DE SOBREPOR, SEM FUROS, EM ACO INOX POLIDO, DIAMETRO APROXIMADO DE 50 MM, PARA FECHADURA DE PORTA - PARAFUSOS INCLUIDOS	123941	11577	both	8
ROTACAO DIAGONAL DUPLA, APARELHO TRIPLO, EM TUBO DE ACO CARBONO, PINTURA NO PROCESSO ELETROSTATICO - EQUIPAMENTO DE GINASTICA PARA ACADEMIA AO AR LIVRE / ACADEMIA DA TERCEIRA IDADE - ATI	123942	42432	both	-1
ROTACAO VERTICAL DUPLO, EM TUBO DE ACO CARBONO, PINTURA NO PROCESSO ELETROSTATICO - EQUIPAMENTO DE GINASTICA PARA ACADEMIA AO AR LIVRE / ACADEMIA DA TERCEIRA IDADE - ATI	123943	42437	both	-1
RUFO EXTERNO DE CHAPA DE ACO GALVANIZADA NUM 26, CORTE 25 CM	123944	1116	both	68
RUFO EXTERNO DE CHAPA DE ACO GALVANIZADA NUM 26, CORTE 28 CM	123945	1115	both	68
RUFO EXTERNO/INTERNO DE CHAPA DE ACO GALVANIZADA NUM 26, CORTE 33 CM	123946	1113	both	68
RUFO INTERNO DE CHAPA DE ACO GALVANIZADA NUM 26, CORTE 50 CM	123947	1114	both	68
RUFO INTERNO/EXTERNO DE CHAPA DE ACO GALVANIZADA NUM 24, CORTE 25 CM	123948	40873	both	68
RUFO PARA TELHA ESTRUTURAL DE FIBROCIMENTO 1 ABA (SEM AMIANTO)	123949	20214	both	117
RUFO PARA TELHA ONDULADA DE FIBROCIMENTO, E = 6 MM, ABA *260* MM, COMPRIMENTO 1100 MM (SEM AMIANTO)	123951	7237	both	59
SABONETEIRA DE PAREDE EM METAL CROMADO	123952	11757	both	25
SABONETEIRA PLASTICA TIPO DISPENSER PARA SABONETE LIQUIDO COM RESERVATORIO 800 A 1500 ML	123953	11758	both	52
SACO DE RAFIA PARA ENTULHO, NOVO, LISO (SEM CLICHE), *60 x 90* CM	123954	37526	both	14
SAIBRO PARA ARGAMASSA (COLETADO NO COMERCIO)	123955	6076	both	-1
"SAPATILHA EM ACO GALVANIZADO PARA CABOS COM DIAMETRO NOMINAL ATE 5/8"""	123958	7581	both	-1
SARRAFO *2,5 X 10* CM EM PINUS, MISTA OU EQUIVALENTE DA REGIAO - BRUTA	123959	4509	both	3
SARRAFO *2,5 X 5* CM EM PINUS, MISTA OU EQUIVALENTE DA REGIAO - BRUTA	123960	4512	both	3
SARRAFO *2,5 X 7,5* CM EM PINUS, MISTA OU EQUIVALENTE DA REGIAO - BRUTA	123961	4517	both	3
SEIXO ROLADO PARA APLICACAO EM CONCRETO (POSTO PEDREIRA/FORNECEDOR, SEM FRETE)	123968	4734	both	-1
SELANTE A BASE DE ALCATRAO E POLIURETANO PARA JUNTAS HORIZONTAIS	123971	11622	both	-1
SELANTE ACRILICO PARA TRATAMENTO / ACABAMENTO SUPERFICIAL DE CONCRETO ESTAMPADO, APARENTE, PEDRAS E OUTROS	123972	43143	both	-1
SELANTE DE BASE ASFALTICA PARA VEDACAO	123973	7317	both	-1
SELANTE ELASTICO MONOCOMPONENTE A BASE DE POLIURETANO (PU) PARA JUNTAS DIVERSAS	123974	142	both	-1
SELANTE MONOCOMPONENTE A BASE DE SILICONE DE BAIXO MODULO, PARA JUNTAS DE PAVIMENTACAO	123975	43142	both	114
SELANTE TIPO VEDA CALHA PARA METAL E FIBROCIMENTO	123976	38123	both	25
SEMIRREBOQUE COM DOIS EIXOS EM TANDEM TIPO BASCULANTE COM CACAMBA METALICA 14 M3 (INCLUI MONTAGEM, NAO INCLUI CAVALO MECANICO)	123982	37743	both	-1
SEMIRREBOQUE COM TRES EIXOS EM TANDEM TIPO BASCULANTE COM CACAMBA METALICA 18 M3 (INCLUI MONTAGEM, NAO INCLUI CAVALO MECANICO)	123983	37744	both	-1
SEMIRREBOQUE COM TRES EIXOS, PARA TRANSPORTE DE CARGA SECA, DIMENSOES APROXIMADAS 2,60 X 12,50 X 0,50 M (NAO INCLUI CAVALO MECANICO)	123984	37741	both	109
SENSOR DE PRESENCA BIVOLT COM FOTOCELULA PARA QUALQUER TIPO DE LAMPADA, POTENCIA MAXIMA *1000* W, USO EXTERNO	123985	39396	both	-1
SENSOR DE PRESENCA BIVOLT DE PAREDE COM FOTOCELULA PARA QUALQUER TIPO DE LAMPADA POTENCIA MAXIMA *1000* W, USO INTERNO	123986	39392	both	-1
SENSOR DE PRESENCA BIVOLT DE PAREDE SEM FOTOCELULA PARA QUALQUER TIPO DE LAMPADA POTENCIA MAXIMA *1000* W, USO INTERNO	123987	39393	both	-1
SENSOR DE PRESENCA BIVOLT DE TETO COM FOTOCELULA PARA QUALQUER TIPO DE LAMPADA POTENCIA MAXIMA *1000* W, USO INTERNO	123988	39394	both	-1
SENSOR DE PRESENCA BIVOLT DE TETO SEM FOTOCELULA PARA QUALQUER TIPO DE LAMPADA POTENCIA MAXIMA *900* W, USO INTERNO	123989	39395	both	-1
"SERRA CIRCULAR DE BANCADA COM MOTOR ELETRICO, POTENCIA DE *1600* W, PARA DISCO DE DIAMETRO DE 10"" (250 MM)"	123990	14618	both	7
SERRALHEIRO (MENSALISTA)	123993	40910	both	0
"SERROTE PROFISSIONAL EM ACO TEMPERADO 20"", CABO DE MADEIRA"	152355	45255	both	51
SERVENTE DE OBRAS (MENSALISTA)	123995	41084	both	0
SIFAO PLASTICO EXTENSIVEL UNIVERSAL, TIPO COPO	124001	20262	both	25
SILICONE ACETICO USO GERAL INCOLOR 280 G	124007	39961	both	-1
SIMULADOR DE CAMINHADA TRIPLO, EM TUBO DE ACO CARBONO, PINTURA NO PROCESSO ELETROSTATICO - EQUIPAMENTO DE GINASTICA PARA ACADEMIA AO AR LIVRE / ACADEMIA DA TERCEIRA IDADE - ATI	124008	42433	both	-1
SIMULADOR DE CAVALGADA TRIPLO, EM TUBO DE ACO CARBONO, PINTURA NO PROCESSO ELETROSTATICO - EQUIPAMENTO DE GINASTICA PARA ACADEMIA AO AR LIVRE / ACADEMIA DA TERCEIRA IDADE - ATI	124009	42434	both	-1
SIMULADOR DE REMO INDIVIDUAL, EM TUBO DE ACO CARBONO, PINTURA NO PROCESSO ELETROSTATICO - EQUIPAMENTO DE GINASTICA PARA ACADEMIA AO AR LIVRE / ACADEMIA DA TERCEIRA IDADE - ATI	124010	42435	both	-1
SINALIZADOR NOTURNO SIMPLES PARA PARA-RAIOS, SEM RELE FOTOELETRICO	124011	38061	both	6
SOLDA EM BARRA DE ESTANHO-CHUMBO 50/50	124013	13388	both	-1
SOLDA EM VARETA FOSCOPER, D = *2,5* MM X COMPRIMENTO 500 MM	124014	39914	both	-1
SOLDA ESTANHO/COBRE PARA CONEXOES DE COBRE, FIO 2,5 MM, CARRETEL 500 GR (SEM CHUMBO)	124015	12732	both	14
SOLDADOR (MENSALISTA)	124017	41087	both	0
"SOLDADOR ELETRICO (PARA SOLDA A SER TESTADA COM RAIOS ""X"") (MENSALISTA)"	124019	41088	both	-1
SOLEIRA EM GRANITO, POLIDO, TIPO ANDORINHA/ QUARTZ/ CASTELO/ CORUMBA OU OUTROS EQUIVALENTES DA REGIAO, L= *15* CM, E= *2,0* CM	124020	20232	both	24
SOLEIRA PRE-MOLDADA EM GRANILITE, MARMORITE OU GRANITINA, L = *15 CM	124021	10856	both	24
SOLEIRA/ PEITORIL EM MARMORE, POLIDO, BRANCO COMUM, L= *15* CM, E= *2* CM, CORTE RETO	124022	4828	both	24
SOLEIRA/ TABEIRA EM MARMORE, POLIDO, BRANCO COMUM, L= 5 CM, E= *2,0* CM	124023	20249	both	24
SOLUCAO ASFALTICA ELASTOMERICA PARA IMPRIMACAO, APLICACAO A FRIO	124024	11609	both	114
SOQUETE DE BAQUELITE BASE E27, PARA LAMPADAS	124028	12295	both	16
SOQUETE DE PORCELANA BASE E27, FIXO DE TETO, PARA LAMPADAS	124029	12296	both	-1
SOQUETE DE PORCELANA BASE E27, PARA USO AO TEMPO, PARA LAMPADAS	124030	12294	both	16
SOQUETE DE PVC / TERMOPLASTICO BASE E27, COM CHAVE, PARA LAMPADAS	124031	14543	both	9
SOQUETE DE PVC / TERMOPLASTICO BASE E27, COM RABICHO, PARA LAMPADAS	124032	13329	both	9
"SUPORTE ""Y"" PARA FITA PERFURADA"	124040	14149	both	-1
"SUPORTE DE FIXACAO PARA ESPELHO / PLACA 4"" X 2"", PARA 3 MODULOS, PARA INSTALACAO DE TOMADAS E INTERRUPTORES (SOMENTE SUPORTE)"	124041	38099	both	50
"SUPORTE DE FIXACAO PARA ESPELHO / PLACA 4"" X 4"", PARA 6 MODULOS, PARA INSTALACAO DE TOMADAS E INTERRUPTORES (SOMENTE SUPORTE)"	124042	38100	both	50
"SUPORTE EM ACO GALVANIZADO PARA TRANSFORMADOR PARA POSTE DUPLO T 185 X 95 MM, CHAPA DE 5/16"""	124044	7576	both	68
SUPORTE GUIA SIMPLES COM ROLDANA EM POLIPROPILENO PARA CHUMBAR, H = 20 CM	124045	3384	both	17
"SUPORTE ISOLADOR REFORCADO DIAMETRO NOMINAL 5/16"", COM ROSCA SOBERBA E BUCHA"	124046	7572	both	-1
"SUPORTE ISOLADOR SIMPLES DIAMETRO NOMINAL 5/16"", COM ROSCA SOBERBA E BUCHA"	124047	3396	both	-1
SUPORTE MANUAL PARA LIXA, PLASTICO, COM 230 X 80 MM (COMPRIMENTO X LARGURA)	152356	45230	both	9
SUPORTE MAO-FRANCESA EM ACO, ABAS IGUAIS 30 CM, CAPACIDADE MINIMA 60 KG, BRANCO	124048	37590	both	101
SUPORTE MAO-FRANCESA EM ACO, ABAS IGUAIS 40 CM, CAPACIDADE MINIMA 70 KG, BRANCO	124049	37591	both	101
"SUPORTE PARA TUBO DIAMETRO NOMINAL 2"", COM ROSCA MECANICA"	124052	390	both	33
SURF DUPLO, EM TUBO DE ACO CARBONO, PINTURA NO PROCESSO ELETROSTATICO - EQUIPAMENTO DE GINASTICA PARA ACADEMIA AO AR LIVRE / ACADEMIA DA TERCEIRA IDADE - ATI	124053	42436	both	-1
TABUA *2,5 X 15 CM EM PINUS, MISTA OU EQUIVALENTE DA REGIAO - BRUTA	124055	6194	both	3
TABUA *2,5 X 23* CM EM PINUS, MISTA OU EQUIVALENTE DA REGIAO - BRUTA	124056	10567	both	3
TABUA *2,5 X 30 CM EM PINUS, MISTA OU EQUIVALENTE DA REGIAO - BRUTA	124057	6212	both	3
TABUA DE MADEIRA PARA PISO, CUMARU/IPE CHAMPANHE OU EQUIVALENTE DA REGIAO, ENCAIXE MACHO/FEMEA, *10 X 2* CM	124061	6178	both	3
TABUA DE MADEIRA PARA PISO, CUMARU/IPE CHAMPANHE OU EQUIVALENTE DA REGIAO, ENCAIXE MACHO/FEMEA, *15 X 2* CM	124062	6180	both	3
TABUA DE MADEIRA PARA PISO, IPE (CERNE) OU EQUIVALENTE DA REGIAO, ENCAIXE MACHO/FEMEA, *20 X 2* CM	124063	6182	both	3
TACO DE MADEIRA PARA PISO, IPE (CERNE) OU EQUIVALENTE DA REGIAO, 7 X 42 CM, E = 2 CM	124066	6214	both	17
TALA PARA EMENDA DE ELETROCALHA, SIMPLES / RETA, LISA OU PERFURADA, EM CHAPA DE ACO GALVANIZADO #22, ALTURA 50 MM	152307	44027	both	-1
TALABARTE DE SEGURANCA, 2 MOSQUETOES TRAVA DUPLA *53* MM DE ABERTURA, COM ABSORVEDOR DE ENERGIA	124067	36153	both	56
TALHA MANUAL DE CORRENTE, CAPACIDADE DE 2 T COM ELEVACAO DE 3 M	124070	10742	both	14
"TALHADEIRA CHATA, DE ACO, 10"""	152360	45239	both	-1
TALHADEIRA COM PUNHO DE PROTECAO *20 X 250* MM	124071	38465	both	-1
"TAMPA CEGA EM PVC PARA CONDULETE 4 X 2"""	124072	7543	both	9
TAMPA DE CONCRETO ARMADO PARA FOSSA SEPTICA, DIAMETRO NOMINAL DE 3,00 M E ESPESSURA MINIMA DE 100 MM	124073	43427	both	14
TAMPA DE CONCRETO ARMADO PARA FOSSA, D = *0,90* M, E = 0,05 M	124074	41613	both	23
TAMPA DE CONCRETO ARMADO PARA FOSSA, D = *1,10* M, E = 0,05 M	124075	41614	both	23
TAMPA DE CONCRETO ARMADO PARA FOSSA, D = *1,35* M, E = 0,05 M	124076	41615	both	23
TAMPA DE CONCRETO ARMADO PARA FOSSA, D = 1,50 M, E = 0,05 M	124077	41616	both	23
TAMPA DE CONCRETO ARMADO PARA FOSSA, D = 2,00 M, E = 0,05 M	124078	41617	both	23
TAMPA DE CONCRETO ARMADO PARA FOSSA, D = 2,50 M, E = 0,05 M	124079	41618	both	23
TAMPA DE CONCRETO ARMADO PARA POCO DE INSPECAO, COM FURO E TAMPINHA, DIAMETRO NOMINAL DE 3,00 M E ESPESSURA MINIMA DE 100 MM	124080	43428	both	14
TAMPA DE CONCRETO ARMADO PARA POCO, COM FURO E TAMPINHA, D = *0,90* M, E = 0,05 M	124081	41619	both	23
TAMPA DE CONCRETO ARMADO PARA POCO, COM FURO E TAMPINHA, D = *1,10* M, E = 0,05 M	124082	41620	both	23
TAMPA DE CONCRETO ARMADO PARA POCO, COM FURO E TAMPINHA, D = *1,35* M, E = 0,05 M	124083	41622	both	23
TAMPA DE CONCRETO ARMADO PARA POCO, COM FURO E TAMPINHA, D = 1,50 M, E = 0,05 M	124084	41623	both	23
TAMPA DE CONCRETO ARMADO PARA POCO, COM FURO E TAMPINHA, D = 2,00 M, E = 0,05 M	124085	41624	both	23
TAMPA DE CONCRETO ARMADO PARA POCO, COM FURO E TAMPINHA, D = 2,50 M, E = 0,05 M	124086	41625	both	23
TAMPA PARA CONDULETE, EM PVC, PARA 1 INTERRUPTOR	124088	39346	both	93
TAMPA PARA CONDULETE, EM PVC, PARA 1 MODULO RJ	124089	39350	both	93
TAMPA PARA CONDULETE, EM PVC, PARA 2 MODULOS RJ	124090	39351	both	93
TAMPA PARA CONDULETE, EM PVC, PARA TOMADA HEXAGONAL	124087	39352	both	-1
"TAMPAO COM CORRENTE, EM LATAO, ENGATE RAPIDO 1 1/2"", PARA INSTALACAO PREDIAL DE COMBATE A INCENDIO"	124100	20964	both	40
"TAMPAO COM CORRENTE, EM LATAO, ENGATE RAPIDO 2 1/2"", PARA INSTALACAO PREDIAL DE COMBATE A INCENDIO"	124101	10905	both	40
TANQUE ACO INOXIDAVEL (ACO 304) COM ESFREGADOR E VALVULA, DE *50 X 40 X 22* CM	124120	11688	both	8
TANQUE DE ACO CARBONO NAO REVESTIDO, PARA TRANSPORTE DE AGUA COM CAPACIDADE DE 10 M3, COM BOMBA CENTRIFUGA POR TOMADA DE FORCA, VAZAO MAXIMA *75* M3/H (INCLUI MONTAGEM, NAO INCLUI CAMINHAO)	124121	37736	both	109
TANQUE DE ACO PARA TRANSPORTE DE AGUA COM CAPACIDADE DE 14 M3 (INCLUI MONTAGEM, NAO INCLUI CAMINHAO)	124122	37739	both	109
TANQUE DE ACO PARA TRANSPORTE DE AGUA COM CAPACIDADE DE 6 M3 (INCLUI MONTAGEM, NAO INCLUI CAMINHAO)	124124	37738	both	109
TANQUE DE ASFALTO ESTACIONARIO COM MACARICO, CAPACIDADE 20.000 L	124126	25014	both	-1
TANQUE DE ASFALTO ESTACIONARIO COM SERPENTINA, CAPACIDADE 30.000 L	124128	14405	both	-1
TANQUE DE LOUCA BRANCA, COM COLUNA, *30* L	124129	20271	both	-1
TANQUE DE LOUCA BRANCA, SUSPENSO, *20* L	124130	10423	both	-1
TANQUE DUPLO EM MARMORE SINTETICO COM CUBA LISA E ESFREGADOR, *110 X 60* CM	124131	36790	both	8
TANQUE SIMPLES EM MARMORE SINTETICO COM COLUNA, CAPACIDADE *22* L, *60 X 46* CM	124132	37589	both	2
TANQUE SIMPLES EM MARMORE SINTETICO DE FIXAR NA PAREDE, CAPACIDADE *22* L, *60 X 46* CM	124133	11690	both	2
TANQUE SIMPLES EM MARMORE SINTETICO SUSPENSO, CAPACIDADE *38* L, *60 X 60* CM	124134	20234	both	2
"TARIFA ""A"" ENTRE 0 E 20M3 FORNECIMENTO D'AGUA"	124137	44480	both	69
TARJETA LIVRE / OCUPADO PARA PORTA DE BANHEIRO, CORPO EM ZAMAC E ESPELHO EM LATAO	124138	11457	both	6
"TE 45 GRAUS DE FERRO GALVANIZADO, COM ROSCA BSP, DE 1 1/2"""	124311	3593	both	30
"TE 45 GRAUS DE FERRO GALVANIZADO, COM ROSCA BSP, DE 1 1/4"""	124312	3588	both	30
"TE 45 GRAUS DE FERRO GALVANIZADO, COM ROSCA BSP, DE 1"""	124314	3587	both	30
"TE 45 GRAUS DE FERRO GALVANIZADO, COM ROSCA BSP, DE 1/2"""	124313	3585	both	30
"TE 45 GRAUS DE FERRO GALVANIZADO, COM ROSCA BSP, DE 2 1/2"""	124315	3590	both	30
"TE 45 GRAUS DE FERRO GALVANIZADO, COM ROSCA BSP, DE 2"""	124316	3589	both	30
"TE 45 GRAUS DE FERRO GALVANIZADO, COM ROSCA BSP, DE 3"""	124318	3592	both	30
"TE 45 GRAUS DE FERRO GALVANIZADO, COM ROSCA BSP, DE 3/4"""	124317	3586	both	30
"TE 45 GRAUS DE FERRO GALVANIZADO, COM ROSCA BSP, DE 4"""	124319	3591	both	30
"TE 90 GRAUS EM ACO CARBONO, SOLDAVEL, PRESSAO 3.000 LBS, DN 1 1/2"""	124320	40396	both	105
"TE 90 GRAUS EM ACO CARBONO, SOLDAVEL, PRESSAO 3.000 LBS, DN 1 1/4"""	124321	40395	both	105
"TE 90 GRAUS EM ACO CARBONO, SOLDAVEL, PRESSAO 3.000 LBS, DN 1"""	124323	40394	both	105
"TE 90 GRAUS EM ACO CARBONO, SOLDAVEL, PRESSAO 3.000 LBS, DN 1/2"""	124322	40392	both	105
"TE 90 GRAUS EM ACO CARBONO, SOLDAVEL, PRESSAO 3.000 LBS, DN 2 1/2"""	124324	40398	both	105
"TE 90 GRAUS EM ACO CARBONO, SOLDAVEL, PRESSAO 3.000 LBS, DN 2"""	124325	40397	both	105
"TE 90 GRAUS EM ACO CARBONO, SOLDAVEL, PRESSAO 3.000 LBS, DN 3"""	124327	40399	both	105
"TE 90 GRAUS EM ACO CARBONO, SOLDAVEL, PRESSAO 3.000 LBS, DN 3/4"""	124326	40393	both	105
TE CPVC, SOLDAVEL, 90 GRAUS, 15 MM, PARA AGUA QUENTE PREDIAL	124139	21121	both	11
TE CPVC, SOLDAVEL, 90 GRAUS, 22 MM, PARA AGUA QUENTE PREDIAL	124140	38010	both	11
TE CPVC, SOLDAVEL, 90 GRAUS, 28 MM, PARA AGUA QUENTE PREDIAL	124141	38011	both	11
TE CPVC, SOLDAVEL, 90 GRAUS, 35 MM, PARA AGUA QUENTE PREDIAL	124142	38012	both	11
TE CPVC, SOLDAVEL, 90 GRAUS, 42 MM, PARA AGUA QUENTE PREDIAL	124143	38013	both	11
TE CPVC, SOLDAVEL, 90 GRAUS, 54 MM, PARA AGUA QUENTE PREDIAL	124144	38014	both	11
TE CPVC, SOLDAVEL, 90 GRAUS, 73 MM, PARA AGUA QUENTE PREDIAL	124145	38015	both	11
TE CPVC, SOLDAVEL, 90 GRAUS, 89 MM, PARA AGUA QUENTE PREDIAL	124146	38016	both	11
"TE DE FERRO GALVANIZADO, DE 1 1/2"""	124156	6297	both	91
"TE DE FERRO GALVANIZADO, DE 1 1/4"""	124157	6296	both	91
"TE DE FERRO GALVANIZADO, DE 1"""	124159	6323	both	91
"TE DE FERRO GALVANIZADO, DE 1/2"""	124158	6294	both	91
"TE DE FERRO GALVANIZADO, DE 2 1/2"""	124160	6299	both	91
"TE DE FERRO GALVANIZADO, DE 2"""	124161	6298	both	91
"TE DE FERRO GALVANIZADO, DE 3"""	124163	6322	both	91
"TE DE FERRO GALVANIZADO, DE 3/4"""	124162	6295	both	91
"TE DE FERRO GALVANIZADO, DE 4"""	124164	6300	both	91
"TE DE FERRO GALVANIZADO, DE 5"""	124165	6321	both	91
"TE DE FERRO GALVANIZADO, DE 6"""	124166	6301	both	91
TE DE INSPECAO, PVC, 100 X 75 MM, SERIE NORMAL PARA ESGOTO PREDIAL	124167	7105	both	36
"TE DE REDUCAO COM ROSCA, PVC, 90 GRAUS, 1 X 3/4"", PARA AGUA FRIA PREDIAL"	124171	7119	both	64
"TE DE REDUCAO COM ROSCA, PVC, 90 GRAUS, 3/4 X 1/2"", PARA AGUA FRIA PREDIAL"	124172	7120	both	64
"TE DE REDUCAO DE FERRO GALVANIZADO, COM ROSCA BSP, DE 1 1/2"" X 1"""	124173	6319	both	54
"TE DE REDUCAO DE FERRO GALVANIZADO, COM ROSCA BSP, DE 1 1/2"" X 3/4"""	124174	6304	both	54
"TE DE REDUCAO DE FERRO GALVANIZADO, COM ROSCA BSP, DE 1 1/4"" X 3/4"""	124175	21116	both	54
"TE DE REDUCAO DE FERRO GALVANIZADO, COM ROSCA BSP, DE 1"" X 1/2"""	124176	6320	both	54
"TE DE REDUCAO DE FERRO GALVANIZADO, COM ROSCA BSP, DE 1"" X 3/4"""	124177	6303	both	54
"TE DE REDUCAO DE FERRO GALVANIZADO, COM ROSCA BSP, DE 2 1/2"" X 1 1/2"""	124178	6308	both	54
"TE DE REDUCAO DE FERRO GALVANIZADO, COM ROSCA BSP, DE 2 1/2"" X 1 1/4"""	124179	6317	both	54
"TE DE REDUCAO DE FERRO GALVANIZADO, COM ROSCA BSP, DE 2 1/2"" X 1"""	124180	6307	both	54
"TE DE REDUCAO DE FERRO GALVANIZADO, COM ROSCA BSP, DE 2 1/2"" X 2"""	124181	6309	both	54
"TE DE REDUCAO DE FERRO GALVANIZADO, COM ROSCA BSP, DE 2"" X 1 1/2"""	124182	6318	both	54
"TE DE REDUCAO DE FERRO GALVANIZADO, COM ROSCA BSP, DE 2"" X 1 1/4"""	124183	6306	both	54
"TE DE REDUCAO DE FERRO GALVANIZADO, COM ROSCA BSP, DE 2"" X 1"""	124184	6305	both	54
"TE DE REDUCAO DE FERRO GALVANIZADO, COM ROSCA BSP, DE 3"" X 1 1/2"""	124186	6312	both	54
"TE DE REDUCAO DE FERRO GALVANIZADO, COM ROSCA BSP, DE 3"" X 1 1/4"""	124187	6311	both	54
"TE DE REDUCAO DE FERRO GALVANIZADO, COM ROSCA BSP, DE 3"" X 1"""	124188	6310	both	54
"TE DE REDUCAO DE FERRO GALVANIZADO, COM ROSCA BSP, DE 3"" X 2 1/2"""	124189	6314	both	54
"TE DE REDUCAO DE FERRO GALVANIZADO, COM ROSCA BSP, DE 3"" X 2"""	124190	6313	both	54
"TE DE REDUCAO DE FERRO GALVANIZADO, COM ROSCA BSP, DE 3/4"" X 1/2"""	124185	6302	both	54
"TE DE REDUCAO DE FERRO GALVANIZADO, COM ROSCA BSP, DE 4"" X 2"""	124191	6315	both	54
"TE DE REDUCAO DE FERRO GALVANIZADO, COM ROSCA BSP, DE 4"" X 3"""	124192	6316	both	54
TE DE REDUCAO, CPVC, 22 X 15 MM, PARA AGUA QUENTE PREDIAL	124208	39324	both	11
TE DE REDUCAO, CPVC, 28 X 22 MM, PARA AGUA QUENTE PREDIAL	124209	39325	both	11
TE DE REDUCAO, CPVC, 35 X 28 MM, PARA AGUA QUENTE PREDIAL	124210	39326	both	11
TE DE REDUCAO, CPVC, 42 X 35 MM, PARA AGUA QUENTE PREDIAL	124211	39327	both	11
TE DE REDUCAO, PVC, SOLDAVEL, 90 GRAUS, 110 MM X 60 MM, PARA AGUA FRIA PREDIAL	124218	7106	both	-1
TE DE REDUCAO, PVC, SOLDAVEL, 90 GRAUS, 25 MM X 20 MM, PARA AGUA FRIA PREDIAL	124219	7104	both	-1
TE DE REDUCAO, PVC, SOLDAVEL, 90 GRAUS, 32 MM X 25 MM, PARA AGUA FRIA PREDIAL	124220	7136	both	-1
TE DE REDUCAO, PVC, SOLDAVEL, 90 GRAUS, 40 MM X 32 MM, PARA AGUA FRIA PREDIAL	124221	7128	both	-1
TE DE REDUCAO, PVC, SOLDAVEL, 90 GRAUS, 50 MM X 20 MM, PARA AGUA FRIA PREDIAL	124222	7108	both	-1
TE DE REDUCAO, PVC, SOLDAVEL, 90 GRAUS, 50 MM X 25 MM, PARA AGUA FRIA PREDIAL	124223	7129	both	-1
TE DE REDUCAO, PVC, SOLDAVEL, 90 GRAUS, 50 MM X 32 MM, PARA AGUA FRIA PREDIAL	124224	7130	both	-1
TE DE REDUCAO, PVC, SOLDAVEL, 90 GRAUS, 50 MM X 40 MM, PARA AGUA FRIA PREDIAL	124225	7131	both	-1
TE DE REDUCAO, PVC, SOLDAVEL, 90 GRAUS, 75 MM X 50 MM, PARA AGUA FRIA PREDIAL	124226	7132	both	-1
TE DE REDUCAO, PVC, SOLDAVEL, 90 GRAUS, 85 MM X 60 MM, PARA AGUA FRIA PREDIAL	124227	7133	both	-1
TE DE SERVICO INTEGRADO, EM POLIPROPILENO (PP), PARA TUBOS EM PEAD, 63 X 20 MM - LIGACAO PREDIAL DE AGUA	124230	37422	both	-1
TE DE SERVICO INTEGRADO, EM POLIPROPILENO (PP), PARA TUBOS EM PEAD/PVC, 60 X 20 MM - LIGACAO PREDIAL DE AGUA	124228	37420	both	-1
TE DE SERVICO INTEGRADO, EM POLIPROPILENO (PP), PARA TUBOS EM PEAD/PVC, 60 X 32 MM - LIGACAO PREDIAL DE AGUA	124229	37421	both	-1
TE DE SERVICO, PEAD PE 100, DE 125 X 20 MM, PARA ELETROFUSAO	124231	37443	both	-1
TE DE SERVICO, PEAD PE 100, DE 125 X 32 MM, PARA ELETROFUSAO	124232	37444	both	-1
TE DE SERVICO, PEAD PE 100, DE 125 X 63 MM, PARA ELETROFUSAO	124233	37445	both	-1
TE DE SERVICO, PEAD PE 100, DE 200 X 20 MM, PARA ELETROFUSAO	124234	37446	both	-1
TE DE SERVICO, PEAD PE 100, DE 200 X 32 MM, PARA ELETROFUSAO	124235	37447	both	-1
TE DE SERVICO, PEAD PE 100, DE 200 X 63 MM, PARA ELETROFUSAO	124236	37448	both	-1
TE DE SERVICO, PEAD PE 100, DE 63 X 20 MM, PARA ELETROFUSAO	124237	37440	both	-1
TE DE SERVICO, PEAD PE 100, DE 63 X 32 MM, PARA ELETROFUSAO	124238	37441	both	-1
TE DE SERVICO, PEAD PE 100, DE 63 X 63 MM, PARA ELETROFUSAO	124239	37442	both	-1
"TE DE TRANSICAO, CPVC, SOLDAVEL, 15 MM X 1/2"", PARA AGUA QUENTE"	124240	38017	both	11
"TE DE TRANSICAO, CPVC, SOLDAVEL, 22 MM X 1/2"", PARA AGUA QUENTE"	124241	38018	both	11
TE HORIZONTAL 90 GRAUS, PARA ELETROCALHA, EM CHAPA DE ACO GALVANIZADO, ESPESSURA #14, 700 X 50 MM (L X A), SEM VIROLA, SEM TAMPA	152308	44038	both	3
TE HORIZONTAL 90 GRAUS, PARA ELETROCALHA, EM CHAPA DE ACO GALVANIZADO, ESPESSURA #14, 800 X 50 MM (L X A), SEM VIROLA, SEM TAMPA	152309	44040	both	3
TE HORIZONTAL 90 GRAUS, PARA ELETROCALHA, EM CHAPA DE ACO GALVANIZADO, ESPESSURA #16, 500 X 50 MM (L X A), SEM VIROLA, SEM TAMPA	152310	44035	both	3
TE HORIZONTAL 90 GRAUS, PARA ELETROCALHA, EM CHAPA DE ACO GALVANIZADO, ESPESSURA #16, 600 X 50 MM (L X A), SEM VIROLA, SEM TAMPA	152311	44037	both	3
TE HORIZONTAL 90 GRAUS, PARA ELETROCALHA, EM CHAPA DE ACO GALVANIZADO, ESPESSURA #18, 300 X 50 MM (L X A), SEM VIROLA, SEM TAMPA	152312	44033	both	3
TE HORIZONTAL 90 GRAUS, PARA ELETROCALHA, EM CHAPA DE ACO GALVANIZADO, ESPESSURA #18, 400 X 50 MM (L X A), SEM VIROLA, SEM TAMPA	152313	44034	both	3
TE HORIZONTAL 90 GRAUS, PARA ELETROCALHA, EM CHAPA DE ACO GALVANIZADO, ESPESSURA #22, 100 X 50 MM (L X A), SEM VIROLA, SEM TAMPA	152314	44028	both	3
TE HORIZONTAL 90 GRAUS, PARA ELETROCALHA, EM CHAPA DE ACO GALVANIZADO, ESPESSURA #22, 125 X 50 MM (L X A), SEM VIROLA, SEM TAMPA	152315	44029	both	3
TE HORIZONTAL 90 GRAUS, PARA ELETROCALHA, EM CHAPA DE ACO GALVANIZADO, ESPESSURA #22, 150 X 50 MM (L X A), SEM VIROLA, SEM TAMPA	152316	44030	both	3
TE HORIZONTAL 90 GRAUS, PARA ELETROCALHA, EM CHAPA DE ACO GALVANIZADO, ESPESSURA #22, 200 X 50 MM (L X A), SEM VIROLA, SEM TAMPA	152317	44031	both	3
TE HORIZONTAL 90 GRAUS, PARA ELETROCALHA, EM CHAPA DE ACO GALVANIZADO, ESPESSURA #22, 250 X 50 MM (L X A), SEM VIROLA, SEM TAMPA	152318	44032	both	3
TE HORIZONTAL 90 GRAUS, PARA ELETROCALHA, EM CHAPA DE ACO GALVANIZADO, ESPESSURA #22, 50 X 50 MM (L X A), SEM VIROLA, SEM TAMPA	152319	44036	both	3
TE HORIZONTAL 90 GRAUS, PARA ELETROCALHA, EM CHAPA DE ACO GALVANIZADO, ESPESSURA #22, 75 X 50 MM (L X A), SEM VIROLA, SEM TAMPA	152320	44039	both	3
"TE MISTURADOR COM INSERTO METALICO, FEMEA, PPR, DN 25 MM X 3/4"", PARA AGUA QUENTE E FRIA PREDIAL"	124248	39000	both	119
"TE MISTURADOR DE TRANSICAO, CPVC, COM ROSCA, 22 MM X 3/4"", PARA AGUA QUENTE"	124249	38674	both	11
TE MISTURADOR, CPVC, SOLDAVEL, 15 MM, PARA AGUA QUENTE	124252	38019	both	11
TE MISTURADOR, CPVC, SOLDAVEL, 22 MM, PARA AGUA QUENTE	124253	38020	both	11
"TE PVC ROSCAVEL 90 GRAUS, 1"", PARA AGUA FRIA PREDIAL"	124265	7094	both	-1
TE PVC SOLDAVEL, BBB, 90 GRAUS, DN 40 MM, PARA ESGOTO SECUNDARIO PREDIAL	124266	7116	both	5
"TE PVC, ROSCAVEL, 90 GRAUS, 1 1/2"", AGUA FRIA PREDIAL"	124267	7118	both	-1
"TE PVC, ROSCAVEL, 90 GRAUS, 1/2"", AGUA FRIA PREDIAL"	124269	7098	both	-1
"TE PVC, ROSCAVEL, 90 GRAUS, 2"", AGUA FRIA PREDIAL"	124270	7110	both	-1
"TE PVC, ROSCAVEL, 90 GRAUS, 3/4"", AGUA FRIA PREDIAL"	124271	7123	both	-1
"TE PVC, SOLDAVEL, COM BUCHA DE LATAO NA BOLSA CENTRAL, 90 GRAUS, 20 MM X 1/2"", PARA AGUA FRIA PREDIAL"	124272	7121	both	-1
"TE PVC, SOLDAVEL, COM BUCHA DE LATAO NA BOLSA CENTRAL, 90 GRAUS, 25 MM X 1/2"", PARA AGUA FRIA PREDIAL"	124273	7137	both	-1
"TE PVC, SOLDAVEL, COM BUCHA DE LATAO NA BOLSA CENTRAL, 90 GRAUS, 25 MM X 3/4"", PARA AGUA FRIA PREDIAL"	124274	7122	both	-1
"TE PVC, SOLDAVEL, COM BUCHA DE LATAO NA BOLSA CENTRAL, 90 GRAUS, 32 MM X 3/4"", PARA AGUA FRIA PREDIAL"	124275	7114	both	-1
"TE PVC, SOLDAVEL, COM ROSCA NA BOLSA CENTRAL, 90 GRAUS, 20 MM X 1/2"", PARA AGUA FRIA PREDIAL"	124276	7109	both	-1
"TE PVC, SOLDAVEL, COM ROSCA NA BOLSA CENTRAL, 90 GRAUS, 25 MM X 1/2"", PARA AGUA FRIA PREDIAL"	124277	7135	both	-1
"TE PVC, SOLDAVEL, COM ROSCA NA BOLSA CENTRAL, 90 GRAUS, 25 MM X 3/4"", PARA AGUA FRIA PREDIAL"	124278	37947	both	-1
"TE PVC, SOLDAVEL, COM ROSCA NA BOLSA CENTRAL, 90 GRAUS, 32 MM X 3/4"", PARA AGUA FRIA PREDIAL"	124279	7103	both	64
"TE RANHURADO EM FERRO FUNDIDO, DN 50 (2"")"	124280	40419	both	91
"TE RANHURADO EM FERRO FUNDIDO, DN 65 (2 1/2"")"	124281	40420	both	91
"TE RANHURADO EM FERRO FUNDIDO, DN 80 (3"")"	124282	40421	both	91
TE SANITARIO, PVC, DN 100 X 100 MM, SERIE NORMAL, PARA ESGOTO PREDIAL	124295	7091	both	36
TE SANITARIO, PVC, DN 40 X 40 MM, SERIE NORMAL, PARA ESGOTO PREDIAL	124298	37948	both	36
TE SANITARIO, PVC, DN 50 X 50 MM, SERIE NORMAL, PARA ESGOTO PREDIAL	124299	7097	both	36
TE SANITARIO, PVC, DN 75 X 75 MM, SERIE NORMAL PARA ESGOTO PREDIAL	124301	11658	both	36
TE SOLDAVEL, PVC, 90 GRAUS, 110 MM, PARA AGUA FRIA PREDIAL (NBR 5648)	124302	7146	both	15
TE SOLDAVEL, PVC, 90 GRAUS, 20 MM, PARA AGUA FRIA PREDIAL (NBR 5648)	124303	7138	both	15
TE SOLDAVEL, PVC, 90 GRAUS, 25 MM, PARA AGUA FRIA PREDIAL (NBR 5648)	124304	7139	both	15
TE SOLDAVEL, PVC, 90 GRAUS, 32 MM, PARA AGUA FRIA PREDIAL (NBR 5648)	124305	7140	both	15
TE SOLDAVEL, PVC, 90 GRAUS, 40 MM, PARA AGUA FRIA PREDIAL (NBR 5648)	124306	7141	both	15
TE SOLDAVEL, PVC, 90 GRAUS, 60 MM, PARA AGUA FRIA PREDIAL (NBR 5648)	124307	7143	both	15
TE SOLDAVEL, PVC, 90 GRAUS, 75 MM, PARA AGUA FRIA PREDIAL (NBR 5648)	124308	7144	both	15
TE SOLDAVEL, PVC, 90 GRAUS, 85 MM, PARA AGUA FRIA PREDIAL (NBR 5648)	124309	7145	both	15
TE SOLDAVEL, PVC, 90 GRAUS,50 MM, PARA AGUA FRIA PREDIAL (NBR 5648)	124310	7142	both	15
TECNICO DE EDIFICACOES (MENSALISTA)	124351	40946	both	0
TECNICO EM LABORATORIO E CAMPO DE CONSTRUCAO CIVIL (MENSALISTA)	124353	41089	both	0
TECNICO EM SEGURANCA DO TRABALHO (MENSALISTA)	124355	40944	both	0
TECNICO EM SONDAGEM (MENSALISTA)	124357	41092	both	0
TELA ARAME GALVANIZADO REVESTIDO COM POLIMERO, MALHA HEXAGONAL DUPLA TORCAO, 8 X 10 CM (ZN/AL REVESTIDO COM POLIMERO), FIO *2,4* MM	124358	37712	both	86
TELA DE ACO SOLDADA GALVANIZADA/ZINCADA PARA ALVENARIA, FIO D = *1,20 A 1,70* MM, MALHA 15 X 15 MM, (C X L) *50 X 10,5* CM	124361	34558	both	69
TELA DE ACO SOLDADA GALVANIZADA/ZINCADA PARA ALVENARIA, FIO D = *1,20 A 1,70* MM, MALHA 15 X 15 MM, (C X L) *50 X 12* CM	124359	34547	both	69
TELA DE ACO SOLDADA GALVANIZADA/ZINCADA PARA ALVENARIA, FIO D = *1,20 A 1,70* MM, MALHA 15 X 15 MM, (C X L) *50 X 17,5* CM	124360	34548	both	69
TELA DE ACO SOLDADA GALVANIZADA/ZINCADA PARA ALVENARIA, FIO D = *1,20 A 1,70* MM, MALHA 15 X 15 MM, (C X L) *50 X 6* CM	124362	34550	both	69
TELA DE ACO SOLDADA GALVANIZADA/ZINCADA PARA ALVENARIA, FIO D = *1,20 A 1,70* MM, MALHA 15 X 15 MM, (C X L) *50 X 7,5* CM	124363	34557	both	69
TELA DE ACO SOLDADA GALVANIZADA/ZINCADA PARA ALVENARIA, FIO D = *1,24 MM, MALHA 25 X 25 MM	124364	37411	both	69
TELA DE ACO SOLDADA NERVURADA, CA-60, L-159, (1,69 KG/M2), DIAMETRO DO FIO = 4,5 MM, LARGURA = 2,45 M, ESPACAMENTO DA MALHA = 30 X 10 CM	124365	39508	both	18
TELA DE ACO SOLDADA NERVURADA, CA-60, Q-113, (1,8 KG/M2), DIAMETRO DO FIO = 3,8 MM, LARGURA = 2,45 M, ESPACAMENTO DA MALHA = 10 X 10 CM	124366	39507	both	18
TELA DE ACO SOLDADA NERVURADA, CA-60, Q-138, (2,20 KG/M2), DIAMETRO DO FIO = 4,2 MM, LARGURA = 2,45 M, ESPACAMENTO DA MALHA = 10 X 10 CM	124367	7155	both	18
TELA DE ACO SOLDADA NERVURADA, CA-60, Q-159, (2,52 KG/M2), DIAMETRO DO FIO = 4,5 MM, LARGURA = 2,45 M, ESPACAMENTO DA MALHA = 10 X 10 CM	124368	42406	both	18
TELA DE ACO SOLDADA NERVURADA, CA-60, Q-196, (3,11 KG/M2), DIAMETRO DO FIO = 5,0 MM, LARGURA = 2,45 M, ESPACAMENTO DA MALHA = 10 X 10 CM	124369	7156	both	18
TELA DE ACO SOLDADA NERVURADA, CA-60, Q-283 (4,48 KG/M2), DIAMETRO DO FIO = 6,0 MM, LARGURA = 2,45 X 6,00 M DE COMPRIMENTO, ESPACAMENTO DA MALHA = 10 X 10 CM	124370	43127	both	18
TELA DE ACO SOLDADA NERVURADA, CA-60, Q-61, (0,97 KG/M2), DIAMETRO DO FIO = 3,4 MM, LARGURA = 2,45 M, ESPACAMENTO DA MALHA = 15 X 15 CM	124371	10917	both	18
TELA DE ACO SOLDADA NERVURADA, CA-60, Q-92, (1,48 KG/M2), DIAMETRO DO FIO = 4,2 MM, LARGURA = 2,45 X 60 M DE COMPRIMENTO, ESPACAMENTO DA MALHA = 15 X 15 CM	124372	21141	both	18
TELA DE ACO SOLDADA NERVURADA, CA-60, T-196, (2,11 KG/M2), DIAMETRO DO FIO = 5,0 MM, LARGURA = 2,45 M, ESPACAMENTO DA MALHA = 30 X 10 CM	124373	39509	both	18
TELA DE ARAME GALVANIZADA QUADRANGULAR / LOSANGULAR, FIO 2,11 MM (14 BWG), MALHA 5 X 5 CM, H = 2 M	124375	7167	both	23
TELA DE ARAME GALVANIZADA QUADRANGULAR / LOSANGULAR, FIO 2,11 MM (14 BWG), MALHA 8 X 8 CM, H = 2 M	124376	10928	both	23
TELA DE ARAME GALVANIZADA QUADRANGULAR / LOSANGULAR, FIO 2,77 MM (12 BWG), MALHA 10 X 10 CM, H = 2 M	124377	10933	both	23
TELA DE ARAME GALVANIZADA QUADRANGULAR / LOSANGULAR, FIO 2,77 MM (12 BWG), MALHA 5 X 5 CM, H = 2 M	124378	7158	both	23
TELA DE ARAME GALVANIZADA QUADRANGULAR / LOSANGULAR, FIO 2,77 MM (12 BWG), MALHA 8 X 8 CM, H = 2 M	124379	10927	both	23
TELA DE ARAME GALVANIZADA QUADRANGULAR / LOSANGULAR, FIO 3,4 MM (10 BWG), MALHA 5 X 5 CM, H = 2 M	124380	7162	both	23
TELA DE ARAME GALVANIZADA QUADRANGULAR / LOSANGULAR, FIO 4,19 MM (8 BWG), MALHA 5 X 5 CM, H = 2 M	124381	10932	both	23
TELA DE ARAME GALVANIZADA REVESTIDA EM PVC, QUADRANGULAR / LOSANGULAR, FIO 2,11 MM (14 BWG), BITOLA FINAL = *2,8* MM, MALHA *8 X 8* CM, H = 2 M	124382	10937	both	23
TELA DE ARAME GALVANIZADA REVESTIDA EM PVC, QUADRANGULAR / LOSANGULAR, FIO 2,77 MM (12 BWG), BITOLA FINAL = *3,8* MM, MALHA 7,5 X 7,5 CM, H = 2 M	124383	10935	both	23
"TELA DE ARAME GALVANIZADA, HEXAGONAL, FIO 0,56 MM (24 BWG), MALHA 1/2"", H = 1 M"	124384	10931	both	23
TELA DE ARAME ONDULADA, FIO *2,77* MM (12 BWG), MALHA 5 X 5 CM, H = 2 M	124385	7164	both	23
TELA DE FIBRA DE VIDRO, ACABAMENTO ANTI-ALCALINO, MALHA 10 X 10 MM	124386	36887	both	4
TELA EM MALHA HEXAGONAL DE DUPLA TORCAO 8 X 10 CM (ZN/AL REVESTIDO COM POLIMERO), FIO 2,7 MM, COM GEOMANTA OU BIOMANTA, DIMENSOES 4,0 X 2,0 X 0,6 M, COM INCLINACAO DE 70 GRAUS, PARA SOLO REFORCADO	124387	34630	both	86
TELA EM METAL PARA ESTUQUE (DEPLOYE)	124388	7161	both	25
TELA FACHADEIRA EM POLIETILENO, ROLO DE 3 X 100 M (L X C), COR BRANCA, SEM LOGOMARCA - PARA PROTECAO DE OBRAS	124389	7170	both	-1
TELA PLASTICA LARANJA, TIPO TAPUME PARA SINALIZACAO, MALHA RETANGULAR, ROLO 1.20 X 50 M (L X C)	124390	37524	both	2
TELA PLASTICA TECIDA LISTRADA BRANCA E LARANJA, TIPO GUARDA CORPO, EM POLIETILENO MONOFILADO, ROLO 1,20 X 50 M (L X C)	124391	37525	both	42
TELHA CERAMICA TIPO AMERICANA, COMPRIMENTO DE *45* CM, RENDIMENTO DE *12* TELHAS/M2	124392	36789	both	-1
TELHA DE BARRO / CERAMICA, NAO ESMALTADA, TIPO COLONIAL, CANAL, PLAN, PAULISTA, COMPRIMENTO DE *44 A 50* CM, RENDIMENTO DE COBERTURA DE *26* TELHAS/M2	124393	7173	both	-1
TELHA DE BARRO / CERAMICA, NAO ESMALTADA, TIPO ROMANA, AMERICANA, PORTUGUESA, FRANCESA, COMPRIMENTO DE *41* CM, RENDIMENTO DE *16* TELHAS/M2	124394	7175	both	-1
TELHA DE CONCRETO TIPO CLASSICA, COR CINZA, COMPRIMENTO DE *42* CM, RENDIMENTO DE *10* TELHAS/M2	124395	40741	both	-1
TELHA DE FIBROCIMENTO E = 6 MM, DE 3,00 X 1,06 M (SEM AMIANTO)	124397	34458	both	59
TELHA DE FIBROCIMENTO E = 6 MM, DE 4,10 X 1,06 M (SEM AMIANTO)	124398	34464	both	59
TELHA DE FIBROCIMENTO E = 6 MM, DE 4,60 X 1,06 M (SEM AMIANTO)	124399	34468	both	59
TELHA DE FIBROCIMENTO E = 8 MM, DE 3,00 X 1,06 M (SEM AMIANTO)	124400	34473	both	59
TELHA DE FIBROCIMENTO E = 8 MM, DE 4,10 X 1,06 M (SEM AMIANTO)	124401	34480	both	59
TELHA DE FIBROCIMENTO E = 8 MM, DE 4,60 X 1,06 M (SEM AMIANTO)	124402	34486	both	59
TELHA DE FIBROCIMENTO ONDULADA E = 4 MM, DE 1,22 X 0,50 M (SEM AMIANTO)	124404	7190	both	59
TELHA DE FIBROCIMENTO ONDULADA E = 4 MM, DE 2,13 X 0,50 M (SEM AMIANTO)	124405	34417	both	59
TELHA DE FIBROCIMENTO ONDULADA E = 4 MM, DE 2,44 X 0,50 M (SEM AMIANTO)	124406	7213	both	59
TELHA DE FIBROCIMENTO ONDULADA E = 6 MM, DE 1,53 X 1,10 M (SEM AMIANTO)	124407	7195	both	59
TELHA DE FIBROCIMENTO ONDULADA E = 6 MM, DE 1,83 X 1,10 M (SEM AMIANTO)	124408	7186	both	59
TELHA DE FIBROCIMENTO ONDULADA E = 6 MM, DE 2,44 X 1,10 M (SEM AMIANTO)	124409	7194	both	59
TELHA DE FIBROCIMENTO ONDULADA E = 6 MM, DE 3,66 X 1,10 M (SEM AMIANTO)	124410	7197	both	59
TELHA DE FIBROCIMENTO ONDULADA E = 8 MM, DE 1,53 X 1,10 M (SEM AMIANTO)	124411	7192	both	59
TELHA DE FIBROCIMENTO ONDULADA E = 8 MM, DE 1,83 X 1,10 M (SEM AMIANTO)	124412	7193	both	59
TELHA DE FIBROCIMENTO ONDULADA E = 8 MM, DE 2,44 X 1,10 M (SEM AMIANTO)	124413	7189	both	59
TELHA DE FIBROCIMENTO ONDULADA E = 8 MM, DE 3,66 X 1,10 M (SEM AMIANTO)	124414	34402	both	59
TELHA DE VIDRO TIPO FRANCESA, *39 X 23* CM	124416	7245	both	14
TELHA ESTRUTURAL DE FIBROCIMENTO 1 ABA, DE 0,52 X 2,00 M (SEM AMIANTO)	124417	34425	both	117
TELHA ESTRUTURAL DE FIBROCIMENTO 1 ABA, DE 0,52 X 2,50 M (SEM AMIANTO)	124418	7223	both	117
TELHA ESTRUTURAL DE FIBROCIMENTO 1 ABA, DE 0,52 X 3,60 M (SEM AMIANTO)	124419	7234	both	117
TELHA ESTRUTURAL DE FIBROCIMENTO 1 ABA, DE 0,52 X 4,00 M (SEM AMIANTO)	124420	7224	both	117
TELHA ESTRUTURAL DE FIBROCIMENTO 1 ABA, DE 0,52 X 5,00 M (SEM AMIANTO)	124422	7225	both	117
TELHA ESTRUTURAL DE FIBROCIMENTO 1 ABA, DE 0,52 X 5,50 M (SEM AMIANTO)	124423	7226	both	117
TELHA ESTRUTURAL DE FIBROCIMENTO 1 ABA, DE 0,52 X 6,50 M (SEM AMIANTO)	124425	7227	both	117
TELHA ESTRUTURAL DE FIBROCIMENTO 1 ABA, DE 0,52 X 7,20 M (SEM AMIANTO)	124426	7212	both	117
TELHA ESTRUTURAL DE FIBROCIMENTO 2 ABAS, DE 1,00 X 3,00 M (SEM AMIANTO)	124427	7229	both	117
TELHA ESTRUTURAL DE FIBROCIMENTO 2 ABAS, DE 1,00 X 4,60 M (SEM AMIANTO)	124428	7230	both	117
TELHA ESTRUTURAL DE FIBROCIMENTO 2 ABAS, DE 1,00 X 6,00 M (SEM AMIANTO)	124429	7231	both	117
TELHA ESTRUTURAL DE FIBROCIMENTO 2 ABAS, DE 1,00 X 7,40 M (SEM AMIANTO)	124430	7220	both	117
TELHA ESTRUTURAL DE FIBROCIMENTO 2 ABAS, DE 1,00 X 8,20 M (SEM AMIANTO)	124431	34447	both	117
TELHA ESTRUTURAL DE FIBROCIMENTO 2 ABAS, DE 1,00 X 9,20 M (SEM AMIANTO)	124432	7233	both	117
TELHA ONDULADA EM ACO ZINCADO, ALTURA DE 17 MM, ESPESSURA DE 0,50 MM, LARGURA UTIL DE APROXIMADAMENTE 985 MM, SEM PINTURA	124434	25007	both	-1
TELHA TERMOISOLANTE REVESTIDA EM ACO GALVANIZADO, FACE SUPERIOR EM TELHA TRAPEZOIDAL E FACE INFERIOR EM CHAPA PLANA (SEM ACESSORIOS DE FIXACAO), REVESTIMENTO COM ESPESSURA DE 0,50 MM COM PRE-PINTURA NAS DUAS FACES, NUCLEO EM POLIESTIRENO (EPS) DE 30 MM	124436	39520	both	61
TELHA TERMOISOLANTE REVESTIDA EM ACO GALVANIZADO, FACE SUPERIOR EM TELHA TRAPEZOIDAL E FACE INFERIOR EM CHAPA PLANA (SEM ACESSORIOS DE FIXACAO), REVESTIMENTO COM ESPESSURA DE 0,50 MM COM PRE-PINTURA NAS DUAS FACES, NUCLEO EM POLIESTIRENO (EPS) DE 50 MM	124437	39521	both	61
TELHA TERMOISOLANTE REVESTIDA EM ACO GALVANIZADO, FACES SUPERIOR E INFERIOR EM TELHA TRAPEZOIDAL (SEM ACESSORIOS DE FIXACAO), REVESTIMENTO COM ESPESSURA DE 0,50 MM COM PRE-PINTURA NAS DUAS FACES, NUCLEO EM POLIESTIRENO (EPS) DE 50 MM	124438	39522	both	61
TELHA TRAPEZOIDAL EM ACO ZINCADO, SEM PINTURA, ALTURA DE APROXIMADAMENTE 40 MM, ESPESSURA DE 0,50 MM E LARGURA UTIL DE 980 MM	124439	7243	both	-1
TELHA VIDRO TIPO CANAL OU COLONIAL, C = 46 A 50 CM	124442	7246	both	69
TERMINAL A COMPRESSAO EM COBRE ESTANHADO PARA CABO 10 MM2, 1 FURO E 1 COMPRESSAO, PARA PARAFUSO DE FIXACAO M6	124445	1574	both	1
TERMINAL A COMPRESSAO EM COBRE ESTANHADO PARA CABO 120 MM2, 1 FURO E 1 COMPRESSAO, PARA PARAFUSO DE FIXACAO M12	124446	1581	both	1
TERMINAL A COMPRESSAO EM COBRE ESTANHADO PARA CABO 16 MM2, 1 FURO E 1 COMPRESSAO, PARA PARAFUSO DE FIXACAO M6	124447	1575	both	1
TERMINAL A COMPRESSAO EM COBRE ESTANHADO PARA CABO 2,5 MM2, 1 FURO E 1 COMPRESSAO, PARA PARAFUSO DE FIXACAO M5	124448	1570	both	1
TERMINAL A COMPRESSAO EM COBRE ESTANHADO PARA CABO 25 MM2, 1 FURO E 1 COMPRESSAO, PARA PARAFUSO DE FIXACAO M8	124449	1576	both	1
TERMINAL A COMPRESSAO EM COBRE ESTANHADO PARA CABO 35 MM2, 1 FURO E 1 COMPRESSAO, PARA PARAFUSO DE FIXACAO M8	124450	1577	both	1
TERMINAL A COMPRESSAO EM COBRE ESTANHADO PARA CABO 4 MM2, 1 FURO E 1 COMPRESSAO, PARA PARAFUSO DE FIXACAO M5	124451	1571	both	1
TERMINAL A COMPRESSAO EM COBRE ESTANHADO PARA CABO 50 MM2, 1 FURO E 1 COMPRESSAO, PARA PARAFUSO DE FIXACAO M8	124452	1578	both	1
TERMINAL A COMPRESSAO EM COBRE ESTANHADO PARA CABO 6 MM2, 1 FURO E 1 COMPRESSAO, PARA PARAFUSO DE FIXACAO M6	124453	1573	both	1
TERMINAL A COMPRESSAO EM COBRE ESTANHADO PARA CABO 70 MM2, 1 FURO E 1 COMPRESSAO, PARA PARAFUSO DE FIXACAO M10	124454	1579	both	1
TERMINAL A COMPRESSAO EM COBRE ESTANHADO PARA CABO 95 MM2, 1 FURO E 1 COMPRESSAO, PARA PARAFUSO DE FIXACAO M12	124455	1580	both	1
TERMINAL DE VENTILACAO, 100 MM, SERIE NORMAL, ESGOTO PREDIAL	124456	39321	both	124
TERMINAL DE VENTILACAO, 50 MM, SERIE NORMAL, ESGOTO PREDIAL	124457	39319	both	124
TERMINAL DE VENTILACAO, 75 MM, SERIE NORMAL, ESGOTO PREDIAL	124458	39320	both	124
TERMINAL METALICO A PRESSAO 1 CABO, PARA CABOS DE 4 A 10 MM2, COM 2 FUROS PARA FIXACAO	124476	1542	both	118
TERMINAL METALICO A PRESSAO PARA 1 CABO DE 120 MM2, COM 1 FURO DE FIXACAO	124459	1591	both	118
TERMINAL METALICO A PRESSAO PARA 1 CABO DE 150 A 185 MM2, COM 2 FUROS PARA FIXACAO	124460	1547	both	118
TERMINAL METALICO A PRESSAO PARA 1 CABO DE 150 MM2, COM 1 FURO DE FIXACAO	124461	38196	both	118
TERMINAL METALICO A PRESSAO PARA 1 CABO DE 16 A 25 MM2, COM 2 FUROS PARA FIXACAO	124462	1543	both	118
TERMINAL METALICO A PRESSAO PARA 1 CABO DE 16 MM2, COM 1 FURO DE FIXACAO	124463	1585	both	118
TERMINAL METALICO A PRESSAO PARA 1 CABO DE 185 MM2, COM 1 FURO DE FIXACAO	124464	1593	both	118
TERMINAL METALICO A PRESSAO PARA 1 CABO DE 240 MM2, COM 1 FURO DE FIXACAO	124465	11838	both	118
TERMINAL METALICO A PRESSAO PARA 1 CABO DE 25 A 35 MM2, COM 2 FUROS PARA FIXACAO	124466	1594	both	118
TERMINAL METALICO A PRESSAO PARA 1 CABO DE 25 MM2, COM 1 FURO DE FIXACAO	124467	1586	both	118
TERMINAL METALICO A PRESSAO PARA 1 CABO DE 300 MM2, COM 1 FURO DE FIXACAO	124468	11839	both	118
TERMINAL METALICO A PRESSAO PARA 1 CABO DE 35 MM2, COM 1 FURO DE FIXACAO	124469	1587	both	118
TERMINAL METALICO A PRESSAO PARA 1 CABO DE 50 A 70 MM2, COM 2 FUROS PARA FIXACAO	124470	1545	both	118
TERMINAL METALICO A PRESSAO PARA 1 CABO DE 50 MM2, COM 1 FURO DE FIXACAO	124471	1588	both	118
TERMINAL METALICO A PRESSAO PARA 1 CABO DE 6 A 10 MM2, COM 1 FURO DE FIXACAO	124472	1535	both	118
TERMINAL METALICO A PRESSAO PARA 1 CABO DE 70 MM2, COM 1 FURO DE FIXACAO	124473	1589	both	118
TERMINAL METALICO A PRESSAO PARA 1 CABO DE 95 A 120 MM2, COM 2 FUROS PARA FIXACAO	124474	1546	both	118
TERMINAL METALICO A PRESSAO PARA 1 CABO DE 95 MM2, COM 1 FURO DE FIXACAO	124475	1590	both	118
TERMOFUSORA PARA TUBOS E CONEXOES EM PPR COM DIAMETROS DE 20 A 63 MM, POTENCIA DE 800 W, TENSAO 220 V	124477	38415	both	21
TERMOFUSORA PARA TUBOS E CONEXOES EM PPR COM DIAMETROS DE 75 A 110 MM, POTENCIA DE *1100* W, TENSAO 220 V	124478	38414	both	21
TERRA VEGETAL (ENSACADA)	124479	38128	both	12
TERRA VEGETAL (GRANEL)	124480	7253	both	12
TESTEIRA ANTIDERRAPANTE PARA PISO VINILICO *5 X 2,5* CM, E = 2 MM	124481	4806	both	107
TINTA / REVESTIMENTO A BASE DE RESINA EPOXI COM ALCATRAO, BICOMPONENTE	124490	154	both	114
TINTA A OLEO BRILHANTE, PARA MADEIRAS E METAIS	124493	43776	both	-1
TINTA ACRILICA PREMIUM PARA PISO	124495	7348	both	12
TINTA ASFALTICA IMPERMEABILIZANTE DILUIDA EM SOLVENTE, PARA MATERIAIS CIMENTICIOS, METAL E MADEIRA	124497	7313	both	25
TINTA ASFALTICA IMPERMEABILIZANTE DISPERSA EM AGUA, PARA MATERIAIS CIMENTICIOS	124498	7319	both	-1
TINTA EPOXI BASE AGUA PREMIUM, BRANCA	124502	7304	both	12
TINTA ESMALTE BASE AGUA PREMIUM ACETINADO	124503	43649	both	12
TINTA ESMALTE BASE AGUA PREMIUM BRILHANTE	124504	43650	both	12
TINTA ESMALTE SINTETICO PREMIUM ACETINADO	124505	7311	both	12
TINTA ESMALTE SINTETICO PREMIUM BRILHANTE	124506	7292	both	12
TINTA ESMALTE SINTETICO PREMIUM DE DUPLA ACAO GRAFITE FOSCO PARA SUPERFICIES METALICAS FERROSAS	124507	7293	both	63
TINTA ESMALTE SINTETICO PREMIUM DE EFEITO PROTETOR DE SUPERFICIE METALICA ALUMINIO	124508	7306	both	43
TINTA ESMALTE SINTETICO PREMIUM FOSCO	124509	7288	both	12
TINTA ESMALTE SINTETICO STANDARD ACETINADO	124510	43625	both	12
TINTA ESMALTE SINTETICO STANDARD BRILHANTE	124511	43647	both	12
TINTA ESMALTE SINTETICO STANDARD FOSCO	124512	43648	both	12
TINTA LATEX ACRILICA ECONOMICA, COR BRANCA	124513	35693	both	12
TINTA LATEX ACRILICA STANDARD, COR BRANCA	124514	35692	both	12
TINTA MINERAL IMPERMEAVEL EM PO, BRANCA	124515	7342	both	25
TIRANTE COM ELO, EM ARAME GALVANIZADO RIGIDO, NUMERO 10, COMPRIMENTO 2000 MM, PARA PENDURAL DE FORRO REMOVIVEL	124516	39574	both	-1
TOALHEIRO PLASTICO TIPO DISPENSER PARA PAPEL TOALHA INTERFOLHADO	124518	37401	both	-1
TOMADA 2P+T 10A, 250V (APENAS MODULO)	124527	38101	both	39
"TOMADA 2P+T 10A, 250V, CONJUNTO MONTADO PARA EMBUTIR 4"" X 2"" (PLACA + SUPORTE + MODULO)"	124528	7528	both	39
"TOMADA 2P+T 10A, 250V, CONJUNTO MONTADO PARA SOBREPOR 4"" X 2"" (CAIXA + MODULO)"	124529	12147	both	39
"TOMADA 2P+T 20A 250V, CONJUNTO MONTADO PARA EMBUTIR 4"" X 2"" (PLACA + SUPORTE + MODULO)"	124530	38075	both	39
TOMADA 2P+T 20A, 250V (APENAS MODULO)	124531	38102	both	39
TOMADA INDUSTRIAL DE EMBUTIR 3P+T 30 A, 440 V, COM TRAVA, COM PLACA	124519	7525	both	66
TOMADA INDUSTRIAL DE EMBUTIR 3P+T 30 A, 440 V, COM TRAVA, SEM PLACA	124520	7524	both	66
TOMADA PARA ANTENA DE TV, CABO COAXIAL DE 9 MM (APENAS MODULO)	124521	38105	both	14
"TOMADA PARA ANTENA DE TV, CABO COAXIAL DE 9 MM, CONJUNTO MONTADO PARA EMBUTIR 4"" X 2"" (PLACA + SUPORTE + MODULO)"	124522	38084	both	39
TOMADA RJ11, 2 FIOS (APENAS MODULO)	124523	38103	both	85
"TOMADA RJ11, 2 FIOS, CONJUNTO MONTADO PARA EMBUTIR 4"" X 2"" (PLACA + SUPORTE + MODULO)"	124524	38082	both	39
TOMADA RJ45, 8 FIOS, CAT 5E (APENAS MODULO)	124525	38104	both	85
"TOMADA RJ45, 8 FIOS, CAT 5E, CONJUNTO MONTADO PARA EMBUTIR 4"" X 2"" (PLACA + SUPORTE + MODULO)"	124526	38083	both	-1
"TOMADAS (2 MODULOS) 2P+T 10A, 250V, CONJUNTO MONTADO PARA EMBUTIR 4"" X 2"" (PLACA + SUPORTE + MODULOS)"	124532	38076	both	39
TOPOGRAFO (MENSALISTA)	124534	40820	both	0
"TORNEIRA PLASTICA DE BOIA PARA CAIXA DE DESCARGA, 1/2"", BALAO E TORNEIRA PLASTICOS, COM HASTE METALICA"	124563	11823	both	-1
TORNO/MORSA DE BANCADA NUMERO 4	152381	45249	both	30
TRANSFORMADOR TRIFASICO DE DISTRIBUICAO, POTENCIA DE 1000 KVA, TENSAO NOMINAL DE 15 KV, TENSAO SECUNDARIA DE 220/127V, EM OLEO ISOLANTE TIPO MINERAL	124566	7613	both	71
TRANSFORMADOR TRIFASICO DE DISTRIBUICAO, POTENCIA DE 112,5 KVA, TENSAO NOMINAL DE 15 KV, TENSAO SECUNDARIA DE 220/127V, EM OLEO ISOLANTE TIPO MINERAL	124567	7619	both	71
TRANSFORMADOR TRIFASICO DE DISTRIBUICAO, POTENCIA DE 15 KVA, TENSAO NOMINAL DE 15 KV, TENSAO SECUNDARIA DE 220/127V, EM OLEO ISOLANTE TIPO MINERAL	124568	12076	both	71
TRANSFORMADOR TRIFASICO DE DISTRIBUICAO, POTENCIA DE 150 KVA, TENSAO NOMINAL DE 15 KV, TENSAO SECUNDARIA DE 220/127V, EM OLEO ISOLANTE TIPO MINERAL	124569	7614	both	71
TRANSFORMADOR TRIFASICO DE DISTRIBUICAO, POTENCIA DE 1500 KVA, TENSAO NOMINAL DE 15 KV, TENSAO SECUNDARIA DE 220/127V, EM OLEO ISOLANTE TIPO MINERAL	124570	7618	both	71
TRANSFORMADOR TRIFASICO DE DISTRIBUICAO, POTENCIA DE 225 KVA, TENSAO NOMINAL DE 15 KV, TENSAO SECUNDARIA DE 220/127V, EM OLEO ISOLANTE TIPO MINERAL	124571	7620	both	71
TRANSFORMADOR TRIFASICO DE DISTRIBUICAO, POTENCIA DE 30 KVA, TENSAO NOMINAL DE 15 KV, TENSAO SECUNDARIA DE 220/127V, EM OLEO ISOLANTE TIPO MINERAL	124572	7610	both	71
TRANSFORMADOR TRIFASICO DE DISTRIBUICAO, POTENCIA DE 300 KVA, TENSAO NOMINAL DE 15 KV, TENSAO SECUNDARIA DE 220/127V, EM OLEO ISOLANTE TIPO MINERAL	124573	7615	both	71
TRANSFORMADOR TRIFASICO DE DISTRIBUICAO, POTENCIA DE 45 KVA, TENSAO NOMINAL DE 15 KV, TENSAO SECUNDARIA DE 220/127V, EM OLEO ISOLANTE TIPO MINERAL	124574	7617	both	71
TRANSFORMADOR TRIFASICO DE DISTRIBUICAO, POTENCIA DE 500 KVA, TENSAO NOMINAL DE 15 KV, TENSAO SECUNDARIA DE 220/127V, EM OLEO ISOLANTE TIPO MINERAL	124575	7616	both	71
TRANSFORMADOR TRIFASICO DE DISTRIBUICAO, POTENCIA DE 75 KVA, TENSAO NOMINAL DE 15 KV, TENSAO SECUNDARIA DE 220/127V, EM OLEO ISOLANTE TIPO MINERAL	124576	7611	both	71
TRANSFORMADOR TRIFASICO DE DISTRIBUICAO, POTENCIA DE 750 KVA, TENSAO NOMINAL DE 15 KV, TENSAO SECUNDARIA DE 220/127V, EM OLEO ISOLANTE TIPO MINERAL	124577	7612	both	71
TRATOR DE ESTEIRAS, POTENCIA 125 HP, PESO OPERACIONAL DE 12,9 T, COM LAMINA COM CAPACIDADE DE 2,7 M3	124587	36509	both	10
TRATOR DE ESTEIRAS, POTENCIA DE 100 HP, PESO OPERACIONAL DE 9,4 T, COM LAMINA COM CAPACIDADE DE 2,19 M3	124582	7622	both	10
TRATOR DE ESTEIRAS, POTENCIA DE 150 HP, PESO OPERACIONAL DE 16,7 T, COM RODA MOTRIZ ELEVADA E LAMINA COM CONTATO DE 3,18M3	124583	7624	both	10
TRATOR DE ESTEIRAS, POTENCIA DE 170 HP, PESO OPERACIONAL DE 19 T, COM LAMINA COM CAPACIDADE DE 5,2 M3	124584	7625	both	10
TRATOR DE ESTEIRAS, POTENCIA DE 347 HP, PESO OPERACIONAL DE 38,5 T, COM LAMINA COM CAPACIDADE DE 8,70M3	124585	7623	both	10
TRATOR DE PNEUS COM POTENCIA DE 122 CV, TRACAO 4 X 4, PESO COM LASTRO DE 4510 KG	124589	36511	both	-1
TRATOR DE PNEUS COM POTENCIA DE 85 CV, TRACAO 4 X 4, PESO COM LASTRO DE 4675 KG	124592	7640	both	-1
TRAVA / PRENDEDOR DE PORTA, EM LATAO CROMADO, MONTADO EM PISO	124595	11572	both	6
TRAVA-QUEDAS EM ACO PARA CORDA DE 12 MM, EXTENSOR DE 25 X 300 MM, COM MOSQUETAO TIPO GANCHO TRAVA DUPLA	124596	36149	both	82
TRELICA NERVURADA (ESPACADOR), ALTURA = 120,0 MM, DIAMETRO DOS BANZOS INFERIORES E SUPERIOR = 6,0 MM, DIAMETRO DA DIAGONAL = 4,2 MM	124597	42407	both	18
TRENA COM FITA DE ACO DE 10 M X 25 MM (COMPRIMENTO X LARGURA)	152361	45200	both	2
TRILHO PANTOGRAFICO CONCAVO, TIPO U, EM ALUMINIO, COM DIMENSOES DE APROX *35 X 35* MM, PARA ROLDANA DE PORTA DE CORRER	124598	11581	both	13
TRILHO PANTOGRAFICO RETO, EM ALUMINIO, TIPO U, COM DIMENSOES DE *38 X 38* MM PARA PORTA DE CORRER	124599	43605	both	13
"TRINCHA DE 1"" COM CERDAS SINTETICAS"	152362	45231	both	94
"TRINCHA DE 2"" COM CERDAS SINTETICAS"	152363	45232	both	94
"TUBO / MANGUEIRA PRETA EM POLIETILENO, LINHA PESADA OU REFORCADA, TIPO ESPAGUETE, PARA INJECAO DE CALDA DE CIMENTO, D = 1/2"", ESPESSURA 1,5 MM"	124602	39848	both	33
"TUBO 26"" EM CHAPA PRETA, E= 3/16"", 147 KG/6 M"	124920	7667	both	20
"TUBO 30"" EM CHAPA PRETA, E= 1/4"", 175 KG/6 M"	124921	7660	both	20
"TUBO 30"" EM CHAPA PRETA, E= 3/8"", 177 KG/6 M"	124922	7676	both	20
TUBO ACO CARBONO COM COSTURA, NBR 5580, CLASSE L, DN = 15 MM, E = 2,25 MM, 1,06 KG/M	124603	20999	both	20
TUBO ACO CARBONO COM COSTURA, NBR 5580, CLASSE L, DN = 25 MM, E = 2,65 MM, 2,02 KG/M	124604	21001	both	20
TUBO ACO CARBONO COM COSTURA, NBR 5580, CLASSE L, DN = 40 MM, E = 3,0 MM, 3,34 KG/M	124605	21003	both	20
TUBO ACO CARBONO COM COSTURA, NBR 5580, CLASSE L, DN = 80 MM, E = 3,35 MM, 7,07 KG/M	124606	21006	both	20
TUBO ACO CARBONO COM COSTURA, NBR 5580, CLASSE M, DN = 25 MM, E = 3,35 MM, *2,50* KG//M	124607	21019	both	20
TUBO ACO CARBONO COM COSTURA, NBR 5580, CLASSE M, DN = 40 MM, E = 3,35 MM, *3,71* KG//M	124608	21021	both	20
TUBO ACO CARBONO COM COSTURA, NBR 5580, CLASSE M, DN = 80 MM, E = 4,05 MM, *8,47* KG/M	124609	21024	both	20
"TUBO ACO CARBONO SEM COSTURA 1 1/2"", E= *3,68 MM, SCHEDULE 40, 4,05 KG/M"	124610	40624	both	115
"TUBO ACO CARBONO SEM COSTURA 1 1/4"", E= *3,56 MM, SCHEDULE 40, *3,38* KG/M"	124611	42575	both	115
"TUBO ACO CARBONO SEM COSTURA 1"", E= *3,38 MM, SCHEDULE 40, *2,50* KG/M"	124614	42574	both	115
"TUBO ACO CARBONO SEM COSTURA 1/2"", E= *2,77 MM, SCHEDULE 40, *1,27 KG/M"	124612	13127	both	115
"TUBO ACO CARBONO SEM COSTURA 1/2"", E= *3,73 MM, SCHEDULE 80, *1,62 KG/M"	124613	13137	both	115
"TUBO ACO CARBONO SEM COSTURA 14"", E= *11,13 MM, SCHEDULE 40, *94,55 KG/M"	124615	20989	both	115
"TUBO ACO CARBONO SEM COSTURA 2 1/2"", E = 5,16 MM, SCHEDULE 40 (8,62 KG/M)"	124616	21147	both	115
"TUBO ACO CARBONO SEM COSTURA 2"", E= *3,91* MM, SCHEDULE 40, *5,43* KG/M"	124617	21148	both	115
"TUBO ACO CARBONO SEM COSTURA 20"", E= *12,70 MM, SCHEDULE 30, *154,97 KG/M"	124618	20984	both	115
"TUBO ACO CARBONO SEM COSTURA 20"", E= *6,35 MM, SCHEDULE 10, *78,46 KG/M"	124619	13042	both	115
"TUBO ACO CARBONO SEM COSTURA 3"", E= *5,49 MM, SCHEDULE 40, *11,28* KG/M"	124622	42576	both	115
"TUBO ACO CARBONO SEM COSTURA 3/4"", E= *2,87 MM, SCHEDULE 40, *1,69 KG/M"	124620	21150	both	115
"TUBO ACO CARBONO SEM COSTURA 3/4"", E= *3,91 MM, SCHEDULE 80, *2,19 KG/M."	124621	13141	both	115
"TUBO ACO CARBONO SEM COSTURA 4"", E= *6,02 MM, SCHEDULE 40, *16,06 KG/M"	124623	21151	both	115
"TUBO ACO CARBONO SEM COSTURA 4"", E= *8,56 MM, SCHEDULE 80, *22,31 KG/M"	124624	13142	both	115
"TUBO ACO CARBONO SEM COSTURA 5"", E= *6,55 MM, SCHEDULE 40, *21,75* KG/M"	124625	42577	both	115
"TUBO ACO CARBONO SEM COSTURA 6"", E= *10,97 MM, SCHEDULE 80, *42,56 KG/M"	124626	20994	both	115
"TUBO ACO CARBONO SEM COSTURA 6"", E= 7,11 MM, SCHEDULE 40, *28,26 KG/M"	124627	7672	both	115
"TUBO ACO CARBONO SEM COSTURA 8"", E= *12,70 MM, SCHEDULE 80, *64,64 KG/M"	124628	20995	both	115
"TUBO ACO CARBONO SEM COSTURA 8"", E= *6,35 MM, SCHEDULE 20, *33,27 KG/M"	124629	7690	both	115
"TUBO ACO CARBONO SEM COSTURA 8"", E= *7,04 MM, SCHEDULE 30, *36,75 KG/M"	124630	20980	both	115
"TUBO ACO CARBONO SEM COSTURA 8"", E= *8,18 MM, SCHEDULE 40, *42,55 KG/M"	124631	7661	both	115
"TUBO ACO GALVANIZADO COM COSTURA, CLASSE MEDIA, DN 1"", E = 3,38 MM, PESO 2,50 KG/M (NBR 5580)"	124644	40626	both	-1
"TUBO ACO GALVANIZADO COM COSTURA, CLASSE MEDIA, DN 1.1/2"", E = *3,25* MM, PESO *3,61* KG/M (NBR 5580)"	124641	7697	both	-1
"TUBO ACO GALVANIZADO COM COSTURA, CLASSE MEDIA, DN 1.1/4"", E = *3,25* MM, PESO *3,14* KG/M (NBR 5580)"	124642	7698	both	-1
"TUBO ACO GALVANIZADO COM COSTURA, CLASSE MEDIA, DN 1/2"", E = *2,65* MM, PESO *1,22* KG/M (NBR 5580)"	124643	7691	both	-1
"TUBO ACO GALVANIZADO COM COSTURA, CLASSE MEDIA, DN 2"", E = *3,65* MM, PESO *5,10* KG/M (NBR 5580)"	124646	7696	both	-1
"TUBO ACO GALVANIZADO COM COSTURA, CLASSE MEDIA, DN 2.1/2"", E = *3,65* MM, PESO *6,51* KG/M (NBR 5580)"	124645	7701	both	-1
"TUBO ACO GALVANIZADO COM COSTURA, CLASSE MEDIA, DN 3"", E = *4,05* MM, PESO *8,47* KG/M (NBR 5580)"	124648	7694	both	-1
"TUBO ACO GALVANIZADO COM COSTURA, CLASSE MEDIA, DN 3/4"", E = *2,65* MM, PESO *1,58* KG/M (NBR 5580)"	124647	7700	both	-1
"TUBO ACO GALVANIZADO COM COSTURA, CLASSE MEDIA, DN 4"", E = 4,50* MM, PESO 12,10* KG/M (NBR 5580)"	124649	7693	both	-1
"TUBO ACO GALVANIZADO COM COSTURA, CLASSE MEDIA, DN 5"", E = *5,40* MM, PESO *17,80* KG/M (NBR 5580)"	124650	7692	both	-1
"TUBO ACO GALVANIZADO COM COSTURA, CLASSE MEDIA, DN 6"", E = 4,85* MM, PESO 19,68* KG/M (NBR 5580)"	124651	7695	both	-1
"TUBO ACO INDUSTRIAL DN 2"" (50,8 MM) E=1,50MM, PESO= 1,8237 KG/M"	124652	13356	both	20
TUBO COLETOR DE ESGOTO PVC, JEI, DN 100 MM (NBR 7362)	124653	36365	both	-1
TUBO COLETOR DE ESGOTO PVC, JEI, DN 200 MM (NBR 7362)	124654	41930	both	-1
TUBO COLETOR DE ESGOTO PVC, JEI, DN 250 MM (NBR 7362)	124655	41931	both	-1
TUBO COLETOR DE ESGOTO PVC, JEI, DN 300 MM (NBR 7362)	124656	41932	both	-1
TUBO COLETOR DE ESGOTO PVC, JEI, DN 350 MM (NBR 7362)	124657	41933	both	-1
TUBO COLETOR DE ESGOTO PVC, JEI, DN 400 MM (NBR 7362)	124658	41934	both	-1
TUBO COLETOR DE ESGOTO, PVC, JEI, DN 150 MM (NBR 7362)	124659	41936	both	-1
TUBO CPVC SOLDAVEL, 35 MM, AGUA QUENTE PREDIAL (NBR 15884)	124667	38130	both	98
TUBO CPVC, SOLDAVEL, 15 MM, AGUA QUENTE PREDIAL (NBR 15884)	124668	21123	both	98
TUBO CPVC, SOLDAVEL, 22 MM, AGUA QUENTE PREDIAL (NBR 15884)	124669	21124	both	98
TUBO CPVC, SOLDAVEL, 28 MM, AGUA QUENTE PREDIAL (NBR 15884)	124670	21125	both	98
TUBO CPVC, SOLDAVEL, 42 MM, AGUA QUENTE PREDIAL (NBR 15884)	124671	38028	both	98
TUBO CPVC, SOLDAVEL, 54 MM, AGUA QUENTE PREDIAL (NBR 15884)	124672	38029	both	98
TUBO CPVC, SOLDAVEL, 73 MM, AGUA QUENTE PREDIAL (NBR 15884)	124673	38030	both	98
TUBO CPVC, SOLDAVEL, 89 MM, AGUA QUENTE PREDIAL (NBR 15884)	124674	38031	both	98
"TUBO DE BORRACHA ELASTOMERICA FLEXIVEL, PRETA, PARA ISOLAMENTO TERMICO DE TUBULACAO, DN 1 1/8"" (28 MM), E= 32 MM, COEFICIENTE DE CONDUTIVIDADE TERMICA 0,036W/mK, VAPOR DE AGUA MAIOR OU IGUAL A 10.000"	124675	39735	both	21
"TUBO DE BORRACHA ELASTOMERICA FLEXIVEL, PRETA, PARA ISOLAMENTO TERMICO DE TUBULACAO, DN 1 3/8"" (35 MM), E= 32 MM, COEFICIENTE DE CONDUTIVIDADE TERMICA 0,036W/mK, VAPOR DE AGUA MAIOR OU IGUAL A 10.000"	124676	39734	both	21
"TUBO DE BORRACHA ELASTOMERICA FLEXIVEL, PRETA, PARA ISOLAMENTO TERMICO DE TUBULACAO, DN 1 5/8"" (42 MM), E= 32 MM, COEFICIENTE DE CONDUTIVIDADE TERMICA 0,036W/mK, VAPOR DE AGUA MAIOR OU IGUAL A 10.000"	124677	39736	both	21
"TUBO DE BORRACHA ELASTOMERICA FLEXIVEL, PRETA, PARA ISOLAMENTO TERMICO DE TUBULACAO, DN 1"" (25 MM), E= 32 MM, COEFICIENTE DE CONDUTIVIDADE TERMICA 0,036W/mK, VAPOR DE AGUA MAIOR OU IGUAL A 10.000"	124680	39739	both	21
"TUBO DE BORRACHA ELASTOMERICA FLEXIVEL, PRETA, PARA ISOLAMENTO TERMICO DE TUBULACAO, DN 1/2"" (12 MM), E= 19 MM, COEFICIENTE DE CONDUTIVIDADE TERMICA 0,036W/mK, VAPOR DE AGUA MAIOR OU IGUAL A 10.000"	124678	39737	both	21
"TUBO DE BORRACHA ELASTOMERICA FLEXIVEL, PRETA, PARA ISOLAMENTO TERMICO DE TUBULACAO, DN 1/4"" (6 MM), E= 9 MM, COEFICIENTE DE CONDUTIVIDADE TERMICA 0,036W/mK, VAPOR DE AGUA MAIOR OU IGUAL A 10.000"	124679	39738	both	21
"TUBO DE BORRACHA ELASTOMERICA FLEXIVEL, PRETA, PARA ISOLAMENTO TERMICO DE TUBULACAO, DN 2 1/8"" (54 MM), E= 32 MM, COEFICIENTE DE CONDUTIVIDADE TERMICA 0,036W/mK, VAPOR DE AGUA MAIOR OU IGUAL A 10.000"	124681	39733	both	21
"TUBO DE BORRACHA ELASTOMERICA FLEXIVEL, PRETA, PARA ISOLAMENTO TERMICO DE TUBULACAO, DN 2 5/8"" (*64* MM), E= *32* MM, COEFICIENTE DE CONDUTIVIDADE TERMICA 0,036W/MK, VAPOR DE AGUA MAIOR OU IGUAL A 10.000"	124682	39854	both	21
"TUBO DE BORRACHA ELASTOMERICA FLEXIVEL, PRETA, PARA ISOLAMENTO TERMICO DE TUBULACAO, DN 3/4"" (18 MM), E= 32 MM, COEFICIENTE DE CONDUTIVIDADE TERMICA 0,036W/mK, VAPOR DE AGUA MAIOR OU IGUAL A 10.000"	124683	39740	both	21
"TUBO DE BORRACHA ELASTOMERICA FLEXIVEL, PRETA, PARA ISOLAMENTO TERMICO DE TUBULACAO, DN 3/8"" (10 MM), E= 19 MM, COEFICIENTE DE CONDUTIVIDADE TERMICA 0,036W/mK, VAPOR DE AGUA MAIOR OU IGUAL A 10.000"	124684	39741	both	21
"TUBO DE BORRACHA ELASTOMERICA FLEXIVEL, PRETA, PARA ISOLAMENTO TERMICO DE TUBULACAO, DN 5/8"" (15 MM), E= 19 MM, COEFICIENTE DE CONDUTIVIDADE TERMICA 0,036W/MK, VAPOR DE AGUA MAIOR OU IGUAL A 10.000"	124685	39853	both	21
"TUBO DE BORRACHA ELASTOMERICA FLEXIVEL, PRETA, PARA ISOLAMENTO TERMICO DE TUBULACAO, DN 7/8"" (22 MM), E= 32 MM, COEFICIENTE DE CONDUTIVIDADE TERMICA 0,036W/mK, VAPOR DE AGUA MAIOR OU IGUAL A 10.000"	124686	39742	both	21
"TUBO DE COBRE CLASSE ""E"", DN = 104 MM, PARA INSTALACAO HIDRAULICA PREDIAL"	124695	12742	both	-1
"TUBO DE COBRE CLASSE ""E"", DN = 15 MM, PARA INSTALACAO HIDRAULICA PREDIAL"	124696	12713	both	-1
"TUBO DE COBRE CLASSE ""E"", DN = 22 MM, PARA INSTALACAO HIDRAULICA PREDIAL"	124697	12743	both	-1
"TUBO DE COBRE CLASSE ""E"", DN = 28 MM, PARA INSTALACAO HIDRAULICA PREDIAL"	124698	12744	both	-1
"TUBO DE COBRE CLASSE ""E"", DN = 35 MM, PARA INSTALACAO HIDRAULICA PREDIAL"	124699	12745	both	-1
"TUBO DE COBRE CLASSE ""E"", DN = 42 MM, PARA INSTALACAO HIDRAULICA PREDIAL"	124700	12746	both	-1
"TUBO DE COBRE CLASSE ""E"", DN = 54 MM, PARA INSTALACAO HIDRAULICA PREDIAL"	124701	12747	both	-1
"TUBO DE COBRE CLASSE ""E"", DN = 66 MM, PARA INSTALACAO HIDRAULICA PREDIAL"	124702	12748	both	-1
"TUBO DE COBRE CLASSE ""E"", DN = 79 MM, PARA INSTALACAO HIDRAULICA PREDIAL"	124703	12749	both	-1
TUBO DE CONCRETO ARMADO PARA AGUAS PLUVIAIS, CLASSE PA-1, COM ENCAIXE PONTA E BOLSA, DIAMETRO NOMINAL DE 1000 MM	124722	7753	both	97
TUBO DE CONCRETO ARMADO PARA AGUAS PLUVIAIS, CLASSE PA-1, COM ENCAIXE PONTA E BOLSA, DIAMETRO NOMINAL DE 1100 MM	124723	13256	both	97
TUBO DE CONCRETO ARMADO PARA AGUAS PLUVIAIS, CLASSE PA-1, COM ENCAIXE PONTA E BOLSA, DIAMETRO NOMINAL DE 1200 MM	124724	7757	both	97
TUBO DE CONCRETO ARMADO PARA AGUAS PLUVIAIS, CLASSE PA-1, COM ENCAIXE PONTA E BOLSA, DIAMETRO NOMINAL DE 1500 MM	124725	7758	both	97
TUBO DE CONCRETO ARMADO PARA AGUAS PLUVIAIS, CLASSE PA-1, COM ENCAIXE PONTA E BOLSA, DIAMETRO NOMINAL DE 2000 MM	124726	7759	both	97
TUBO DE CONCRETO ARMADO PARA AGUAS PLUVIAIS, CLASSE PA-1, COM ENCAIXE PONTA E BOLSA, DIAMETRO NOMINAL DE 300 MM	124727	40334	both	97
TUBO DE CONCRETO ARMADO PARA AGUAS PLUVIAIS, CLASSE PA-1, COM ENCAIXE PONTA E BOLSA, DIAMETRO NOMINAL DE 400 MM	124728	7745	both	97
TUBO DE CONCRETO ARMADO PARA AGUAS PLUVIAIS, CLASSE PA-1, COM ENCAIXE PONTA E BOLSA, DIAMETRO NOMINAL DE 700 MM	124730	7742	both	97
TUBO DE CONCRETO ARMADO PARA AGUAS PLUVIAIS, CLASSE PA-1, COM ENCAIXE PONTA E BOLSA, DIAMETRO NOMINAL DE 800 MM	124731	7750	both	97
TUBO DE CONCRETO ARMADO PARA AGUAS PLUVIAIS, CLASSE PA-1, COM ENCAIXE PONTA E BOLSA, DIAMETRO NOMINAL DE 900 MM	124732	7756	both	97
TUBO DE CONCRETO ARMADO PARA AGUAS PLUVIAIS, CLASSE PA-1, COM ENCAIXE PONTA E BOLSA, DIAMETRO NOMINAL DE = 600 MM	124721	7725	both	97
TUBO DE CONCRETO ARMADO PARA AGUAS PLUVIAIS, CLASSE PA-2, COM ENCAIXE PONTA E BOLSA, DIAMETRO NOMINAL DE 1000 MM	124733	7765	both	97
TUBO DE CONCRETO ARMADO PARA AGUAS PLUVIAIS, CLASSE PA-2, COM ENCAIXE PONTA E BOLSA, DIAMETRO NOMINAL DE 1100 MM	124734	12569	both	97
TUBO DE CONCRETO ARMADO PARA AGUAS PLUVIAIS, CLASSE PA-2, COM ENCAIXE PONTA E BOLSA, DIAMETRO NOMINAL DE 1200 MM	124735	7766	both	97
TUBO DE CONCRETO ARMADO PARA AGUAS PLUVIAIS, CLASSE PA-2, COM ENCAIXE PONTA E BOLSA, DIAMETRO NOMINAL DE 1500 MM	124736	7767	both	97
TUBO DE CONCRETO ARMADO PARA AGUAS PLUVIAIS, CLASSE PA-2, COM ENCAIXE PONTA E BOLSA, DIAMETRO NOMINAL DE 2000 MM	124737	7727	both	97
TUBO DE CONCRETO ARMADO PARA AGUAS PLUVIAIS, CLASSE PA-2, COM ENCAIXE PONTA E BOLSA, DIAMETRO NOMINAL DE 300 MM	124738	7760	both	97
TUBO DE CONCRETO ARMADO PARA AGUAS PLUVIAIS, CLASSE PA-2, COM ENCAIXE PONTA E BOLSA, DIAMETRO NOMINAL DE 400 MM	124739	7761	both	97
TUBO DE CONCRETO ARMADO PARA AGUAS PLUVIAIS, CLASSE PA-2, COM ENCAIXE PONTA E BOLSA, DIAMETRO NOMINAL DE 500 MM	124740	7752	both	97
TUBO DE CONCRETO ARMADO PARA AGUAS PLUVIAIS, CLASSE PA-2, COM ENCAIXE PONTA E BOLSA, DIAMETRO NOMINAL DE 600 MM	124741	7762	both	97
TUBO DE CONCRETO ARMADO PARA AGUAS PLUVIAIS, CLASSE PA-2, COM ENCAIXE PONTA E BOLSA, DIAMETRO NOMINAL DE 700 MM	124742	7722	both	97
TUBO DE CONCRETO ARMADO PARA AGUAS PLUVIAIS, CLASSE PA-2, COM ENCAIXE PONTA E BOLSA, DIAMETRO NOMINAL DE 800 MM	124743	7763	both	97
TUBO DE CONCRETO ARMADO PARA AGUAS PLUVIAIS, CLASSE PA-2, COM ENCAIXE PONTA E BOLSA, DIAMETRO NOMINAL DE 900 MM	124744	7764	both	97
TUBO DE CONCRETO ARMADO PARA AGUAS PLUVIAIS, CLASSE PA-3, COM ENCAIXE PONTA E BOLSA, DIAMETRO NOMINAL DE 1000 MM	124745	12572	both	-1
TUBO DE CONCRETO ARMADO PARA AGUAS PLUVIAIS, CLASSE PA-3, COM ENCAIXE PONTA E BOLSA, DIAMETRO NOMINAL DE 1100 MM	124746	12573	both	-1
TUBO DE CONCRETO ARMADO PARA AGUAS PLUVIAIS, CLASSE PA-3, COM ENCAIXE PONTA E BOLSA, DIAMETRO NOMINAL DE 1200 MM	124747	12574	both	-1
TUBO DE CONCRETO ARMADO PARA AGUAS PLUVIAIS, CLASSE PA-3, COM ENCAIXE PONTA E BOLSA, DIAMETRO NOMINAL DE 1500 MM	124748	12575	both	-1
TUBO DE CONCRETO ARMADO PARA AGUAS PLUVIAIS, CLASSE PA-3, COM ENCAIXE PONTA E BOLSA, DIAMETRO NOMINAL DE 400 MM	124749	12576	both	-1
TUBO DE CONCRETO ARMADO PARA AGUAS PLUVIAIS, CLASSE PA-3, COM ENCAIXE PONTA E BOLSA, DIAMETRO NOMINAL DE 500 MM	124750	12577	both	-1
TUBO DE CONCRETO ARMADO PARA AGUAS PLUVIAIS, CLASSE PA-3, COM ENCAIXE PONTA E BOLSA, DIAMETRO NOMINAL DE 600 MM	124751	12578	both	-1
TUBO DE CONCRETO ARMADO PARA AGUAS PLUVIAIS, CLASSE PA-3, COM ENCAIXE PONTA E BOLSA, DIAMETRO NOMINAL DE 700 MM	124752	12579	both	-1
TUBO DE CONCRETO ARMADO PARA AGUAS PLUVIAIS, CLASSE PA-3, COM ENCAIXE PONTA E BOLSA, DIAMETRO NOMINAL DE 800 MM	124753	12580	both	-1
TUBO DE CONCRETO ARMADO PARA AGUAS PLUVIAIS, CLASSE PA-3, COM ENCAIXE PONTA E BOLSA, DIAMETRO NOMINAL DE 900 MM	124754	12581	both	-1
TUBO DE CONCRETO ARMADO PARA ESGOTO SANITARIO, CLASSE EA-2, COM ENCAIXE PONTA E BOLSA, COM JUNTA ELASTICA, DIAMETRO NOMINAL DE 1000 MM	124755	7720	both	33
TUBO DE CONCRETO ARMADO PARA ESGOTO SANITARIO, CLASSE EA-2, COM ENCAIXE PONTA E BOLSA, COM JUNTA ELASTICA, DIAMETRO NOMINAL DE 300 MM	124756	40335	both	33
TUBO DE CONCRETO ARMADO PARA ESGOTO SANITARIO, CLASSE EA-2, COM ENCAIXE PONTA E BOLSA, COM JUNTA ELASTICA, DIAMETRO NOMINAL DE 400 MM	124757	7740	both	33
TUBO DE CONCRETO ARMADO PARA ESGOTO SANITARIO, CLASSE EA-2, COM ENCAIXE PONTA E BOLSA, COM JUNTA ELASTICA, DIAMETRO NOMINAL DE 500 MM	124758	7741	both	33
TUBO DE CONCRETO ARMADO PARA ESGOTO SANITARIO, CLASSE EA-2, COM ENCAIXE PONTA E BOLSA, COM JUNTA ELASTICA, DIAMETRO NOMINAL DE 600 MM	124759	7774	both	33
TUBO DE CONCRETO ARMADO PARA ESGOTO SANITARIO, CLASSE EA-2, COM ENCAIXE PONTA E BOLSA, COM JUNTA ELASTICA, DIAMETRO NOMINAL DE 700 MM	124760	7744	both	33
TUBO DE CONCRETO ARMADO PARA ESGOTO SANITARIO, CLASSE EA-2, COM ENCAIXE PONTA E BOLSA, COM JUNTA ELASTICA, DIAMETRO NOMINAL DE 800 MM	124761	7773	both	33
TUBO DE CONCRETO ARMADO PARA ESGOTO SANITARIO, CLASSE EA-2, COM ENCAIXE PONTA E BOLSA, COM JUNTA ELASTICA, DIAMETRO NOMINAL DE 900 MM	124762	7754	both	33
TUBO DE CONCRETO ARMADO PARA ESGOTO SANITARIO, CLASSE EA-3, COM ENCAIXE PONTA E BOLSA, COM JUNTA ELASTICA, DIAMETRO NOMINAL DE 1000 MM	124763	7735	both	-1
TUBO DE CONCRETO ARMADO PARA ESGOTO SANITARIO, CLASSE EA-3, COM ENCAIXE PONTA E BOLSA, COM JUNTA ELASTICA, DIAMETRO NOMINAL DE 400 MM	124764	7755	both	-1
TUBO DE CONCRETO ARMADO PARA ESGOTO SANITARIO, CLASSE EA-3, COM ENCAIXE PONTA E BOLSA, COM JUNTA ELASTICA, DIAMETRO NOMINAL DE 500 MM	124765	7776	both	-1
TUBO DE CONCRETO ARMADO PARA ESGOTO SANITARIO, CLASSE EA-3, COM ENCAIXE PONTA E BOLSA, COM JUNTA ELASTICA, DIAMETRO NOMINAL DE 600 MM	124766	7743	both	-1
TUBO DE CONCRETO ARMADO PARA ESGOTO SANITARIO, CLASSE EA-3, COM ENCAIXE PONTA E BOLSA, COM JUNTA ELASTICA, DIAMETRO NOMINAL DE 700 MM	124767	7733	both	-1
TUBO DE CONCRETO ARMADO PARA ESGOTO SANITARIO, CLASSE EA-3, COM ENCAIXE PONTA E BOLSA, COM JUNTA ELASTICA, DIAMETRO NOMINAL DE 800 MM	124768	7775	both	-1
TUBO DE CONCRETO ARMADO PARA ESGOTO SANITARIO, CLASSE EA-3, COM ENCAIXE PONTA E BOLSA, COM JUNTA ELASTICA, DIAMETRO NOMINAL DE 900 MM	124769	7734	both	-1
TUBO DE CONCRETO SIMPLES PARA AGUAS PLUVIAIS, CLASSE PS1, COM ENCAIXE MACHO E FEMEA, DIAMETRO NOMINAL DE 200 MM	124770	37449	both	33
TUBO DE CONCRETO SIMPLES PARA AGUAS PLUVIAIS, CLASSE PS1, COM ENCAIXE MACHO E FEMEA, DIAMETRO NOMINAL DE 300 MM	124771	37450	both	33
TUBO DE CONCRETO SIMPLES PARA AGUAS PLUVIAIS, CLASSE PS1, COM ENCAIXE MACHO E FEMEA, DIAMETRO NOMINAL DE 400 MM	124772	37451	both	33
TUBO DE CONCRETO SIMPLES PARA AGUAS PLUVIAIS, CLASSE PS1, COM ENCAIXE MACHO E FEMEA, DIAMETRO NOMINAL DE 500 MM	124773	37452	both	33
TUBO DE CONCRETO SIMPLES PARA AGUAS PLUVIAIS, CLASSE PS1, COM ENCAIXE MACHO E FEMEA, DIAMETRO NOMINAL DE 600 MM	124774	37453	both	33
TUBO DE CONCRETO SIMPLES PARA AGUAS PLUVIAIS, CLASSE PS1, COM ENCAIXE PONTA E BOLSA, DIAMETRO NOMINAL DE 200 MM	124775	7778	both	33
TUBO DE CONCRETO SIMPLES PARA AGUAS PLUVIAIS, CLASSE PS1, COM ENCAIXE PONTA E BOLSA, DIAMETRO NOMINAL DE 300 MM	124776	7796	both	33
TUBO DE CONCRETO SIMPLES PARA AGUAS PLUVIAIS, CLASSE PS1, COM ENCAIXE PONTA E BOLSA, DIAMETRO NOMINAL DE 400 MM	124777	7781	both	33
TUBO DE CONCRETO SIMPLES PARA AGUAS PLUVIAIS, CLASSE PS1, COM ENCAIXE PONTA E BOLSA, DIAMETRO NOMINAL DE 500 MM	124778	7795	both	33
TUBO DE CONCRETO SIMPLES PARA AGUAS PLUVIAIS, CLASSE PS1, COM ENCAIXE PONTA E BOLSA, DIAMETRO NOMINAL DE 600 MM	124779	7791	both	33
TUBO DE CONCRETO SIMPLES PARA AGUAS PLUVIAIS, CLASSE PS2, COM ENCAIXE PONTA E BOLSA, DIAMETRO NOMINAL DE 200 MM	124780	7783	both	33
TUBO DE CONCRETO SIMPLES PARA AGUAS PLUVIAIS, CLASSE PS2, COM ENCAIXE PONTA E BOLSA, DIAMETRO NOMINAL DE 300 MM	124781	7790	both	33
TUBO DE CONCRETO SIMPLES PARA AGUAS PLUVIAIS, CLASSE PS2, COM ENCAIXE PONTA E BOLSA, DIAMETRO NOMINAL DE 400 MM	124782	7785	both	33
TUBO DE CONCRETO SIMPLES PARA AGUAS PLUVIAIS, CLASSE PS2, COM ENCAIXE PONTA E BOLSA, DIAMETRO NOMINAL DE 500 MM	124783	7792	both	33
TUBO DE CONCRETO SIMPLES PARA AGUAS PLUVIAIS, CLASSE PS2, COM ENCAIXE PONTA E BOLSA, DIAMETRO NOMINAL DE 600 MM	124784	7793	both	33
TUBO DE CONCRETO SIMPLES PARA ESGOTO SANITARIO, CLASSE ES, COM ENCAIXE PONTA E BOLSA, COM JUNTA ELASTICA, DIAMETRO NOMINAL DE 400 MM	124785	13159	both	33
TUBO DE CONCRETO SIMPLES PARA ESGOTO SANITARIO, CLASSE ES, COM ENCAIXE PONTA E BOLSA, COM JUNTA ELASTICA, DIAMETRO NOMINAL DE 500 MM	124786	13168	both	33
TUBO DE CONCRETO SIMPLES PARA ESGOTO SANITARIO, CLASSE ES, COM ENCAIXE PONTA E BOLSA, COM JUNTA ELASTICA, DIAMETRO NOMINAL DE 600 MM	124787	13173	both	33
TUBO DE CONCRETO SIMPLES POROSO PARA DRENAGEM (DRENO POROSO), COM ENCAIXE MACHO E FEMEA, DIAMETRO NOMINAL DE 200 MM	124788	12583	both	33
TUBO DE CONCRETO SIMPLES POROSO PARA DRENAGEM (DRENO POROSO), COM ENCAIXE MACHO E FEMEA, DIAMETRO NOMINAL DE 300 MM	124789	12584	both	33
"TUBO DE ESPUMA DE POLIETILENO EXPANDIDO FLEXIVEL PARA ISOLAMENTO TERMICO DE TUBULACAO DE AR CONDICIONADO, AGUA QUENTE, DN 1 1/2"", E= 10 MM"	124792	39707	both	37
"TUBO DE ESPUMA DE POLIETILENO EXPANDIDO FLEXIVEL PARA ISOLAMENTO TERMICO DE TUBULACAO DE AR CONDICIONADO, AGUA QUENTE, DN 1 1/4"", E= 10 MM"	124793	39708	both	37
"TUBO DE ESPUMA DE POLIETILENO EXPANDIDO FLEXIVEL PARA ISOLAMENTO TERMICO DE TUBULACAO DE AR CONDICIONADO, AGUA QUENTE, DN 1 1/8"", E= 10 MM"	124794	39710	both	37
"TUBO DE ESPUMA DE POLIETILENO EXPANDIDO FLEXIVEL PARA ISOLAMENTO TERMICO DE TUBULACAO DE AR CONDICIONADO, AGUA QUENTE, DN 1 3/8"", E= 10 MM"	124795	39709	both	37
"TUBO DE ESPUMA DE POLIETILENO EXPANDIDO FLEXIVEL PARA ISOLAMENTO TERMICO DE TUBULACAO DE AR CONDICIONADO, AGUA QUENTE, DN 1 5/8"", E= 10 MM"	124796	39711	both	37
"TUBO DE ESPUMA DE POLIETILENO EXPANDIDO FLEXIVEL PARA ISOLAMENTO TERMICO DE TUBULACAO DE AR CONDICIONADO, AGUA QUENTE, DN 1"", E= 10 MM"	124799	39714	both	37
"TUBO DE ESPUMA DE POLIETILENO EXPANDIDO FLEXIVEL PARA ISOLAMENTO TERMICO DE TUBULACAO DE AR CONDICIONADO, AGUA QUENTE, DN 1/2"", E= 10 MM"	124797	39712	both	37
"TUBO DE ESPUMA DE POLIETILENO EXPANDIDO FLEXIVEL PARA ISOLAMENTO TERMICO DE TUBULACAO DE AR CONDICIONADO, AGUA QUENTE, DN 1/4"", E= 10 MM"	124798	39713	both	37
"TUBO DE ESPUMA DE POLIETILENO EXPANDIDO FLEXIVEL PARA ISOLAMENTO TERMICO DE TUBULACAO DE AR CONDICIONADO, AGUA QUENTE, DN 3/4"", E= 10 MM"	124800	39715	both	37
"TUBO DE ESPUMA DE POLIETILENO EXPANDIDO FLEXIVEL PARA ISOLAMENTO TERMICO DE TUBULACAO DE AR CONDICIONADO, AGUA QUENTE, DN 3/8"", E= 10 MM"	124801	39716	both	37
"TUBO DE ESPUMA DE POLIETILENO EXPANDIDO FLEXIVEL PARA ISOLAMENTO TERMICO DE TUBULACAO DE AR CONDICIONADO, AGUA QUENTE, DN 7/8"", E= 10 MM"	124802	39718	both	37
TUBO DE POLIETILENO DE ALTA DENSIDADE (PEAD), PE-80, DE = 20 MM X 2,3 MM DE PAREDE, PARA LIGACAO DE AGUA PREDIAL (NBR 15561)	124803	9813	both	21
TUBO DE POLIETILENO DE ALTA DENSIDADE (PEAD), PE-80, DE = 32 MM X 3,0 MM DE PAREDE, PARA LIGACAO DE AGUA PREDIAL (NBR 15561)	124804	9815	both	21
TUBO DE PVC, PBL, TIPO LEVE, DN = 250 MM, PARA VENTILACAO	124822	9877	both	112
TUBO DE PVC, PBL, TIPO LEVE, DN = 300 MM, PARA VENTILACAO	124823	9878	both	112
"TUBO DE REVESTIMENTO, EM ACO, CORPO SCHEDULE 40, PONTEIRA SCHEDULE 80, ROSQUEAVEL E SEGMENTADO PARA PERFURACAO, DIAMETRO 12"" (320 MM)"	124826	43422	both	-1
"TUBO DRENO, CORRUGADO, ESPIRALADO, FLEXIVEL, PERFURADO, EM POLIETILENO DE ALTA DENSIDADE (PEAD), DN *160* MM, (6"") PARA DRENAGEM - EM BARRA (NORMA DNIT 093/2006 - EM)"	124832	38053	both	-1
"TUBO DRENO, CORRUGADO, ESPIRALADO, FLEXIVEL, PERFURADO, EM POLIETILENO DE ALTA DENSIDADE (PEAD), DN *200* MM, (8"") PARA DRENAGEM - EM BARRA (NORMA DNIT 093/2006 - EM)"	124833	38054	both	-1
"TUBO DRENO, CORRUGADO, ESPIRALADO, FLEXIVEL, PERFURADO, EM POLIETILENO DE ALTA DENSIDADE (PEAD), DN 100 MM, (4"") PARA DRENAGEM - EM ROLO (NORMA DNIT 093/2006 - E.M)"	124834	38052	both	-1
"TUBO DRENO, CORRUGADO, ESPIRALADO, FLEXIVEL, PERFURADO, EM POLIETILENO DE ALTA DENSIDADE (PEAD), DN 65 MM, (2 1/2"") PARA DRENAGEM - EM ROLO (NORMA DNIT 093/2006 - EM)"	124835	38051	both	-1
TUBO PPR PN 20, DN 20 MM, PARA AGUA QUENTE PREDIAL	124844	36274	both	27
TUBO PPR PN 20, DN 25 MM, PARA AGUA QUENTE PREDIAL	124845	36278	both	27
TUBO PPR, CLASSE PN 12, DN 110 MM	124846	38977	both	-1
TUBO PPR, CLASSE PN 12, DN 32 MM	124847	38971	both	-1
TUBO PPR, CLASSE PN 12, DN 40 MM	124848	38972	both	-1
TUBO PPR, CLASSE PN 12, DN 50 MM	124849	38973	both	-1
TUBO PPR, CLASSE PN 12, DN 63 MM	124850	38974	both	-1
TUBO PPR, CLASSE PN 12, DN 75 MM	124851	38975	both	-1
TUBO PPR, CLASSE PN 12, DN 90 MM	124852	38976	both	-1
TUBO PPR, CLASSE PN 25, DN 110 MM, PARA AGUA QUENTE E FRIA PREDIAL	124853	38986	both	27
TUBO PPR, CLASSE PN 25, DN 20 MM, PARA AGUA QUENTE E FRIA PREDIAL	124854	38978	both	27
TUBO PPR, CLASSE PN 25, DN 25 MM, PARA AGUA QUENTE E FRIA PREDIAL	124855	38979	both	27
TUBO PPR, CLASSE PN 25, DN 32 MM, PARA AGUA QUENTE E FRIA PREDIAL	124856	38980	both	27
TUBO PPR, CLASSE PN 25, DN 40 MM, PARA AGUA QUENTE E FRIA PREDIAL	124857	38981	both	27
TUBO PPR, CLASSE PN 25, DN 50 MM, PARA AGUA QUENTE E FRIA PREDIAL	124858	38982	both	27
TUBO PPR, CLASSE PN 25, DN 63 MM, PARA AGUA QUENTE E FRIA PREDIAL	124859	38983	both	27
TUBO PPR, CLASSE PN 25, DN 75 MM, PARA AGUA QUENTE E FRIA PREDIAL	124860	38984	both	27
TUBO PPR, CLASSE PN 25, DN 90 MM, PARA AGUA QUENTE E FRIA PREDIAL	124861	38985	both	27
TUBO PVC DE REVESTIMENTO GEOMECANICO NERVURADO REFORCADO, DN = 150 MM, COMPRIMENTO = 2 M	124871	9850	both	112
TUBO PVC DE REVESTIMENTO GEOMECANICO NERVURADO REFORCADO, DN = 200 MM, COMPRIMENTO = 2 M	124872	9853	both	112
TUBO PVC DE REVESTIMENTO GEOMECANICO NERVURADO STANDARD, DN = 154 MM, COMPRIMENTO = 2 M	124873	9854	both	112
TUBO PVC DE REVESTIMENTO GEOMECANICO NERVURADO STANDARD, DN = 206 MM, COMPRIMENTO = 2 M	124874	9851	both	112
TUBO PVC DEFOFO, JEI, 1 MPA, DN 100 MM, PARA REDE DE AGUA (NBR 7665)	124876	9825	both	-1
TUBO PVC DEFOFO, JEI, 1 MPA, DN 150 MM, PARA REDE DE AGUA (NBR 7665)	124877	9828	both	-1
TUBO PVC DEFOFO, JEI, 1 MPA, DN 200 MM, PARA REDE DE AGUA (NBR 7665)	124878	9829	both	-1
TUBO PVC DEFOFO, JEI, 1 MPA, DN 250 MM, PARA REDE DE AGUA (NBR 7665)	124879	9826	both	-1
TUBO PVC DEFOFO, JEI, 1 MPA, DN 300 MM, PARA REDE DE AGUA (NBR 7665)	124880	9827	both	-1
TUBO PVC PBA JEI, CLASSE 12, DN 100 MM, PARA REDE DE AGUA (NBR 5647)	124881	36374	both	-1
TUBO PVC PBA JEI, CLASSE 12, DN 50 MM, PARA REDE DE AGUA (NBR 5647)	124882	36084	both	-1
TUBO PVC PBA JEI, CLASSE 12, DN 75 MM, PARA REDE DE AGUA (NBR 5647)	124883	36373	both	-1
TUBO PVC PBA JEI, CLASSE 15, DN 100 MM, PARA REDE DE AGUA (NBR 5647)	124884	36377	both	-1
TUBO PVC PBA JEI, CLASSE 15, DN 50 MM, PARA REDE DE AGUA (NBR 5647)	124885	36375	both	-1
TUBO PVC PBA JEI, CLASSE 15, DN 75 MM, PARA REDE DE AGUA (NBR 5647)	124886	36376	both	-1
TUBO PVC PBA JEI, CLASSE 20, DN 100 MM, PARA REDE DE AGUA (NBR 5647)	124887	36380	both	-1
TUBO PVC PBA JEI, CLASSE 20, DN 50 MM, PARA REDE DE AGUA (NBR 5647)	124888	36378	both	-1
TUBO PVC PBA JEI, CLASSE 20, DN 75 MM, PARA REDE DE AGUA (NBR 5647)	124889	36379	both	-1
"TUBO PVC ROSCAVEL, 3/4"", AGUA FRIA PREDIAL"	124890	9859	both	-1
TUBO PVC SERIE NORMAL, DN 100 MM, PARA ESGOTO PREDIAL (NBR 5688)	124862	9836	both	112
TUBO PVC SERIE NORMAL, DN 150 MM, PARA ESGOTO PREDIAL (NBR 5688)	124863	20065	both	112
TUBO PVC SERIE NORMAL, DN 40 MM, PARA ESGOTO PREDIAL (NBR 5688)	124864	9835	both	112
TUBO PVC SERIE NORMAL, DN 50 MM, PARA ESGOTO PREDIAL (NBR 5688)	124891	9838	both	112
TUBO PVC SERIE NORMAL, DN 75 MM, PARA ESGOTO PREDIAL (NBR 5688)	124892	9837	both	112
"TUBO PVC, ROSCAVEL, 1 1/2"", AGUA FRIA PREDIAL"	124898	9862	both	-1
"TUBO PVC, ROSCAVEL, 1 1/4"", AGUA FRIA PREDIAL"	124899	9861	both	-1
"TUBO PVC, ROSCAVEL, 1"", AGUA FRIA PREDIAL"	124901	9866	both	-1
"TUBO PVC, ROSCAVEL, 1/2"", AGUA FRIA PREDIAL"	124900	9856	both	-1
"TUBO PVC, ROSCAVEL, 2 1/2"", AGUA FRIA PREDIAL"	124896	9863	both	-1
"TUBO PVC, ROSCAVEL, 2"", PARA AGUA FRIA PREDIAL"	124897	9860	both	-1
"UNIAO COM ASSENTO CONICO DE BRONZE, DIAMETRO 1"""	124924	12425	both	-1
"UNIAO COM ASSENTO CONICO DE BRONZE, DIAMETRO 1/2"""	124923	12426	both	-1
"UNIAO COM ASSENTO CONICO DE BRONZE, DIAMETRO 2 1/2"""	124925	12427	both	-1
"UNIAO COM ASSENTO CONICO DE BRONZE, DIAMETRO 3"""	124928	12429	both	-1
"UNIAO COM ASSENTO CONICO DE BRONZE, DIAMETRO 3/4"""	124927	12430	both	-1
"UNIAO COM ASSENTO CONICO DE BRONZE, DIAMETRO 4"""	124929	12431	both	-1
"UNIAO COM ASSENTO CONICO DE FERRO LONGO (MACHO-FEMEA), DIAMETRO 1 1/2"""	124930	12432	both	-1
"UNIAO COM ASSENTO CONICO DE FERRO LONGO (MACHO-FEMEA), DIAMETRO 1"""	124932	12433	both	-1
"UNIAO COM ASSENTO CONICO DE FERRO LONGO (MACHO-FEMEA), DIAMETRO 1/2"""	124931	12434	both	-1
"UNIAO COM ASSENTO CONICO DE FERRO LONGO (MACHO-FEMEA), DIAMETRO 2 1/2"""	124933	12435	both	-1
"UNIAO COM ASSENTO CONICO DE FERRO LONGO (MACHO-FEMEA), DIAMETRO 2"""	124934	12437	both	-1
"UNIAO COM ASSENTO CONICO DE FERRO LONGO (MACHO-FEMEA), DIAMETRO 3/4"""	124935	12439	both	-1
"UNIAO COM ASSENTO CONICO DE FERRO LONGO (MACHO-FEMEA), DIAMETRO 4"""	124937	12436	both	-1
"UNIAO DE FERRO GALVANIZADO, COM ASSENTO CONICO DE BRONZE, DE 1 1/2"""	124939	12424	both	91
"UNIAO DE FERRO GALVANIZADO, COM ASSENTO CONICO DE BRONZE, DE 1 1/4"""	124940	12440	both	91
"UNIAO DE FERRO GALVANIZADO, COM ROSCA BSP, COM ASSENTO PLANO, DE 1 1/2"""	124941	9884	both	-1
"UNIAO DE FERRO GALVANIZADO, COM ROSCA BSP, COM ASSENTO PLANO, DE 1 1/4"""	124942	9888	both	-1
"UNIAO DE FERRO GALVANIZADO, COM ROSCA BSP, COM ASSENTO PLANO, DE 1"""	124944	9886	both	-1
"UNIAO DE FERRO GALVANIZADO, COM ROSCA BSP, COM ASSENTO PLANO, DE 1/2"""	124943	9883	both	-1
"UNIAO DE FERRO GALVANIZADO, COM ROSCA BSP, COM ASSENTO PLANO, DE 2 1/2"""	124945	9889	both	-1
"UNIAO DE FERRO GALVANIZADO, COM ROSCA BSP, COM ASSENTO PLANO, DE 2"""	124946	9887	both	-1
"UNIAO DE FERRO GALVANIZADO, COM ROSCA BSP, COM ASSENTO PLANO, DE 3"""	124948	9890	both	-1
"UNIAO DE FERRO GALVANIZADO, COM ROSCA BSP, COM ASSENTO PLANO, DE 3/4"""	124947	9885	both	-1
"UNIAO DE FERRO GALVANIZADO, COM ROSCA BSP, COM ASSENTO PLANO, DE 4"""	124949	9891	both	-1
UNIAO DUPLA PPR DN 25 MM, PARA AGUA QUENTE PREDIAL	124955	36316	both	15
UNIAO EM POLIPROPILENO (PP), PARA TUBO EM PEAD, 20 MM - LIGACAO PREDIAL DE AGUA	124956	64	both	-1
UNIAO EM POLIPROPILENO (PP), PARA TUBO EM PEAD, 32 MM - LIGACAO PREDIAL DE AGUA	124957	37423	both	-1
"UNIAO PVC, ROSCAVEL 1/2"", AGUA FRIA PREDIAL"	124962	9892	both	-1
"UNIAO PVC, ROSCAVEL, 1 1/2"", AGUA FRIA PREDIAL"	124964	9901	both	-1
"UNIAO PVC, ROSCAVEL, 1"", AGUA FRIA PREDIAL"	124966	9900	both	-1
"UNIAO PVC, ROSCAVEL, 3/4"", AGUA FRIA PREDIAL"	124968	9899	both	-1
UNIAO PVC, SOLDAVEL, 110 MM, PARA AGUA FRIA PREDIAL	124970	9908	both	9
UNIAO PVC, SOLDAVEL, 20 MM, PARA AGUA FRIA PREDIAL	124971	9905	both	9
UNIAO PVC, SOLDAVEL, 25 MM, PARA AGUA FRIA PREDIAL	124972	9906	both	9
UNIAO PVC, SOLDAVEL, 32 MM, PARA AGUA FRIA PREDIAL	124973	9895	both	9
UNIAO PVC, SOLDAVEL, 40 MM, PARA AGUA FRIA PREDIAL	124974	9894	both	9
UNIAO PVC, SOLDAVEL, 50 MM, PARA AGUA FRIA PREDIAL	124975	9897	both	9
UNIAO PVC, SOLDAVEL, 60 MM, PARA AGUA FRIA PREDIAL	124976	9910	both	9
UNIAO PVC, SOLDAVEL, 75 MM, PARA AGUA FRIA PREDIAL	124977	9909	both	9
UNIAO PVC, SOLDAVEL, 85 MM, PARA AGUA FRIA PREDIAL	124978	9907	both	9
"UNIAO TIPO STORZ, COM EMPATACAO INTERNA TIPO ANEL DE EXPANSAO, ENGATE RAPIDO 1 1/2"", PARA MANGUEIRA DE COMBATE A INCENDIO PREDIAL"	124979	20973	both	40
"UNIAO TIPO STORZ, COM EMPATACAO INTERNA TIPO ANEL DE EXPANSAO, ENGATE RAPIDO 2 1/2"", PARA MANGUEIRA DE COMBATE A INCENDIO PREDIAL"	124980	20974	both	40
UNIAO, CPVC, SOLDAVEL, 15 MM, PARA AGUA QUENTE PREDIAL	124981	37989	both	11
UNIAO, CPVC, SOLDAVEL, 22 MM, PARA AGUA QUENTE PREDIAL	124982	37990	both	11
UNIAO, CPVC, SOLDAVEL, 28 MM, PARA AGUA QUENTE PREDIAL	124983	37991	both	11
UNIAO, CPVC, SOLDAVEL, 35 MM, PARA AGUA QUENTE PREDIAL	124984	37992	both	11
UNIAO, CPVC, SOLDAVEL, 42 MM, PARA AGUA QUENTE PREDIAL	124985	37993	both	11
UNIAO, CPVC, SOLDAVEL, 54 MM, PARA AGUA QUENTE PREDIAL	124986	37994	both	11
UNIAO, CPVC, SOLDAVEL, 73 MM, PARA AGUA QUENTE PREDIAL	124987	37995	both	11
UNIAO, CPVC, SOLDAVEL, 89 MM, PARA AGUA QUENTE PREDIAL	124988	37996	both	11
UNIFORME PROFISSIONAL DE BRIM, CALCA E CAMISA MANGA LONGA COM FAIXA REFLETIVA	152382	45267	both	68
USINA DE ASFALTO A FRIO, CAPACIDADE DE 40 A 60 T/H, ELETRICA, POTENCIA DE 30 CV	124990	38604	both	87
USINA DE ASFALTO A QUENTE, FIXA, TIPO CONTRA FLUXO, CAPACIDADE DE 100 A 140 T/H, POTENCIA DE 280 KW, COM MISTURADOR EXTERNO ROTATIVO	124991	10601	both	10
USINA DE ASFALTO, GRAVIMETRICA, CAPACIDADE DE 150 T/H, POTENCIA DE 400 KW	124992	44469	both	10
USINA DE CONCRETO FIXA, CAPACIDADE NOMINAL DE 90 A 120 M3/H, SEM SILO	124996	9914	both	14
USINA DE LAMA ASFALTICA, PROD 30 A 50 T/H, SILO DE AGREGADO 7 M3, RESERVATORIOS PARA EMULSAO E AGUA DE 2,3 M3 CADA, MISTURADOR TIPO PUGG-MILL A SER MONTADO SOBRE CAMINHAO	124997	36485	both	-1
USINA DE MISTURAS ASFALTICAS A QUENTE, MOVEL, TIPO CONTRA FLUXO, CAPACIDADE DE 40 A 80 T/H	124998	9912	both	-1
USINA MISTURADORA DE SOLOS, DOSADORES TRIPLOS, CALHA VIBRATORIA CAPACIDADE DE 200 A 500 T/H, POTENCIA DE 75 KW	124999	9921	both	10
VALVULA DE DESCARGA EM METAL CROMADO PARA MICTORIO COM ACIONAMENTO POR PRESSAO E FECHAMENTO AUTOMATICO	125000	21112	both	25
"VALVULA DE RETENCAO DE BRONZE, PE COM CRIVOS, EXTREMIDADE COM ROSCA, DE 1 1/2"", PARA FUNDO DE POCO"	125009	10236	both	6
"VALVULA DE RETENCAO DE BRONZE, PE COM CRIVOS, EXTREMIDADE COM ROSCA, DE 1 1/4"", PARA FUNDO DE POCO"	125010	10233	both	6
"VALVULA DE RETENCAO DE BRONZE, PE COM CRIVOS, EXTREMIDADE COM ROSCA, DE 1"", PARA FUNDO DE POCO"	125011	10234	both	6
"VALVULA DE RETENCAO DE BRONZE, PE COM CRIVOS, EXTREMIDADE COM ROSCA, DE 2 1/2"", PARA FUNDO DE POCO"	125012	10231	both	6
"VALVULA DE RETENCAO DE BRONZE, PE COM CRIVOS, EXTREMIDADE COM ROSCA, DE 2"", PARA FUNDO DE POCO"	125013	10232	both	6
"VALVULA DE RETENCAO DE BRONZE, PE COM CRIVOS, EXTREMIDADE COM ROSCA, DE 3"", PARA FUNDO DE POCO"	125015	10235	both	6
"VALVULA DE RETENCAO DE BRONZE, PE COM CRIVOS, EXTREMIDADE COM ROSCA, DE 3/4"", PARA FUNDO DE POCO"	125014	10229	both	6
"VALVULA DE RETENCAO DE BRONZE, PE COM CRIVOS, EXTREMIDADE COM ROSCA, DE 4"", PARA FUNDO DE POCO"	125016	10230	both	6
"VALVULA DE RETENCAO HORIZONTAL, DE BRONZE (PN-25), 1 1/2"", 400 PSI, TAMPA DE PORCA DE UNIAO, EXTREMIDADES COM ROSCA"	125017	10409	both	-1
"VALVULA DE RETENCAO HORIZONTAL, DE BRONZE (PN-25), 1 1/4"", 400 PSI, TAMPA DE PORCA DE UNIAO, EXTREMIDADES COM ROSCA"	125018	10411	both	-1
"VALVULA DE RETENCAO HORIZONTAL, DE BRONZE (PN-25), 1"", 400 PSI, TAMPA DE PORCA DE UNIAO, EXTREMIDADES COM ROSCA"	125020	10410	both	-1
"VALVULA DE RETENCAO HORIZONTAL, DE BRONZE (PN-25), 1/2"", 400 PSI, TAMPA DE PORCA DE UNIAO, EXTREMIDADES COM ROSCA"	125019	10404	both	-1
"VALVULA DE RETENCAO HORIZONTAL, DE BRONZE (PN-25), 2 1/2"", 400 PSI, TAMPA DE PORCA DE UNIAO, EXTREMIDADES COM ROSCA"	125021	10405	both	-1
"VALVULA DE RETENCAO HORIZONTAL, DE BRONZE (PN-25), 2"", 400 PSI, TAMPA DE PORCA DE UNIAO, EXTREMIDADES COM ROSCA"	125022	10408	both	-1
"VALVULA DE RETENCAO HORIZONTAL, DE BRONZE (PN-25), 3"", 400 PSI, TAMPA DE PORCA DE UNIAO, EXTREMIDADES COM ROSCA"	125024	10406	both	-1
"VALVULA DE RETENCAO HORIZONTAL, DE BRONZE (PN-25), 3/4"", 400 PSI, TAMPA DE PORCA DE UNIAO, EXTREMIDADES COM ROSCA"	125023	10412	both	-1
"VALVULA DE RETENCAO HORIZONTAL, DE BRONZE (PN-25), 4"", 400 PSI, TAMPA DE PORCA DE UNIAO, EXTREMIDADES COM ROSCA"	125025	10407	both	-1
"VALVULA DE RETENCAO VERTICAL, DE BRONZE (PN-16), 1 1/2"", 200 PSI, EXTREMIDADES COM ROSCA"	125026	10416	both	-1
"VALVULA DE RETENCAO VERTICAL, DE BRONZE (PN-16), 1 1/4"", 200 PSI, EXTREMIDADES COM ROSCA"	125027	10419	both	-1
"VALVULA DE RETENCAO VERTICAL, DE BRONZE (PN-16), 1"", 200 PSI, EXTREMIDADES COM ROSCA"	125029	10418	both	-1
"VALVULA DE RETENCAO VERTICAL, DE BRONZE (PN-16), 1/2"", 200 PSI, EXTREMIDADES COM ROSCA"	125028	21092	both	-1
"VALVULA DE RETENCAO VERTICAL, DE BRONZE (PN-16), 2 1/2"", 200 PSI, EXTREMIDADES COM ROSCA"	125030	12657	both	-1
"VALVULA DE RETENCAO VERTICAL, DE BRONZE (PN-16), 2"", 200 PSI, EXTREMIDADES COM ROSCA"	125031	10417	both	-1
"VALVULA DE RETENCAO VERTICAL, DE BRONZE (PN-16), 3"", 200 PSI, EXTREMIDADES COM ROSCA"	125033	10414	both	-1
"VALVULA DE RETENCAO VERTICAL, DE BRONZE (PN-16), 3/4"", 200 PSI, EXTREMIDADES COM ROSCA"	125032	10413	both	-1
"VALVULA DE RETENCAO VERTICAL, DE BRONZE (PN-16), 4"", 200 PSI, EXTREMIDADES COM ROSCA"	125034	10415	both	-1
VARA FINA PARA CREMONA, EM FERRO ZINCADO BRANCO, COM DIAMETRO DE APROX 10 MM E COMPRIMENTO DE 1,20 M	125044	43595	both	14
VARA FINA PARA CREMONA, EM FERRO ZINCADO BRANCO, COM DIAMETRO DE APROX 10 MM E COMPRIMENTO DE 1,50 M	125045	43596	both	14
VARIADOR DE LUMINOSIDADE ROTATIVO (DIMMER) 127 V, 300 W (APENAS MODULO)	125046	38108	both	39
"VARIADOR DE LUMINOSIDADE ROTATIVO (DIMMER) 127V, 300W, CONJUNTO MONTADO PARA EMBUTIR 4"" X 2"" (PLACA + SUPORTE + MODULO)"	125047	38087	both	39
VARIADOR DE LUMINOSIDADE ROTATIVO (DIMMER) 220 V, 600 W (APENAS MODULO)	125048	38109	both	39
"VARIADOR DE LUMINOSIDADE ROTATIVO (DIMMER) 220V, 600W, CONJUNTO MONTADO PARA EMBUTIR 4"" X 2"" (PLACA + SUPORTE + MODULO)"	125049	38088	both	39
VARIADOR DE VELOCIDADE PARA VENTILADOR 127 V, 150 W (APENAS MODULO)	125050	38110	both	39
"VARIADOR DE VELOCIDADE PARA VENTILADOR 127V, 150W + 2 INTERRUPTORES PARALELOS, PARA REVERSAO E LAMPADA, CONJUNTO MONTADO PARA EMBUTIR 4"" X 2"" (PLACA + SUPORTE + MODULOS)"	125051	38089	both	39
VARIADOR DE VELOCIDADE PARA VENTILADOR 220 V, 250 W (APENAS MODULO)	125052	38111	both	39
"VARIADOR DE VELOCIDADE PARA VENTILADOR 220V, 250W + 2 INTERRUPTORES PARALELOS, PARA REVERSAO E LAMPADA, CONJUNTO MONTADO PARA EMBUTIR 4"" X 2"" (PLACA + SUPORTE + MODULOS)"	125053	38090	both	39
VASSOURA 40 CM COM CABO	125055	38400	both	-1
VASSOURA MECANICA REBOCAVEL COM ESCOVA CILINDRICA LARGURA UTIL DE VARRIMENTO = 2,44M	125054	13726	both	87
VEDACAO DE CALHA, EM BORRACHA COR PRETA, MEDIDA ENTRE 119 E 170 MM, PARA DRENAGEM PLUVIAL PREDIAL	125056	12627	both	-1
VEU DE VIDRO/VEU DE SUPERFICIE 30 A 35 G/M2	125062	4031	both	72
VIBRADOR DE IMERSAO, DIAMETRO DA PONTEIRA DE *35* MM, COM MOTOR 4 TEMPOS A GASOLINA DE 5,5 HP (5,5 CV)	125067	11652	both	7
VIBRADOR DE IMERSAO, DIAMETRO DA PONTEIRA DE *45* MM, COM MOTOR ELETRICO TRIFASICO DE 2 HP (2 CV)	125068	13896	both	7
VIBROACABADORA DE ASFALTO SOBRE ESTEIRAS, LARG. PAVIM. 2,13 M A 4,55 M, POT. 74 KW/ 100 HP, CAP. 400 T/ H	125071	44470	both	10
VIBROACABADORA DE ASFALTO SOBRE ESTEIRAS, LARG. PAVIM. 2,60 M A 5,75 M, POT. 110 HP, CAP. 450 T/ H	125072	13476	both	10
VIBROACABADORA DE ASFALTO SOBRE ESTEIRAS, LARG. PAVIM. MAX. 8,00 M, POT. 100 KW/ 134 HP, CAP. 600 T/ H	125070	44491	both	10
VIBROACABADORA DE ASFALTO SOBRE ESTEIRAS, LARG. PAVIMENT. 1,90 A 5,3 M, POT. 78 KW/105 HP, CAP. 450 T/H	125073	10488	both	10
VIBROACABADORA DE ASFALTO SOBRE RODAS, LARGURA DE PAVIMENTACAO DE 1,70 A 4,20 M, POTENCIA 78 KW/105 HP, CAPACIDADE 300 T/H	125074	13606	both	10
VIDRACEIRO (MENSALISTA)	125076	41073	both	0
VIDRO COMUM LAMINADO LISO INCOLOR DUPLO, ESPESSURA TOTAL 8 MM (CADA CAMADA DE 4 MM) - COLOCADO	125077	34391	both	47
VIDRO COMUM LAMINADO, LISO, INCOLOR, DUPLO, ESPESSURA TOTAL 6 MM (CADA CAMADA E= 3 MM) - COLOCADO	125078	10496	both	47
VIDRO COMUM LAMINADO, LISO, INCOLOR, TRIPLO, ESPESSURA TOTAL 12 MM (CADA CAMADA E= 4 MM) - COLOCADO	125079	10497	both	47
VIDRO COMUM LAMINADO, LISO, INCOLOR, TRIPLO, ESPESSURA TOTAL 15 MM (CADA CAMADA E = 5 MM) - COLOCADO	125080	10504	both	47
VIDRO CRISTAL COLORIDO, 10 MM, PINTADO NA COR BRANCA	125081	34390	both	-1
VIDRO CRISTAL COLORIDO, 4 MM, PINTADO NA COR BRANCA	125082	34389	both	-1
VIDRO CRISTAL COLORIDO, 6 MM, PINTADO NA COR BRANCA	125083	34388	both	-1
VIDRO CRISTAL COLORIDO, 8 MM, PINTADO NA COR BRANCA	125084	34387	both	-1
VIDRO LISO FUME E = 4MM - SEM COLOCACAO	125085	11188	both	-1
VIDRO LISO FUME E = 6MM - SEM COLOCACAO	125086	11189	both	-1
VIDRO LISO FUME, E = 5 MM - SEM COLOCACAO	125087	21107	both	-1
VIDRO LISO INCOLOR 10 MM - SEM COLOCACAO	125088	34386	both	-1
VIDRO LISO INCOLOR 2 A 3 MM - SEM COLOCACAO	125089	10490	both	-1
VIDRO LISO INCOLOR 4MM - SEM COLOCACAO	125090	10492	both	-1
VIDRO LISO INCOLOR 5MM - SEM COLOCACAO	125091	10493	both	-1
VIDRO LISO INCOLOR 6 MM - SEM COLOCACAO	125092	10491	both	-1
VIDRO LISO INCOLOR 8MM - SEM COLOCACAO	125093	34385	both	-1
VIDRO MARTELADO OU CANELADO, 4 MM - SEM COLOCACAO	125094	10499	both	-1
VIDRO PLANO ARAMADO E = 6 MM - SEM COLOCACAO	125095	34384	both	-1
VIDRO TEMPERADO INCOLOR E = 10 MM, SEM COLOCACAO	125097	10507	both	-1
VIDRO TEMPERADO INCOLOR E = 6 MM, SEM COLOCACAO	125098	10505	both	-1
VIDRO TEMPERADO INCOLOR E = 8 MM, SEM COLOCACAO	125099	10506	both	-1
VIDRO TEMPERADO INCOLOR PARA PORTA DE ABRIR, E = 10 MM (SEM FERRAGENS E SEM COLOCACAO)	125100	5031	both	-1
VIDRO TEMPERADO VERDE E = 10 MM, SEM COLOCACAO	125101	10502	both	-1
VIDRO TEMPERADO VERDE E = 6 MM, SEM COLOCACAO	125102	10501	both	-1
VIDRO TEMPERADO VERDE E = 8 MM, SEM COLOCACAO	125103	10503	both	-1
VIGA *7,5 X 10* CM EM PINUS, MISTA OU EQUIVALENTE DA REGIAO - BRUTA	125104	4500	both	3
VIGA *7,5 X 15 CM EM PINUS, MISTA OU EQUIVALENTE DA REGIAO - BRUTA	125105	4448	both	3
VIGIA DIURNO (MENSALISTA)	125114	41096	both	0
!EM PROCESSO DE DESATIVACAO!JANELA DE CORRER, ACO, BATENTE/REQUADRO DE 6 A 14 CM, COM DIVISAO HORIZ , PINT ANTICORROSIVA, SEM VIDRO, BANDEIRA COM BASCULA, 4 FLS, 120 X 150 CM (A X L) [SINAPI 11199]	126907		real_295	107
!EM PROCESSO DE DESATIVACAO!MASSA A OLEO PARA MADEIRA [SINAPI 4053]	127668		real_295	12
!EM PROCESSO DE DESATIVACAO!MASSA ACRILICA PARA PAREDES INTERIOR/EXTERIOR [SINAPI 4056]	127669		real_295	-1
"!EM PROCESSO DESATIVACAO! ELETRODUTO EM ACO GALVANIZADO ELETROLITICO, LEVE, DIAMETRO 1"", PAREDE DE 0,90 MM [SINAPI 21136]"	126908		real_295	-1
"!EM PROCESSO DESATIVACAO! ELETRODUTO EM ACO GALVANIZADO ELETROLITICO, LEVE, DIAMETRO 3/4"", PAREDE DE 0,90 MM [SINAPI 21128]"	126909		real_295	-1
"!EM PROCESSO DESATIVACAO! ELETRODUTO EM ACO GALVANIZADO ELETROLITICO, SEMI-PESADO, DIAMETRO 1 1/2"", PAREDE DE 1,20 MM [SINAPI 21130]"	126910		real_295	-1
"!EM PROCESSO DESATIVACAO! ELETRODUTO EM ACO GALVANIZADO ELETROLITICO, SEMI-PESADO, DIAMETRO 1 1/4"", PAREDE DE 1,20 MM [SINAPI 21135]"	126911		real_295	-1
ABRACADEIRA PVC, PARA CALHA PLUVIAL, DIAMETRO ENTRE 80 E 100 MM, PARA DRENAGEM PREDIAL	118667		real_295	52
"ABRACADEIRA, GALVANIZADA/ZINCADA, ROSCA SEM FIM, PARAFUSO INOX, LARGURA FITA 19 MM, D = 1"""	152324		real_295	47
"ACABAMENTO CROMADO PARA REGISTRO PEQUENO, 1/2 "" OU 3/4 """	118671		real_295	70
ACETILENO (RECARGA PARA CILINDRO DE CONJUNTO OXICORTE GRANDE)	118675		real_295	-1
ACIDO MURIATICO, DILUICAO 10% A 12% PARA USO EM LIMPEZA	118828		real_295	10
ACOPLAMENTO DE CONDUTOR PLUVIAL, EM PVC, DIAMETRO ENTRE 80 E 100 MM, PARA DRENAGEM PREDIAL	118873		real_295	52
ADAPTADOR CPVC, ROSCAVEL, COM FLANGES E ANEL DE VEDACAO, 15 MM, CAIXA D'AGUA PARA AGUA QUENTE [SINAPI 44254]	129288		real_295	111
ADAPTADOR CPVC, ROSCAVEL, COM FLANGES E ANEL DE VEDACAO, 22 MM, CAIXA D'AGUA PARA AGUA QUENTE [SINAPI 44255]	129289		real_295	111
ADAPTADOR CPVC, ROSCAVEL, COM FLANGES E ANEL DE VEDACAO, 28 MM, CAIXA D'AGUA PARA AGUA QUENTE [SINAPI 44256]	129290		real_295	111
ADAPTADOR CPVC, ROSCAVEL, COM FLANGES E ANEL DE VEDACAO, 35 MM, CAIXA D'AGUA PARA AGUA QUENTE [SINAPI 44257]	129291		real_295	111
ADAPTADOR CPVC, ROSCAVEL, COM FLANGES E ANEL DE VEDACAO, 42 MM, CAIXA D'AGUA PARA AGUA QUENTE [SINAPI 44258]	129332		real_295	111
ADAPTADOR CPVC, ROSCAVEL, COM FLANGES E ANEL DE VEDACAO, 54 MM, CAIXA D'AGUA PARA AGUA QUENTE [SINAPI 44259]	129307		real_295	111
ADAPTADOR DE COBRE PARA TUBULACAO PEX, DN 16 X 15 MM	118881		real_295	27
ADAPTADOR DE COBRE PARA TUBULACAO PEX, DN 20 X 22 MM	118883		real_295	27
"ADAPTADOR PVC PARA SIFAO METALICO, SOLDAVEL, COM ANEL BORRACHA (JE), 40 MM X 1 1/2"""	118892		real_295	9
"ADAPTADOR PVC PARA SIFAO, ROSCAVEL, 40 MM X 1 1/4"""	118894		real_295	9
"ADAPTADOR PVC ROSCAVEL, COM FLANGES E ANEL DE VEDACAO, 1"", PARA CAIXA D' AGUA"	118974		real_295	-1
"ADAPTADOR PVC ROSCAVEL, COM FLANGES E ANEL DE VEDACAO, 1/2"", PARA CAIXA D' AGUA"	118972		real_295	-1
"ADAPTADOR PVC ROSCAVEL, COM FLANGES E ANEL DE VEDACAO, 3/4"", PARA CAIXA D' AGUA"	118977		real_295	32
"ADAPTADOR PVC SOLDAVEL, COM FLANGES E ANEL DE VEDACAO, 60 MM X 2"", PARA CAIXA D' AGUA"	119017		real_295	-1
"ADAPTADOR PVC SOLDAVEL, COM FLANGES LIVRES, 110 MM X 4"", PARA CAIXA D' AGUA"	119019		real_295	9
"ADAPTADOR PVC SOLDAVEL, COM FLANGES LIVRES, 25 MM X 3/4"", PARA CAIXA D' AGUA"	119021		real_295	9
"ADAPTADOR PVC SOLDAVEL, COM FLANGES LIVRES, 32 MM X 1"", PARA CAIXA D' AGUA"	119024		real_295	9
"ADAPTADOR PVC SOLDAVEL, COM FLANGES LIVRES, 40 MM X 1 1/4"", PARA CAIXA D' AGUA"	119026		real_295	9
"ADAPTADOR PVC SOLDAVEL, COM FLANGES LIVRES, 50 MM X 1 1/2"", PARA CAIXA D' AGUA"	119028		real_295	9
"ADAPTADOR PVC SOLDAVEL, COM FLANGES LIVRES, 60 MM X 2"", PARA CAIXA D' AGUA"	119032		real_295	9
"ADAPTADOR PVC SOLDAVEL, COM FLANGES LIVRES, 75 MM X 2 1/2"", PARA CAIXA D' AGUA"	119034		real_295	9
"ADAPTADOR PVC SOLDAVEL, COM FLANGES LIVRES, 85 MM X 3"", PARA CAIXA D' AGUA"	119036		real_295	9
"ADAPTADOR PVC SOLDAVEL, LONGO, COM FLANGE LIVRE, 110 MM X 4"", PARA CAIXA D' AGUA"	119039		real_295	9
"ADAPTADOR PVC SOLDAVEL, LONGO, COM FLANGE LIVRE, 25 MM X 3/4"", PARA CAIXA D' AGUA"	119041		real_295	9
"ADAPTADOR PVC SOLDAVEL, LONGO, COM FLANGE LIVRE, 32 MM X 1"", PARA CAIXA D' AGUA"	119043		real_295	9
"ADAPTADOR PVC SOLDAVEL, LONGO, COM FLANGE LIVRE, 40 MM X 1 1/4"", PARA CAIXA D' AGUA"	119046		real_295	9
"ADAPTADOR PVC SOLDAVEL, LONGO, COM FLANGE LIVRE, 50 MM X 1 1/2"", PARA CAIXA D' AGUA"	119048		real_295	9
"ADAPTADOR PVC SOLDAVEL, LONGO, COM FLANGE LIVRE, 60 MM X 2"", PARA CAIXA D' AGUA"	119050		real_295	9
"ADAPTADOR PVC SOLDAVEL, LONGO, COM FLANGE LIVRE, 75 MM X 2 1/2"", PARA CAIXA D' AGUA"	119053		real_295	9
"ADAPTADOR PVC SOLDAVEL, LONGO, COM FLANGE LIVRE, 85 MM X 3"", PARA CAIXA D' AGUA"	119055		real_295	9
"ADAPTADOR PVC, ROSCAVEL, COM FLANGES E ANEL DE VEDACAO, 1 1/4"", PARA CAIXA D' AGUA"	119062		real_295	-1
"ADAPTADOR PVC, ROSCAVEL, COM FLANGES E ANEL DE VEDACAO, 2"", PARA CAIXA D' AGUA"	119064		real_295	32
ADAPTADOR PVC, ROSCAVEL, PARA VALVULA PIA OU LAVATORIO, 40 MM	119067		real_295	9
ADAPTADOR, CPVC, SOLDAVEL, 15 MM, PARA AGUA QUENTE	119069		real_295	11
ADAPTADOR, CPVC, SOLDAVEL, 22 MM, PARA AGUA QUENTE	119071		real_295	11
"ADAPTADOR, EM LATAO, ENGATE RAPIDO 2 1/2"" X ROSCA INTERNA 5 FIOS 2 1/2"", PARA INSTALACAO PREDIAL DE COMBATE A INCENDIO"	119074		real_295	40
"ADAPTADOR, EM LATAO, ENGATE RAPIDO1 1/2"" X ROSCA INTERNA 5 FIOS 2 1/2"", PARA INSTALACAO PREDIAL DE COMBATE A INCENDIO"	119076		real_295	40
ADAPTADOR, PVC PBA, A BOLSA DEFOFO, JE, DN 100 / DE 110 MM	119081		real_295	80
ADAPTADOR, PVC PBA, A BOLSA DEFOFO, JE, DN 50 / DE 60 MM	119083		real_295	80
ADAPTADOR, PVC PBA, A BOLSA DEFOFO, JE, DN 75 / DE 85 MM	119085		real_295	80
ADAPTADOR, PVC PBA, BOLSA/ROSCA, JE, DN 100 / DE 110 MM	119088		real_295	80
ADAPTADOR, PVC PBA, BOLSA/ROSCA, JE, DN 50 / DE 60 MM	119090		real_295	80
ADAPTADOR, PVC PBA, BOLSA/ROSCA, JE, DN 75 / DE 85 MM	119078		real_295	80
ADAPTADOR, PVC PBA, PONTA/ROSCA, JE, DN 50 / DE 60 MM	119093		real_295	80
ADAPTADOR, PVC PBA, PONTA/ROSCA, JE, DN 75 / DE 85 MM	119095		real_295	80
ADESIVO ACRILICO/COLA DE CONTATO	119097		real_295	6
ADESIVO LIQUIDO A BASE DE RESINAS PARA COLAGEM DE ESPUMA DE ISOLAMENTO TERMICO FLEXIVEL	119107		real_295	4
ADESIVO PLASTICO PARA PVC, FRASCO COM 850 GR	119116		real_295	9
ADESIVO/COLA PARA EPS (ISOPOR) E OUTROS MATERIAIS	119118		real_295	9
ADITIVO IMPERMEABILIZANTE CRISTALIZANTE PARA CONCRETO [SINAPI 45146]	135213		real_295	114
ADITIVO LIQUIDO IMPERMEABILIZANTE CRISTALIZANTE	119130		real_295	114
ADUELA/GALERIA DE CONCRETO ARMADO, SECAO RETANGULAR 2.00 X 1.00 M (L X A), C = 1.00 M, E = 20 CM [SINAPI 41632]	134873		real_295	23
AGUA SANITARIA [SINAPI 13003]	127670		real_295	12
AJUDANTE DE ARMADOR	119565		real_295	-1
AJUDANTE DE ELETRICISTA	119570		real_295	0
AJUDANTE DE ESTRUTURAS METALICAS	119575		real_295	-1
AJUDANTE DE ESTRUTURAS METALICAS HORISTA [SINAPI 44499]	126721		real_295	-1
AJUDANTE DE OPERACAO EM GERAL	119580		real_295	-1
AJUDANTE DE PINTOR	119584		real_295	-1
AJUDANTE DE SERRALHEIRO	119589		real_295	0
AJUDANTE ESPECIALIZADO	119593		real_295	0
"ALICATE DE CORTE DIAGONAL 6 "" COM ISOLAMENTO"	119612		real_295	-1
ALICATE DE CRIMPAR RJ11, RJ12 E RJ45	119615		real_295	85
"ALICATE DE PRESSAO 11 "" PARA SOLDA, TIPO C"	119620		real_295	-1
"ALICATE DE PRESSAO 11 "" PARA SOLDA, TIPO U"	119622		real_295	-1
"ALICATE DE PRESSAO PARA SOLDA DE CHAPA 18 """	119618		real_295	-1
ALICATE PARA ANEIS DE PISTAO, CAPACIDADE 50 A 100 MM	119625		real_295	-1
ALIMENTACAO - HORISTA (COLETADO CAIXA)	119627		real_295	-1
ALIMENTACAO - MENSALISTA (COLETADO CAIXA)	119629		real_295	-1
ALMOXARIFE	119634		real_295	-1
ALUMINIO ANODIZADO	119641		real_295	-1
ANEL BORRACHA DN 100 MM, PARA TUBO SERIE REFORCADA ESGOTO PREDIAL	119644		real_295	-1
ANEL BORRACHA DN 75 MM, PARA TUBO SERIE REFORCADA ESGOTO PREDIAL	119646		real_295	-1
ANEL BORRACHA PARA TUBO ESGOTO PREDIAL DN 40 MM (NBR 5688)	119648		real_295	-1
ANEL BORRACHA PARA TUBO ESGOTO PREDIAL DN 50 MM (NBR 5688)	119651		real_295	-1
ANEL BORRACHA PARA TUBO ESGOTO PREDIAL DN 75 MM (NBR 5688)	119653		real_295	-1
ANEL BORRACHA, DN 40 MM, PARA TUBO SERIE REFORCADA ESGOTO PREDIAL	119660		real_295	-1
ANEL BORRACHA, PARA TUBO PVC DEFOFO, DN 250 MM (NBR 7665)	119672		real_295	-1
ANEL BORRACHA, PARA TUBO PVC DEFOFO, DN 300 MM (NBR 7665)	119674		real_295	-1
ANEL BORRACHA, PARA TUBO PVC, REDE COLETOR ESGOTO, DN 125 MM (NBR 7362) [SINAPI 304]	127671		real_295	-1
"ANEL DE BORRACHA PARA VEDACAO DE DUTO PEAD CORRUGADO PARA ELETRICA, DN 1 1/2"""	119703		real_295	53
"ANEL DE BORRACHA PARA VEDACAO DE DUTO PEAD CORRUGADO PARA ELETRICA, DN 1 1/4"""	119705		real_295	53
"ANEL DE BORRACHA PARA VEDACAO DE DUTO PEAD CORRUGADO PARA ELETRICA, DN 2"""	119707		real_295	53
"ANEL DE BORRACHA PARA VEDACAO DE DUTO PEAD CORRUGADO PARA ELETRICA, DN 3"""	119710		real_295	53
"ANEL DE BORRACHA PARA VEDACAO DE DUTO PEAD CORRUGADO PARA ELETRICA, DN 4"""	119712		real_295	53
ANEL DE CONCRETO ARMADO, D = *1,10* M, H = 0,30 M [SINAPI 12548]	127672		real_295	23
ANEL DE CONCRETO ARMADO, D = 0,60 M, H = 0,10 M [SINAPI 13113]	127673		real_295	23
ANEL DE CONCRETO ARMADO, D = 0,60 M, H = 0,15 M [SINAPI 13114]	127674		real_295	23
ANEL DE CONCRETO ARMADO, D = 0,60 M, H = 0,30 M [SINAPI 12530]	127675		real_295	23
ANEL DE CONCRETO ARMADO, D = 0,60 M, H = 0,40 M [SINAPI 12531]	127676		real_295	23
ANEL DE CONCRETO ARMADO, D = 0,80 M, H = 0,30 M [SINAPI 12533]	127677		real_295	23
ANEL DE CONCRETO ARMADO, D = 1,00 M, H = 0,40 M [SINAPI 12546]	127678		real_295	23
ANEL DE VEDACAO/JUNTA ELASTICA, H = *16* MM, PARA TUBO DE CONCRETO DN 300 MM	119736		real_295	23
ANEL DE VEDACAO/JUNTA ELASTICA, H = *16* MM, PARA TUBO DE CONCRETO DN 400 MM	119738		real_295	23
ANEL DE VEDACAO/JUNTA ELASTICA, H = *16* MM, PARA TUBO DE CONCRETO DN 500 MM	119774		real_295	23
ANEL DE VEDACAO/JUNTA ELASTICA, H = *16* MM, PARA TUBO DE CONCRETO DN 600 MM	119776		real_295	23
ANEL DE VEDACAO/JUNTA ELASTICA, H = *18* MM, PARA TUBO DE CONCRETO DN 700 MM	119778		real_295	23
ANEL DE VEDACAO/JUNTA ELASTICA, H = *19* MM, PARA TUBO DE CONCRETO DN 800 MM	119781		real_295	23
ANEL DE VEDACAO/JUNTA ELASTICA, H = *19* MM, PARA TUBO DE CONCRETO DN 900 MM	119783		real_295	23
ANEL DE VEDACAO/JUNTA ELASTICA, H = *21* MM, PARA TUBO DE CONCRETO DN 1000 MM	119785		real_295	23
ANEL DESLIZANTE / TRADICIONAL, METALICO, PARA TUBO PEX, DN 16 MM	119787		real_295	60
ANEL DESLIZANTE / TRADICIONAL, METALICO, PARA TUBO PEX, DN 20 MM	119790		real_295	60
ANEL DESLIZANTE / TRADICIONAL, METALICO, PARA TUBO PEX, DN 25 MM	119792		real_295	60
ANEL DESLIZANTE / TRADICIONAL, METALICO, PARA TUBO PEX, DN 32 MM	119794		real_295	60
APARELHO DE APOIO DE NEOPRENE FRETADO, 60 X 45 X 7,6 CM, COM FRETAGEM DE ACO DE 4 MM INTERCALADAS COM ELASTOMERO DE 11 MM E REVESTIMENTO FINAL COM ELASTOMERO DE 6 MM	119845		real_295	-1
APARELHO DE APOIO DE NEOPRENE SIMPLES/ NAO FRETADO, 100 X 100 CM, ESPESSURA 6,3 MM	119848		real_295	-1
APOIO DO PORTA DENTE PARA FRESADORA DE ASFALTO [SINAPI 44473]	126722		real_295	-1
APONTADOR OU APROPRIADOR DE MAO DE OBRA	119855		real_295	-1
AQUECEDOR DE AGUA A GAS GLP/GN COM CAPACIDADE DE ARMAZENAMENTO DE 50 A 80 L	119859		real_295	31
AQUECEDOR DE AGUA ELETRICO HORIZONTAL, RESERVATORIO DE 200 L CILINDRICO EM COBRE, REFORCADO COM ACO CARBONO, MONOFASICO, TENSAO NOMINAL 220 V	119871		real_295	-1
AQUECEDOR DE AGUA ELETRICO RESERVATORIO DE 100 L CILINDRICO EM COBRE, REFORCADO COM ACO CARBONO, MONOFASICO, TENSAO NOMINAL 220 V	119862		real_295	-1
AQUECEDOR DE AGUA ELETRICO RESERVATORIO DE 500 L CILINDRICO EM COBRE, REFORCADO COM ACO CARBONO, MONOFASICO, TENSAO NOMINAL 220 V	119864		real_295	-1
AQUECEDOR DE AGUA ELETRICO RESERVATORIO DE 500 L CILINDRICO EM COBRE, REFORCADO COM ACO CARBONO, TRIFASICO, TENSAO NOMINAL 220/380/400 V, POTENCIA 24 KW	119866		real_295	-1
AQUECEDOR DE AGUA ELETRICO RESERVATORIO DE 700 L CILINDRICO EM COBRE, REFORCADO COM ACO CARBONO, MONOFASICO, TENSAO NOMINAL 220 V	119869		real_295	-1
AQUECEDOR DE OLEO BPF (FLUIDO) TERMICO, CAPACIDADE DE 300.000 KCAL/H	119873		real_295	2
AQUECEDOR DE OLEO BPF (FLUIDO) TERMICO, CAPACIDADE DE 300.000 KCAL/H [SINAPI 44498]	126723		real_295	2
AQUECEDOR SOLAR CAPACIDADE DO RESERVATORIO 1000 L, INCLUI 10 PLACAS COLETORAS DE 1,42 M2	119878		real_295	-1
AQUECEDOR SOLAR CAPACIDADE DO RESERVATORIO 200 L, INCLUI 2 PLACAS COLETORAS DE 1,42 M2	119880		real_295	-1
AQUECEDOR SOLAR CAPACIDADE DO RESERVATORIO 400L, INCLUI 4 PLACAS COLETORAS DE 1,42 M2	119883		real_295	-1
AQUECEDOR SOLAR CAPACIDADE DO RESERVATORIO 600 L, INCLUI 6 PLACAS COLETORAS DE 1,42 M2	119885		real_295	-1
AQUECEDOR SOLAR CAPACIDADE DO RESERVATORIO 800 L, INCLUI 8 PLACAS COLETORAS DE 1,42 M2	119876		real_295	-1
AR CONDICIONADO SPLIT INVERTER, HI-WALL (PAREDE), 24000 BTU/H, CICLO FRIO, 60HZ, CLASSIFICACAO A - SELO PROCEL, GAS HFC, CONTROLE S/FIO	119892		real_295	31
AR-CONDICIONADO FRIO SPLITAO INVERTER 30 TR	119963		real_295	15
"ARADO REVERSIVEL COM 3 DISCOS DE 26"" X 6MM REBOCAVEL"	119975		real_295	-1
ARAME DE ACO OVALADO 15 X 17 ( 45,7 KG, 700 KGF), ROLO 1000 M	119977		real_295	65
AREIA AMARELA, AREIA BARRADA OU ARENOSO (RETIRADA NO AREAL, SEM TRANSPORTE) [SINAPI 369]	127679		real_295	-1
AREIA PRETA PARA EMBOCO - POSTO JAZIDA/FORNECEDOR (RETIRADO NA JAZIDA, SEM TRANSPORTE) [SINAPI 11076]	127680		real_295	-1
ARGAMASSA POLIMERICA IMPERMEABILIZANTE SEMIFLEXIVEL, BICOMPONENTE (MEMBRANA IMPERMEABILIZANTE ACRILICA)	120035		real_295	114
ARGAMASSA PRONTA PARA REVESTIMENTO INTERNO EM PAREDES [SINAPI 374]	127681		real_295	12
ARGAMASSA USINADA AUTOADENSAVEL E AUTONIVELANTE PARA CONTRAPISO, INCLUI BOMBEAMENTO	120040		real_295	113
ARMADOR	120070		real_295	-1
ARQUITETO JUNIOR	120075		real_295	-1
ARQUITETO PAISAGISTA	120080		real_295	-1
ARQUITETO PAISAGISTA (MENSALISTA)	120082		real_295	-1
ARQUITETO PLENO	120085		real_295	-1
ARQUITETO SENIOR	120089		real_295	-1
"ARRUELA LISA, REDONDA, ACO ZINCADO, M8, DIAMETRO EXTERNO 20 MM, DIAMETRO DO FURO 8 MM (5/16"")"	152144		real_295	47
ASFALTO DILUIDO DE PETROLEO CM-30 (COLETADO CAIXA NA ANP ACRESCIDO DE ICMS) [SINAPI 41901]	127682		real_295	42
ASSENTADOR DE MANILHAS	120131		real_295	0
AUXILIAR DE ALMOXARIFE	120143		real_295	-1
AUXILIAR DE ALMOXARIFE (MENSALISTA)	120145		real_295	-1
AUXILIAR DE AZULEJISTA	120148		real_295	0
AUXILIAR DE ENCANADOR OU BOMBEIRO HIDRAULICO	120152		real_295	0
AUXILIAR DE ESCRITORIO	120157		real_295	0
AUXILIAR DE LABORATORISTA DE SOLOS E DE CONCRETO	120162		real_295	0
AUXILIAR DE MECANICO	120167		real_295	0
AUXILIAR DE PEDREIRO	120171		real_295	0
AUXILIAR DE SERVICOS GERAIS	120175		real_295	0
AUXILIAR DE TOPOGRAFO	120180		real_295	0
AUXILIAR TECNICO / ASSISTENTE DE ENGENHARIA	120186		real_295	0
AZULEJISTA OU LADRILHEIRO	120193		real_295	0
BACIA SANITARIA (VASO) COM CAIXA ACOPLADA, SIFAO OCULTO / CARENADO, DE LOUCA BRANCA (SEM ASSENTO ) - PADRAO ALTO	120200		real_295	-1
BACIA SANITARIA TURCA DE LOUCA BRANCA [SINAPI 11784]	127683		real_295	-1
BALDE PLASTICO CAPACIDADE *10* L	120213		real_295	9
BANCADA/ BANCA EM MARMORE, POLIDO, BRANCO COMUM, E= *3* CM	120271		real_295	24
BARRA DE FERRO CHATA, RETANGULAR (QUALQUER BITOLA)	120340		real_295	-1
BARRA DE FERRO CHATO, RETANGULAR, 19,05 MM X 3,17 MM (L X E), 0,47 KG/M	120342		real_295	65
BARRA DE FERRO CHATO, RETANGULAR, 25,4 MM X 4,76 MM (L X E), 1,73 KG/M	120344		real_295	65
BARRA DE FERRO CHATO, RETANGULAR, 25,4 MM X 6,35 MM (L X E), 1,2265 KG/M	120347		real_295	65
BARRA DE FERRO CHATO, RETANGULAR, 38,1 MM X 12,7 MM (L X E), 3,79 KG/M	120349		real_295	65
BARRA DE FERRO CHATO, RETANGULAR, 38,1 MM X 6,35 MM (L X E), 1,89 KG/M	120351		real_295	65
BARRA DE FERRO CHATO, RETANGULAR, 38,1 MM X 9,53 MM (L X E), 2,84 KG/M	120354		real_295	65
BARRA DE FERRO CHATO, RETANGULAR, 50,8 MM X 12,7 MM (L X E), 5,06 KG/M	120356		real_295	65
BARRA DE FERRO CHATO, RETANGULAR, 50,8 MM X 25,4 MM (L X E), 10,12 KG/M	120359		real_295	65
BARRA DE FERRO CHATO, RETANGULAR, 50,8 MM X 6,35 MM (L X E), 2,53 KG/M	120361		real_295	65
BARRA DE FERRO CHATO, RETANGULAR, 50,8 MM X 7,94 MM (L X E), 3,162 KG/M	120363		real_295	65
BARRA DE FERRO CHATO, RETANGULAR, 50,8 MM X 9,53 MM (L X E), 3,79KG/M	120366		real_295	65
BASE DE MISTURADOR MONOCOMANDO PARA CHUVEIRO	120368		real_295	-1
BASE UNIPOLAR PARA FUSIVEL NH1, CORRENTE NOMINAL DE 250 A, SEM CAPA	120377		real_295	71
BASTIDOR PARA BLOCO M10 [SINAPI 44172]	128113		real_295	7
BATENTE/ PORTAL/ ADUELA/ MARCO MACICO, E= *3* CM, L= *7* CM, *60 CM A 120* CM X *210* CM, EM CEDRINHO/ ANGELIM COMERCIAL/ EUCALIPTO/ CURUPIXA/ PEROBA/ CUMARU OU EQUIVALENTE DA REGIAO (NAO INCLUI ALIZARES) [SINAPI 195]	127684		real_295	24
BATENTE/ PORTAL/ ADUELA/ MARCO MACICO, E= *3* CM, L= *7* CM, *60 CM A 120* CM X *210* CM, EM PINUS/ TAUARI/ VIROLA OU EQUIVALENTE DA REGIAO (NAO INCLUI ALIZARES) [SINAPI 194]	127685		real_295	24
BENTONITA, ARGILA CONSTITUIDA POR MONTMORILONITA [SINAPI 43366]	127626		real_295	123
BETONEIRA CAPACIDADE NOMINAL 400 L, CAPACIDADE DE MISTURA 280 L, MOTOR ELETRICO TRIFASICO 220/380 V POTENCIA 2 CV, SEM CARREGADOR	120394		real_295	7
BETONEIRA CAPACIDADE NOMINAL 400 L, CAPACIDADE DE MISTURA 310 L, MOTOR A DIESEL POTENCIA 5 CV, SEM CARREGADOR	120396		real_295	7
BETONEIRA CAPACIDADE NOMINAL 400 L, CAPACIDADE DE MISTURA 310 L, MOTOR A GASOLINA POTENCIA 5,5 CV, SEM CARREGADOR	120398		real_295	7
BETONEIRA CAPACIDADE NOMINAL 600 L, CAPACIDADE DE MISTURA 440 L, MOTOR A GASOLINA POTENCIA 10 HP, COM CARREGADOR	120401		real_295	7
BETONEIRA CAPACIDADE NOMINAL 600 L, CAPACIDADE DE MISTURA 440 L, MOTOR A GASOLINA POTENCIA 10 HP, COM CARREGADOR [SINAPI 44492]	126724		real_295	7
BETONEIRA, CAPACIDADE NOMINAL 400 L, CAPACIDADE DE MISTURA 310L, MOTOR ELETRICO TRIFASICO 220/380V POTENCIA 2 CV, SEM CARREGADOR	120403		real_295	7
BETONEIRA, CAPACIDADE NOMINAL 600 L, CAPACIDADE DE MISTURA 360L, MOTOR ELETRICO TRIFASICO 220/380V, POTENCIA 4CV, EXCLUSO CARREGADOR	120405		real_295	7
BETONEIRA, CAPACIDADE NOMINAL 600 L, CAPACIDADE DE MISTURA 440 L, MOTOR A DIESEL POTENCIA 10 CV, COM CARREGADOR	120407		real_295	7
BLASTER, DINAMITADOR OU CABO DE FOGO	120410		real_295	-1
BLOCO CERAMICO / TIJOLO VAZADO PARA ALVENARIA DE VEDACAO, FUROS NA VERTICAL, 11,5 X 19 X 29 CM (L X A X C) [SINAPI 44466]	138371		real_295	2
BLOCO CERAMICO / TIJOLO VAZADO PARA ALVENARIA DE VEDACAO, FUROS NA VERTICAL, 11,5 X 19 X 39 CM (L X A X C) [SINAPI 44467]	138372		real_295	2
BLOCO CERAMICO / TIJOLO VAZADO PARA ALVENARIA DE VEDACAO, FUROS NA VERTICAL, 14 X 19 X 29 CM (L X A X C) [SINAPI 44468]	138564		real_295	2
BLOCO CERAMICO DE VEDACAO COM FUROS NA HORIZONTAL, 11,5 X 19 X 19 CM - 4,5 MPA (NBR 15270)	120414		real_295	104
BLOCO CERAMICO DE VEDACAO COM FUROS NA VERTICAL, 14 X 19 X 39 CM - 4,5 MPA (NBR 15270)	120417		real_295	104
BLOCO CERAMICO DE VEDACAO COM FUROS NA VERTICAL, 19 X 19 X 39 CM - 4,5 MPA (NBR 15270)	120419		real_295	104
BLOCO CERAMICO DE VEDACAO COM FUROS NA VERTICAL, 9 X 19 X 39 CM - 4,5 MPA (NBR 15270)	120421		real_295	104
BLOCO CERAMICO VAZADO PARA ALVENARIA DE VEDACAO, 4 FUROS, DE 9 X 9 X 19 CM (L X A X C)	120426		real_295	2
BLOCO CERAMICO VAZADO PARA ALVENARIA DE VEDACAO, 6 FUROS, DE 9 X 14 X 19 CM (L X A X C)	120428		real_295	2
BLOCO CERAMICO VAZADO PARA ALVENARIA DE VEDACAO, 6 FUROS, DE 9 X 9 X 19 CM (L X A X C)	120431		real_295	2
BLOCO CERAMICO VAZADO PARA ALVENARIA DE VEDACAO, 8 FUROS, DE 9 X 19 X 19 CM (L XA X C)	120433		real_295	2
BLOCO CERAMICO VAZADO PARA ALVENARIA DE VEDACAO, 8 FUROS, DE 9 X 19 X 29 CM (L X A X C)	120436		real_295	2
BLOCO CERAMICO VAZADO PARA ALVENARIA DE VEDACAO, DE 9 X 19 X 19 CM (L X A X C)	120424		real_295	2
BLOCO DE ENGATE RAPIDO PARA BASTIDOR TIPO M10 [SINAPI 44171]	128114		real_295	7
BLOCO DE ESPUMA MULTIUSO *23 X 13 X 8* CM	120486		real_295	2
BLOCO DE VIDRO INCOLOR XADREZ, DE *20 X 20 X 10* CM	120500		real_295	2
BLOCO DE VIDRO INCOLOR, CANELADO, DE *19 X 19 X 8* CM	120501		real_295	2
BLOCO DE VIDRO/ELEMENTO VAZADO INCOLOR, VENEZIANA, DE *20 X 20 X 6* CM	120502		real_295	2
BLOCO DE VIDRO/ELEMENTO VAZADO, INCOLOR, VENEZIANA, *20 X 10 X 8* CM	120503		real_295	2
BLOCO ESTRUTURAL CERAMICO - 14 X 19 X 29 CM - 4,0 MPA - NBR 15270 [SINAPI 10610]	127686		real_295	2
BLOCO ESTRUTURAL CERAMICO 14 X 19 X 29 CM, 3,0 MPA (NBR 15270) [SINAPI 34585]	127687		real_295	2
BLOCO ESTRUTURAL CERAMICO 14 X 19 X 29 CM, 6,0 MPA (NBR 15270)	120504		real_295	2
BLOCO ESTRUTURAL CERAMICO 14 X 19 X 34 CM, 6,0 MPA (NBR 15270)	120505		real_295	2
BLOCO ESTRUTURAL CERAMICO 14 X 19 X 39 CM, 6,0 MPA (NBR 15270)	120506		real_295	2
BLOCO ESTRUTURAL CERAMICO 19 X 19 X 29 CM, 6,0 MPA (NBR 15270)	120507		real_295	2
BLOCO ESTRUTURAL CERAMICO 19 X 19 X 39 CM, 6,0 MPA (NBR 15270)	120508		real_295	2
BLOCO VEDACAO CONCRETO CELULAR AUTOCLAVADO 12,5 X 30 X 60 CM (E X A X C)	120509		real_295	104
BLOCO VEDACAO CONCRETO CELULAR AUTOCLAVADO 7,5 X 30 X 60 CM (E X A X C)	120510		real_295	104
BLOQUETE/PISO DE CONCRETO - MODELO BLOCO PISOGRAMA/CONCREGRAMA 2 FUROS, *35 CM X 15* CM, E = *8* CM, COR NATURAL [SINAPI 40520]	127688		real_295	62
BLOQUETE/PISO DE CONCRETO - MODELO BLOCO PISOGRAMA/CONCREGRAMA 2 FUROS, DIMENSOES APROX. DE 35 CM X 15 CM E ESPESSURA DE 7 CM (+/- 1 CM), COR NATURAL	120511		real_295	62
BLOQUETE/PISO DE CONCRETO - MODELO PISOGRAMA/CONCREGRAMA/PAVI-GRADE/GRAMEIRO, *60 CM X 45* CM, E = *9* CM, COR NATURAL [SINAPI 40516]	127689		real_295	62
BLOQUETE/PISO DE CONCRETO - MODELO PISOGRAMA/CONCREGRAMA/PAVI-GRADE/GRAMEIRO, DIMENSOES APROXIMADAS DE 60 CM X 45 CM E ESPESSURA DE 8 CM (+/- 1 CM), COR NATURAL	120512		real_295	62
BLOQUETE/PISO INTERTRAVADO DE CONCRETO - MODELO ONDA/16 FACES/RETANGULAR/TIJOLINHO/PAVER/HOLANDES/PARALELEPIPEDO, *22 CM X *11 CM, E = 10 CM, RESISTENCIA DE 50 MPA (NBR 9781), COR NATURAL	120513		real_295	62
BLOQUETE/PISO INTERTRAVADO DE CONCRETO - MODELO ONDA/16 FACES/RETANGULAR/TIJOLINHO/PAVER/HOLANDES/PARALELEPIPEDO, *22 CM X 11* CM, E = 8 CM, RESISTENCIA DE 35 MPA (NBR 9781), COR NATURAL	120514		real_295	62
BLOQUETE/PISO INTERTRAVADO DE CONCRETO - MODELO ONDA/16 FACES/RETANGULAR/TIJOLINHO/PAVER/HOLANDES/PARALELEPIPEDO, 20 CM X 10 CM, E = 10 CM, RESISTENCIA DE 35 MPA (NBR 9781), COR NATURAL	120515		real_295	62
BLOQUETE/PISO INTERTRAVADO DE CONCRETO - MODELO ONDA/16 FACES/RETANGULAR/TIJOLINHO/PAVER/HOLANDES/PARALELEPIPEDO, 20 CM X 10 CM, E = 6 CM, RESISTENCIA DE 35 MPA (NBR 9781), COLORIDO	120516		real_295	62
BLOQUETE/PISO INTERTRAVADO DE CONCRETO - MODELO ONDA/16 FACES/RETANGULAR/TIJOLINHO/PAVER/HOLANDES/PARALELEPIPEDO, 20 CM X 10 CM, E = 6 CM, RESISTENCIA DE 35 MPA (NBR 9781), COR NATURAL	120517		real_295	62
BLOQUETE/PISO INTERTRAVADO DE CONCRETO - MODELO ONDA/16 FACES/RETANGULAR/TIJOLINHO/PAVER/HOLANDES/PARALELEPIPEDO, 20 CM X 10 CM, E = 8 CM, RESISTENCIA DE 35 MPA (NBR 9781), COLORIDO	120518		real_295	62
BLOQUETE/PISO INTERTRAVADO DE CONCRETO - MODELO RAQUETE, *22 CM X 13,5* CM, E = 6 CM, RESISTENCIA DE 35 MPA (NBR 9781), COR NATURAL	120519		real_295	62
BLOQUETE/PISO INTERTRAVADO DE CONCRETO - MODELO SEXTAVADO / HEXAGONAL, 25 CM X 25 CM, E = 10 CM, RESISTENCIA DE 35 MPA (NBR 9781), COR NATURAL	120520		real_295	62
BLOQUETE/PISO INTERTRAVADO DE CONCRETO - MODELO SEXTAVADO / HEXAGONAL, 25 CM X 25 CM, E = 6 CM, RESISTENCIA DE 35 MPA (NBR 9781), COR NATURAL	120521		real_295	62
BLOQUETE/PISO INTERTRAVADO DE CONCRETO - MODELO SEXTAVADO / HEXAGONAL, 25 CM X 25 CM, E = 8 CM, RESISTENCIA DE 35 MPA (NBR 9781), COR NATURAL	120522		real_295	62
BOCAL PVC, PARA CALHA PLUVIAL, DIAMETRO DA SAIDA ENTRE 80 E 100 MM, PARA DRENAGEM PREDIAL	120523		real_295	52
"BOLSA DE LIGACAO EM PVC FLEXIVEL PARA VASO SANITARIO 1.1/2 "" (40 MM)"	120524		real_295	-1
"BOMBA CENTRIFUGA MOTOR ELETRICO MONOFASICO 0,50 CV DIAMETRO DE SUCCAO X ELEVACAO 3/4"" X 3/4"", MONOESTAGIO, DIAMETRO DOS ROTORES 114 MM, HM/Q: 2 M / 2,99 M3/H A 24 M / 0,71 M3/H"	120531		real_295	72
"BOMBA CENTRIFUGA MOTOR ELETRICO MONOFASICO 0,74HP DIAMETRO DE SUCCAO X ELEVACAO 1 1/4"" X 1"", DIAMETRO DO ROTOR 120 MM, HM/Q: 8 M / 7,70 M3/H A 24 M / 2,80 M3/H"	120532		real_295	72
"BOMBA CENTRIFUGA MOTOR ELETRICO TRIFASICO 14,8 HP, DIAMETRO DE SUCCAO X ELEVACAO 2 1/2"" X 2"", DIAMETRO DO ROTOR 195 MM, HM/Q: 62 M / 55,5 M3/H A 80 M / 31,50 M3/H"	120534		real_295	72
"BOMBA CENTRIFUGA MOTOR ELETRICO TRIFASICO 5HP, DIAMETRO DE SUCCAO X ELEVACAO 2"" X 1 1/2"", DIAMETRO DO ROTOR 155 MM, HM/Q: 40 M / 20,40 M3/H A 46 M / 9,20 M3/H"	120535		real_295	72
BOMBA SUBMERSA PARA POCOS TUBULARES PROFUNDOS DIAMETRO DE 4 POLEGADAS, ELETRICA, MONOFASICA, POTENCIA 0,49 HP, 13 ESTAGIOS, BOCAL DE DESCARGA DIAMETRO DE UMA POLEGADA E MEIA, HM/Q = 18 M / 1,90 M3/H A 85 M / 0,60 M3/H	120540		real_295	-1
BOMBA SUBMERSA PARA POCOS TUBULARES PROFUNDOS DIAMETRO DE 4 POLEGADAS, ELETRICA, TRIFASICA, POTENCIA 1,97 HP, 20 ESTAGIOS, BOCAL DE DESCARGA DIAMETRO DE UMA POLEGADA E MEIA, HM/Q = 18 M / 5,40 M3/H A 164 M / 0,80 M3/H	120541		real_295	-1
BOMBA SUBMERSA PARA POCOS TUBULARES PROFUNDOS DIAMETRO DE 4 POLEGADAS, ELETRICA, TRIFASICA, POTENCIA 5,42 HP, 15 ESTAGIOS, BOCAL DE DESCARGA DIAMETRO DE 2 POLEGADAS, HM/Q = 18 M / 18,10 M3/H A 121 M / 2,90 M3/H	120542		real_295	-1
BOMBA SUBMERSA PARA POCOS TUBULARES PROFUNDOS DIAMETRO DE 4 POLEGADAS, ELETRICA, TRIFASICA, POTENCIA 5,42 HP, 29 ESTAGIOS, BOCAL DE DESCARGA DE UMA POLEGADA E MEIA, HM/Q = 18 M / 8,10 M3/H A 201 M / 3,2 M3/H	120543		real_295	-1
BOMBA SUBMERSA PARA POCOS TUBULARES PROFUNDOS DIAMETRO DE 6 POLEGADAS, ELETRICA, TRIFASICA, POTENCIA 27,12 HP, 7 ESTAGIOS, BOCAL DE DESCARGA DIAMETRO DE 4 POLEGADAS, HM/Q = 13,9 M / 90 M3/H A 44,0 M / 25,0 M3/H	120544		real_295	-1
BOMBA SUBMERSA PARA POCOS TUBULARES PROFUNDOS DIAMETRO DE 6 POLEGADAS, ELETRICA, TRIFASICA, POTENCIA 3,45 HP, 5 ESTAGIOS, BOCAL DE DESCARGA DIAMETRO DE 2 POLEGADAS, HM/Q = 68,5 M / 6,12 M3/H A 39,5 M / 14,04 M3/H	120545		real_295	-1
BOMBA SUBMERSA PARA POCOS TUBULARES PROFUNDOS DIAMETRO DE 6 POLEGADAS, ELETRICA, TRIFASICA, POTENCIA 32 HP, 9 ESTAGIOS, BOCAL DE DESCARGA DIAMETRO DE 4 POLEGADAS, HM/Q = 114,0 M / 13,9 M3/H A 57,0 M / 25,0 M3/H	120546		real_295	-1
BOMBA SUBMERSIVEL, ELETRICA, TRIFASICA, POTENCIA 0,98 HP, DIAMETRO DO ROTOR 142 MM SEMIABERTO, BOCAL DE SAIDA DIAMETRO DE 2 POLEGADAS, HM/Q = 2 M / 32 M3/H A 8 M / 16 M3/H	120548		real_295	72
BOMBA SUBMERSIVEL, ELETRICA, TRIFASICA, POTENCIA 1,97 HP, DIAMETRO DO ROTOR 144 MM SEMIABERTO, BOCAL DE SAIDA DIAMETRO DE 2 POLEGADAS, HM/Q = 2 M / 26,8 M3/H A 28 M / 4,6 M3/H	120550		real_295	72
BOMBA SUBMERSIVEL, ELETRICA, TRIFASICA, POTENCIA 13 HP, DIAMETRO DO ROTOR 170 MM, BOCAL DE SAIDA DIAMETRO DE 3 POLEGADAS, HM/Q = 11 M / 68,40 M3/H A 72 M / 3,6 M3/H	120551		real_295	72
BOMBA SUBMERSIVEL, ELETRICA, TRIFASICA, POTENCIA 6 HP, DIAMETRO DO ROTOR 127 MM, BOCAL DE SAIDA DIAMETRO DE 3 POLEGADAS, HM/Q = 7 M / 66,90 M3/H A 26 M / 2,88 M3/H	120547		real_295	72
BOMBA TRIPLEX COM MOTOR A DIESEL, NACIONAL, DIAMETRO DE SUCCAO DE 2 1/2''	120554		real_295	7
BOMBA TRIPLEX COM MOTOR A DIESEL, NACIONAL, DIAMETRO DE SUCCAO DE 2 1/2'' [SINAPI 44489]	126735		real_295	7
BORBOLETA EM LATAO FUNDIDO CROMADO, PARA TRAVAR JANELA TIPO GUILHOTINA [SINAPI 5081]	127690		real_295	123
"BRACO / CANO PARA CHUVEIRO ELETRICO, EM ALUMINIO, 30 CM X 1/2 """	120559		real_295	22
"BRACO OU HASTE COM CANOPLA PLASTICA, 1/2 "", PARA CHUVEIRO ELETRICO"	120560		real_295	94
"BRACO OU HASTE COM CANOPLA PLASTICA, 1/2 "", PARA CHUVEIRO SIMPLES"	120561		real_295	94
BUCHA DE REDUCAO CPVC, SOLDAVEL, 54 X 28 MM, PARA AGUA QUENTE [SINAPI 44400]	129308		real_295	11
BUCHA DE REDUCAO DE COBRE (REF 600-2) SEM ANEL DE SOLDA, PONTA X BOLSA, 22 X 15 MM	120573		real_295	89
BUCHA DE REDUCAO DE COBRE (REF 600-2) SEM ANEL DE SOLDA, PONTA X BOLSA, 28 X 22 MM	120574		real_295	89
BUCHA DE REDUCAO DE COBRE (REF 600-2) SEM ANEL DE SOLDA, PONTA X BOLSA, 35 X 28 MM	120575		real_295	89
BUCHA DE REDUCAO DE COBRE (REF 600-2) SEM ANEL DE SOLDA, PONTA X BOLSA, 42 X 35 MM	120576		real_295	89
BUCHA DE REDUCAO DE COBRE (REF 600-2) SEM ANEL DE SOLDA, PONTA X BOLSA, 54 X 42 MM	120577		real_295	89
BUCHA DE REDUCAO DE COBRE (REF 600-2) SEM ANEL DE SOLDA, PONTA X BOLSA, 66 X 54 MM	120578		real_295	89
BUCHA DE REDUCAO DE PVC, SOLDAVEL, CURTA, COM 110 X 85 MM, PARA AGUA FRIA PREDIAL	120608		real_295	92
BUCHA DE REDUCAO DE PVC, SOLDAVEL, CURTA, COM 75 X 60 MM, PARA AGUA FRIA PREDIAL	120614		real_295	92
BUCHA DE REDUCAO DE PVC, SOLDAVEL, CURTA, COM 85 X 75 MM, PARA AGUA FRIA PREDIAL	120615		real_295	92
BUCHA DE REDUCAO DE PVC, SOLDAVEL, LONGA, COM 110 X 60 MM, PARA AGUA FRIA PREDIAL	120616		real_295	92
BUCHA DE REDUCAO DE PVC, SOLDAVEL, LONGA, COM 110 X 75 MM, PARA AGUA FRIA PREDIAL	120617		real_295	92
BUCHA DE REDUCAO DE PVC, SOLDAVEL, LONGA, COM 40 X 20 MM, PARA AGUA FRIA PREDIAL	120619		real_295	92
BUCHA DE REDUCAO DE PVC, SOLDAVEL, LONGA, COM 50 X 20 MM, PARA AGUA FRIA PREDIAL	120621		real_295	92
BUCHA DE REDUCAO DE PVC, SOLDAVEL, LONGA, COM 60 X 40 MM, PARA AGUA FRIA PREDIAL	120626		real_295	92
BUCHA DE REDUCAO DE PVC, SOLDAVEL, LONGA, COM 85 X 60 MM, PARA AGUA FRIA PREDIAL	120629		real_295	92
"BUCHA DE REDUCAO PVC ROSCAVEL 1 1/2"" X 1"""	120655		real_295	99
"BUCHA DE REDUCAO PVC ROSCAVEL, 1 1/2"" X 3/4"""	120657		real_295	99
"BUCHA DE REDUCAO PVC ROSCAVEL, 1"" X 1/2"""	120658		real_295	99
"BUCHA DE REDUCAO PVC ROSCAVEL, 1"" X 3/4"""	120659		real_295	99
"BUCHA DE REDUCAO PVC, ROSCAVEL, 1 1/2"" X1 1/4 """	120661		real_295	99
"BUCHA DE REDUCAO PVC, ROSCAVEL, 1 1/4"" X 1 """	120663		real_295	99
"BUCHA DE REDUCAO PVC, ROSCAVEL, 1 1/4"" X 3/4 """	120662		real_295	99
"BUCHA DE REDUCAO PVC, ROSCAVEL, 2"" X 1 """	120664		real_295	99
"BUCHA DE REDUCAO PVC, ROSCAVEL, 2"" X 1 1/2 """	120660		real_295	99
"BUCHA DE REDUCAO PVC, ROSCAVEL, 2"" X 1 1/4 """	120665		real_295	99
BUCHA DE REDUCAO, CPVC, SOLDAVEL, 54 X 35 MM, PARA AGUA QUENTE [SINAPI 44263]	129309		real_295	11
BUCHA DE REDUCAO, PPR, DN 50 X 25 MM, PARA AGUA QUENTE E FRIA PREDIAL [SINAPI 44175]	129310		real_295	15
BUCHA DE REDUCAO, PPR, DN 50 X 32 MM, PARA AGUA QUENTE E FRIA PREDIAL [SINAPI 44177]	129311		real_295	15
BUCHA DE REDUCAO, PVC, LONGA, SERIE R, DN 50 X 40 MM, PARA ESGOTO OU AGUAS PLUVIAIS PREDIAIS	120673		real_295	92
CABECEIRA DIREITA OU ESQUERDA, PVC, PARA CALHA PLUVIAL, DIAMETRO ENTRE 119 E 170 MM, PARA DRENAGEM PREDIAL	120684		real_295	52
CABO COAXIAL RG11 95% DE MALHA [SINAPI 43834]	129312		real_295	-1
CABO COAXIAL RG59 95% DE MALHA [SINAPI 43835]	129313		real_295	-1
CABO COAXIAL RG6 95% DE MALHA [SINAPI 43833]	129314		real_295	-1
CABO DE COBRE FLEXIVEL NAO HALOGENADO, SEM EMISSAO DE FUMACA, 750V, SECAO NOMINAL 120 MM [SINAPI 44391]	128345		real_295	14
CABO DE COBRE FLEXIVEL NAO HALOGENADO, SEM EMISSAO DE FUMACA, 750V, SECAO NOMINAL 2,5 MM [SINAPI 44388]	128346		real_295	14
CABO DE COBRE FLEXIVEL NAO HALOGENADO, SEM EMISSAO DE FUMACA, 750V, SECAO NOMINAL 240 MM [SINAPI 44392]	128347		real_295	14
CABO DE COBRE FLEXIVEL NAO HALOGENADO, SEM EMISSAO DE FUMACA, 750V, SECAO NOMINAL 50 MM [SINAPI 44390]	128348		real_295	14
CABO DE COBRE FLEXIVEL NAO HALOGENADO, SEM EMISSAO DE FUMACA, 750V, SECAO NOMINAL 6,0 MM [SINAPI 44389]	128349		real_295	14
CABO DE COBRE NU 300 MM2 MEIO-DURO	120713		real_295	-1
CABO DE COBRE NU 500 MM2 MEIO-DURO	120716		real_295	-1
CABO DE COBRE RIGIDO, CLASSE 2, ISOLACAO EM PVC, ANTI-CHAMA BWF-B, 1 CONDUTOR, 450/750 V, DIAMETRO 120 MM2	120719		real_295	96
CABO DE COBRE UNIPOLAR 10 MM2, BLINDADO, ISOLACAO 3,6/6 KV EPR, COBERTURA EM PVC	120720		real_295	121
CABO DE COBRE UNIPOLAR 16 MM2, BLINDADO, ISOLACAO 3,6/6 KV EPR, COBERTURA EM PVC	120721		real_295	121
CABO DE COBRE UNIPOLAR 16 MM2, BLINDADO, ISOLACAO 6/10 KV EPR, COBERTURA EM PVC	120722		real_295	121
CABO DE COBRE UNIPOLAR 25 MM2, BLINDADO, ISOLACAO 3,6/6 KV EPR, COBERTURA EM PVC	120723		real_295	121
CABO DE COBRE UNIPOLAR 25MM2, BLINDADO, ISOLACAO 6/10 KV EPR, COBERTURA EM PVC	120724		real_295	121
CABO DE COBRE UNIPOLAR 35 MM2, BLINDADO, ISOLACAO 12/20 KV EPR, COBERTURA EM PVC	120725		real_295	121
CABO DE COBRE UNIPOLAR 35 MM2, BLINDADO, ISOLACAO 3,6/6 KV EPR, COBERTURA EM PVC	120726		real_295	121
CABO DE COBRE UNIPOLAR 35 MM2, BLINDADO, ISOLACAO 6/10 KV EPR, COBERTURA EM PVC	120727		real_295	121
CABO DE COBRE UNIPOLAR 50 MM2, BLINDADO, ISOLACAO 12/20 KV EPR, COBERTURA EM PVC	120728		real_295	121
CABO DE COBRE UNIPOLAR 50 MM2, BLINDADO, ISOLACAO 3,6/6 KV EPR, COBERTURA EM PVC	120729		real_295	121
CABO DE COBRE UNIPOLAR 50 MM2, BLINDADO, ISOLACAO 6/10 KV EPR, COBERTURA EM PVC	120730		real_295	121
CABO DE COBRE UNIPOLAR 70 MM2, BLINDADO, ISOLACAO 12/20 KV EPR, COBERTURA EM PVC	120731		real_295	121
CABO DE COBRE UNIPOLAR 70 MM2, BLINDADO, ISOLACAO 3,6/6 KV EPR, COBERTURA EM PVC	120732		real_295	121
CABO DE COBRE UNIPOLAR 70 MM2, BLINDADO, ISOLACAO 6/10 KV EPR, COBERTURA EM PVC	120733		real_295	121
CABO DE COBRE UNIPOLAR 95 MM2, BLINDADO, ISOLACAO 12/20 KV EPR, COBERTURA EM PVC	120734		real_295	121
CABO DE COBRE UNIPOLAR 95 MM2, BLINDADO, ISOLACAO 3,6/6 KV EPR, COBERTURA EM PVC	120735		real_295	121
CABO DE COBRE UNIPOLAR 95 MM2, BLINDADO, ISOLACAO 6/10 KV EPR, COBERTURA EM PVC	120736		real_295	121
CABO DE COBRE, RIGIDO, CLASSE 2, COMPACTADO, BLINDADO, ISOLACAO EM EPR OU XLPE, COBERTURA ANTICHAMA EM PVC, PEAD OU HFFR, 1 CONDUTOR, 20/35 KV, SECAO NOMINAL 120 MM2	120773		real_295	99
CABO DE COBRE, RIGIDO, CLASSE 2, COMPACTADO, BLINDADO, ISOLACAO EM EPR OU XLPE, COBERTURA ANTICHAMA EM PVC, PEAD OU HFFR, 1 CONDUTOR, 20/35 KV, SECAO NOMINAL 150 MM2	120774		real_295	99
CABO DE COBRE, RIGIDO, CLASSE 2, COMPACTADO, BLINDADO, ISOLACAO EM EPR OU XLPE, COBERTURA ANTICHAMA EM PVC, PEAD OU HFFR, 1 CONDUTOR, 20/35 KV, SECAO NOMINAL 185 MM2	120775		real_295	99
CABO DE COBRE, RIGIDO, CLASSE 2, COMPACTADO, BLINDADO, ISOLACAO EM EPR OU XLPE, COBERTURA ANTICHAMA EM PVC, PEAD OU HFFR, 1 CONDUTOR, 20/35 KV, SECAO NOMINAL 240 MM2	120776		real_295	99
CABO DE COBRE, RIGIDO, CLASSE 2, COMPACTADO, BLINDADO, ISOLACAO EM EPR OU XLPE, COBERTURA ANTICHAMA EM PVC, PEAD OU HFFR, 1 CONDUTOR, 20/35 KV, SECAO NOMINAL 300 MM2	120777		real_295	99
CABO DE COBRE, RIGIDO, CLASSE 2, COMPACTADO, BLINDADO, ISOLACAO EM EPR OU XLPE, COBERTURA ANTICHAMA EM PVC, PEAD OU HFFR, 1 CONDUTOR, 20/35 KV, SECAO NOMINAL 400 MM2	120778		real_295	99
CABO DE COBRE, RIGIDO, CLASSE 2, COMPACTADO, BLINDADO, ISOLACAO EM EPR OU XLPE, COBERTURA ANTICHAMA EM PVC, PEAD OU HFFR, 1 CONDUTOR, 20/35 KV, SECAO NOMINAL 50 MM2	120779		real_295	99
CABO DE COBRE, RIGIDO, CLASSE 2, COMPACTADO, BLINDADO, ISOLACAO EM EPR OU XLPE, COBERTURA ANTICHAMA EM PVC, PEAD OU HFFR, 1 CONDUTOR, 20/35 KV, SECAO NOMINAL 500 MM2	120780		real_295	99
CABO DE COBRE, RIGIDO, CLASSE 2, COMPACTADO, BLINDADO, ISOLACAO EM EPR OU XLPE, COBERTURA ANTICHAMA EM PVC, PEAD OU HFFR, 1 CONDUTOR, 20/35 KV, SECAO NOMINAL 70 MM2	120781		real_295	99
CABO DE COBRE, RIGIDO, CLASSE 2, COMPACTADO, BLINDADO, ISOLACAO EM EPR OU XLPE, COBERTURA ANTICHAMA EM PVC, PEAD OU HFFR, 1 CONDUTOR, 20/35 KV, SECAO NOMINAL 95 MM2	120782		real_295	99
CABO DE COBRE, RIGIDO, CLASSE 2, ISOLACAO EM PVC/A, ANTICHAMA BWF-B, 1 CONDUTOR, 450/750 V, SECAO NOMINAL 1,5 MM2	120783		real_295	96
CABO DE COBRE, RIGIDO, CLASSE 2, ISOLACAO EM PVC/A, ANTICHAMA BWF-B, 1 CONDUTOR, 450/750 V, SECAO NOMINAL 10 MM2	120784		real_295	96
CABO DE COBRE, RIGIDO, CLASSE 2, ISOLACAO EM PVC/A, ANTICHAMA BWF-B, 1 CONDUTOR, 450/750 V, SECAO NOMINAL 2,5 MM2	120788		real_295	96
CABO DE COBRE, RIGIDO, CLASSE 2, ISOLACAO EM PVC/A, ANTICHAMA BWF-B, 1 CONDUTOR, 450/750 V, SECAO NOMINAL 300 MM2	120791		real_295	96
CABO DE COBRE, RIGIDO, CLASSE 2, ISOLACAO EM PVC/A, ANTICHAMA BWF-B, 1 CONDUTOR, 450/750 V, SECAO NOMINAL 4 MM2	120793		real_295	96
CABO DE COBRE, RIGIDO, CLASSE 2, ISOLACAO EM PVC/A, ANTICHAMA BWF-B, 1 CONDUTOR, 450/750 V, SECAO NOMINAL 400 MM2	120794		real_295	96
CABO DE COBRE, RIGIDO, CLASSE 2, ISOLACAO EM PVC/A, ANTICHAMA BWF-B, 1 CONDUTOR, 450/750 V, SECAO NOMINAL 500 MM2	120796		real_295	96
CABO DE PAR TRANCADO UTP, 4 PARES, CATEGORIA 5E	120800		real_295	30
CABO DE PAR TRANCADO UTP, 4 PARES, CATEGORIA 6	120801		real_295	30
CABO DE REDE, PAR TRANCADO U/UTP, 4 PARES, CATEGORIA 5E (CAT 5E), ISOLAMENTO PVC (CM) [SINAPI 43972]	128115		real_295	85
CABO DE REDE, PAR TRANCADO U/UTP, 4 PARES, CATEGORIA 5E (CAT 5E), ISOLAMENTO PVC (CMX) [SINAPI 43971]	128116		real_295	85
CABO DE REDE, PAR TRANCADO U/UTP, 4 PARES, CATEGORIA 6 (CAT 6), ISOLAMENTO PVC (CM) [SINAPI 43973]	128350		real_295	85
CABO ELETRONICO CATEGORIA 6A U/UTP 23AWG X 4P [SINAPI 43832]	128351		real_295	48
CABO FLEXIVEL PVC 750 V, 2 CONDUTORES DE 10,0 MM2	120803		real_295	9
CABO FLEXIVEL PVC 750 V, 3 CONDUTORES DE 10,0 MM2	120807		real_295	9
CABO FLEXIVEL PVC 750 V, 4 CONDUTORES DE 10,0 MM2	120811		real_295	9
CACAMBA METALICA BASCULANTE COM CAPACIDADE DE 12 M3 (INCLUI MONTAGEM, NAO INCLUI CAMINHAO)	120843		real_295	109
CACAMBA METALICA BASCULANTE COM CAPACIDADE DE 8 M3 (INCLUI MONTAGEM, NAO INCLUI CAMINHAO)	120845		real_295	109
CADEADO EM ACO INOX, LARGURA DE *50* MM, COM HASTE EM ACO TEMPERADO, SEM MOLA - CHAVES INCLUIDAS [SINAPI 41758]	127634		real_295	8
CAIBRO APARELHADO *6 X 8* CM, EM MACARANDUBA, ANGELIM OU EQUIVALENTE DA REGIAO	120851		real_295	3
CAIBRO APARELHADO *7,5 X 7,5* CM, EM MACARANDUBA, ANGELIM OU EQUIVALENTE DA REGIAO	120850		real_295	3
CAIBRO DE MADEIRA NAO APARELHADA 5 X 5 CM, CEDRINHO OU EQUIVALENTE DA REGIAO [SINAPI 4496]	127691		real_295	3
CAIBRO NAO APARELHADO *5 X 6* CM, EM MACARANDUBA, ANGELIM OU EQUIVALENTE DA REGIAO - BRUTA	120853		real_295	3
CAIBRO NAO APARELHADO *7,5 X 7,5* CM, EM MACARANDUBA, ANGELIM OU EQUIVALENTE DA REGIAO - BRUTA	120852		real_295	3
CAIBRO NAO APARELHADO, *6 X 8* CM, EM MACARANDUBA, ANGELIM OU EQUIVALENTE DA REGIAO - BRUTA	120854		real_295	3
CAIXA D'AGUA / RESERVATORIO EM POLIESTER REFORCADO COM FIBRA DE VIDRO, 15000 LITROS, COM TAMPA [SINAPI 43981]	129333		real_295	122
CAIXA D'AGUA / RESERVATORIO EM POLIESTER REFORCADO COM FIBRA DE VIDRO, 20000 LITROS, COM TAMPA [SINAPI 43982]	129334		real_295	122
CAIXA D'AGUA / RESERVATORIO EM POLIESTER REFORCADO COM FIBRA DE VIDRO, 3000 LITROS, COM TAMPA [SINAPI 43978]	129335		real_295	122
CAIXA D'AGUA / RESERVATORIO EM POLIESTER REFORCADO COM FIBRA DE VIDRO, 7000 LITROS, COM TAMPA [SINAPI 43980]	129336		real_295	122
CAIXA D'AGUA / RESERVATORIO EM POLIESTER REFORCADO COM FIBRA DE VIDRO, 750 LITROS, COM TAMPA [SINAPI 43979]	129337		real_295	122
CAIXA D'AGUA / RESERVATORIO EM POLIETILENO, 3000 LITROS, COM TAMPA [SINAPI 43977]	129338		real_295	42
CAIXA D'AGUA DE FIBRA DE VIDRO, PARA 500 LITROS, COM TAMPA	120857		real_295	42
CAIXA D'AGUA EM POLIETILENO 1000 LITROS, COM TAMPA	120858		real_295	42
CAIXA D'AGUA EM POLIETILENO 1500 LITROS, COM TAMPA	120859		real_295	42
CAIXA D'AGUA EM POLIETILENO 2000 LITROS, COM TAMPA	120860		real_295	42
CAIXA D'AGUA EM POLIETILENO 500 LITROS, COM TAMPA	120861		real_295	42
CAIXA D'AGUA EM POLIETILENO 750 LITROS, COM TAMPA	120862		real_295	42
CAIXA D'AGUA FIBRA DE VIDRO PARA 1000 LITROS, COM TAMPA	120863		real_295	42
CAIXA D'AGUA FIBRA DE VIDRO PARA 10000 LITROS, COM TAMPA	120864		real_295	42
CAIXA D'AGUA FIBRA DE VIDRO PARA 1500 LITROS, COM TAMPA	120865		real_295	42
CAIXA D'AGUA FIBRA DE VIDRO PARA 2000 LITROS, COM TAMPA	120866		real_295	42
CAIXA D'AGUA FIBRA DE VIDRO PARA 5000 LITROS, COM TAMPA	120867		real_295	42
CAIXA DE ATERRAMENTO EM CONCRETO PRÃ-MOLDADO, DIAMETRO DE 0,30 M E ALTURA DE 0,35 M, SEM FUNDO E COM TAMPA	120868		real_295	14
CAIXA DE DESCARGA DE PLASTICO EXTERNA, DE *9* L, PUXADOR FIO DE NYLON, NAO INCLUSO CANO, BOLSA, ENGATE	120884		real_295	6
CAIXA DE DESCARGA PLASTICA DE EMBUTIR COMPLETA, COM ESPELHO PLASTICO, CAPACIDADE 6 A 10 L, ACESSORIOS INCLUSOS	120885		real_295	44
CAIXA DE GORDURA EM PVC, DIAMETRO MINIMO 300 MM, DIAMETRO DE SAIDA 100 MM, CAPACIDADE APROXIMADA 18 LITROS, COM TAMPA	120887		real_295	95
CAIXA DE INSPECAO PARA ATERRAMENTO OU OUTRO USO, EM PVC, DN = 250 X 250 MM [SINAPI 41480]	126736		real_295	-1
CAIXA DE INSPECAO PARA ATERRAMENTO OU OUTRO USO, EM PVC, DN = 300 X *300* MM [SINAPI 41474]	126737		real_295	-1
CAIXA DE INSPECAO PARA ATERRAMENTO OU OUTRO USO, EM PVC, DN = 300 X 250 MM [SINAPI 41475]	126738		real_295	-1
CAIXA DE INSPECAO PARA ATERRAMENTO OU OUTRO USO, EM PVC, DN = 300 X 600 MM [SINAPI 41476]	126739		real_295	-1
CAIXA DE PASSAGEM ELETRICA DE PAREDE, DE SOBREPOR, EM TERMOPLASTICO / PVC, COM TAMPA APARAFUSA, DIMENSOES 200 X 200 X *100* MM	120902		real_295	95
CAIXA GORDURA DUPLA, CONCRETO PRE MOLDADO, CIRCULAR, COM TAMPA, D = 60* CM [SINAPI 3280]	127692		real_295	69
CAIXA INSPECAO EM POLIETILENO PARA ATERRAMENTO E PARA RAIOS DIAMETRO = 300 MM	120926		real_295	17
CAIXA INSPECAO, CONCRETO PRE MOLDADO, CIRCULAR, COM TAMPA, D = 40* CM [SINAPI 3278]	127693		real_295	69
CAIXA INSPECAO, CONCRETO PRE MOLDADO, CIRCULAR, COM TAMPA, D = 60* CM, H= 60* CM [SINAPI 3279]	127694		real_295	69
CAIXA SIFONADA PVC 150 X 150 X 50MM COM TAMPA CEGA QUADRADA BRANCA [SINAPI 11713]	127695		real_295	44
CAIXA SIFONADA PVC, 100 X 100 X 40 MM, COM GRELHA REDONDA BRANCA [SINAPI 11716]	127696		real_295	44
CAIXA SIFONADA PVC, 100 X 100 X 50 MM, COM GRELHA REDONDA BRANCA	120939		real_295	44
CAIXA SIFONADA PVC, 150 X 150 X 50 MM, COM GRELHA QUADRADA BRANCA (NBR 5688)	120940		real_295	44
CAIXA SIFONADA PVC, 150 X 150 X 50 MM, COM GRELHA REDONDA BRANCA	120941		real_295	44
CAIXA SIFONADA PVC, 150 X 185 X 75 MM, COM GRELHA QUADRADA BRANCA	120942		real_295	44
CAIXA SIFONADA PVC, 150 X 185 X 75 MM, COM TAMPA CEGA QUADRADA BRANCA [SINAPI 11715]	127697		real_295	44
CAIXA SIFONADA PVC, 250 X 230 X 75 MM, COM TAMPA E PORTA TAMPA QUADRADA BRANCA	120943		real_295	44
CALAFETADOR / CALAFATE (MENSALISTA) [SINAPI 41080]	127699		real_295	68
CALAFETADOR / CALAFATE [SINAPI 4758]	127698		real_295	68
CALCARIO DOLOMITICO A (POSTO PEDREIRA/FORNECEDOR, SEM FRETE) [SINAPI 44479]	126740		real_295	-1
CALCETEIRO	120948		real_295	0
CALCETEIRO (MENSALISTA)	120949		real_295	0
CALHA PLUVIAL DE PVC, DIAMETRO ENTRE 119 E 170 MM, COMPRIMENTO DE 3 M, PARA DRENAGEM PREDIAL	120954		real_295	52
CAMINHAO TOCO, PESO BRUTO TOTAL 10700 KG, CARGA UTIL MAXIMA 7400 KG, DISTANCIA ENTRE EIXOS 4,00 M, POTENCIA 175 CV (INCLUI CABINE E CHASSI, NAO INCLUI CARROCERIA) [SINAPI 44056]	128117		real_295	73
CAMINHAO TOCO, PESO BRUTO TOTAL 13000 KG, CARGA UTIL MAXIMA 7925 KG, DISTANCIA ENTRE EIXOS 4,80 M, POTENCIA 189 CV (INCLUI CABINE E CHASSI, NAO INCLUI CARROCERIA)	120967		real_295	73
CAMINHAO TOCO, PESO BRUTO TOTAL 13200 KG, CARGA UTIL MAXIMA 9200 KG, DISTANCIA ENTRE EIXOS 3,31 M, POTENCIA 175 CV (INCLUI CABINE E CHASSI, NAO INCLUI CARROCERIA) [SINAPI 44057]	127625		real_295	73
CAMINHAO TOCO, PESO BRUTO TOTAL 14300 KG, CARGA UTIL MAXIMA 9590 KG, DISTANCIA ENTRE EIXOS 4,76 M, POTENCIA 185 CV (INCLUI CABINE E CHASSI, NAO INCLUI CARROCERIA)	120968		real_295	73
CAMINHAO TOCO, PESO BRUTO TOTAL 14300 KG, CARGA UTIL MAXIMA 9710 KG, DISTANCIA ENTRE EIXOS 3,56 M, POTENCIA 185 CV (INCLUI CABINE E CHASSI, NAO INCLUI CARROCERIA)	120969		real_295	73
CAMINHAO TOCO, PESO BRUTO TOTAL 16000 KG, CARGA UTIL MAXIMA 10600 KG, DISTANCIA ENTRE EIXOS 4,80 M, POTENCIA 275 CV (INCLUI CABINE E CHASSI, NAO INCLUI CARROCERIA)	120971		real_295	73
CAMINHAO TOCO, PESO BRUTO TOTAL 16000 KG, CARGA UTIL MAXIMA 10780 KG, DISTANCIA ENTRE EIXOS 3,56 M, POTENCIA 275 CV (INCLUI CABINE E CHASSI, NAO INCLUI CARROCERIA)	120972		real_295	73
CAMINHAO TOCO, PESO BRUTO TOTAL 16000 KG, CARGA UTIL MAXIMA 10830 KG, DISTANCIA ENTRE EIXOS 3,56 M, POTENCIA 226 CV (INCLUI CABINE E CHASSI, NAO INCLUI CARROCERIA) [SINAPI 44058]	128118		real_295	73
CAMINHAO TOCO, PESO BRUTO TOTAL 16000 KG, CARGA UTIL MAXIMA 11030 KG, DISTANCIA ENTRE EIXOS 3,56M, POTENCIA 186 CV (INCLUI CABINE E CHASSI, NAO INCLUI CARROCERIA)	120973		real_295	73
CAMINHAO TOCO, PESO BRUTO TOTAL 16000 KG, CARGA UTIL MAXIMA 11130 KG, DISTANCIA ENTRE EIXOS 5,36 M, POTENCIA 185 CV (INCLUI CABINE E CHASSI, NAO INCLUI CARROCERIA)	120974		real_295	73
CAMINHAO TOCO, PESO BRUTO TOTAL 16000 KG, CARGA UTIL MAXIMA 13071 KG, DISTANCIA ENTRE EIXOS 4,80 M, POTENCIA 230 CV (INCLUI CABINE E CHASSI, NAO INCLUI CARROCERIA)	120975		real_295	73
CAMINHAO TOCO, PESO BRUTO TOTAL 16000 KG, CARGA UTIL MAXIMA DE 10685 KG, DISTANCIA ENTRE EIXOS 4,8M, POTENCIA 189 CV (INCLUI CABINE E CHASSI, NAO INCLUI CARROCERIA)	120970		real_295	73
CAMINHAO TOCO, PESO BRUTO TOTAL 8250 KG, CARGA UTIL MAXIMA 5110 KG, DISTANCIA ENTRE EIXOS 4,30 M, POTENCIA 162 CV (INCLUI CABINE E CHASSI, NAO INCLUI CARROCERIA)	120976		real_295	73
CAMINHAO TOCO, PESO BRUTO TOTAL 8500 KG, CARGA UTIL MAXIMA 5600 KG, DISTANCIA ENTRE EIXOS 3,40 M, POTENCIA 167 CV (INCLUI CABINE E CHASSI, NAO INCLUI CARROCERIA) [SINAPI 44059]	128119		real_295	73
CAMINHAO TOCO, PESO BRUTO TOTAL 9000 KG, CARGA UTIL MAXIMA 5940 KG, DISTANCIA ENTRE EIXOS 3,69 M, POTENCIA 177 CV (INCLUI CABINE E CHASSI, NAO INCLUI CARROCERIA)	120977		real_295	73
CAMINHAO TOCO, PESO BRUTO TOTAL 9600 KG, CARGA UTIL MAXIMA 6110 KG, DISTANCIA ENTRE EIXOS 3,70 M, POTENCIA 156 CV (INCLUI CABINE E CHASSI, NAO INCLUI CARROCERIA)	120978		real_295	73
CAMINHAO TOCO, PESO BRUTO TOTAL 9600 KG, CARGA UTIL MAXIMA 6200 KG, DISTANCIA ENTRE EIXOS 3,10 M, POTENCIA 156 CV (INCLUI CABINE E CHASSI, NAO INCLUI CARROCERIA)	120979		real_295	73
CAMINHAO TOCO, PESO BRUTO TOTAL 9700 KG, CARGA UTIL MAXIMA 6360 KG, DISTANCIA ENTRE EIXOS 4,30 M, POTENCIA 160 CV (INCLUI CABINE E CHASSI, NAO INCLUI CARROCERIA)	120980		real_295	73
CAMINHAO TRUCADO, PESO BRUTO TOTAL 22000 KG, CARGA UTIL MAXIMA 15350 KG, DISTANCIA ENTRE EIXOS 5,17 M, POTENCIA 238 CV (INCLUI CABINE E CHASSI, NAO INCLUI CARROCERIA)	120981		real_295	101
CAMINHAO TRUCADO, PESO BRUTO TOTAL 23000 KG, CARGA UTIL MAXIMA 15378 KG, DISTANCIA ENTRE EIXOS 4,80 M, POTENCIA 326 CV (INCLUI CABINE E CHASSI, NAO INCLUI CARROCERIA)	120982		real_295	101
CAMINHAO TRUCADO, PESO BRUTO TOTAL 23000 KG, CARGA UTIL MAXIMA 15460 KG, DISTANCIA ENTRE EIXOS 4,80 M, POTENCIA 286 CV (INCLUI CABINE E CHASSI, NAO INCLUI CARROCERIA) [SINAPI 44060]	128120		real_295	101
CAMINHAO TRUCADO, PESO BRUTO TOTAL 23000 KG, CARGA UTIL MAXIMA 15935 KG, DISTANCIA ENTRE EIXOS 4,80 M, POTENCIA 230 CV (INCLUI CABINE E CHASSI, NAO INCLUI CARROCERIA)	120983		real_295	101
CAMINHAO TRUCADO, PESO BRUTO TOTAL 23000 KG, CARGA UTIL MAXIMA 15940 KG, DISTANCIA ENTRE EIXOS 3,60 M, POTENCIA 286 CV (INCLUI CABINE E CHASSI, NAO INCLUI CARROCERIA)	120984		real_295	101
CAMINHAO TRUCADO, PESO BRUTO TOTAL 23000 KG, CARGA UTIL MAXIMA 16190 KG, DISTANCIA ENTRE EIXOS 3,60 M, POTENCIA 286 CV (INCLUI CABINE E CHASSI, NAO INCLUI CARROCERIA)	120985		real_295	101
CAMINHAO TRUCADO, PESO BRUTO TOTAL 23000 KG, CARGA UTIL MAXIMA 16360 KG, CABINE ESTENDIDA, DISTANCIA ENTRE EIXOS 3,56 M, POTENCIA 275 CV (INCLUI CABINE E CHASSI, NAO INCLUI CARROCERIA)	120986		real_295	101
CAMINHAO TRUCADO, PESO BRUTO TOTAL 23000 KG, CARGA UTIL MAXIMA 16540 KG, DISTANCIA ENTRE EIXOS 4,80 M, POTENCIA 256 CV (INCLUI CABINE E CHASSI, NAO INCLUI CARROCERIA) [SINAPI 44061]	128121		real_295	101
CANALETA ESTRUTURAL CERAMICA, 14 X 19 X 19 CM, 6,0 MPA (NBR 15270)	120998		real_295	2
CANALETA ESTRUTURAL CERAMICA, 14 X 19 X 29 CM, 4,0 MPA (NBR 15270) [SINAPI 34647]	127700		real_295	2
CANALETA ESTRUTURAL CERAMICA, 14 X 19 X 29 CM, 6,0 MPA (NBR 15270)	120999		real_295	2
CANALETA ESTRUTURAL CERAMICA, 14 X 19 X 39 CM, 4,0 MPA (NBR 15270) [SINAPI 34652]	127701		real_295	2
CANALETA ESTRUTURAL CERAMICA, 14 X 19 X 39 CM, 6,0 MPA (NBR 15270)	121000		real_295	2
"CANTONEIRA ""U"" ALUMINIO ABAS IGUAIS 1 "", E = 3/32 """	121005		real_295	-1
CANTONEIRA (ABAS IGUAIS) EM FERRO GALVANIZADO, 25,4 MM X 3,17 MM (L X E), 1,27KG/M	121002		real_295	65
CANTONEIRA (ABAS IGUAIS) EM FERRO GALVANIZADO, 38,1 MM X 3,17 MM (L X E), 3,48 KG/M	121003		real_295	65
CANTONEIRA (ABAS IGUAIS) EM FERRO GALVANIZADO, 50,8 MM X 9,53 MM (L X E), 6,99 KG/M	121004		real_295	65
"CANTONEIRA ALUMINIO ABAS DESIGUAIS 1"" X 3/4 "", E = 1/8 """	121007		real_295	-1
"CANTONEIRA ALUMINIO ABAS DESIGUAIS 2 1/2"" X 1/2 "", E = 3/16 """	121008		real_295	-1
"CANTONEIRA ALUMINIO ABAS IGUAIS 1 "", E = 1/8 "", 25,40 X 3,17 MM (0,408 KG/M)"	121009		real_295	-1
"CANTONEIRA ALUMINIO ABAS IGUAIS 1 "", E = 3 /16 """	121010		real_295	-1
"CANTONEIRA ALUMINIO ABAS IGUAIS 1 1/2 "", E = 3/16 """	121011		real_295	-1
"CANTONEIRA ALUMINIO ABAS IGUAIS 1 1/4 "", E = 3/16 """	121012		real_295	-1
"CANTONEIRA ALUMINIO ABAS IGUAIS 2 "", E = 1/4 """	121013		real_295	-1
"CANTONEIRA ALUMINIO ABAS IGUAIS 2 "", E = 1/8 """	121014		real_295	-1
"CANTONEIRA FERRO GALVANIZADO DE ABAS IGUAIS, 3/4"" X 1/8"" (L X E) [SINAPI 569]"	127702		real_295	50
"CAP PVC, ROSCAVEL, 1 1/2"", AGUA FRIA PREDIAL"	121028		real_295	-1
"CAP PVC, ROSCAVEL, 1 1/4"", AGUA FRIA PREDIAL"	121029		real_295	-1
"CAP PVC, ROSCAVEL, 2 1/2"", AGUA FRIA PREDIAL"	121032		real_295	-1
"CAP PVC, ROSCAVEL, 2"", AGUA FRIA PREDIAL"	121033		real_295	-1
"CAP PVC, ROSCAVEL, 3"", AGUA FRIA PREDIAL"	121035		real_295	-1
CAP PVC, SERIE R, DN 100 MM, PARA ESGOTO OU AGUAS PLUVIAIS PREDIAIS	121036		real_295	34
CAP PVC, SERIE R, DN 150 MM, PARA ESGOTO OU AGUAS PLUVIAIS PREDIAIS	121037		real_295	34
CAP PVC, SERIE R, DN 75 MM, PARA ESGOTO OU AGUAS PLUVIAIS PREDIAIS	121038		real_295	34
CAP PVC, SOLDAVEL, 110 MM, PARA AGUA FRIA PREDIAL	121042		real_295	-1
CAP PVC, SOLDAVEL, 85 MM, PARA AGUA FRIA PREDIAL	121050		real_295	-1
CAPTOR FRANKLIN (4 PONTAS), EM LATAO CROMADO, H = 300 MM, DUAS DESCIDAS [SINAPI 41410]	126741		real_295	67
CAPTOR FRANKLIN (4 PONTAS), EM LATAO CROMADO, H = 300 MM, UMA DESCIDA [SINAPI 41411]	126742		real_295	67
CAPTOR FRANKLIN (4 PONTAS), EM LATAO CROMADO, H = 350 MM, DUAS DESCIDAS [SINAPI 41412]	126743		real_295	67
CAPTOR FRANKLIN (4 PONTAS), EM LATAO CROMADO, H=350 MM, UMA DESCIDA [SINAPI 41413]	126744		real_295	67
CARENAGEM /TAMPA, EM PLASTICO, COR BRANCA, UTILIZADO EM KIT CHASSI METALICO PARA INSTALACAO HIDRAULICA DE CUBA SIMPLES SEM MAQUINA DE LAVAR ROUPA, LARGURA *355* MM X ALTURA *670* MM (COM FUROS E DEMAIS ENCAIXES)	121061		real_295	8
CARENAGEM /TAMPA, EM PLASTICO, COR BRANCA, UTILIZADO EM KIT CHASSI METALICO PARA INSTALACAO HIDRAULICA DE TANQUE COM MAQUINA DE LAVAR ROUPA, LARGURA *360* MM X ALTURA *470* MM (COM FUROS E DEMAIS ENCAIXES)	121062		real_295	8
CARPINTEIRO AUXILIAR	121068		real_295	0
CARPINTEIRO DE ESQUADRIAS	121070		real_295	0
CARPINTEIRO DE FORMAS	121072		real_295	0
CARPINTEIRO DE FORMAS (MENSALISTA)	121073		real_295	0
CARRINHO COM 2 PNEUS PARA TRANSPORTAR TUBO CONCRETO, ALTURA ATE 1,0 M E DIAMETRO ATE 1000MM, COM ESTRUTURA EM PERFIL OU TUBO METALICO	121075		real_295	33
CARRINHO DE MAO DE ACO CAPACIDADE 50 A 60 L, PNEU COM CAMARA	121076		real_295	-1
CARROCERIA FIXA ABERTA DE MADEIRA PARA TRANSPORTE GERAL DE CARGA SECA DIMENSOES APROXIMADAS 2,5 X 5,5 X 0,50 M (INCLUI MONTAGEM, NAO INCLUI CAMINHAO)	121078		real_295	109
CARROCERIA FIXA ABERTA DE MADEIRA PARA TRANSPORTE GERAL DE CARGA SECA DIMENSOES APROXIMADAS 2,5 X 6,00 X 0,50 M (INCLUI MONTAGEM, NAO INCLUI CAMINHAO)	121079		real_295	109
CARVAO ANTRACITO PARA FILTRO, GRAO VARIANDO DE 0,8 ATE 1,1 MM, COEFICIENTE DE UNIFORMIDADE MENOR QUE 1,7 MM	121083		real_295	-1
CARVAO ANTRACITO PARA FILTRO, GRAO VARIANDO DE 0,8 ATE 1,1 MM, COEFICIENTE DE UNIFORMIDADE MENOR QUE 1,7 MM (DISTRIBUIDOR)	121084		real_295	-1
CASCALHO DE CAVA	121085		real_295	-1
CASCALHO DE RIO	121086		real_295	-1
CASCALHO LAVADO	121087		real_295	0
CAVALETE PARA TALHA COM ESTRUTURA EM TUBO METALICO ALTURA MINIMA 3,2 M EQUIPADO COM RODAS DE BORRACHA PARA MOVIMENTACAO DE TUBOS DE CONCRETO NA CENTRAL DE PREMOLDADOS COM CAPACIDADE DE CARGA DE 3 TONELADAS	121088		real_295	33
CAVALO MECANICO TRACAO 4X2, PESO BRUTO TOTAL COMBINADO 49000 KG, CAPACIDADE MAXIMA DE TRACAO *66000* KG, POTENCIA *360* CV (INCLUI CABINE E CHASSI, NAO INCLUI SEMIRREBOQUE)	121089		real_295	101
CAVOUQUEIRO OU OPERADOR DE PERFURATRIZ / ROMPEDOR	121094		real_295	26
CENTRALIZADOR DE BARRA DE ACO (CHUMBADOR TIPO CARAMBOLA), PARA ACO ATE 20 MM	121096		real_295	51
CERA LIQUIDA	121101		real_295	12
"CHAPA DE ACO FINA A QUENTE BITOLA MSG 3/16 "", E = 4,75 MM (38,00 KG/M2)"	121113		real_295	38
"CHAPA DE ACO GROSSA, ASTM A36, E = 1 "" (25,40 MM) 199,18 KG/M2"	121123		real_295	38
"CHAPA DE ACO GROSSA, ASTM A36, E = 1/2 "" (12,70 MM) 99,59 KG/M2"	121124		real_295	38
"CHAPA DE ACO GROSSA, ASTM A36, E = 1/4 "" (6,35 MM) 49,79 KG/M2"	121125		real_295	38
"CHAPA DE ACO GROSSA, ASTM A36, E = 3/4 "" (19,05 MM) 149,39 KG/M2"	121126		real_295	38
"CHAPA DE ACO GROSSA, ASTM A36, E = 3/8 "" (9,53 MM) 74,69 KG/M2"	121127		real_295	38
"CHAPA DE ACO GROSSA, ASTM A36, E = 5/8 "" (15,88 MM) 124,49 KG/M2"	121128		real_295	38
"CHAPA DE ACO GROSSA, ASTM A36, E = 7/8 "" (22,23 MM) 174,28 KG/M2"	121129		real_295	38
"CHAPA DE ACO XADREZ PARA PISOS, E = 1/4 "" (6,30 MM) 54,53 KG/M2"	121131		real_295	38
CHAPA DE LAMINADO MELAMINICO, LISO BRILHANTE, DE *1,25 X 3,08* M, E = 0,8 MM	121132		real_295	-1
CHAPA DE LAMINADO MELAMINICO, LISO FOSCO, DE *1,25 X 3,08* M, E = 0,8 MM	121133		real_295	-1
CHAPA DE LAMINADO MELAMINICO, TEXTURIZADO, DE *1,25 X 3,08* M, E = 0,8 MM	121134		real_295	-1
CHAPA DE MADEIRA COMPENSADA DE PINUS, VIROLA OU EQUIVALENTE, DE *2,2 X 1,6* M, E = 6 MM [SINAPI 1363]	127635		real_295	75
CHAPA DE MADEIRA COMPENSADA NAVAL (COM COLA FENOLICA), E = 10 MM, DE *1,60 X 2,20* M	121135		real_295	57
CHAPA DE MADEIRA COMPENSADA NAVAL (COM COLA FENOLICA), E = 12 MM, DE *1,60 X 2,20* M	121136		real_295	57
CHAPA DE MADEIRA COMPENSADA NAVAL (COM COLA FENOLICA), E = 15 MM, DE *1,60 X 2,20* M	121137		real_295	57
CHAPA DE MADEIRA COMPENSADA NAVAL (COM COLA FENOLICA), E = 18 MM, DE *1,60 X 2,20* M	121138		real_295	57
CHAPA DE MADEIRA COMPENSADA NAVAL (COM COLA FENOLICA), E = 20 MM, DE *1,60 X 2,20* M	121139		real_295	57
CHAPA DE MADEIRA COMPENSADA NAVAL (COM COLA FENOLICA), E = 25 MM, DE *1,60 X 2,20* M	121140		real_295	57
CHAPA DE MADEIRA COMPENSADA NAVAL (COM COLA FENOLICA), E = 4 MM, DE *1,60 X 2,20* M	121141		real_295	57
CHAPA DE MADEIRA COMPENSADA NAVAL (COM COLA FENOLICA), E = 6 MM, DE *1,60 X 2,20* M	121142		real_295	57
CHAPA DE MADEIRA COMPENSADA PLASTIFICADA PARA FORMA DE CONCRETO, DE 2,20 X 1,10 M, E = 12 MM	121145		real_295	75
CHAPA DE MADEIRA COMPENSADA PLASTIFICADA PARA FORMA DE CONCRETO, DE 2,20 X 1,10 M, E = 20 MM [SINAPI 1349]	127638		real_295	75
CHAPA DE MADEIRA COMPENSADA PLASTIFICADA PARA FORMA DE CONCRETO, DE 2,20 X 1,10 m, E = 14 MM [SINAPI 1342]	127637		real_295	75
CHAPA DE MADEIRA COMPENSADA PLASTIFICADA PARA FORMA DE CONCRETO, DE 2,20 x 1,10 M, E = 10 MM	121143		real_295	75
CHAPA DE MADEIRA COMPENSADA PLASTIFICADA PARA FORMA DE CONCRETO, DE 2,20 x 1,10 M, E = 18 MM	121144		real_295	75
CHAPA DE MADEIRA COMPENSADA PLASTIFICADA PARA FORMA DE CONCRETO, DE 2,20 x 1,10 M, E = 6 MM [SINAPI 1344]	127636		real_295	75
CHAPA DE MADEIRA COMPENSADA RESINADA PARA FORMA DE CONCRETO, DE *2,2 X 1,1* M, E = 10 MM [SINAPI 1350]	127639		real_295	75
CHAPA DE MADEIRA COMPENSADA RESINADA PARA FORMA DE CONCRETO, DE *2,2 X 1,1* M, E = 12 MM [SINAPI 1357]	127640		real_295	75
CHAPA DE MADEIRA COMPENSADA RESINADA PARA FORMA DE CONCRETO, DE *2,2 X 1,1* M, E = 14 MM	121146		real_295	75
CHAPA DE MADEIRA COMPENSADA RESINADA PARA FORMA DE CONCRETO, DE *2,2 X 1,1* M, E = 17 MM	121147		real_295	75
CHAPA DE MADEIRA COMPENSADA RESINADA PARA FORMA DE CONCRETO, DE *2,2 X 1,1* M, E = 20 MM [SINAPI 1359]	127641		real_295	75
CHAPA DE MADEIRA COMPENSADA RESINADA PARA FORMA DE CONCRETO, DE *2,2 X 1,1* M, E = 6 MM [SINAPI 1351]	127642		real_295	75
"CHAPA PARA EMENDA DE VIGA, EM ACO GROSSO, QUALIDADE ESTRUTURAL, BITOLA 3/16 "", E= 4,75 MM, 4 FUROS, LARGURA 45 MM, COMPRIMENTO 500 MM"	121170		real_295	47
CHAPA/BOBINA LISA EM ALUMINIO, LIGA 1.200 - H14, QUALQUER ESPESSURA, QUALQUER LARGURA	121171		real_295	-1
CHAPA/PAINEL DE MADEIRA COMPENSADA PLASTIFICADA (MADEIRITE PLASTIFICADO) PARA FORMA DE CONCRETO, DE 2200 X 1100 MM, E = 14 MM [SINAPI 43678]	126745		real_295	75
CHAPA/PAINEL DE MADEIRA COMPENSADA PLASTIFICADA (MADEIRITE PLASTIFICADO) PARA FORMA DE CONCRETO, DE 2200 X 1100 MM, E = 20 MM [SINAPI 43680]	126746		real_295	75
CHAPA/PAINEL DE MADEIRA COMPENSADA PLASTIFICADA (MADEIRITE PLASTIFICADO) PARA FORMA DE CONCRETO, DE 2200 X 1100 MM, E = 6 MM [SINAPI 43679]	126747		real_295	75
CHAPA/PAINEL DE MADEIRA COMPENSADA RESINADA (MADEIRITE RESINADO ROSA) PARA FORMA DE CONCRETO, DE 2200 X 1100 MM, E = 20 MM [SINAPI 43677]	126749		real_295	75
CHAPA/PAINEL DE MADEIRA COMPENSADA RESINADA (MADEIRITE RESINADO ROSA) PARA FORMA DE CONCRETO, DE 2200 X 1100 MM, E = 6 MM [SINAPI 43682]	126750		real_295	75
CHAPA/PAINEL DE MADEIRA COMPENSADA RESINADA (MADEIRITE RESINADO ROSA) PARA FORMA DE CONCRETO, DE 2200 x 1100 MM, E = 8 A 12 MM [SINAPI 43681]	126748		real_295	75
CHAVE BLINDADA TRIPOLAR PARA MOTORES, DO TIPO FACA, COM PORTA FUSIVEL DO TIPO CARTUCHO, CORRENTE NOMINAL DE 100 A, TENSAO NOMINAL DE 250 V	121172		real_295	51
CHAVE BLINDADA TRIPOLAR PARA MOTORES, DO TIPO FACA, COM PORTA FUSIVEL DO TIPO CARTUCHO, CORRENTE NOMINAL DE 30 A, TENSAO NOMINAL DE 250 V	121173		real_295	51
CHAVE BLINDADA TRIPOLAR PARA MOTORES, DO TIPO FACA, COM PORTA FUSIVEL DO TIPO CARTUCHO, CORRENTE NOMINAL DE 60 A, TENSAO NOMINAL DE 250 V	121174		real_295	51
CHAVE DE PARTIDA DIRETA TRIFASICA, COM CAIXA TERMOPLASTICA, COM FUSIVEL DE 25 A, PARA MOTOR COM POTENCIA DE 7,5 CV E TENSAO DE 380 V	121175		real_295	7
CHAVE DE PARTIDA DIRETA TRIFASICA, COM CAIXA TERMOPLASTICA, COM FUSIVEL DE 35 A, PARA MOTOR COM POTENCIA DE 5 CV E TENSAO DE 220 V	121176		real_295	7
CHAVE DE PARTIDA DIRETA TRIFASICA, COM CAIXA TERMOPLASTICA, COM FUSIVEL DE 63 A, PARA MOTOR COM POTENCIA DE 10 CV E TENSAO DE 220 V	121177		real_295	7
CHAVE FUSIVEL PARA REDES DE DISTRIBUICAO, TENSAO DE 15,0 KV, CORRENTE NOMINAL DO PORTA FUSIVEL DE 100 A, CAPACIDADE DE INTERRUPCAO SIMETRICA DE 7,10 KA, CAPACIDADE DE INTERRUPCAO ASSIMETRICA 10,00 KA	121179		real_295	71
CHAVE SECCIONADORA-FUSIVEL BLINDADA TRIPOLAR, ABERTURA COM CARGA, PARA FUSIVEL NH00, CORRENTE NOMINAL DE 160 A, TENSAO DE 500 V	121180		real_295	51
CHAVE SECCIONADORA-FUSIVEL BLINDADA TRIPOLAR, ABERTURA COM CARGA, PARA FUSIVEL NH01, CORRENTE NOMINAL DE 250 A, TENSAO DE 500 V	121181		real_295	51
"CHUMBADOR DE ACO, 1"" X 600 MM, PARA POSTES DE ACO COM BASE, INCLUSO PORCA E ARRUELA"	121185		real_295	14
"CHUMBADOR DE ACO, DIAMETRO 1/2"", COMPRIMENTO 75 MM"	121183		real_295	-1
"CHUMBADOR DE ACO, DIAMETRO 5/8"", COMPRIMENTO 6"", COM PORCA"	121184		real_295	-1
"CHUMBADOR PONTALETE, ACO GALVANIZADO, 1"" X 1"", APROX. 50 CM DE COMPRIMENTO, 1 BARRA DE 5/8"", PARA GUARDA-CORPO / GRADIL / CORRIMAO"	152160		real_295	-1
"CHUMBADOR PONTALETE, ACO GALVANIZADO, 4"" X 2"", APROX. 50 CM DE COMPRIMENTO, 2 BARRAS DE 5/8"", PARA GUARDA-CORPO / GRADIL / CORRIMAO"	152161		real_295	14
"CHUMBADOR TIPO BOLT FWA, PARABOLT PBA OU PARABOLT PBC, EM ACO ZINCADO, 3/8"" X 3.3/4"""	152162		real_295	1
"CHUMBADOR, DIAMETRO 1/4"" COM PARAFUSO 1/4"" X 40 MM"	121186		real_295	1
"CHUVEIRO PLASTICO BRANCO SIMPLES 5 '' PARA ACOPLAR EM HASTE 1/2 "", AGUA FRIA"	121189		real_295	63
CIMENTO ASFALTICO DE PETROLEO A GRANEL (CAP) 30/45 (COLETADO CAIXA NA ANP ACRESCIDO DE ICMS) [SINAPI 41900]	127703		real_295	42
CIMENTO ASFALTICO DE PETROLEO A GRANEL (CAP) 50/70 (COLETADO CAIXA NA ANP ACRESCIDO DE ICMS)	121190		real_295	42
CIMENTO BRANCO	121191		real_295	0
CIMENTO PORTLAND COMPOSTO CP II-32 (SACO DE 50 KG) [SINAPI 10511]	127704		real_295	111
CIMENTO PORTLAND ESTRUTURAL BRANCO CPB-32	121195		real_295	111
CIMENTO PORTLAND ESTRUTURAL BRANCO CPB-32 [SINAPI 44528]	126751		real_295	111
CIMENTO PORTLAND POZOLANICO CP IV- 32 [SINAPI 1382]	127705		real_295	111
CINTURAO DE SEGURANCA TIPO PARAQUEDISTA, FIVELA EM ACO, AJUSTE NO SUSPENSARIO, CINTURA E PERNAS	121199		real_295	6
COLA A BASE DE RESINA SINTETICA PARA CHAPA DE LAMINADO MELAMINICO	121201		real_295	-1
COLA BRANCA BASE PVA [SINAPI 44396]	126752		real_295	12
COLA PARA TUBOS E MANTAS ELASTOMERICAS, A BASE DE SOLVENTE [SINAPI 44327]	126753		real_295	-1
"COLAR TOMADA PVC, COM TRAVAS, SAIDA ROSCAVEL COM BUCHA DE LATAO, DE 110 MM X 1/2"" OU 110 MM X 3/4"", PARA LIGACAO PREDIAL DE AGUA"	121212		real_295	4
"COLAR TOMADA PVC, COM TRAVAS, SAIDA ROSCAVEL COM BUCHA DE LATAO, DE 75 MM X 1/2"" OU 75 MM X 3/4"", PARA LIGACAO PREDIAL DE AGUA"	121214		real_295	4
"COLAR TOMADA PVC, COM TRAVAS, SAIDA ROSCAVEL COM BUCHA DE LATAO, DE 85 MM X 1/2"" OU 85 MM X 3/4"", PARA LIGACAO PREDIAL DE AGUA"	121215		real_295	4
COMPACTADOR DE SOLO A PERCUSSAO (SOQUETE), COM MOTOR GASOLINA DE 4 TEMPOS, PESO ENTRE 55 E 65 KG, FORCA DE IMPACTO DE 1.000 A 1.500 KGF, FREQUENCIA DE 600 A 700 GOLPES POR MINUTO, VELOCIDADE DE TRABALHO ENTRE 10 E 15 M/MIN, POTENCIA ENTRE 2,00 E 3,00 HP	121216		real_295	-1
COMPACTADOR DE SOLO TIPO PLACA VIBRATORIA REVERSIVEL, A GASOLINA, 4 TEMPOS, PESO DE 125 A 150 KG, FORCA CENTRIFUGA DE 2500 A 2800 KGF, LARG. TRABALHO DE 400 A 450 MM, FREQ VIBRACAO DE 4300 A 4500 RPM, VELOC. TRABALHO DE 15 A 20 M/MIN, POT. DE 5,5 A 6,0 HP	121217		real_295	10
COMPACTADOR DE SOLO TIPO PLACA VIBRATORIA REVERSIVEL, A GASOLINA, 4 TEMPOS, PESO DE 150 A 175 KG, FORCA CENTRIFUGA DE 2800 A 3100 KGF, LARG. TRABALHO DE 450 A 520 MM, FREQ VIBRACAO DE 4000 A 4300 RPM, VELOC. TRABALHO DE 15 A 20 M/MIN, POT. DE 6,0 A 7,0 HP	121218		real_295	10
COMPACTADOR DE SOLO, TIPO PLACA VIBRATORIA NAO REVERSIVEL, COM MOTOR A GASOLINA DE 4 TEMPOS, PESO ENTRE 80 E 120 KG, FORCA CENTRIFUGA ENTRE 1300 E 2000 KGF, LARGURA DE TRABALHO ENTRE 400 E 500 MM, FREQUENCIA DE VIBRACAO ENTRE 4800 E 6000 RPM, VELOCIDADEDE TRABALHO ENTRE 20 E 30 M/MIN, POTENCIA ENTRE 5,0 E 6,0 HP	121219		real_295	-1
COMPACTADOR DE SOLO, TIPO PLACA VIBRATORIA REVERSIVEL, COM MOTOR A DIESEL, PESO ENTRE 700 E 820 KG, FORCA CENTRIFUGA ENTRE 6.200 E 10.000 KGF, LARGURA DE TRABALHO ENTRE 650 E 720 MM, FREQUENCIA DE VIBRACAO ENTRE 3.000 E 3.500 RPM, VELOCIDADE DE TRABALHOENTRE 25 E 30 M/MIN, POTENCIA ENTRE 13,0 E 15,0 HP	121220		real_295	-1
COMPACTADOR DE SOLO, TIPO PLACA VIBRATORIA REVERSIVEL, COM MOTOR A GASOLINA DE 4 TEMPOS, PESO ENTRE 160 E 265 KG, FORCA CENTRIFUGA ENTRE 2750 E 4000 KGF, LARGURA DE TRABALHO ENTRE 430 E 550 MM, FREQUENCIA DE VIBRACAO ENTRE 4000 E 5500 RPM, VELOCIDADE DETRABALHO ENTRE 20 E 25 M/MIN, POTENCIA ENTRE 7,5 E 9,0 HP	121221		real_295	-1
COMPRESSOR DE AR ESTACIONARIO, VAZAO 620 PCM, PRESSAO EFETIVA DE TRABALHO 109 PSI, MOTOR ELETRICO, POTENCIA 127 CV	121223		real_295	10
COMPRESSOR DE AR REBOCAVEL VAZAO 860 PCM, PRESSAO EFETIVA DE TRABALHO 102 PSI, MOTOR DIESEL, POTENCIA 250 CV	121226		real_295	-1
COMPRESSOR DE AR REBOCAVEL, VAZAO *89* PCM, PRESSAO EFETIVA DE TRABALHO *102* PSI, MOTOR DIESEL, POTENCIA *20* CV	121227		real_295	-1
COMPRESSOR DE AR REBOCAVEL, VAZAO 152 PCM, PRESSAO EFETIVA DE TRABALHO 102 PSI, MOTOR DIESEL, POTENCIA 31,5 KW	121228		real_295	10
COMPRESSOR DE AR, VAZAO DE 10 PCM, RESERVATORIO 100 L, PRESSAO DE TRABALHO ENTRE 6,9 E 9,7 BAR, POTENCIA 2 HP, TENSAO 110/220 V (COLETADO CAIXA) [SINAPI 41991]	127706		real_295	10
CONCRETO AUTOADENSAVEL (CAA) CLASSE DE RESISTENCIA C15, ESPALHAMENTO SF2, INCLUI SERVICO DE BOMBEAMENTO (NBR 15823)	121233		real_295	113
CONCRETO AUTOADENSAVEL (CAA) CLASSE DE RESISTENCIA C20, ESPALHAMENTO SF2, INCLUI SERVICO DE BOMBEAMENTO (NBR 15823)	121234		real_295	113
CONCRETO AUTOADENSAVEL (CAA) CLASSE DE RESISTENCIA C25, ESPALHAMENTO SF2, INCLUI SERVICO DE BOMBEAMENTO (NBR 15823)	121235		real_295	113
CONCRETO AUTOADENSAVEL (CAA) CLASSE DE RESISTENCIA C30, ESPALHAMENTO SF2, INCLUI SERVICO DE BOMBEAMENTO (NBR 15823)	121236		real_295	113
CONCRETO USINADO BOMBEAVEL, CLASSE DE RESISTENCIA C20, COM BRITA 0 E 1, SLUMP = 100 +/- 20 MM, INCLUI SERVICO DE BOMBEAMENTO (NBR 8953)	121241		real_295	67
CONCRETO USINADO BOMBEAVEL, CLASSE DE RESISTENCIA C20, COM BRITA 0 E 1, SLUMP = 190 +/- 20 MM, INCLUI SERVICO DE BOMBEAMENTO (NBR 8953)	121243		real_295	67
CONCRETO USINADO BOMBEAVEL, CLASSE DE RESISTENCIA C20, COM BRITA 0, SLUMP = 220 +/- 20 MM, INCLUI SERVICO DE BOMBEAMENTO (NBR 8953)	121244		real_295	67
CONCRETO USINADO BOMBEAVEL, CLASSE DE RESISTENCIA C25, COM BRITA 0 E 1, SLUMP = 100 +/- 20 MM, INCLUI SERVICO DE BOMBEAMENTO (NBR 8953)	121246		real_295	67
CONCRETO USINADO BOMBEAVEL, CLASSE DE RESISTENCIA C30, COM BRITA 0 E 1, SLUMP = 100 +/- 20 MM, INCLUI SERVICO DE BOMBEAMENTO (NBR 8953)	121250		real_295	67
CONCRETO USINADO BOMBEAVEL, CLASSE DE RESISTENCIA C35, COM BRITA 0 E 1, SLUMP = 100 +/- 20 MM, INCLUI SERVICO DE BOMBEAMENTO (NBR 8953)	121255		real_295	67
CONCRETO USINADO BOMBEAVEL, CLASSE DE RESISTENCIA C40, COM BRITA 0 E 1, SLUMP = 100 +/- 20 MM, INCLUI SERVICO DE BOMBEAMENTO (NBR 8953)	121257		real_295	67
CONCRETO USINADO BOMBEAVEL, CLASSE DE RESISTENCIA C45, COM BRITA 0 E 1, SLUMP = 100 +/- 20 MM, INCLUI SERVICO DE BOMBEAMENTO (NBR 8953)	121258		real_295	67
CONCRETO USINADO BOMBEAVEL, CLASSE DE RESISTENCIA C50, COM BRITA 0 E 1, SLUMP = 100 +/- 20 MM, INCLUI SERVICO DE BOMBEAMENTO (NBR 8953)	121259		real_295	67
CONCRETO USINADO BOMBEAVEL, CLASSE DE RESISTENCIA C60, COM BRITA 0 E 1, SLUMP = 100 +/- 20 MM, INCLUI SERVICO DE BOMBEAMENTO (NBR 8953)	121260		real_295	67
CONCRETO USINADO BOMBEAVEL, CLASSE DE RESISTENCIA C80, COM BRITA 0 E 1, SLUMP = 100 +/- 20 MM, EXCLUI SERVICO DE BOMBEAMENTO (NBR 8953) [SINAPI 34497]	127707		real_295	67
CONDUTOR PLUVIAL, PVC, CIRCULAR, DIAMETRO ENTRE 80 E 100 MM, PARA DRENAGEM PREDIAL	121325		real_295	52
"CONECTOR / ADAPTADOR F/M, COM INSERTO METALICO, PPR, DN 25 MM X 3/4"", PARA AGUA QUENTE E FRIA PREDIAL [SINAPI 44173]"	129315		real_295	119
"CONECTOR / ADAPTADOR F/M, COM INSERTO METALICO, PPR, DN 32 MM X 1"", PARA AGUA QUENTE E FRIA PREDIAL [SINAPI 44174]"	129316		real_295	119
"CONECTOR / ADAPTADOR FEMEA, COM INSERTO METALICO, PPR, DN 25 MM X 1/2"", PARA AGUA QUENTE E FRIA PREDIAL"	121328		real_295	119
"CONECTOR / ADAPTADOR FEMEA, COM INSERTO METALICO, PPR, DN 32 MM X 3/4"", PARA AGUA QUENTE E FRIA PREDIAL"	121329		real_295	119
"CONECTOR / ADAPTADOR MACHO, COM INSERTO METALICO, PPR, DN 25 MM X 1/2"", PARA AGUA QUENTE E FRIA PREDIAL"	121330		real_295	119
"CONECTOR / ADAPTADOR MACHO, COM INSERTO METALICO, PPR, DN 32 MM X 3/4"", PARA AGUA QUENTE E FRIA PREDIAL"	121331		real_295	119
"CONECTOR BRONZE/LATAO (REF 603) SEM ANEL DE SOLDA, BOLSA X ROSCA F, 15 MM X 1/2"""	121332		real_295	-1
"CONECTOR BRONZE/LATAO (REF 603) SEM ANEL DE SOLDA, BOLSA X ROSCA F, 22 MM X 1/2"""	121333		real_295	-1
"CONECTOR BRONZE/LATAO (REF 603) SEM ANEL DE SOLDA, BOLSA X ROSCA F, 22 MM X 3/4"""	121334		real_295	-1
"CONECTOR BRONZE/LATAO (REF 603) SEM ANEL DE SOLDA, BOLSA X ROSCA F, 28 MM X 1/2"""	121335		real_295	-1
CONECTOR FEMEA RJ - 45, CATEGORIA 5 E	121352		real_295	85
CONECTOR FEMEA RJ - 45, CATEGORIA 6	121353		real_295	85
CONECTOR MACHO RJ - 45, CATEGORIA 5 E	121354		real_295	85
CONECTOR MACHO RJ - 45, CATEGORIA 6	121355		real_295	85
"CONECTOR, CPVC, SOLDAVEL, 114 MM X 4""â, PARA AGUA QUENTE [SINAPI 44247]"	129317		real_295	-1
"CONECTOR, CPVC, SOLDAVEL, 54 MM X 2""â, PARA AGUA QUENTE [SINAPI 44248]"	129318		real_295	-1
"CONECTOR, CPVC, SOLDAVEL, 73 MM X 2 1/2""â, PARA AGUA QUENTE [SINAPI 44249]"	129319		real_295	-1
"CONECTOR, CPVC, SOLDAVEL, 89 MM X 3""â, PARA AGUA QUENTE [SINAPI 44250]"	129320		real_295	-1
"CONEXAO FIXA, ROSCA FEMEA, EM PLASTICO, DN 16 MM X 1/2"", PARA CONEXAO COM CRIMPAGEM EM TUBO PEX"	121385		real_295	18
"CONEXAO FIXA, ROSCA FEMEA, EM PLASTICO, DN 16 MM X 3/4"", PARA CONEXAO COM CRIMPAGEM EM TUBO PEX"	121386		real_295	18
"CONEXAO FIXA, ROSCA FEMEA, EM PLASTICO, DN 20 MM X 1/2"", PARA CONEXAO COM CRIMPAGEM EM TUBO PEX"	121387		real_295	18
"CONEXAO FIXA, ROSCA FEMEA, EM PLASTICO, DN 20 MM X 3/4"", PARA CONEXAO COM CRIMPAGEM EM TUBO PEX"	121388		real_295	18
"CONEXAO FIXA, ROSCA FEMEA, EM PLASTICO, DN 25 MM X 1/2"", PARA CONEXAO COM CRIMPAGEM EM TUBO PEX"	121389		real_295	18
"CONEXAO FIXA, ROSCA FEMEA, EM PLASTICO, DN 25 MM X 3/4"", PARA CONEXAO COM CRIMPAGEM EM TUBO PEX"	121390		real_295	18
"CONEXAO FIXA, ROSCA FEMEA, EM PLASTICO, DN 32 MM X 3/4"", PARA CONEXAO COM CRIMPAGEM EM TUBO PEX"	121391		real_295	18
"CONEXAO FIXA, ROSCA FEMEA, METALICA, COM ANEL DESLIZANTE, DN 16 MM X 1/2"", PARA TUBO PEX"	121392		real_295	-1
"CONEXAO FIXA, ROSCA FEMEA, METALICA, COM ANEL DESLIZANTE, DN 20 MM X 1/2"", PARA TUBO PEX"	121393		real_295	-1
"CONEXAO FIXA, ROSCA FEMEA, METALICA, COM ANEL DESLIZANTE, DN 20 MM X 3/4"", PARA TUBO PEX"	121394		real_295	-1
"CONEXAO FIXA, ROSCA FEMEA, METALICA, COM ANEL DESLIZANTE, DN 25 MM X 1"", PARA TUBO PEX"	121395		real_295	-1
"CONEXAO FIXA, ROSCA FEMEA, METALICA, COM ANEL DESLIZANTE, DN 25 MM X 3/4"", PARA TUBO PEX"	121396		real_295	-1
"CONEXAO FIXA, ROSCA FEMEA, METALICA, COM ANEL DESLIZANTE, DN 32 MM X 1"", PARA TUBO PEX"	121397		real_295	-1
"CONEXAO FIXA, ROSCA MACHO, METALICA, PARA TUBO PEX, DN 16 MM X 1/2"""	121398		real_295	120
"CONEXAO FIXA, ROSCA MACHO, METALICA, PARA TUBO PEX, DN 16 MM X 3/4"""	121399		real_295	120
"CONEXAO FIXA, ROSCA MACHO, METALICA, PARA TUBO PEX, DN 20 MM X 1/2"""	121400		real_295	120
"CONEXAO FIXA, ROSCA MACHO, METALICA, PARA TUBO PEX, DN 20 MM X 3/4"""	121401		real_295	120
"CONEXAO FIXA, ROSCA MACHO, METALICA, PARA TUBO PEX, DN 25 MM X 1"""	121403		real_295	120
"CONEXAO FIXA, ROSCA MACHO, METALICA, PARA TUBO PEX, DN 25 MM X 1/2"""	121402		real_295	120
"CONEXAO FIXA, ROSCA MACHO, METALICA, PARA TUBO PEX, DN 25 MM X 3/4"""	121404		real_295	120
"CONEXAO FIXA, ROSCA MACHO, METALICA, PARA TUBO PEX, DN 32 MM X 1"""	121405		real_295	120
"CONEXAO MOVEL, ROSCA FEMEA, METALICA, COM ANEL DESLIZANTE, PARA TUBO PEX, DN 16 MM X 1/2"""	121406		real_295	-1
"CONEXAO MOVEL, ROSCA FEMEA, METALICA, COM ANEL DESLIZANTE, PARA TUBO PEX, DN 16 MM X 3/4"""	121407		real_295	-1
"CONEXAO MOVEL, ROSCA FEMEA, METALICA, COM ANEL DESLIZANTE, PARA TUBO PEX, DN 20 MM X 1/2"""	121408		real_295	-1
"CONEXAO MOVEL, ROSCA FEMEA, METALICA, COM ANEL DESLIZANTE, PARA TUBO PEX, DN 20 MM X 3/4"""	121409		real_295	-1
"CONEXAO MOVEL, ROSCA FEMEA, METALICA, COM ANEL DESLIZANTE, PARA TUBO PEX, DN 25 MM X 1"""	121410		real_295	-1
"CONEXAO MOVEL, ROSCA FEMEA, METALICA, COM ANEL DESLIZANTE, PARA TUBO PEX, DN 25 MM X 3/4"""	121411		real_295	-1
"CONEXAO MOVEL, ROSCA FEMEA, METALICA, COM ANEL DESLIZANTE, PARA TUBO PEX, DN 32 MM X 1"""	121412		real_295	-1
CONJ. DE FERRAGENS PARA PORTA DE VIDRO TEMPERADO, EM ZAMAC CROMADO, CONTEMPLANDO: DOBRADICA INF.; DOBRADICA SUP.; PIVO PARA DOBRADICA INF.; PIVO PARA DOBRADICA SUP.; FECHADURA CENTRAL EM ZAMC CROMADO; CONTRA FECHADURA DE PRESSAO	121413		real_295	6
CONJUNTO DE FERRAGENS PIVO, PARA PORTA PIVOTANTE DE ATE 100 KG, REGULAVEL COM ESFERA , CROMADO - SUPERIOR E INFERIOR - COMPLETO	121415		real_295	51
CONJUNTO DE LIGACAO PARA BACIA SANITARIA AJUSTAVEL, EM PLASTICO BRANCO, COM TUBO, CANOPLA E ESPUDE	121416		real_295	33
CONJUNTO DE LIGACAO PARA BACIA SANITARIA EM PLASTICO BRANCO COM TUBO, CANOPLA E ANEL DE EXPANSAO (TUBO 1.1/2 '' X 20 CM)	121417		real_295	33
"CONJUNTO PARA FUTSAL COM TRAVES OFICIAIS DE 3,00 X 2,00 M EM TUBO DE ACO GALVANIZADO 3"" COM REQUADRO EM TUBO DE 1"", PINTURA EM PRIMER COM TINTA ESMALTE SINTETICO E REDES DE POLIETILENO FIO 4 MM"	121419		real_295	33
CONTAINER ALMOXARIFADO, DE *2,40* X *6,00* M, PADRAO SIMPLES, SEM REVESTIMENTO E SEM DIVISORIAS INTERNOS E SEM SANITARIO, PARA USO EM CANTEIRO DE OBRAS	121422		real_295	-1
CONTRAMARCO DE ALUMINIO (PERFIL 25) PARA ESQUADRIAS, TIPO CONVENCIONAL / CADEIRINHA, 60 MM (CM-060), INCLUSO CONEXOES, GRAPAS E TRAVAMENTOS [SINAPI 43657]	126754		real_295	22
COORDENADOR / GERENTE DE OBRA	121442		real_295	0
COORDENADOR / GERENTE DE OBRA (MENSALISTA)	121443		real_295	0
CORANTE LIQUIDO PARA TINTA PVA, BISNAGA 50 ML [SINAPI 5328]	127708		real_295	-1
"CORTADEIRA DE PISO DE CONCRETO E ASFALTO, PARA DISCO PADRAO DE DIAMETRO 350 MM (14"") OU 450 MM (18"") , MOTOR A GASOLINA, POTENCIA 13 HP, SEM DISCO"	121454		real_295	7
"COTOVELO BRONZE/LATAO (REF 707-3) SEM ANEL DE SOLDA, BOLSA X ROSCA F, 15MM X 1/2"""	121456		real_295	-1
"COTOVELO BRONZE/LATAO (REF 707-3) SEM ANEL DE SOLDA, BOLSA X ROSCA F, 22MM X 1/2"""	121457		real_295	-1
"COTOVELO BRONZE/LATAO (REF 707-3) SEM ANEL DE SOLDA, BOLSA X ROSCA F, 22MM X 3/4"""	121458		real_295	-1
COTOVELO DE COBRE 90 GRAUS (REF 607) SEM ANEL DE SOLDA, BOLSA X BOLSA, 104 MM	121459		real_295	74
COTOVELO DE COBRE 90 GRAUS (REF 607) SEM ANEL DE SOLDA, BOLSA X BOLSA, 15 MM	121460		real_295	74
COTOVELO DE COBRE 90 GRAUS (REF 607) SEM ANEL DE SOLDA, BOLSA X BOLSA, 22 MM	121461		real_295	74
COTOVELO DE COBRE 90 GRAUS (REF 607) SEM ANEL DE SOLDA, BOLSA X BOLSA, 28 MM	121462		real_295	74
COTOVELO DE COBRE 90 GRAUS (REF 607) SEM ANEL DE SOLDA, BOLSA X BOLSA, 35 MM	121463		real_295	74
COTOVELO DE COBRE 90 GRAUS (REF 607) SEM ANEL DE SOLDA, BOLSA X BOLSA, 42 MM	121464		real_295	74
COTOVELO DE COBRE 90 GRAUS (REF 607) SEM ANEL DE SOLDA, BOLSA X BOLSA, 54 MM	121465		real_295	74
COTOVELO DE COBRE 90 GRAUS (REF 607) SEM ANEL DE SOLDA, BOLSA X BOLSA, 66 MM	121466		real_295	74
COTOVELO DE COBRE 90 GRAUS (REF 607) SEM ANEL DE SOLDA, BOLSA X BOLSA, 79 MM	121467		real_295	74
CREMONA COM CASTANHA BIPARTIDA, COM VARA DE 1.50 M, EM LATAO CROMADO, PARA PORTAS E JANELAS - COMPLETA [SINAPI 3113]	127643		real_295	-1
"CUBA ACO INOX (AISI 304) DE EMBUTIR COM VALVULA 3 1/2 "", DE *40 X 34 X 12* CM"	121532		real_295	8
"CUBA ACO INOX (AISI 304) DE EMBUTIR COM VALVULA 3 1/2 "", DE *46 X 30 X 12* CM"	121533		real_295	8
"CUBA ACO INOX (AISI 304) DE EMBUTIR COM VALVULA DE 3 1/2 "", DE *56 X 33 X 12* CM"	121531		real_295	8
CUMEEIRA ARTICULADA (ABA INTERNA INFERIOR OU EXTERNA SUPERIOR) PARA TELHA ESTRUTURAL DE FIBROCIMENTO, 1 ABA, E = 6 MM (SEM AMIANTO)	121535		real_295	59
CUMEEIRA ARTICULADA (ABA SUPERIOR) PARA TELHA ONDULADA DE FIBROCIMENTO E = 4 MM, ABA *330* MM, COMPRIMENTO 500 MM (SEM AMIANTO)	121536		real_295	59
CUMEEIRA ARTICULADA (PAR) PARA TELHA ONDULADA DE FIBROCIMENTO, E = 6 MM, ABA 350 MM, COMPRIMENTO 1100 MM (SEM AMIANTO)	121537		real_295	59
CUMEEIRA NORMAL PARA TELHA ESTRUTURAL DE FIBROCIMENTO 1 ABA, E = 6 MM, COMPRIMENTO 608 MM (SEM AMIANTO)	121538		real_295	59
CUMEEIRA PARA TELHA DE CONCRETO, PARA 2 AGUAS DE TELHADO, COR CINZA, RENDIMENTO DE *3* TELHAS/M (COLETADO CAIXA) [SINAPI 40866]	127709		real_295	-1
"CURVA 135 GRAUS, PARA ELETRODUTO, EM ACO GALVANIZADO ELETROLITICO, DIAMETRO DE 100 MM (4"")"	121625		real_295	56
"CURVA 135 GRAUS, PARA ELETRODUTO, EM ACO GALVANIZADO ELETROLITICO, DIAMETRO DE 15 MM (1/2"")"	121626		real_295	56
"CURVA 135 GRAUS, PARA ELETRODUTO, EM ACO GALVANIZADO ELETROLITICO, DIAMETRO DE 20 MM (3/4"")"	121627		real_295	56
"CURVA 135 GRAUS, PARA ELETRODUTO, EM ACO GALVANIZADO ELETROLITICO, DIAMETRO DE 25 MM (1"")"	121628		real_295	56
"CURVA 135 GRAUS, PARA ELETRODUTO, EM ACO GALVANIZADO ELETROLITICO, DIAMETRO DE 32 MM (1 1/4"")"	121629		real_295	56
"CURVA 135 GRAUS, PARA ELETRODUTO, EM ACO GALVANIZADO ELETROLITICO, DIAMETRO DE 40 MM (1 1/2"")"	121630		real_295	56
"CURVA 135 GRAUS, PARA ELETRODUTO, EM ACO GALVANIZADO ELETROLITICO, DIAMETRO DE 50 MM (2"")"	121631		real_295	56
"CURVA 135 GRAUS, PARA ELETRODUTO, EM ACO GALVANIZADO ELETROLITICO, DIAMETRO DE 65 MM (2 1/2"")"	121632		real_295	56
"CURVA 135 GRAUS, PARA ELETRODUTO, EM ACO GALVANIZADO ELETROLITICO, DIAMETRO DE 80 MM (3"")"	121633		real_295	56
CURVA 45 GRAUS DE COBRE (REF 606) SEM ANEL DE SOLDA, BOLSA X BOLSA, 15 MM	121640		real_295	74
CURVA 45 GRAUS DE COBRE (REF 606) SEM ANEL DE SOLDA, BOLSA X BOLSA, 22 MM	121641		real_295	74
CURVA 45 GRAUS DE COBRE (REF 606) SEM ANEL DE SOLDA, BOLSA X BOLSA, 28 MM	121642		real_295	74
CURVA 45 GRAUS DE COBRE (REF 606) SEM ANEL DE SOLDA, BOLSA X BOLSA, 35 MM	121643		real_295	74
CURVA 45 GRAUS DE COBRE (REF 606) SEM ANEL DE SOLDA, BOLSA X BOLSA, 42 MM	121644		real_295	74
CURVA 45 GRAUS DE COBRE (REF 606) SEM ANEL DE SOLDA, BOLSA X BOLSA, 54 MM	121645		real_295	74
CURVA 45 GRAUS DE COBRE (REF 606) SEM ANEL DE SOLDA, BOLSA X BOLSA, 66 MM	121646		real_295	74
"CURVA 45 GRAUS, PARA ELETRODUTO, EM ACO GALVANIZADO ELETROLITICO, DIAMETRO DE 20 MM (3/4"")"	121675		real_295	56
"CURVA 45 GRAUS, PARA ELETRODUTO, EM ACO GALVANIZADO ELETROLITICO, DIAMETRO DE 25 MM (1"")"	121676		real_295	-1
"CURVA 45 GRAUS, PARA ELETRODUTO, EM ACO GALVANIZADO ELETROLITICO, DIAMETRO DE 40 MM (1 1/2"")"	121677		real_295	56
"CURVA 90 GRAUS DE BARRA CHATA EM ALUMINIO 3/4 "" X 1/4 "" X 300 MM"	121678		real_295	22
"CURVA 90 GRAUS, PARA ELETRODUTO, EM ACO GALVANIZADO ELETROLITICO, DIAMETRO DE 100 MM (4"")"	121730		real_295	56
"CURVA 90 GRAUS, PARA ELETRODUTO, EM ACO GALVANIZADO ELETROLITICO, DIAMETRO DE 15 MM (1/2"")"	121731		real_295	56
"CURVA 90 GRAUS, PARA ELETRODUTO, EM ACO GALVANIZADO ELETROLITICO, DIAMETRO DE 20 MM (3/4"")"	121732		real_295	56
"CURVA 90 GRAUS, PARA ELETRODUTO, EM ACO GALVANIZADO ELETROLITICO, DIAMETRO DE 25 MM (1"")"	121733		real_295	56
"CURVA 90 GRAUS, PARA ELETRODUTO, EM ACO GALVANIZADO ELETROLITICO, DIAMETRO DE 32 MM (1 1/4"")"	121734		real_295	56
"CURVA 90 GRAUS, PARA ELETRODUTO, EM ACO GALVANIZADO ELETROLITICO, DIAMETRO DE 40 MM (1 1/2"")"	121735		real_295	56
"CURVA 90 GRAUS, PARA ELETRODUTO, EM ACO GALVANIZADO ELETROLITICO, DIAMETRO DE 50 MM (2"")"	121736		real_295	56
"CURVA 90 GRAUS, PARA ELETRODUTO, EM ACO GALVANIZADO ELETROLITICO, DIAMETRO DE 65 MM (2 1/2"")"	121737		real_295	56
"CURVA 90 GRAUS, PARA ELETRODUTO, EM ACO GALVANIZADO ELETROLITICO, DIAMETRO DE 80 MM (3"")"	121738		real_295	56
CURVA CPVC, 90 GRAUS, SOLDAVEL,15 MM, PARA AGUA QUENTE	121547		real_295	11
CURVA CURTA PVC, PB, JE, 45 GRAUS, DN 100 MM, PARA REDE COLETORA ESGOTO (NBR 10569)	121548		real_295	5
CURVA CURTA PVC, PB, JE, 90 GRAUS, DN 100 MM, PARA REDE COLETORA ESGOTO (NBR 10569)	121549		real_295	5
CURVA DE PVC 45 GRAUS, SOLDAVEL, 110 MM, PARA AGUA FRIA PREDIAL (NBR 5648)	121550		real_295	112
CURVA DE PVC 45 GRAUS, SOLDAVEL, 20 MM, PARA AGUA FRIA PREDIAL (NBR 5648)	121551		real_295	112
CURVA DE PVC 45 GRAUS, SOLDAVEL, 25 MM, PARA AGUA FRIA PREDIAL (NBR 5648)	121552		real_295	112
CURVA DE PVC 45 GRAUS, SOLDAVEL, 32 MM, PARA AGUA FRIA PREDIAL (NBR 5648)	121553		real_295	112
CURVA DE PVC 45 GRAUS, SOLDAVEL, 40 MM, PARA AGUA FRIA PREDIAL (NBR 5648)	121554		real_295	112
CURVA DE PVC 45 GRAUS, SOLDAVEL, 50 MM, PARA AGUA FRIA PREDIAL (NBR 5648)	121555		real_295	112
CURVA DE PVC 45 GRAUS, SOLDAVEL, 60 MM, PARA AGUA FRIA PREDIAL (NBR 5648)	121556		real_295	112
CURVA DE PVC 45 GRAUS, SOLDAVEL, 75 MM, PARA AGUA FRIA PREDIAL (NBR 5648)	121557		real_295	112
CURVA DE PVC 45 GRAUS, SOLDAVEL, 85 MM, PARA AGUA FRIA PREDIAL (NBR 5648)	121558		real_295	112
CURVA DE PVC 90 GRAUS, SOLDAVEL, 110 MM, PARA AGUA FRIA PREDIAL (NBR 5648)	121559		real_295	-1
CURVA DE PVC 90 GRAUS, SOLDAVEL, 20 MM, PARA AGUA FRIA PREDIAL (NBR 5648)	121560		real_295	-1
CURVA DE PVC 90 GRAUS, SOLDAVEL, 25 MM, PARA AGUA FRIA PREDIAL (NBR 5648)	121561		real_295	-1
CURVA DE PVC 90 GRAUS, SOLDAVEL, 32 MM, PARA AGUA FRIA PREDIAL (NBR 5648)	121562		real_295	-1
CURVA DE PVC 90 GRAUS, SOLDAVEL, 40 MM, PARA AGUA FRIA PREDIAL (NBR 5648)	121563		real_295	-1
CURVA DE PVC 90 GRAUS, SOLDAVEL, 50 MM, PARA AGUA FRIA PREDIAL (NBR 5648)	121564		real_295	-1
CURVA DE PVC 90 GRAUS, SOLDAVEL, 60 MM, PARA AGUA FRIA PREDIAL (NBR 5648)	121565		real_295	-1
CURVA DE PVC 90 GRAUS, SOLDAVEL, 75 MM, PARA AGUA FRIA PREDIAL (NBR 5648)	121566		real_295	-1
CURVA DE PVC 90 GRAUS, SOLDAVEL, 85 MM, PARA AGUA FRIA PREDIAL (NBR 5648)	121567		real_295	-1
CURVA DE PVC, 45 GRAUS, SERIE R, DN 100 MM, PARA ESGOTO OU AGUAS PLUVIAIS PREDIAIS	121568		real_295	34
CURVA DE PVC, 90 GRAUS, SERIE R, DN 100 MM, PARA ESGOTO OU AGUAS PLUVIAIS PREDIAIS	121569		real_295	34
CURVA DE PVC, 90 GRAUS, SERIE R, DN 50 MM, PARA ESGOTO OU AGUAS PLUVIAIS PREDIAIS	121570		real_295	34
CURVA DE PVC, 90 GRAUS, SERIE R, DN 75 MM, PARA ESGOTO OU AGUAS PLUVIAIS PREDIAIS	121571		real_295	34
CURVA DE TRANSPOSICAO BRONZE/LATAO (REF 736) SEM ANEL DE SOLDA, BOLSA X BOLSA, 15 MM	121572		real_295	74
CURVA DE TRANSPOSICAO BRONZE/LATAO (REF 736) SEM ANEL DE SOLDA, BOLSA X BOLSA, 22 MM	121573		real_295	74
CURVA DE TRANSPOSICAO BRONZE/LATAO (REF 736) SEM ANEL DE SOLDA, BOLSA X BOLSA, 28 MM	121574		real_295	74
CURVA DE TRANSPOSICAO, PVC SOLDAVEL, 20 MM, PARA AGUA FRIA PREDIAL	121577		real_295	4
CURVA DE TRANSPOSICAO, PVC, SOLDAVEL, 25 MM, PARA AGUA FRIA PREDIAL	121578		real_295	4
CURVA DE TRANSPOSICAO, PVC, SOLDAVEL, 32 MM, PARA AGUA FRIA PREDIAL	121579		real_295	4
CURVA LONGA PVC, PB, JE, 45 GRAUS, DN 100 MM, PARA REDE COLETORA ESGOTO (NBR 10569)	121580		real_295	5
CURVA LONGA PVC, PB, JE, 45 GRAUS, DN 150 MM, PARA REDE COLETORA ESGOTO (NBR 10569)	121581		real_295	5
CURVA LONGA PVC, PB, JE, 90 GRAUS, DN 100 MM, PARA REDE COLETORA ESGOTO (NBR 10569)	121582		real_295	5
CURVA LONGA PVC, PB, JE, 90 GRAUS, DN 150 MM, PARA REDE COLETORA ESGOTO (NBR 10569)	121583		real_295	5
CURVA PPR 90 GRAUS, DN 20 MM, PARA AGUA QUENTE PREDIAL	121584		real_295	15
CURVA PPR 90 GRAUS, DN 25 MM, PARA AGUA QUENTE PREDIAL	121585		real_295	15
"CURVA PVC 90 GRAUS, ROSCAVEL, 1 1/2"", AGUA FRIA PREDIAL"	121609		real_295	-1
"CURVA PVC 90 GRAUS, ROSCAVEL, 1 1/4"", AGUA FRIA PREDIAL"	121610		real_295	-1
"CURVA PVC 90 GRAUS, ROSCAVEL, 1"", AGUA FRIA PREDIAL"	121612		real_295	-1
"CURVA PVC 90 GRAUS, ROSCAVEL, 1/2"", AGUA FRIA PREDIAL"	121611		real_295	-1
"CURVA PVC 90 GRAUS, ROSCAVEL, 2"", AGUA FRIA PREDIAL"	121613		real_295	-1
"CURVA PVC 90 GRAUS, ROSCAVEL, 3/4"", AGUA FRIA PREDIAL"	121614		real_295	-1
CURVA PVC CURTA 90 G, DN 50 MM, PARA ESGOTO PREDIAL	121586		real_295	58
CURVA PVC CURTA 90 GRAUS, 100 MM, PARA ESGOTO PREDIAL	121589		real_295	58
CURVA PVC LEVE, 90 GRAUS, COM PONTA E BOLSA LISA, DN 150 MM	121590		real_295	5
CURVA PVC LEVE, 90 GRAUS, COM PONTA E BOLSA LISA, DN 250 MM	121591		real_295	-1
CURVA PVC LEVE, 90 GRAUS, COM PONTA E BOLSA LISA, DN 300 MM	121592		real_295	-1
CURVA PVC LONGA 45 GRAUS, 100 MM, PARA ESGOTO PREDIAL	121593		real_295	58
CURVA PVC LONGA 45G, DN 50 MM, PARA ESGOTO PREDIAL	121594		real_295	58
CURVA PVC LONGA 45G, DN 75 MM, PARA ESGOTO PREDIAL	121595		real_295	58
CURVA PVC LONGA 90 GRAUS, 100 MM, PARA ESGOTO PREDIAL	121596		real_295	58
CURVA PVC LONGA 90 GRAUS, 40 MM, PARA ESGOTO PREDIAL	121597		real_295	58
CURVA PVC LONGA 90 GRAUS, 50 MM, PARA ESGOTO PREDIAL	121598		real_295	58
CURVA PVC LONGA 90 GRAUS, 75 MM, PARA ESGOTO PREDIAL	121599		real_295	58
CURVA PVC PBA, JE, PB, 22 GRAUS, DN 100 / DE 110 MM, PARA REDE AGUA (NBR 10351)	121600		real_295	5
CURVA PVC PBA, JE, PB, 22 GRAUS, DN 50 / DE 60 MM, PARA REDE AGUA (NBR 10351)	121601		real_295	5
CURVA PVC PBA, JE, PB, 22 GRAUS, DN 75 / DE 85 MM, PARA REDE AGUA (NBR 10351)	121602		real_295	5
CURVA PVC PBA, JE, PB, 45 GRAUS, DN 100 / DE 110 MM, PARA REDE AGUA (NBR 10351)	121603		real_295	5
CURVA PVC PBA, JE, PB, 45 GRAUS, DN 50 / DE 60 MM, PARA REDE AGUA (NBR 10351)	121604		real_295	5
CURVA PVC PBA, JE, PB, 45 GRAUS, DN 75 / DE 85 MM, PARA REDE AGUA (NBR 10351)	121605		real_295	5
CURVA PVC PBA, JE, PB, 90 GRAUS, DN 100 / DE 110 MM, PARA REDE AGUA (NBR 10351)	121606		real_295	5
CURVA PVC PBA, JE, PB, 90 GRAUS, DN 50 / DE 60 MM, PARA REDE AGUA (NBR 10351)	121607		real_295	5
CURVA PVC PBA, JE, PB, 90 GRAUS, DN 75 / DE 85 MM, PARA REDE AGUA (NBR 10351)	121608		real_295	5
CURVA PVC, 45 GRAUS, CURTA, PB, DN 100 MM, PARA ESGOTO PREDIAL	121622		real_295	5
CURVA PVC, BB, JE, 45 GRAUS, DN 200 MM, PARA TUBO CORRUGADO E/OU LISO, REDE COLETORA ESGOTO (NBR 10569)	121615		real_295	5
CURVA PVC, BB, JE, 45 GRAUS, DN 250 MM, PARA TUBO CORRUGADO E/OU LISO, REDE COLETORA ESGOTO (NBR 10569)	121616		real_295	5
CURVA PVC, BB, JE, 90 GRAUS, DN 200 MM, PARA TUBO CORRUGADO E/OU LISO, REDE COLETORA ESGOTO (NBR 10569)	121617		real_295	5
CURVA PVC, BB, JE, 90 GRAUS, DN 250 MM, PARA TUBO CORRUGADO E/OU LISO, REDE COLETORA ESGOTO (NBR 10569)	121618		real_295	5
CURVA PVC, SERIE R, 87.30 GRAUS, CURTA, 100 MM, PARA ESGOTO OU AGUAS PLUVIAIS PREDIAIS (PARA PE-DE-COLUNA)	121619		real_295	34
CURVA PVC, SERIE R, 87.30 GRAUS, CURTA, 150 MM, PARA ESGOTO OU AGUAS PLUVIAIS PREDIAIS (PARA PE-DE-COLUNA)	121620		real_295	34
CURVA PVC, SERIE R, 87.30 GRAUS, CURTA, 75 MM, PARA ESGOTO OU AGUAS PLUVIAIS PREDIAIS (PARA PE-DE-COLUNA)	121621		real_295	34
DENTE PARA FRESADORA [SINAPI 44472]	126755		real_295	12
DESENHISTA COPISTA	121743		real_295	0
DESENHISTA COPISTA (MENSALISTA)	121744		real_295	0
DESENHISTA DETALHISTA	121745		real_295	0
DESENHISTA DETALHISTA (MENSALISTA)	121746		real_295	0
DESENHISTA PROJETISTA	121747		real_295	0
DESENHISTA TECNICO AUXILIAR	121749		real_295	0
DESENHISTA TECNICO AUXILIAR (MENSALISTA)	121750		real_295	0
DESINFETANTE PRONTO USO [SINAPI 44330]	126756		real_295	12
DETERGENTE AMONIACO (AMONIA DILUIDA) [SINAPI 6]	127710		real_295	-1
DETERGENTE NEUTRO USO GERAL, CONCENTRADO [SINAPI 44329]	126757		real_295	12
"DISCO DE BORRACHA PARA LIXADEIRA RIGIDO 7 "" COM ARRUELA CENTRAL"	121755		real_295	12
"DISCO DE BORRACHA PARA LIXADEIRA RIGIDO 7 "" COM ARRUELA CENTRAL [SINAPI 44532]"	126758		real_295	12
"DISCO DE CORTE DIAMANTADO SEGMENTADO DIAMETRO DE 180 MM PARA ESMERILHADEIRA 7 """	121756		real_295	-1
"DISCO DE CORTE DIAMANTADO SEGMENTADO DIAMETRO DE 180 MM PARA ESMERILHADEIRA 7 "" [SINAPI 44531]"	126759		real_295	-1
DISCO DE CORTE DIAMANTADO SEGMENTADO PARA CONCRETO, DIAMETRO DE 110 MM, FURO DE 20 MM	121757		real_295	-1
"DISCO DE CORTE DIAMANTADO SEGMENTADO PARA CONCRETO, DIAMETRO DE 350 MM, FURO DE 1 "" (14 X 1 "")"	121758		real_295	-1
"DISCO DE CORTE PARA METAL COM DUAS TELAS 12 X 1/8 X 3/4 "" (300 X 3,2 X 19,05 MM)"	121759		real_295	-1
"DISCO DE CORTE PARA METAL COM DUAS TELAS 12 X 1/8 X 3/4 "" (300 X 3,2 X 19,05 MM) [SINAPI 44495]"	126760		real_295	-1
"DISCO DE DESBASTE PARA METAL FERROSO EM GERAL, COM TRES TELAS, 9 X 1/4 X 7/8 "" ( 228,6 X 6,4 X 22,2 MM) [SINAPI 44533]"	126761		real_295	-1
"DISCO DE DESBASTE PARA METAL FERROSO EM GERAL, COM TRES TELAS, 9 X 1/4 X 7/8 "" (228,6 X 6,4 X 22,2 MM)"	121760		real_295	22
DISCO DE LIXA PARA METAL, DIAMETRO = 180 MM, GRAO 120 [SINAPI 44534]	126762		real_295	118
DISJUNTOR TERMICO E MAGNETICO AJUSTAVEIS, TRIPOLAR DE 100 ATE 250A, CAPACIDADE DE INTERRUPCAO DE 35KA	121763		real_295	29
DISJUNTOR TERMICO E MAGNETICO AJUSTAVEIS, TRIPOLAR DE 300 ATE 400A, CAPACIDADE DE INTERRUPCAO DE 35KA	121764		real_295	29
DISJUNTOR TERMICO E MAGNETICO AJUSTAVEIS, TRIPOLAR DE 450 ATE 600A, CAPACIDADE DE INTERRUPCAO DE 35KA	121765		real_295	29
DISJUNTOR TERMOMAGNETICO TRIPOLAR 125A	121766		real_295	29
DISJUNTOR TIPO DIN / IEC, MONOPOLAR DE 40 ATE 50A	121776		real_295	37
DISJUNTOR TIPO DIN/IEC, BIPOLAR 40 ATE 50A	121778		real_295	37
DISJUNTOR TIPO DIN/IEC, BIPOLAR 63 A	121779		real_295	37
DISJUNTOR TIPO DIN/IEC, BIPOLAR DE 6 ATE 32A	121777		real_295	37
DISJUNTOR TIPO DIN/IEC, MONOPOLAR DE 6 ATE 32A	121780		real_295	37
DISJUNTOR TIPO DIN/IEC, MONOPOLAR DE 63 A	121781		real_295	37
DISJUNTOR TIPO DIN/IEC, TRIPOLAR 63 A	121783		real_295	37
DISJUNTOR TIPO DIN/IEC, TRIPOLAR DE 10 ATE 50A	121782		real_295	37
"DISTRIBUIDOR METALICO, COM ROSCA, 2 SAIDAS, DN 1"" X 1/2"", PARA CONEXAO COM ANEL DESLIZANTE EM TUBO PEX"	121828		real_295	-1
"DISTRIBUIDOR METALICO, COM ROSCA, 2 SAIDAS, DN 3/4"" X 1/2"", PARA CONEXAO COM ANEL DESLIZANTE EM TUBO PEX"	121829		real_295	-1
"DISTRIBUIDOR METALICO, COM ROSCA, 3 SAIDAS, DN 1"" X 1/2"", PARA CONEXAO COM ANEL DESLIZANTE EM TUBO PEX"	121830		real_295	-1
"DISTRIBUIDOR METALICO, COM ROSCA, 3 SAIDAS, DN 3/4"" X 1/2"", PARA CONEXAO COM ANEL DESLIZANTE EM TUBO PEX"	121831		real_295	-1
DISTRIBUIDOR, PLASTICO, 2 SAIDAS, DN 32 X 16 MM, PARA CONEXAO COM CRIMPAGEM EM TUBO PEX	121832		real_295	18
DISTRIBUIDOR, PLASTICO, 2 SAIDAS, DN 32 X 20 MM, PARA CONEXAO COM CRIMPAGEM EM TUBO PEX	121833		real_295	18
DISTRIBUIDOR, PLASTICO, 2 SAIDAS, DN 32 X 25 MM, PARA CONEXAO COM CRIMPAGEM EM TUBO PEX	121834		real_295	18
DISTRIBUIDOR, PLASTICO, 3 SAIDAS, DN 32 X 16 MM, PARA CONEXAO COM CRIMPAGEM EM TUBO PEX	121835		real_295	18
DISTRIBUIDOR, PLASTICO, 3 SAIDAS, DN 32 X 20 MM, PARA CONEXAO COM CRIMPAGEM EM TUBO PEX	121836		real_295	18
DISTRIBUIDOR, PLASTICO, 3 SAIDAS, DN 32 X 25 MM, PARA CONEXAO COM CRIMPAGEM EM TUBO PEX	121837		real_295	18
DIVISORIA (N2) PAINEL/VIDRO - PAINEL C/ MSO/COMEIA E=35MM - MONTANTE/RODAPE DUPLO ACO GALV PINTADO - COLOCADA [SINAPI 2414]	127711		real_295	-1
DIVISORIA (N2) PAINEL/VIDRO - PAINEL C/ MSO/COMEIA E=35MM - PERFIS SIMPLES ACO GALV PINTADO - COLOCADA [SINAPI 2413]	127712		real_295	-1
DIVISORIA (N2) PAINEL/VIDRO - PAINEL MSO/COMEIA E=35MM - MONTANTE/RODAPE DUPLO ALUMINIO ANOD NAT - COLOCADA [SINAPI 2405]	127713		real_295	-1
DIVISORIA (N2) PAINEL/VIDRO - PAINEL MSO/COMEIA E=35MM - PERFIS SIMPLES ALUMINIO ANOD NAT - COLOCADA [SINAPI 13361]	127714		real_295	-1
DIVISORIA (N2) PAINEL/VIDRO - PAINEL VERMICULITA E=35MM - PERFIS SIMPLES ALUMINIO ANOD NATURAL - COLOCADA [SINAPI 11987]	127715		real_295	-1
DIVISORIA (N3) PAINEL/VIDRO/PAINEL MSO/COMEIA E=35MM - MONTANTE/RODAPE DUPLO ACO GALV PINTADO - COLOCADA [SINAPI 2416]	127716		real_295	-1
DIVISORIA (N3) PAINEL/VIDRO/PAINEL MSO/COMEIA E=35MM - MONTANTE/RODAPE DUPLO ALUMINIO ANOD NAT - COLOCADA [SINAPI 2412]	127717		real_295	-1
DIVISORIA (N3) PAINEL/VIDRO/PAINEL MSO/COMEIA E=35MM - PERFIS SIMPLES ACO GALV PINTADO - COLOCADA [SINAPI 2411]	127718		real_295	-1
DIVISORIA (N3) PAINEL/VIDRO/PAINEL MSO/COMEIA E=35MM - PERFIS SIMPLES ALUMINIO ANOD NAT - COLOCADA [SINAPI 2406]	127719		real_295	-1
DIVISORIA (N3) PAINEL/VIDRO/PAINEL VERMICULITA E=35MM - MONTANTE/RODAPE DUPLO ALUMINIO ANOD NATURAL - COLOCADA [SINAPI 10571]	127720		real_295	-1
DIVISORIA (N3) PAINEL/VIDRO/PAINEL VERMICULITA E=35MM - MONTANTE/RODAPE PERFIL DUPLO ACO GALV PINTADO - COLOCADA [SINAPI 11985]	127721		real_295	-1
DIVISORIA CEGA (N1) - PAINEL MSO/COMEIA E=35MM - MONTANTE/RODAPE DUPLO ACO GALV PINTADO - COLOCADA [SINAPI 2410]	127722		real_295	-1
DIVISORIA CEGA (N1) - PAINEL MSO/COMEIA E=35MM - MONTANTE/RODAPE DUPLO ALUMINIO ANOD NAT - COLOCADA [SINAPI 2417]	127723		real_295	-1
DIVISORIA CEGA (N1) - PAINEL MSO/COMEIA E=35MM - PERFIS SIMPLES ACO GALV PINTADO - COLOCADA [SINAPI 2415]	127724		real_295	-1
DIVISORIA CEGA (N1) - PAINEL MSO/COMEIA E=35MM - PERFIS SIMPLES ALUMINIO ANOD NAT - COLOCADA [SINAPI 13360]	127725		real_295	-1
DIVISORIA CEGA (N1) - PAINEL VERMICULITA E=35MM - MONTANTE/RODAPE PERFIS SIMPLES ACO GALV PINTADO - COLOCADA [SINAPI 11983]	127726		real_295	-1
DIVISORIA CEGA (N1) - PAINEL VERMICULITA E=35MM - PERFIS SIMPLES ALUMINIO ANOD NATURAL - COLOCADA [SINAPI 11986]	127727		real_295	-1
DIVISORIA COLMEIA CEGA COM MONTANTE E RODAPE DE ALUMINIO ANODIZADO SIMPLES (SEM COLOCACAO) [SINAPI 2404]	127644		real_295	-1
DIVISORIA EM GRANITO, COM DUAS FACES POLIDAS, TIPO ANDORINHA/ QUARTZ/ CASTELO/ CORUMBA OU OUTROS EQUIVALENTES DA REGIAO, E= *3,0* CM [SINAPI 44476]	126763		real_295	24
"DOBRADEIRA ELETROMECANICA DE VERGALHAO, PARA ACO DE DIAMETRO ATE 1 1/2 ""Â, MOTOR ELETRICO TRIFASICO, POTENCIA DE 3 HP ATE 5 HP"	121841		real_295	7
"DOBRADICA EM ACO/FERRO, 3"" X 2 1/2"", E= 1,2 A 1,8 MM, SEM ANEL, CROMADO OU ZINCADO, TAMPA BOLA, COM PARAFUSOS [SINAPI 2418]"	126900		real_295	50
"DOBRADICA EM LATAO, 3 "" X 2 1/2 "", E= 1,9 A 2 MM, COM ANEL, CROMADO, TAMPA BOLA, COM PARAFUSOS"	121845		real_295	50
DOBRADICA TIPO VAI-E-VEM EM ACO/FERRO, TAMANHO 3'', GALVANIZADO, COM PARAFUSOS	121846		real_295	1
DOMOS INDIVIDUAL EM ACRILICO BRANCO *95 X 95* CM, SEM INSTALACAO	121847		real_295	-1
"DUCHA HIGIENICA PLASTICA COM REGISTRO METALICO 1/2 """	121849		real_295	25
DUCHA METALICA DE PAREDE, ARTICULAVEL, COM BRACO/CANO, SEM DESVIADOR	121850		real_295	-1
DUCHA METALICA DE PAREDE, ARTICULAVEL, COM DESVIADOR E DUCHA MANUAL	121851		real_295	-1
DUMPER COM CAPACIDADE DE CARGA DE 1700 KG, PARTIDA ELETRICA, MOTOR DIESEL COM POTENCIA DE 16 CV	121852		real_295	7
ELEMENTO VAZADO CERAMICO 7 X 20 X 20 CM [SINAPI 7273]	127728		real_295	2
ELEMENTO VAZADO CERAMICO DIAGONAL (TIPO FLOR/QUADRADO/XIS) 25 X 18 X 7 CM	121853		real_295	2
ELEMENTO VAZADO CERAMICO QUADRADO (RETO OU REDONDO), *7 A 9 X 20 X 20* CM (L X A X C)	121854		real_295	2
ELETRICISTA	121866		real_295	0
ELETRICISTA DE MANUTENCAO INDUSTRIAL	121868		real_295	0
ELETRICISTA DE MANUTENCAO INDUSTRIAL (MENSALISTA)	121869		real_295	0
"ELETRODUTO DE PVC RIGIDO ROSCAVEL DE 1 "", SEM LUVA"	121874		real_295	66
"ELETRODUTO DE PVC RIGIDO ROSCAVEL DE 1 1/2 "", SEM LUVA"	121875		real_295	66
"ELETRODUTO DE PVC RIGIDO ROSCAVEL DE 1 1/4 "", SEM LUVA"	121876		real_295	66
"ELETRODUTO DE PVC RIGIDO ROSCAVEL DE 1/2 "", SEM LUVA"	121877		real_295	66
"ELETRODUTO DE PVC RIGIDO ROSCAVEL DE 2 "", SEM LUVA"	121878		real_295	66
"ELETRODUTO DE PVC RIGIDO ROSCAVEL DE 2 1/2 "", SEM LUVA"	121879		real_295	66
"ELETRODUTO DE PVC RIGIDO ROSCAVEL DE 3 "", SEM LUVA"	121880		real_295	66
"ELETRODUTO DE PVC RIGIDO ROSCAVEL DE 3/4 "", SEM LUVA"	121881		real_295	66
"ELETRODUTO DE PVC RIGIDO ROSCAVEL DE 4 "", SEM LUVA"	121882		real_295	66
"ELETRODUTO FLEXIVEL, EM ACO GALVANIZADO, REVESTIDO EXTERNAMENTE COM PVC PRETO, DIAMETRO EXTERNO DE 25 MM (3/4""), TIPO SEALTUBO"	121892		real_295	4
"ELETRODUTO FLEXIVEL, EM ACO GALVANIZADO, REVESTIDO EXTERNAMENTE COM PVC PRETO, DIAMETRO EXTERNO DE 32 MM (1""), TIPO SEALTUBO"	121893		real_295	4
"ELETRODUTO FLEXIVEL, EM ACO GALVANIZADO, REVESTIDO EXTERNAMENTE COM PVC PRETO, DIAMETRO EXTERNO DE 40 MM (1 1/4""), TIPO SEALTUBO"	121894		real_295	4
"ELETRODUTO FLEXIVEL, EM ACO GALVANIZADO, REVESTIDO EXTERNAMENTE COM PVC PRETO, DIAMETRO EXTERNO DE 50 MM( 1 1/2""), TIPO SEALTUBO"	121895		real_295	4
"ELETRODUTO FLEXIVEL, EM ACO GALVANIZADO, REVESTIDO EXTERNAMENTE COM PVC PRETO, DIAMETRO EXTERNO DE 60 MM (2""), TIPO SEALTUBO"	121896		real_295	4
"ELETRODUTO FLEXIVEL, EM ACO GALVANIZADO, REVESTIDO EXTERNAMENTE COM PVC PRETO, DIAMETRO EXTERNO DE 75 MM (2 1/2""), TIPO SEALTUBO"	121897		real_295	4
"ELETRODUTO FLEXIVEL, EM ACO, TIPO CONDUITE, DIAMETRO DE 1 1/2"""	121898		real_295	63
"ELETRODUTO FLEXIVEL, EM ACO, TIPO CONDUITE, DIAMETRO DE 1 1/4"""	121899		real_295	63
"ELETRODUTO FLEXIVEL, EM ACO, TIPO CONDUITE, DIAMETRO DE 1"""	121901		real_295	63
"ELETRODUTO FLEXIVEL, EM ACO, TIPO CONDUITE, DIAMETRO DE 1/2"""	121900		real_295	63
"ELETRODUTO FLEXIVEL, EM ACO, TIPO CONDUITE, DIAMETRO DE 2 1/2"""	121902		real_295	63
"ELETRODUTO FLEXIVEL, EM ACO, TIPO CONDUITE, DIAMETRO DE 2"""	121903		real_295	63
"ELETRODUTO FLEXIVEL, EM ACO, TIPO CONDUITE, DIAMETRO DE 3"""	121904		real_295	63
"ELETRODUTO METALICO FLEXIVEL REVESTIDO COM PVC PRETO, DIAMETRO EXTERNO DE 15 MM (3/8""), TIPO COPEX"	121905		real_295	4
"ELETRODUTO/DUTO PEAD FLEXIVEL PAREDE SIMPLES, CORRUGACAO HELICOIDAL, COR PRETA, SEM ROSCA, DE 2"", PARA CABEAMENTO SUBTERRANEO (NBR 15715)"	121916		real_295	-1
"ELETRODUTO/DUTO PEAD FLEXIVEL PAREDE SIMPLES, CORRUGACAO HELICOIDAL, COR PRETA, SEM ROSCA, DE 3"", PARA CABEAMENTO SUBTERRANEO (NBR 15715)"	121917		real_295	-1
"ELETRODUTODUTO PEAD FLEXIVEL PAREDE SIMPLES, CORRUGACAO HELICOIDAL, COR PRETA, SEM ROSCA, DE 1 1/2"", PARA CABEAMENTO SUBTERRANEO (NBR 15715)"	121918		real_295	-1
"ELETRODUTODUTO PEAD FLEXIVEL PAREDE SIMPLES, CORRUGACAO HELICOIDAL, COR PRETA, SEM ROSCA, DE 1 1/4"", PARA CABEAMENTO SUBTERRANEO (NBR 15715)"	121919		real_295	-1
"ELETRODUTODUTO PEAD FLEXIVEL PAREDE SIMPLES, CORRUGACAO HELICOIDAL, COR PRETA, SEM ROSCA, DE 4"", PARA CABEAMENTO SUBTERRANEO (NBR 15715)"	121920		real_295	-1
ELETROTECNICO	121921		real_295	0
ELEVADOR DE CARGA A CABO, CABINE SEMI FECHADA 2,0 X 1,5 X 2,0 M, CAPACIDADE DE CARGA 1000 KG, TORRE 2,38 X 2,21 X 15 M, GUINCHO DE EMBREAGEM, FREIO DE SEGURANCA, LIMITADOR DE VELOCIDADE E CANCELA	121923		real_295	101
ELEVADOR DE CREMALHEIRA CABINE FECHADA 1,5 X 2,5 X 2,35 M (UMA POR TORRE), CAPACIDADE DE CARGA 1200 KG (15 PESSOAS), TORRE 24 M (16 MODULOS), FREIO DE SEGURANCA, LIMITADOR DE CARGA	121924		real_295	101
EMENDA PARA CALHA PLUVIAL, PVC, DIAMETRO ENTRE 119 E 170 MM, PARA DRENAGEM PREDIAL	121925		real_295	52
EMPILHADEIRA SOBRE PNEUS COM TORRE DE TRES ESTAGIOS, 4,70M DE ELEVACAO, C/ DESLOCADOR LATERAL DOS GARFOS, MOTOR GLP 4.3L, CAPACIDADE NOMINAL DE CARGA DE 6T [SINAPI 10638]	127729		real_295	7
EMPILHADEIRA SOBRE PNEUS COM TORRE DE TRES ESTAGIOS, 4,80M DE ELEVACAO, C/ DESLOCADOR LATERAL DOS GARFOS, MOTOR GLP 2.2L, CAPACIDADE NOMINAL DE CARGA DE 3T [SINAPI 10635]	127730		real_295	7
EMPILHADEIRA SOBRE PNEUS COM TORRE DE TRES ESTAGIOS, 4,80M DE ELEVACAO, C/ DESLOCADOR LATERAL DOS GARFOS, MOTOR GLP 2.4L, CAPACIDADE NOMINAL DE CARGA DE 2,5T [SINAPI 10634]	127731		real_295	7
EMPILHADEIRA SOBRE PNEUS COM TORRE DE TRES ESTAGIOS, 4,80M DE ELEVACAO, C/ DESLOCADOR LATERAL DOS GARFOS, MOTOR GLP 4.3L, CAPACIDADE NOMINAL DE CARGA DE 4T [SINAPI 10636]	127732		real_295	7
EMPILHADEIRA SOBRE PNEUS COM TORRE DE TRES ESTAGIOS, 4,80M DE ELEVACAO, C/ DESLOCADOR LATERAL DOS GARFOS, MOTOR GLP 4.3L, CAPACIDADE NOMINAL DE CARGA DE 5T [SINAPI 10637]	127733		real_295	7
EMULSAO ASFALTICA CATIONICA RL-1C PARA USO EM PAVIMENTACAO ASFALTICA (COLETADO CAIXA NA ANP ACRESCIDO DE ICMS)	121927		real_295	42
EMULSAO ASFALTICA CATIONICA RR-1C PARA USO EM PAVIMENTACAO ASFALTICA (COLETADO CAIXA NA ANP ACRESCIDO DE ICMS) [SINAPI 41905]	127734		real_295	42
EMULSAO ASFALTICA CATIONICA RR-2C PARA USO EM PAVIMENTACAO ASFALTICA (COLETADO CAIXA NA ANP ACRESCIDO DE ICMS)	121928		real_295	42
ENCANADOR OU BOMBEIRO HIDRAULICO	121935		real_295	0
ENCARREGADO GERAL DE OBRAS	121937		real_295	0
"ENGATE / RABICHO FLEXIVEL INOX 1/2 "" X 30 CM"	121942		real_295	8
"ENGATE / RABICHO FLEXIVEL INOX 1/2 "" X 40 CM"	121943		real_295	8
"ENGATE/RABICHO FLEXIVEL PLASTICO (PVC OU ABS) BRANCO 1/2 "" X 30 CM"	121944		real_295	9
"ENGATE/RABICHO FLEXIVEL PLASTICO (PVC OU ABS) BRANCO 1/2 "" X 40 CM"	121945		real_295	9
ENGENHEIRO CIVIL DE OBRA JUNIOR	121946		real_295	-1
ENGENHEIRO CIVIL DE OBRA PLENO	121948		real_295	0
ENGENHEIRO CIVIL DE OBRA SENIOR	121950		real_295	-1
ENGENHEIRO CIVIL JUNIOR	121952		real_295	-1
ENGENHEIRO CIVIL JUNIOR (MENSALISTA)	121953		real_295	-1
ENGENHEIRO CIVIL PLENO	121954		real_295	0
ENGENHEIRO CIVIL PLENO (MENSALISTA)	121955		real_295	0
ENGENHEIRO CIVIL SENIOR	121956		real_295	-1
ENGENHEIRO CIVIL SENIOR (MENSALISTA)	121957		real_295	-1
ENGENHEIRO ELETRICISTA	121958		real_295	0
ENGENHEIRO ELETRICISTA (MENSALISTA)	121959		real_295	0
ENGENHEIRO SANITARISTA	121960		real_295	0
ENGENHEIRO SANITARISTA (MENSALISTA)	121961		real_295	0
ENXADA ESTREITA *25 X 23* CM COM CABO	121962		real_295	2
EQUIPAMENTO DE LIMPEZA COMBINADO (VACUO/ALTA PRESSAO) 95% VACUO, TANQUE 7000 L, BOMBA 140 KGF/CM2 66 L/MIN COM MOTOR INDEPENDENTE A DIESEL DE 60 CV (INCLUI MONTAGEM, NAO INCLUI CAMINHAO)	121987		real_295	109
EQUIPAMENTO PARA DEMARCACAO DE FAIXAS DE TRAFEGO A FRIO, A SER MONTADO SOBRE CAMINHAO DE PBT MINIMO DE 9 T E DISTANCIA MINIMA ENTRE EIXOS DE 4,3 M, CAPACIDADE PARA 800 L DE TINTA (INCLUI MONTAGEM, NAO INCLUI CAMINHAO)	121988		real_295	82
ESCADA DUPLA DE ABRIR EM ALUMINIO, MODELO PINTOR, 8 DEGRAUS	121990		real_295	13
ESCADA EXTENSIVEL EM ALUMINIO COM 6,00 M ESTENDIDA	121991		real_295	22
ESCAVADEIRA DRAGA DE ARRASTE, CAP. 3/4 JC 140HP (INCL MANUTENCAO/OPERACAO) [SINAPI 2720]	127645		real_295	42
ESCAVADEIRA HIDRAULICA SOBRE ESTEIRA, COM GARRA GIRATORIA DE MANDIBULAS, PESO OPERACIONAL ENTRE 22,00 E 25,50 TON, POTENCIA LIQUIDA ENTRE 150 E 160 HP	121992		real_295	10
ESCAVADEIRA HIDRAULICA SOBRE ESTEIRAS CACAMBA 0,40 A 1,20 M3, PESO OPERACIONAL 21,19 T, POTENCIA LIQUIDA 173 HP	121993		real_295	10
ESCAVADEIRA HIDRAULICA SOBRE ESTEIRAS DE 99 HP, PESO OPERACIONAL DE *16* T E CAPACIDADE DE 0,85 A 1,00 M3 (LOCACAO COM OPERADOR, COMBUSTIVEL E MANUTENCAO) [SINAPI 2719]	127646		real_295	10
ESCAVADEIRA HIDRAULICA SOBRE ESTEIRAS, CACAMBA 0,4 A 1,70 M3, PESO OPERACIONAL 23,2 T, POTENCIA BRUTA 183 HP	121996		real_295	10
ESCAVADEIRA HIDRAULICA SOBRE ESTEIRAS, CACAMBA 0,62M3, PESO OPERACIONAL 12,61T, POTENCIA LIQUIDA 95HP	121997		real_295	10
ESCAVADEIRA HIDRAULICA SOBRE ESTEIRAS, CACAMBA 0,80 A 1,30 M3, PESO OPERACIONAL 22,18 T, POTENCIA LIQUIDA 170 HP	121998		real_295	10
ESCAVADEIRA HIDRAULICA SOBRE ESTEIRAS, CACAMBA 0,80 M3, PESO OPERACIONAL 17,8 T, POTENCIA LIQUIDA 110 HP	121995		real_295	10
"ESCOVA CIRCULAR EM ACO LATONADO, 6 X 1 "" (DIAMETRO X ESPESSURA), FURO DE 1 1/4 "", FIO ONDULADO *0,30* MM"	122002		real_295	50
"ESCOVA CIRCULAR EM ACO LATONADO, 6 X 1 "" (DIAMETRO X ESPESSURA), FURO DE 1 1/4 "", FIO ONDULADO *0,30* MM [SINAPI 44538]"	126764		real_295	50
ESMERILHADEIRA ANGULAR ELETRICA, DIAMETRO DO DISCO 7 '' (180 MM), ROTACAO 8500 RPM, POTENCIA 2400 W	122012		real_295	108
ESPACADOR / SEPARADOR DE BARRA , METALICO, TIPO CARAMBOLA, PARA TIRANTES, 25 X 84 MM	122016		real_295	-1
ESPACADOR/SEPARADOR /CENTRALIZADOR DE BARRA DE ACO, PLASTICO, DIAMETRO INTERNO ENTRE 25 A 32 MM, TIPO CARAMBOLA - CB, PARA TIRANTES E OUTROS SERVICOS(CHUMBADOR TIPO CARAMBOLA) [SINAPI 44919]	128165		real_295	-1
ESPATULA DE ACO INOX COM CABO DE MADEIRA, LARGURA 8 CM	122021		real_295	8
ESPATULA DE PLASTICO LISA, LARGURA 10 CM	122022		real_295	44
"ESQUADRO DE ACO 12 "" (300 MM), CABO DE ALUMINIO"	122036		real_295	22
ESQUADRO INTERNO OU EXTERNO PARA CALHA PLUVIAL, PVC, DIAMETRO ENTRE 119 E 170 MM, PARA DRENAGEM PREDIAL	122037		real_295	52
ESTABILIZADOR BIVOLT AUTOMATICO, 1000 VA	122039		real_295	-1
ESTABILIZADOR BIVOLT AUTOMATICO, 1500 VA	122040		real_295	-1
ESTABILIZADOR BIVOLT AUTOMATICO, 2000 VA	122041		real_295	-1
ESTABILIZADOR BIVOLT AUTOMATICO, 300 VA	122042		real_295	-1
ESTABILIZADOR BIVOLT AUTOMATICO, 500 VA	122043		real_295	-1
ESTUCADOR (MENSALISTA) [SINAPI 41074]	127736		real_295	-1
ESTUCADOR [SINAPI 12865]	127735		real_295	-1
ETANOL	122051		real_295	0
EXAMES - HORISTA (COLETADO CAIXA)	122052		real_295	-1
EXAMES - MENSALISTA (COLETADO CAIXA)	122053		real_295	0
EXTENSAO DE SOLDA 201 ACETILENO, E = *1,5 A 2,5* MM	122054		real_295	23
EXTENSAO DE SOLDA 201 GLP, E = *2,5 A 4,0* MM	122055		real_295	23
EXTREMIDADE PVC PBA, BF, JE, DN 100/ DE 110 MM (NBR 10351)	122063		real_295	5
EXTREMIDADE PVC PBA, BF, JE, DN 50 / DE 60 MM (NBR 10351)	122064		real_295	5
EXTREMIDADE PVC PBA, BF, JE, DN 75/ DE 85 MM (NBR 10351)	122065		real_295	5
EXTREMIDADE PVC PBA, PF, JE, DN 100 / DE 110 MM (NBR 10351)	122066		real_295	5
EXTREMIDADE PVC PBA, PF, JE, DN 50/ DE 60 MM (NBR 10351)	122067		real_295	5
EXTREMIDADE PVC PBA, PF, JE, DN 75 / DE 85 MM (NBR 10351)	122068		real_295	5
"EXTREMIDADE/TUBETE PARA HIDROMETRO PVC, COM ROSCA, CURTA, COM BUCHA LATAO, 1/2"""	122069		real_295	4
"EXTREMIDADE/TUBETE PARA HIDROMETRO PVC, COM ROSCA, CURTA, COM BUCHA LATAO, 3/4"""	122070		real_295	4
"EXTREMIDADE/TUBETE PARA HIDROMETRO PVC, COM ROSCA, CURTA, SEM BUCHA LATAO, 1/2"""	122071		real_295	4
"EXTREMIDADE/TUBETE PARA HIDROMETRO PVC, COM ROSCA, CURTA, SEM BUCHA LATAO, 3/4"""	122072		real_295	4
"EXTREMIDADE/TUBETE PARA HIDROMETRO PVC, COM ROSCA, LONGA, SEM BUCHA LATAO, 1/2"""	122073		real_295	4
"EXTREMIDADE/TUBETE PARA HIDROMETRO PVC, COM ROSCA, LONGA, SEM BUCHA LATAO, 3/4"""	122074		real_295	4
FAIXA / FILETE / LISTELO EM CERAMICA, DECORADA, *8 X 30* CM (L X C) [SINAPI 34795]	127737		real_295	-1
FAIXA / FILETE / LISTELO EM CERAMICA, LISO OU CORDAO, BRANCO, *2 X 30* CM (L X C) [SINAPI 34796]	127738		real_295	-1
FECHADRUA BICO DE PAPAGAIO PARA PORTA DE CORRER EXTERNA, EM ACO INOX COM ACABAMENTO CROMADO, MAQUINA COM 45 MM, INCLUINDO CHAVE TIPO CILINDRO	122075		real_295	8
FECHADRUA BICO DE PAPAGAIO PARA PORTA DE CORRER INTERNA, EM ACO INOX COM ACABAMENTO CROMADO, MAQUINA COM 45 MM, INCLUINDO CHAVE TIPO BIPARTIDA	122076		real_295	8
FELTRO EM LA DE ROCHA, 1 FACE REVESTIDA COM PAPEL ALUMINIZADO, EM ROLO, DENSIDADE = 32 KG/M3, E=*50* MM (COLETADO CAIXA) [SINAPI 42481]	127739		real_295	-1
"FERROLHO COM FECHO CHATO E PORTA CADEADO , EM ACO GALVANIZADO / ZINCADO, DE SOBREPOR, COM COMPRIMENTO DE 3"" A 4"", CHAPA COM ESPESSURA MINIMA DE 0,90 MM E LARGURA MINIMA DE 3,20 CM (FECHO SIMPLES / LEVE) (INCLUI PARAFUSOS)"	122134		real_295	82
"FERROLHO COM FECHO CHATO E PORTA CADEADO , EM ACO GALVANIZADO / ZINCADO, DE SOBREPOR, COM COMPRIMENTO DE 3"" A 4"", CHAPA COM ESPESSURA MINIMA DE 1,70 MM E LARGURA MINIMA DE 5,00 CM (FECHO REFORCADO)"	122135		real_295	82
"FERROLHO COM FECHO CHATO E PORTA CADEADO , EM ACO GALVANIZADO / ZINCADO, DE SOBREPOR, COM COMPRIMENTO DE 5"", CHAPA COM ESPESSURA MINIMA DE 0,90 MM E LARGURA MINIMA DE 3,20 CM (FECHO SIMPLES)"	122136		real_295	82
"FERROLHO COM FECHO CHATO E PORTA CADEADO , EM ACO GALVANIZADO / ZINCADO, DE SOBREPOR, COM COMPRIMENTO DE 5"", CHAPA COM ESPESSURA MINIMA DE 1,70 MM E LARGURA MINIMA DE 5,00 CM (FECHO REFORCADO)"	122137		real_295	82
"FERROLHO COM FECHO CHATO E PORTA CADEADO , EM ACO GALVANIZADO / ZINCADO, DE SOBREPOR, COM COMPRIMENTO DE 6"", CHAPA COM ESPESSURA MINIMA DE 0,90 MM E LARGURA MINIMA DE 3,80 CM (FECHO SIMPLES)"	122138		real_295	82
"FERROLHO COM FECHO CHATO E PORTA CADEADO , EM ACO GALVANIZADO / ZINCADO, DE SOBREPOR, COM COMPRIMENTO DE 6"", CHAPA COM ESPESSURA MINIMA DE 1,70 MM E LARGURA /MINIMA DE 5,00 CM (FECHO REFORCADO) (INCLUI PARAFUSOS)"	122139		real_295	82
FERTILIZANTE NPK - 10:10:10 [SINAPI 44539]	126765		real_295	-1
FILTRO ANAEROBIO CILINDRICO CONCRETO PRE MOLDADO 1,20 X 1,50 (DIAMETROXALTURA) PARA 4 A 5 CONTRIBUINTES (NBR 13969) [SINAPI 11894]	127740		real_295	69
FINCAPINO CURTO CALIBRE 22 VERMELHO, CARGA MEDIA (ACAO DIRETA)	122147		real_295	41
FINCAPINO LONGO CALIBRE 22, CARGA FORTE (ACAO DIRETA)	122148		real_295	-1
FIO COBRE NU DE 150 A 500 MM2, PARA TENSOES DE ATE 600 V	122149		real_295	-1
FIO COBRE NU DE 16 A 35 MM2, PARA TENSOES DE ATE 600 V	122150		real_295	-1
FIO COBRE NU DE 50 A 120 MM2, PARA TENSOES DE ATE 600 V	122151		real_295	-1
FIO TELEFONICO EXTERNO (FE) EM ACO COBREADO, ISOLACAO EM PEAD OU PVC ANTI-CHAMA, 2 CONDUTORES	122157		real_295	4
FIO TELEFONICO INTERNO (FI) EM COBRE ESTANHADO, ISOLACAO EM PVC ANTICHAMA, 2 CONDUTORES DE 0,6 MM (NBR 9115:2005)	122158		real_295	96
FITA / CINTA AUTOADESIVA ELASTOMERICA PARA VEDACAO, L= 50 MM, E = 3 MM [SINAPI 44397]	126766		real_295	17
FITA ADESIVA ALUMINIZADA BOPP, L = 50 MM	152232		real_295	2
FITA CREPE ROLO DE 25 MM X 50 M	122163		real_295	2
FITA DE ALUMINIO PARA PROTECAO DO CONDUTOR LARGURA 10 MM	122164		real_295	-1
FITA DE VEDACAO ADESIVA, EM ESPUMA POLIETILENO, PRETA, L = 10 MM, E = 4 MM	152332		real_295	17
FITA ISOLANTE DE BORRACHA AUTOFUSAO, USO ATE 69 KV (ALTA TENSAO)	122169		real_295	71
FITA PLASTICA DE ARQUEAR, EM POLIPROPILENO - PP, PRETA, L = 10 MM, E = 0,65 MM	152333		real_295	17
FITA PLASTICA ZEBRADA PARA DEMARCACAO DE AREAS, LARGURA = 7 CM, SEM ADESIVO	152372		real_295	-1
FITA PLASTICA ZEBRADA PARA DEMARCACAO DE AREAS, LARGURA = 7 CM, SEM ADESIVO (COLETADO CAIXA) [SINAPI 42015]	127741		real_295	-1
FITA VEDA ROSCA EM ROLOS DE 18 MM X 10 M (L X C)	122174		real_295	2
FITA VEDA ROSCA EM ROLOS DE 18 MM X 25 M (L X C)	122175		real_295	2
FITA VEDA ROSCA EM ROLOS DE 18 MM X 50 M (L X C)	122176		real_295	2
FIXADOR DE CAL (SACHE 150 ML) [SINAPI 11162]	127742		real_295	68
"FLANGE PVC, ROSCAVEL SEXTAVADO SEM FUROS 3/4"""	122181		real_295	4
"FLANGE PVC, ROSCAVEL, SEXTAVADO, SEM FUROS 3"""	122182		real_295	4
"FLANGE PVC, ROSCAVEL, SEXTAVADO, SEM FUROS, 1 1/2"""	122183		real_295	4
"FLANGE PVC, ROSCAVEL, SEXTAVADO, SEM FUROS, 1 1/4"""	122184		real_295	4
"FLANGE PVC, ROSCAVEL, SEXTAVADO, SEM FUROS, 1"""	122186		real_295	4
"FLANGE PVC, ROSCAVEL, SEXTAVADO, SEM FUROS, 1/2"""	122185		real_295	4
"FLANGE PVC, ROSCAVEL, SEXTAVADO, SEM FUROS, 2 1/2"""	122187		real_295	4
"FLANGE PVC, ROSCAVEL, SEXTAVADO, SEM FUROS, 2"""	122188		real_295	4
FORRO DE PVC LISO, BRANCO, REGUA DE 10 CM, ESPESSURA DE 8 MM A 10 MM (COM COLOCACAO / SEM ESTRUTURA METALICA)	122206		real_295	107
FORRO DE PVC LISO, BRANCO, REGUA DE 20 CM, ESPESSURA DE 8 MM A 10 MM, COMPRIMENTO 6 M (SEM COLOCACAO)	122207		real_295	107
FORRO DE PVC, FRISADO, BRANCO, REGUA DE 10 CM, ESPESSURA DE 8 MM A 10 MM E COMPRIMENTO 6 M (SEM COLOCACAO)	122208		real_295	107
FORRO DE PVC, FRISADO, BRANCO, REGUA DE 20 CM, ESPESSURA DE 8 MM A 10 MM E COMPRIMENTO 6 M (SEM COLOCACAO)	122209		real_295	107
"FOSSA SEPTICA CILINDRICA TIPO ""IMHOFF"", COM TAMPA, PARA 50 CONTRIBUINTES [SINAPI 11887]"	127743		real_295	-1
"FOSSA SEPTICA CILINDRICA, TIPO ""IMHOFF"", COM TAMPA, PARA 100 CONTRIBUINTES [SINAPI 11883]"	127744		real_295	-1
"FOSSA SEPTICA CILINDRICA, TIPO ""IMHOFF"", COM TAMPA, PARA 150 CONTRIBUINTES [SINAPI 11884]"	127745		real_295	-1
"FOSSA SEPTICA CILINDRICA, TIPO ""IMHOFF"", COM TAMPA, PARA 200 CONTRIBUINTES [SINAPI 11885]"	127746		real_295	-1
"FOSSA SEPTICA CILINDRICA, TIPO ""IMHOFF"", COM TAMPA, PARA 30 CONTRIBUINTES [SINAPI 11886]"	127747		real_295	-1
"FOSSA SEPTICA CILINDRICA, TIPO ""IMHOFF"", COM TAMPA, PARA 75 CONTRIBUINTES [SINAPI 11888]"	127748		real_295	-1
FOSSA SEPTICA CONCRETO PRE MOLDADO PARA 10 CONTRIBUINTES - *90 X 90* CM [SINAPI 3277]	127749		real_295	69
FOSSA SEPTICA CONCRETO PRE MOLDADO PARA 5 CONTRIBUINTES *90 X 70* CM [SINAPI 3281]	127750		real_295	69
FOSSA SEPTICA, SEM FILTRO, PARA 15 A 30 CONTRIBUINTES, CILINDRICA, COM TAMPA, EM POLIETILENO DE ALTA DENSIDADE (PEAD), CAPACIDADE APROXIMADA DE 5500 LITROS (NBR 7229)	122210		real_295	87
FOSSA SEPTICA, SEM FILTRO, PARA 4 A 7 CONTRIBUINTES, CILINDRICA, COM TAMPA, EM POLIETILENO DE ALTA DENSIDADE (PEAD), CAPACIDADE APROXIMADA DE 1100 LITROS (NBR 7229)	122211		real_295	87
FOSSA SEPTICA, SEM FILTRO, PARA 8 A 14 CONTRIBUINTES, CILINDRICA, COM TAMPA, EM POLIETILENO DE ALTA DENSIDADE (PEAD), CAPACIDADE APROXIMADA DE 3000 LITROS (NBR 7229)	122212		real_295	87
FOSSA SEPTICA,SEM FILTRO, PARA 40 A 52 CONTRIBUINTES, CILINDRICA, COM TAMPA, EM POLIETILENO DE ALTA DENSIDADE (PEAD), CAPACIDADE APROXIMADA DE 10000 LITROS (NBR 7229)	122213		real_295	87
FUNDO SINTETICO NIVELADOR BRANCO FOSCO PARA MADEIRA [SINAPI 43653]	126767		real_295	12
FUNDO SINTETICO NIVELADOR BRANCO FOSCO PARA MADEIRA [SINAPI 6086]	127647		real_295	-1
FUSIVEL DIAZED 20 A TAMANHO DII, CAPACIDADE DE INTERRUPCAO DE 50 KA EM VCA E 8 KA EM VCC, TENSAO NOMIMNAL DE 500 V	122219		real_295	71
FUSIVEL DIAZED 35 A TAMANHO DIII, CAPACIDADE DE INTERRUPCAO DE 50 KA EM VCA E 8 KA EM VCC, TENSAO NOMIMNAL DE 500 V	122220		real_295	71
FUSIVEL NH *36* A 80 AMPERES, TAMANHO 00, CAPACIDADE DE INTERRUPCAO DE 120 KA, TENSAO NOMIMNAL DE 500 V	122221		real_295	71
FUSIVEL NH 100 A TAMANHO 00, CAPACIDADE DE INTERRUPCAO DE 120 KA, TENSAO NOMIMNAL DE 500 V	122222		real_295	71
FUSIVEL NH 125 A TAMANHO 00, CAPACIDADE DE INTERRUPCAO DE 120 KA, TENSAO NOMIMNAL DE 500 V	122223		real_295	71
FUSIVEL NH 160 A TAMANHO 00, CAPACIDADE DE INTERRUPCAO DE 120 KA, TENSAO NOMIMNAL DE 500 V	122224		real_295	71
FUSIVEL NH 20 A TAMANHO 000, CAPACIDADE DE INTERRUPCAO DE 120 KA, TENSAO NOMIMNAL DE 500 V	122225		real_295	71
FUSIVEL NH 200 A 250 AMPERES, TAMANHO 1, CAPACIDADE DE INTERRUPCAO DE 120 KA, TENSAO NOMIMNAL DE 500 V	122226		real_295	71
"GANCHO CHATO EM FERRO GALVANIZADO, L = 110 MM, RECOBRIMENTO = 100MM, SECAO 1/8 X 1/2"" (3 MM X 12 MM), PARA FIXAR TELHA DE FIBROCIMENTO ONDULADA"	122251		real_295	-1
"GANCHO L COM ROSCA, PARA FIXAR TELHA EM MADEIRA, 1/4"" X 350 MM (COLETADO CAIXA) [SINAPI 42482]"	127751		real_295	-1
GESSEIRO	122264		real_295	0
GESSO COLA, EM PO, PARA FIXACAO DE MOLDURAS, SANCAS E BLOCOS DE GESSO [SINAPI 44324]	126768		real_295	6
GRADIL *1320 X 2170* MM (A X L) EM BARRA DE ACO CHATA *25 MM X 2* MM, ENTRELACADA COM BARRA ACO REDONDA *5* MM, MALHA *65 X 132* MM, GALVANIZADO E PINTURA ELETROSTATICA, COR PRETO [SINAPI 38968]	127648		real_295	-1
"GRAMPO DE ACO POLIDO 1 "" X 9"	122274		real_295	102
"GRAMPO DE ACO POLIDO 7/8 "" X 9"	122275		real_295	102
GRAMPO METALICO TIPO OLHAL PARA HASTE DE ATERRAMENTO DE 1'', CONDUTOR DE *10* A 50 MM2	122278		real_295	-1
GRAMPO METALICO TIPO OLHAL PARA HASTE DE ATERRAMENTO DE 1/2'', CONDUTOR DE *10* A 50 MM2	122277		real_295	-1
GRAMPO METALICO TIPO OLHAL PARA HASTE DE ATERRAMENTO DE 3/4'', CONDUTOR DE *10* A 50 MM2	122279		real_295	-1
GRAMPO METALICO TIPO OLHAL PARA HASTE DE ATERRAMENTO DE 5/8'', CONDUTOR DE *10* A 50 MM2	122280		real_295	-1
GRAMPO METALICO TIPO U PARA HASTE DE ATERRAMENTO DE ATE 3/4'', CONDUTOR DE 10 A 25 MM2	122281		real_295	-1
GRAMPO METALICO TIPO U PARA HASTE DE ATERRAMENTO DE ATE 5/8'', CONDUTOR DE 10 A 25 MM2	122282		real_295	-1
"GRAMPO U DE 5/8 "" N8 EM FERRO GALVANIZADO"	122284		real_295	91
GRANALHA DE ACO, ESFERICA (SHOT), PARA JATEAMENTO, PENEIRA 1,19 A 1,00 MM (SAE S390) [SINAPI 44481]	126769		real_295	-1
GRAXA LUBRIFICANTE	122292		real_295	0
GRELHA PVC BRANCA QUADRADA, 150 X 150 MM	122297		real_295	44
GRELHA PVC CROMADA REDONDA, 150 MM	122298		real_295	44
GRUA ASCENCIONAL, LANCA DE 50 M, CAPACIDADE DE 2,33 T A 30 M, ALTURA ATE 48 M	122301		real_295	-1
GRUPO DE SOLDAGEM C/ GERADOR A DIESEL 60 CV PARA SOLDA ELETRICA, SOBRE 04 RODAS, COM MOTOR 4 CILINDROS	122302		real_295	7
GRUPO DE SOLDAGEM COM GERADOR A DIESEL 30 CV, PARA SOLDA ELETRICA, SOBRE DUAS RODAS	122303		real_295	-1
GRUPO GERADOR A GASOLINA, POTENCIA NOMINAL 2,2 KW, TENSAO DE SAIDA 110/220 V, MOTOR POTENCIA 6,5 HP	122304		real_295	7
GRUPO GERADOR DIESEL, COM CARENAGEM, POTENCIA STANDART ENTRE 100 E 110 KVA, VELOCIDADE DE 1800 RPM, FREQUENCIA DE 60 HZ	122305		real_295	-1
GRUPO GERADOR DIESEL, COM CARENAGEM, POTENCIA STANDART ENTRE 140 E 150 KVA, VELOCIDADE DE 1800 RPM, FREQUENCIA DE 60 HZ	122306		real_295	-1
GRUPO GERADOR DIESEL, COM CARENAGEM, POTENCIA STANDART ENTRE 210 E 220 KVA, VELOCIDADE DE 1800 RPM, FREQUENCIA DE 60 HZ	122307		real_295	-1
GRUPO GERADOR DIESEL, COM CARENAGEM, POTENCIA STANDART ENTRE 50 E 55 KVA, VELOCIDADE DE 1800 RPM, FREQUENCIA DE 60 HZ	122309		real_295	-1
GRUPO GERADOR DIESEL, SEM CARENAGEM, POTENCIA STANDART ENTRE 100 E 110 KVA, VELOCIDADE DE 1800 RPM, FREQUENCIA DE 60 HZ	122310		real_295	-1
GRUPO GERADOR DIESEL, SEM CARENAGEM, POTENCIA STANDART ENTRE 210 E 220 KVA, VELOCIDADE DE 1800 RPM, FREQUENCIA DE 60 HZ	122311		real_295	-1
GRUPO GERADOR DIESEL, SEM CARENAGEM, POTENCIA STANDART ENTRE 250 E 260 KVA, VELOCIDADE DE 1800 RPM, FREQUENCIA DE 60 HZ	122312		real_295	-1
GRUPO GERADOR ESTACIONARIO SILENCIADO, POTENCIA 50 KVA, MOTOR DIESEL [SINAPI 44494]	126770		real_295	7
GRUPO GERADOR ESTACIONARIO, SILENCIADO, POTENCIA 180 KVA, MOTOR DIESEL [SINAPI 44493]	126771		real_295	7
GUARNICAO / ALIZAR / VISTA LISA EM MADEIRA MACICA, PARA PORTA , E = *1* CM, L = *5* CM, CEDRINHO / ANGELIM COMERCIAL / TAURI/ CURUPIXA / PEROBA / CUMARU OU EQUIVALENTE DA REGIAO	122319		real_295	24
GUARNICAO / ALIZAR / VISTA LISA EM MADEIRA MACICA, PARA PORTA , E = *1* CM, L = *5* CM, PINUS /EUCALIPTO / VIROLA OU EQUIVALENTE DA REGIAO	122320		real_295	24
GUARNICAO/MOLDURA DE ACABAMENTO PARA ESQUADRIA DE ALUMINIO ANODIZADO NATURAL, PARA 1 FACE	122324		real_295	-1
GUINCHO DE ALAVANCA MANUAL, CAPACIDADE 3,2 T COM 20 M DE CABO DE ACO DIAMETRO 16,3 MM	122326		real_295	14
GUINCHO DE ALAVANCA MANUAL, CAPACIDADE DE 1,6 T, COM 20 M DE CABO DE ACO (AQUISICAO)	122325		real_295	14
GUINDASTE HIDRAULICO AUTOPROPELIDO, COM LANCA TELESCOPICA 28,80 M, CAPACIDADE MAXIMA 30 T, POTENCIA 97 KW, TRACAO 4 X 4 [SINAPI 44475]	126772		real_295	7
GUINDASTE HIDRAULICO AUTOPROPELIDO, COM LANCA TELESCOPICA 40 M, CAPACIDADE MAXIMA 60 T, POTENCIA 260 KW, TRACAO 6 X 6 [SINAPI 44474]	126773		real_295	7
GUINDASTE HIDRAULICO AUTOPROPELIDO, COM LANCA TELESCOPICA 50 M, CAPACIDADE MAXIMA 100 T, POTENCIA 350 KW, TRACAO 10 X 6 [SINAPI 44490]	126774		real_295	7
GUINDAUTO HIDRAULICO, CAPACIDADE MAXIMA DE CARGA 10000 KG, MOMENTO MAXIMO DE CARGA 23 TM , ALCANCE MAXIMO HORIZONTAL 11,80 M, PARA MONTAGEM SOBRE CHASSI DE CAMINHAO PBT MINIMO 15000 KG (INCLUI MONTAGEM, NAO INCLUI CAMINHAO)	122331		real_295	38
GUINDAUTO HIDRAULICO, CAPACIDADE MAXIMA DE CARGA 30000 KG, MOMENTO MAXIMO DE CARGA 92,2 TM , ALCANCE MAXIMO HORIZONTAL 22,00 M, PARA MONTAGEM SOBRE CHASSI DE CAMINHAO PBT MINIMO 30000 KG (INCLUI MONTAGEM, NAO INCLUI CAMINHAO)	122333		real_295	38
GUINDAUTO HIDRAULICO, CAPACIDADE MAXIMA DE CARGA 3300 KG, MOMENTO MAXIMO DE CARGA 5,8 TM , ALCANCE MAXIMO HORIZONTAL 7,60 M, PARA MONTAGEM SOBRE CHASSI DE CAMINHAO PBT MINIMO 8000 KG (INCLUI MONTAGEM, NAO INCLUI CAMINHAO)	122334		real_295	38
GUINDAUTO HIDRAULICO, CAPACIDADE MAXIMA DE CARGA 6200 KG, MOMENTO MAXIMO DE CARGA 11,7 TM , ALCANCE MAXIMO HORIZONTAL 9,70 M, PARA MONTAGEM SOBRE CHASSI DE CAMINHAO PBT MINIMO 13000 KG (INCLUI MONTAGEM, NAO INCLUI CAMINHAO)	122335		real_295	38
GUINDAUTO HIDRAULICO, CAPACIDADE MAXIMA DE CARGA 8500 KG, MOMENTO MAXIMO DE CARGA 30,4 TM , ALCANCE MAXIMO HORIZONTAL 14,30 M, PARA MONTAGEM SOBRE CHASSI DE CAMINHAO PBT MINIMO 23000 KG (INCLUI MONTAGEM, NAO INCLUI CAMINHAO)	122336		real_295	38
"HASTE DE ACO GALVANIZADO PARA FIXACAO DE CONCERTINA 2 ""/3 M"	122338		real_295	94
"HASTE DE ATERRAMENTO EM ACO COM 3,00 M DE COMPRIMENTO E DN = 3/4"", REVESTIDA COM BAIXA CAMADA DE COBRE, SEM CONECTOR [SINAPI 3378]"	126901		real_295	23
"HASTE DE ATERRAMENTO EM ACO COM 3,00 M DE COMPRIMENTO E DN = 5/8"", REVESTIDA COM BAIXA CAMADA DE COBRE, COM CONECTOR TIPO GRAMPO [SINAPI 3380]"	126902		real_295	23
"HASTE DE ATERRAMENTO EM ACO COM 3,00 M DE COMPRIMENTO E DN = 5/8"", REVESTIDA COM BAIXA CAMADA DE COBRE, SEM CONECTOR [SINAPI 3379]"	126903		real_295	23
HASTE METALICA PARA FIXACAO DE CALHA PLUVIAL, ZINCADA, DOBRADA 90 GRAUS	122340		real_295	6
"HASTE RETA PARA GANCHO DE FERRO GALVANIZADO, COM ROSCA 1/4 "" X 30 CM PARA FIXACAO DE TELHA METALICA, INCLUI PORCA E ARRUELAS DE VEDACAO"	122341		real_295	-1
"HASTE RETA PARA GANCHO DE FERRO GALVANIZADO, COM ROSCA 1/4 "" X 40 CM PARA FIXACAO DE TELHA DE FIBROCIMENTO, INCLUI PORCA SEXTAVADA DE ZINCO"	122342		real_295	-1
HEXAMETAFOSFATO DE SODIO [SINAPI 10561]	127752		real_295	12
HIDROJATEADORA PARA DESOBSTRUCAO DE REDES E GALERIAS, TANQUE 7000 L, BOMBA TRIPLEX 120 KGF/CM2 128 L/MIN (INCLUI MONTAGEM, NAO INCLUI CAMINHAO)	122350		real_295	109
HIDROJATEADORA PARA DESOBSTRUCAO DE REDES E GALERIAS, TANQUE 7000 L, BOMBA TRIPLEX 140 KGF/CM2 260 L/MIN ALIMENTADA POR MOTOR INDEPENDENTE A DIESEL POTENCIA 125 CV (INCLUI MONTAGEM, NAO INCLUI CAMINHAO)	122351		real_295	109
"HIDROMETRO WOLTMANN, DN 2"", VAZAO MAXIMA DE 50 M3/H, PARA AGUA POTAVEL FRIA, RELOJOARIA PLANA, TURBINA HORIZONTAL, EQUIPADO COM TELIMETRIA (SEM CONEXOES)"	122359		real_295	29
"HIDROMETRO WOLTMANN, DN 3"", VAZAO MAXIMA DE 80 M3/H, PARA AGUA POTAVEL FRIA, RELOJOARIA PLANA, TURBINA HORIZONTAL, EQUIPADO COM TELIMETRIA (SEM CONEXOES)"	122360		real_295	29
IGNITOR PARA LAMPADA DE VAPOR DE SODIO / VAPOR METALICO ATE 2000 W, TENSAO DE PULSO ENTRE 600 A 750 V	122361		real_295	10
IGNITOR PARA LAMPADA DE VAPOR DE SODIO / VAPOR METALICO ATE 400 W, TENSAO DE PULSO ENTRE 3000 A 4500 V	122362		real_295	10
IGNITOR PARA LAMPADA DE VAPOR DE SODIO / VAPOR METALICO ATE 400 W, TENSAO DE PULSO ENTRE 580 A 750 V	122363		real_295	10
IMPERMEABILIZADOR	122364		real_295	0
IMPERMEABILIZANTE INCOLOR PARA TRATAMENTO DE FACHADAS E TELHAS, BASE SILICONE	122367		real_295	114
INSTALADOR DE TUBULACOES (TUBOS/EQUIPAMENTOS)	122369		real_295	-1
INVERSOR DE SOLDA MONOFASICO DE 160 A, POTENCIA DE 5400 W, TENSAO DE 220 V, TURBO VENTILADO, PROTECAO POR FUSIVEL TERMICO, PARA ELETRODOS DE 2,0 A 4,0 MM	122393		real_295	14
JANELA BASCULANTE EM ALUMINIO, 100 X 100 CM (A X L), ACABAMENTO ACET OU BRILHANTE, BATENTE/REQUADRO DE 3 A 14 CM, COM VIDRO, SEM GUARNICAO/ALIZAR [SINAPI 34379]	127753		real_295	22
JANELA BASCULANTE EM ALUMINIO, 100 X 80 CM (A X L), ACABAMENTO ACET OU BRILHANTE, BATENTE/REQUADRO DE 3 A 14 CM, COM VIDRO, SEM GUARNICAO/ALIZAR [SINAPI 34378]	127754		real_295	22
JANELA BASCULANTE EM ALUMINIO, 80 X 60 CM (A X L), ACABAMENTO ACET OU BRILHANTE, BATENTE/REQUADRO DE 3 A 14 CM, COM VIDRO, SEM GUARNICAO/ALIZAR	122400		real_295	22
JANELA BASCULANTE EM ALUMINIO, 80 X 60 CM (A X L), BATENTE/REQUADRO DE 3 A 14 CM, COM VIDRO, SEM GUARNICAO/ALIZAR [SINAPI 581]	127755		real_295	22
JANELA BASCULANTE, ACO, COM BATENTE/REQUADRO, 60 X 80 CM (SEM VIDROS) [SINAPI 615]	126904		real_295	22
JANELA DE ABRIR EM MADEIRA PINUS/EUCALIPTO/ TAUARI/ VIROLA OU EQUIVALENTE DA REGIAO, CAIXA DO BATENTE/MARCO *10* CM, 2 FOLHAS DE ABRIR TIPO VENEZIANA E 2 FOLHAS GUILHOTINA PARA VIDRO, COM FERRAGENS (SEM VIDRO,SEM GUARNICAO/ALIZAR E SEM ACABAMENTO)	122405		real_295	-1
JANELA DE CORRER EM ALUMINIO, 100 X 120 CM (A X L), 2 FLS, SEM BANDEIRA, ACABAMENTO ACET OU BRILHANTE, BATENTE/REQUADRO DE 6 A 14 CM, COM VIDRO, SEM GUARNICAO	122408		real_295	22
JANELA DE CORRER EM ALUMINIO, 100 X 150 CM (A X L), 2 FLS, SEM BANDEIRA, ACABAMENTO ACET OU BRILHANTE, BATENTE/REQUADRO DE 6 A 14 CM, COM VIDRO, SEM GUARNICAO/ALIZAR	122409		real_295	22
JANELA DE CORRER EM ALUMINIO, 100 X 150 CM (A X L), 4 FLS, SEM BANDEIRA, ACABAMENTO ACET OU BRILHANTE, BATENTE/REQUADRO DE 6 A 14 CM, COM VIDRO, SEM GUARNICAO/ALIZAR	122410		real_295	22
JANELA DE CORRER EM ALUMINIO, 100 X 150 CM (A X L), 4 FLS, SEM BANDEIRA, ACABAMENTO ACET OU BRILHANTE, BATENTE/REQUADRO DE 6 A 14 CM, COM VIDRO, SEM GUARNICAO/ALIZAR [SINAPI 36884]	127758		real_295	22
JANELA DE CORRER EM ALUMINIO, 100 X 150 CM (A X L), 4 FLS, SEM BANDEIRA, ACABAMENTO ACET OU BRILHANTE, COM VIDRO, COM GUARNICAO PARA 1 FACE [SINAPI 597]	127759		real_295	22
JANELA DE CORRER EM ALUMINIO, 100 X 200 CM, 4 FLS, BANDEIRA COM BASCULA, ACABAMENTO ACET OU BRILHANTE, BATENTE/REQUADRO DE 6 A 14 CM, COM VIDRO, SEM GUARNICAO/ALIZAR	122411		real_295	22
JANELA DE CORRER EM ALUMINIO, 120 X 120 CM (A X L), 2 FLS, SEM BANDEIRA, ACABAMENTO ACET OU BRILHANTE, BATENTE/REQUADRO DE 6 A 14 CM, COM VIDRO, SEM GUARNICAO/ALIZAR [SINAPI 34362]	127760		real_295	22
JANELA DE CORRER EM ALUMINIO, 120 X 150 CM (A X L), 2 FLS, SEM BANDEIRA, ACABAMENTO ACET OU BRILHANTE, BATENTE/REQUADRO DE 6 A 14 CM, COM VIDRO, SEM GUARNICAO/ALIZAR [SINAPI 34363]	127761		real_295	22
JANELA DE CORRER EM ALUMINIO, 120 X 150 CM (A X L), 4 FLS, BANDEIRA COM BASCULA, ACABAMENTO ACET OU BRILHANTE, BATENTE/REQUADRO DE 6 A 14 CM, COM VIDRO, SEM GUARNICAO/ALIZAR	122412		real_295	22
JANELA DE CORRER EM ALUMINIO, 120 X 200 CM (A X L), 4 FLS, BANDEIRA COM BASCULA, ACABAMENTO ACET OU BRILHANTE, BATENTE/REQUADRO DE 6 A 14 CM, COM VIDRO, SEM GUARNICAO/ALIZAR [SINAPI 34365]	127762		real_295	22
JANELA DE CORRER EM ALUMINIO, VENEZIANA, 120 X 120 CM (A X L), 3 FLS (2 VENEZIANAS E 1 VIDRO), SEM BANDEIRA, ACABAMENTO ACET OU BRILHANTE, BATENTE/REQUADRO DE 6 A 14 CM, COM VIDRO, SEM GUARNICAO/ALIZAR	122406		real_295	22
JANELA DE CORRER EM ALUMINIO, VENEZIANA, 120 X 150 CM (A X L), 3 FLS (2 VENEZIANAS E 1 VIDRO), SEM BANDEIRA, ACABAMENTO ACET OU BRILHANTE, BATENTE/REQUADRO DE 6 A 14 CM, COM VIDRO, SEM GUARNICAO/ALIZAR [SINAPI 34371]	127756		real_295	22
JANELA DE CORRER EM ALUMINIO, VENEZIANA, 120 X 150 CM (A X L), 6 FLS (4 VENEZIANAS E 2 VIDROS), SEM BANDEIRA, ACABAMENTO ACET OU BRILHANTE, BATENTE/REQUADRO DE 6 A 14 CM, COM VIDRO, SEM GUARNICAO/ALIZAR	122407		real_295	22
JANELA DE CORRER EM ALUMINIO, VENEZIANA, 120 X 200 CM (A X L), 6 FLS (4 VENEZIANAS E 2 VIDROS), SEM BANDEIRA, ACABAMENTO ACET OU BRILHANTE, BATENTE/REQUADRO DE 6 A 14 CM, COM VIDRO, SEM GUARNICAO/ALIZAR [SINAPI 34373]	127757		real_295	22
JANELA DE CORRER, ACO, BATENTE/REQUADRO DE 6 A 14 CM, QUADRICULADA, PINTURA ANTICORROSIVA, SEM VIDRO, BANDEIRA COM BASCULA, 4 FLS, 120 X 150 CM (A X L) [SINAPI 606]	126905		real_295	107
JANELA DE CORRER, ACO, BATENTE/REQUADRO DE 6 A 14 CM, VENEZIANA, PINT ANTICORROSIVA, PINT ACABAMENTO, COM VIDRO, 6 FLS, 120 X 150 CM (A X L) [SINAPI 11193]	127649		real_295	107
JANELA DE CORRER, ACO, COM BATENTE/REQUADRO DE 6 A 14 CM, SEM DIVISAO, PINT ANTICORROSIVA, PINT ACABAMENTO, COM VIDRO, SEM BANDEIRA, 2 FLS, 120 X 150 CM (A X L) [SINAPI 11197]	127650		real_295	107
JANELA FIXA EM ALUMINIO, 60 X 80 CM (A X L), BATENTE/REQUADRO DE 3 A 14 CM, COM VIDRO, SEM GUARNICAO/ALIZAR	122417		real_295	22
JANELA FIXA EM ALUMINIO, 60 X 80 CM (A X L), BATENTE/REQUADRO DE 3 A 14 CM, COM VIDRO, SEM GUARNICAO/ALIZAR [SINAPI 34380]	127763		real_295	22
JANELA INTEGRADA VENEZIANA EM ALUMINIO PERFIL 25, 120 X 120 CM (A X L), 2 FLS ( 2 VIDROS) E VENEZIANA COM ACIONAMENTO MANUAL, SEM BANDEIRA, ACABAMENTO BRILHANTE, BATENTE DE 11,50 A 12,50 CM, COM VIDRO, INCLUSO GUARNICAO [SINAPI 44053]	126775		real_295	22
JANELA MAXIM AR EM ALUMINIO, 80 X 60 CM (A X L), BATENTE/REQUADRO DE 4 A 14 CM, COM VIDRO, SEM GUARNICAO/ALIZAR	122418		real_295	22
JANELA MAXIM AR EM ALUMINIO, 80 X 60 CM (A X L), BATENTE/REQUADRO DE 4 A 14 CM, COM VIDRO, SEM GUARNICAO/ALIZAR [SINAPI 601]	127764		real_295	22
JANELA MAXIM AR EM MADEIRA CEDRINHO/ ANGELIM COMERCIAL/ CURUPIXA/ CUMARU OU EQUIVALENTE DA REGIAO, CAIXA DO BATENTE/MARCO *10* CM, 1 FOLHA PARA VIDRO, COM GUARNICAO/ALIZAR, COM FERRAGENS, (SEM VIDRO E SEM ACABAMENTO)	122419		real_295	-1
JANELA MAXIMO AR, ACO, BATENTE / REQUADRO DE 6 A 14 CM, PINT ANTICORROSIVA, SEM VIDRO, COM GRADE, 1 FL, 60 X 80 CM (A X L)	122420		real_295	107
JANELA VENEZIANA DE CORRER, EM ALUMINIO PERFIL 25, 100 X 120 CM (A X L), 3 FLS (2 VENEZIANAS E 1 VIDRO), SEM BANDEIRA, ACABAMENTO BRANCO OU BRILHANTE, BATENTE DE 8 A 9 CM, COM VIDRO, SEM GUARNICAO/ALIZAR [SINAPI 44054]	126776		real_295	22
JANELA VENEZIANA DE CORRER, EM ALUMINIO PERFIL 25, 100 X 150 CM (A X L), 6 FLS (4 VENEZIANAS E 2 VIDROS), SEM BANDEIRA, ACABAMENTO BRANCO OU BRILHANTE, BATENTE DE 8 A 9 CM, COM VIDRO, SEM GUARNICAO / ALIZAR [SINAPI 44399]	126777		real_295	22
JARDINEIRO	122421		real_295	0
JARDINEIRO HORISTA [SINAPI 44503]	126778		real_295	12
JOELHO 45 GRAUS, PPR, SOLDAVEL, F/ F, DN 40 MM, PARA AQUA QUENTE E FRIA PREDIAL	122510		real_295	15
JOELHO 45 GRAUS, PPR, SOLDAVEL, F/ F, DN 50 MM, PARA AQUA QUENTE E FRIA PREDIAL	122511		real_295	15
JOELHO 45 GRAUS, PPR, SOLDAVEL, F/ F, DN 63 MM, PARA AQUA QUENTE E FRIA PREDIAL	122512		real_295	15
JOELHO 45 GRAUS, PPR, SOLDAVEL, F/ F, DN 75 MM, PARA AQUA QUENTE E FRIA PREDIAL	122513		real_295	15
JOELHO 45 GRAUS, PPR, SOLDAVEL, F/ F, DN 90 MM, PARA AQUA QUENTE E FRIA PREDIAL	122514		real_295	15
JOELHO 90 GRAUS, METALICO, PARA CONEXAO COM ANEL DESLIZANTE EM TUBO PEX, DN 16 MM	122515		real_295	84
JOELHO 90 GRAUS, METALICO, PARA CONEXAO COM ANEL DESLIZANTE EM TUBO PEX, DN 20 MM	122516		real_295	84
JOELHO 90 GRAUS, METALICO, PARA CONEXAO COM ANEL DESLIZANTE EM TUBO PEX, DN 25 MM	122517		real_295	84
JOELHO 90 GRAUS, METALICO, PARA CONEXAO COM ANEL DESLIZANTE EM TUBO PEX, DN 32 MM	122518		real_295	84
JOELHO 90 GRAUS, PLASTICO, PARA CONEXAO COM CRIMPAGEM EM TUBO PEX, DN 16 MM	122519		real_295	18
JOELHO 90 GRAUS, PLASTICO, PARA CONEXAO COM CRIMPAGEM EM TUBO PEX, DN 20 MM	122520		real_295	18
JOELHO 90 GRAUS, PLASTICO, PARA CONEXAO COM CRIMPAGEM EM TUBO PEX, DN 25 MM	122521		real_295	18
JOELHO 90 GRAUS, PLASTICO, PARA CONEXAO COM CRIMPAGEM EM TUBO PEX, DN 32 MM	122522		real_295	18
"JOELHO 90 GRAUS, ROSCA FEMEA TERMINAL, METALICO, PARA CONEXAO COM ANEL DESLIZANTE EM TUBO PEX, DN 16 MM X 1/2"""	122523		real_295	84
"JOELHO 90 GRAUS, ROSCA FEMEA TERMINAL, METALICO, PARA CONEXAO COM ANEL DESLIZANTE EM TUBO PEX, DN 20 MM X 1/2"""	122524		real_295	84
"JOELHO 90 GRAUS, ROSCA FEMEA TERMINAL, METALICO, PARA CONEXAO COM ANEL DESLIZANTE EM TUBO PEX, DN 20 MM X 3/4"""	122525		real_295	84
"JOELHO 90 GRAUS, ROSCA FEMEA TERMINAL, METALICO, PARA CONEXAO COM ANEL DESLIZANTE EM TUBO PEX, DN 25 MM X 3/4"""	122526		real_295	84
"JOELHO 90 GRAUS, ROSCA FEMEA TERMINAL, PLASTICO, PARA CONEXAO COM CRIMPAGEM EM TUBO PEX, DN 16 MM X 1/2"""	122527		real_295	18
"JOELHO 90 GRAUS, ROSCA FEMEA TERMINAL, PLASTICO, PARA CONEXAO COM CRIMPAGEM EM TUBO PEX, DN 16 MM X 3/4"""	122528		real_295	18
"JOELHO 90 GRAUS, ROSCA FEMEA TERMINAL, PLASTICO, PARA CONEXAO COM CRIMPAGEM EM TUBO PEX, DN 20 MM X 1/2"""	122529		real_295	18
"JOELHO 90 GRAUS, ROSCA FEMEA TERMINAL, PLASTICO, PARA CONEXAO COM CRIMPAGEM EM TUBO PEX, DN 20 MM X 3/4"""	122530		real_295	18
"JOELHO 90 GRAUS, ROSCA FEMEA TERMINAL, PLASTICO, PARA CONEXAO COM CRIMPAGEM EM TUBO PEX, DN 25 MM X 1"""	122532		real_295	18
"JOELHO 90 GRAUS, ROSCA FEMEA TERMINAL, PLASTICO, PARA CONEXAO COM CRIMPAGEM EM TUBO PEX, DN 25 MM X 1/2"""	122531		real_295	18
"JOELHO 90 GRAUS, ROSCA FEMEA TERMINAL, PLASTICO, PARA CONEXAO COM CRIMPAGEM EM TUBO PEX, DN 25 MM X 3/4"""	122533		real_295	18
"JOELHO 90 GRAUS, ROSCA FEMEA TERMINAL, PLASTICO, PARA CONEXAO COM CRIMPAGEM EM TUBO PEX, DN 32 MM X 1"""	122534		real_295	18
"JOELHO 90 GRAUS, ROSCA MACHO TERMINAL, METALICO, PARA CONEXAO COM ANEL DESLIZANTE EM TUBO PEX, DN 16 MM X 1/2"""	122535		real_295	84
"JOELHO 90 GRAUS, ROSCA MACHO TERMINAL, METALICO, PARA CONEXAO COM ANEL DESLIZANTE EM TUBO PEX, DN 20 MM X 1/2"""	122536		real_295	84
"JOELHO 90 GRAUS, ROSCA MACHO TERMINAL, METALICO, PARA CONEXAO COM ANEL DESLIZANTE EM TUBO PEX, DN 20 MM X 3/4"""	122537		real_295	84
"JOELHO 90 GRAUS, ROSCA MACHO TERMINAL, METALICO, PARA CONEXAO COM ANEL DESLIZANTE EM TUBO PEX, DN 25 MM X 3/4"""	122538		real_295	84
"JOELHO 90 GRAUS, ROSCA MACHO TERMINAL, PLASTICO, PARA CONEXAO COM CRIMPAGEM EM TUBO PEX, DN 25 MM X 1"""	122540		real_295	18
"JOELHO 90 GRAUS, ROSCA MACHO TERMINAL, PLASTICO, PARA CONEXAO COM CRIMPAGEM EM TUBO PEX, DN 25 MM X 1/2"""	122539		real_295	18
"JOELHO 90 GRAUS, ROSCA MACHO TERMINAL, PLASTICO, PARA CONEXAO COM CRIMPAGEM EM TUBO PEX, DN 32 MM X 1"""	122541		real_295	18
JOELHO COM VISITA, PVC SERIE R, 90 GRAUS, 100 X 75 MM, PARA ESGOTO OU AGUAS PLUVIAIS PREDIAIS	122423		real_295	34
JOELHO CPVC, SOLDAVEL, 90 GRAUS, 114 MM, PARA AGUA QUENTE [SINAPI 44251]	129321		real_295	11
JOELHO DE REDUCAO, PVC SOLDAVEL, 90 GRAUS, 25 MM X 20 MM, PARA AGUA FRIA PREDIAL	122440		real_295	126
JOELHO DE REDUCAO, PVC SOLDAVEL, 90 GRAUS, 32 MM X 25 MM, PARA AGUA FRIA PREDIAL	122441		real_295	126
"JOELHO DE REDUCAO, PVC, ROSCAVEL COM BUCHA DE LATAO, 90 GRAUS, 3/4"" X 1/2"", PARA AGUA FRIA PREDIAL"	122442		real_295	64
"JOELHO DE REDUCAO, PVC, ROSCAVEL, 90 GRAUS, 1"" X 3/4"", PARA AGUA FRIA PREDIAL"	122443		real_295	64
"JOELHO DE REDUCAO, PVC, ROSCAVEL, 90 GRAUS, 3/4"" X 1/2"", PARA AGUA FRIA PREDIAL"	122444		real_295	64
JOELHO PPR 45 GRAUS, SOLDAVEL, DN 20 MM, PARA AGUA QUENTE PREDIAL	122448		real_295	15
JOELHO PPR 45 GRAUS, SOLDAVEL, DN 25 MM, PARA AGUA QUENTE PREDIAL	122449		real_295	15
JOELHO PPR, 45 GRAUS, SOLDAVEL, DN 32 MM, PARA AGUA QUENTE PREDIAL	122450		real_295	15
JOELHO PPR, 90 GRAUS, SOLDAVEL, DN 110 MM, PARA AGUA QUENTE PREDIAL	122451		real_295	15
JOELHO PPR, 90 GRAUS, SOLDAVEL, DN 20 MM, PARA AGUA QUENTE PREDIAL	122452		real_295	15
JOELHO PPR, 90 GRAUS, SOLDAVEL, DN 25 MM, PARA AGUA QUENTE PREDIAL	122453		real_295	15
JOELHO PPR, 90 GRAUS, SOLDAVEL, DN 32 MM, PARA AGUA QUENTE PREDIAL	122454		real_295	15
JOELHO PPR, 90 GRAUS, SOLDAVEL, DN 40 MM, PARA AGUA QUENTE PREDIAL	122455		real_295	15
JOELHO PPR, 90 GRAUS, SOLDAVEL, DN 50 MM, PARA AGUA QUENTE PREDIAL	122456		real_295	15
JOELHO PPR, 90 GRAUS, SOLDAVEL, DN 63 MM, PARA AGUA QUENTE PREDIAL	122457		real_295	15
JOELHO PPR, 90 GRAUS, SOLDAVEL, DN 75 MM, PARA AGUA QUENTE PREDIAL	122458		real_295	15
JOELHO PPR, 90 GRAUS, SOLDAVEL, DN 90 MM, PARA AGUA QUENTE PREDIAL	122459		real_295	15
JOELHO PVC LEVE, 45 GRAUS, DN 150 MM, PARA ESGOTO PREDIAL	122461		real_295	79
JOELHO PVC LEVE, 90 GRAUS, DN 150 MM, PARA ESGOTO PREDIAL	122462		real_295	79
"JOELHO PVC, 45 GRAUS, ROSCAVEL, 1 1/2"", AGUA FRIA PREDIAL"	122498		real_295	64
"JOELHO PVC, 45 GRAUS, ROSCAVEL, 1 1/4"", AGUA FRIA PREDIAL"	122499		real_295	64
"JOELHO PVC, 45 GRAUS, ROSCAVEL, 2"", AGUA FRIA PREDIAL"	122500		real_295	64
JOELHO PVC, 60 GRAUS, DIAMETRO ENTRE 80 E 100 MM, PARA DRENAGEM PLUVIAL PREDIAL	122501		real_295	52
JOELHO PVC, 90 GRAUS, DIAMETRO ENTRE 80 E 100 MM, PARA DRENAGEM PLUVIAL PREDIAL	122502		real_295	52
"JOELHO PVC, 90 GRAUS, ROSCAVEL, 1 1/2"", AGUA FRIA PREDIAL"	122503		real_295	64
"JOELHO PVC, 90 GRAUS, ROSCAVEL, 1 1/4"", AGUA FRIA PREDIAL"	122504		real_295	64
"JOELHO PVC, 90 GRAUS, ROSCAVEL, 2"", AGUA FRIA PREDIAL"	122505		real_295	64
"JOELHO PVC, ROSCAVEL, 45 GRAUS, 1"", PARA AGUA FRIA PREDIAL"	122469		real_295	64
"JOELHO PVC, ROSCAVEL, 45 GRAUS, 1/2"", PARA AGUA FRIA PREDIAL"	122468		real_295	64
"JOELHO PVC, ROSCAVEL, 45 GRAUS, 3/4"", PARA AGUA FRIA PREDIAL"	122470		real_295	64
"JOELHO PVC, ROSCAVEL, 90 GRAUS, 1"", PARA AGUA FRIA PREDIAL"	122472		real_295	64
"JOELHO PVC, ROSCAVEL, 90 GRAUS, 1/2"", PARA AGUA FRIA PREDIAL"	122471		real_295	64
"JOELHO PVC, ROSCAVEL, 90 GRAUS, 3/4"", PARA AGUA FRIA PREDIAL"	122473		real_295	64
"JOELHO PVC, SOLDAVEL COM ROSCA, 90 GRAUS, 20 MM X 1/2"", PARA AGUA FRIA PREDIAL"	122463		real_295	-1
"JOELHO PVC, SOLDAVEL COM ROSCA, 90 GRAUS, 25 MM X 1/2"", PARA AGUA FRIA PREDIAL"	122464		real_295	-1
"JOELHO PVC, SOLDAVEL COM ROSCA, 90 GRAUS, 25 MM X 3/4"", PARA AGUA FRIA PREDIAL"	122465		real_295	-1
"JOELHO PVC, SOLDAVEL COM ROSCA, 90 GRAUS, 32 MM X 3/4"", PARA AGUA FRIA PREDIAL"	122466		real_295	-1
JOELHO PVC, SOLDAVEL, 90 GRAUS, 110 MM, PARA AGUA FRIA PREDIAL	122490		real_295	52
JOELHO PVC, SOLDAVEL, 90 GRAUS, 20 MM, PARA AGUA FRIA PREDIAL	122491		real_295	52
JOELHO PVC, SOLDAVEL, 90 GRAUS, 25 MM, PARA AGUA FRIA PREDIAL	122492		real_295	52
JOELHO PVC, SOLDAVEL, 90 GRAUS, 32 MM, PARA AGUA FRIA PREDIAL	122493		real_295	52
JOELHO PVC, SOLDAVEL, 90 GRAUS, 40 MM, PARA AGUA FRIA PREDIAL	122494		real_295	52
JOELHO PVC, SOLDAVEL, 90 GRAUS, 50 MM, PARA AGUA FRIA PREDIAL	122495		real_295	52
JOELHO PVC, SOLDAVEL, 90 GRAUS, 60 MM, PARA AGUA FRIA PREDIAL	122496		real_295	52
JOELHO PVC, SOLDAVEL, 90 GRAUS, 85 MM, PARA AGUA FRIA PREDIAL	122497		real_295	52
JOELHO PVC, SOLDAVEL, BB, 90 GRAUS, DN 40 MM, PARA ESGOTO PREDIAL	122475		real_295	79
"JOELHO ROSCA FEMEA MOVEL, METALICO, PARA CONEXAO COM ANEL DESLIZANTE EM TUBO PEX, DN 16 MM X 1/2"""	122506		real_295	127
"JOELHO ROSCA FEMEA MOVEL, METALICO, PARA CONEXAO COM ANEL DESLIZANTE EM TUBO PEX, DN 20 MM X 1/2"""	122507		real_295	127
"JOELHO ROSCA FEMEA MOVEL, METALICO, PARA CONEXAO COM ANEL DESLIZANTE EM TUBO PEX, DN 20 MM X 3/4"""	122508		real_295	127
"JOELHO ROSCA FEMEA MOVEL, METALICO, PARA CONEXAO COM ANEL DESLIZANTE EM TUBO PEX, DN 25 MM X 3/4"""	122509		real_295	127
"JOELHO, PVC COM ROSCA E BUCHA LATAO, 90 GRAUS, 3/4"", PARA AGUA FRIA PREDIAL"	122542		real_295	64
JOELHO, PVC SERIE R, 45 GRAUS, DN 100 MM, PARA ESGOTO OU AGUAS PLUVIAIS PREDIAIS	122543		real_295	34
JOELHO, PVC SERIE R, 45 GRAUS, DN 150 MM, PARA ESGOTO OU AGUAS PLUVIAIS PREDIAIS	122544		real_295	34
JOELHO, PVC SERIE R, 45 GRAUS, DN 40 MM, PARA ESGOTO OU AGUAS PLUVIAIS PREDIAIS	122545		real_295	34
JOELHO, PVC SERIE R, 45 GRAUS, DN 50 MM, PARA ESGOTO OU AGUAS PLUVIAIS PREDIAIS	122546		real_295	34
JOELHO, PVC SERIE R, 45 GRAUS, DN 75 MM, PARA ESGOTO OU AGUAS PLUVIAIS PREDIAIS	122547		real_295	34
JOELHO, PVC SERIE R, 90 GRAUS, DN 100 MM, PARA ESGOTO OU AGUAS PLUVIAIS PREDIAIS	122548		real_295	34
JOELHO, PVC SERIE R, 90 GRAUS, DN 150 MM, PARA ESGOTO OU AGUAS PLUVIAIS PREDIAIS	122549		real_295	34
JOELHO, PVC SERIE R, 90 GRAUS, DN 40 MM, PARA ESGOTO OU AGUAS PLUVIAIS PREDIAIS	122550		real_295	34
JOELHO, PVC SERIE R, 90 GRAUS, DN 50 MM, PARA ESGOTO OU AGUAS PLUVIAIS PREDIAIS	122551		real_295	34
JOELHO, PVC SERIE R, 90 GRAUS, DN 75 MM, PARA ESGOTO OU AGUAS PLUVIAIS PREDIAIS	122552		real_295	34
JOELHO, PVC SOLDAVEL, 45 GRAUS, 110 MM, PARA AGUA FRIA PREDIAL	122553		real_295	52
JOELHO, PVC SOLDAVEL, 45 GRAUS, 20 MM, PARA AGUA FRIA PREDIAL	122554		real_295	52
JOELHO, PVC SOLDAVEL, 45 GRAUS, 25 MM, PARA AGUA FRIA PREDIAL	122555		real_295	52
JOELHO, PVC SOLDAVEL, 45 GRAUS, 32 MM, PARA AGUA FRIA PREDIAL	122556		real_295	52
JOELHO, PVC SOLDAVEL, 45 GRAUS, 40 MM, PARA AGUA FRIA PREDIAL	122557		real_295	52
JOELHO, PVC SOLDAVEL, 45 GRAUS, 50 MM, PARA AGUA FRIA PREDIAL	122558		real_295	52
JOELHO, PVC SOLDAVEL, 45 GRAUS, 60 MM, PARA AGUA FRIA PREDIAL	122559		real_295	52
JOELHO, PVC SOLDAVEL, 45 GRAUS, 75 MM, PARA AGUA FRIA PREDIAL	122560		real_295	52
JOELHO, PVC SOLDAVEL, 45 GRAUS, 85 MM, PARA AGUA FRIA PREDIAL	122561		real_295	52
JOELHO, PVC SOLDAVEL, 90 GRAUS, 75 MM, PARA AGUA FRIA PREDIAL	122562		real_295	52
"JOELHO, ROSCA FEMEA, COM BASE FIXA, METALICO, PARA CONEXAO COM ANEL DESLIZANTE EM TUBO PEX, DN 16 MM X 1/2"""	122563		real_295	127
"JOELHO, ROSCA FEMEA, COM BASE FIXA, METALICO, PARA CONEXAO COM ANEL DESLIZANTE EM TUBO PEX, DN 20 MM X 1/2"""	122564		real_295	127
"JOELHO, ROSCA FEMEA, COM BASE FIXA, METALICO, PARA CONEXAO COM ANEL DESLIZANTE EM TUBO PEX, DN 25 MM X 3/4"""	122565		real_295	127
"JOELHO, ROSCA FEMEA, COM BASE FIXA, PLASTICO, PARA CONEXAO COM CRIMPAGEM EM TUBO PEX, DN 25 MM X 1/2"""	122566		real_295	18
"JOELHO, ROSCA FEMEA, COM BASE FIXA, PLASTICO, PARA CONEXAO POR CRIMPAGEM EM TUBO PEX, DN 16 MM X 3/4"""	122567		real_295	18
"JOELHO, ROSCA FEMEA, COM BASE FIXA, PLASTICO, PARA CONEXAO POR CRIMPAGEM EM TUBO PEX, DN 20 MM X 3/4"""	122568		real_295	18
JUNCAO DE REDUCAO SIMPLES, COM BOLSA PARA ANEL, PVC LEVE, 150 X 100 MM, PARA ESGOTO PREDIAL	122574		real_295	36
JUNCAO DUPLA, PVC SERIE R, DN 100 X 100 X 100 MM, PARA ESGOTO OU AGUAS PLUVIAIS PREDIAIS	122575		real_295	36
JUNCAO DUPLA, PVC SOLDAVEL, DN 100 X 100 X 100 MM , SERIE NORMAL PARA ESGOTO PREDIAL	122576		real_295	36
JUNCAO DUPLA, PVC SOLDAVEL, DN 75 X 75 X 75 MM , SERIE NORMAL PARA ESGOTO PREDIAL	122577		real_295	36
"JUNCAO PVC ROSCAVEL, 45 GRAUS, 1/2"", PARA AGUA FRIA PREDIAL"	122579		real_295	64
"JUNCAO PVC ROSCAVEL, 45 GRAUS, 3/4"", PARA AGUA FRIA PREDIAL"	122580		real_295	64
"JUNCAO PVC, 45 GRAUS, ROSCAVEL, 1 1/4"", AGUA FRIA PREDIAL"	122581		real_295	64
JUNCAO PVC, 60 GRAUS, CIRCULAR, DIAMETRO ENTRE 80 E 100 MM, PARA DRENAGEM PLUVIAL PREDIAL	122582		real_295	52
JUNCAO SIMPLES, PVC LEVE, 150 MM, PARA ESGOTO PREDIAL	122583		real_295	36
JUNCAO SIMPLES, PVC SERIE R, DN 100 X 100 MM, PARA ESGOTO OU AGUAS PLUVIAIS PREDIAIS	122584		real_295	36
JUNCAO SIMPLES, PVC SERIE R, DN 100 X 75 MM, PARA ESGOTO OU AGUAS PLUVIAIS PREDIAIS	122585		real_295	36
JUNCAO SIMPLES, PVC SERIE R, DN 150 X 100 MM, PARA ESGOTO OU AGUAS PLUVIAIS PREDIAIS	122586		real_295	36
JUNCAO SIMPLES, PVC SERIE R, DN 150 X 150 MM, PARA ESGOTO OU AGUAS PLUVIAIS PREDIAIS	122587		real_295	36
JUNCAO SIMPLES, PVC SERIE R, DN 40 X 40 MM, PARA ESGOTO OU AGUAS PLUVIAIS PREDIAIS	122588		real_295	36
JUNCAO SIMPLES, PVC SERIE R, DN 50 X 50 MM, PARA ESGOTO OU AGUAS PLUVIAIS PREDIAIS	122589		real_295	36
JUNCAO SIMPLES, PVC SERIE R, DN 75 X 75 MM, PARA ESGOTO OU AGUAS PLUVIAIS PREDIAIS	122590		real_295	36
JUNCAO SIMPLES, PVC, DN 100 X 50 MM, SERIE NORMAL PARA ESGOTO PREDIAL	122591		real_295	36
JUNCAO SIMPLES, PVC, DN 100 X 75 MM, SERIE NORMAL PARA ESGOTO PREDIAL	122592		real_295	36
JUNCAO SIMPLES, PVC, DN 50 X 50 MM, SERIE NORMAL PARA ESGOTO PREDIAL	122593		real_295	36
JUNCAO SIMPLES, PVC, DN 75 X 50 MM, SERIE NORMAL PARA ESGOTO PREDIAL	122594		real_295	36
JUNCAO SIMPLES, PVC, DN 75 X 75 MM, SERIE NORMAL PARA ESGOTO PREDIAL	122595		real_295	36
JUNCAO, PVC, 45 GRAUS, JE, BBB, DN 100 MM, PARA REDE COLETORA DE ESGOTO (NBR 10569)	122599		real_295	5
JUNCAO, PVC, 45 GRAUS, JE, BBB, DN 150 MM, PARA REDE COLETORA DE ESGOTO (NBR 10569)	122600		real_295	5
JUNCAO, PVC, 45 GRAUS, JE, BBB, DN 150 MM, PARA TUBO CORRUGADO E/OU LISO, REDE COLETORA DE ESGOTO (NBR 10569)	122601		real_295	5
JUNCAO, PVC, 45 GRAUS, JE, BBB, DN 200 MM, PARA TUBO CORRUGADO E/OU LISO, REDE COLETORA DE ESGOTO (NBR 10569)	122602		real_295	5
JUNCAO, PVC, 45 GRAUS, JE, BBB, DN 250 MM, PARA TUBO CORRUGADO E/OU LISO, REDE COLETORA DE ESGOTO (NBR 10569)	122603		real_295	5
JUNTA DE EXPANSAO BRONZE/LATAO (REF 900), PONTA X PONTA, 35 MM	122604		real_295	89
JUNTA DE EXPANSAO BRONZE/LATAO (REF 900), PONTA X PONTA, 42 MM	122605		real_295	89
JUNTA DE EXPANSAO BRONZE/LATAO (REF 900), PONTA X PONTA, 54 MM	122606		real_295	89
JUNTA DE EXPANSAO BRONZE/LATAO (REF 900), PONTA X PONTA, 66 MM	122607		real_295	89
JUNTA DE EXPANSAO DE COBRE (REF 900), PONTA X PONTA, 15 MM	122608		real_295	89
JUNTA DE EXPANSAO DE COBRE (REF 900), PONTA X PONTA, 22 MM	122609		real_295	89
JUNTA DE EXPANSAO DE COBRE (REF 900), PONTA X PONTA, 28 MM	122610		real_295	89
KIT CHASSI COZINHA, CUBA SIMPLES SEM MAQUINA LAVAR LOUCA PARA INSTALACAO PEX, QUADRO METALICO COM TRAVESSA COM FURO PARA ESGOTO DN 50 MM E FUROS SUPERIORES PARA AGUA, LARGURA *340* MM X ALTURA *650* MM, PARA CONEXAO COM ANEL DESLIZANTE (INCLUI TUBOS E CONEXOES PEX E TUBO E CONEXAO ESGOTO, NAO INCLUI CARENAGEM)	122620		real_295	8
KIT CHASSI COZINHA, CUBA SIMPLES SEM MAQUINA LAVAR LOUCA PARA INSTALACAO PEX, QUADRO METALICO COM TRAVESSA COM FURO PARA ESGOTO DN 50 MM E FUROS SUPERIORES PARA AGUA, LARGURA *340* MM X ALTURA *650* MM, PARA CONEXAO COM CRIMPAGEM (INCLUI TUBOS E CONEXOESPEX E TUBO E CONEXAO ESGOTO, NAO INCLUI CARENAGEM)	122621		real_295	8
KIT CHASSI TANQUE COM MAQUINA LAVAR ROUPA PARA INSTALACAO PEX, QUADRO METALICO COM TRAVESSA COM FURO PARA ESGOTO DN 50 MM, FURO LATERAL PARA MAQUINA E FUROS SUPERIORES PARA AGUA, LARGURA *344* MM X ALTURA *442* MM, PARA CONEXAO COM ANEL DESLIZANTE (INCLUI TUBOS E CONEXOES PEX E TUBO E CONEXAO ESGOTO, NAO INCLUI CARENAGEM)	122623		real_295	8
KIT CHASSI TANQUE COM MAQUINA LAVAR ROUPA PARA INSTALACAO PEX, QUADRO METALICO COM TRAVESSA COM FURO PARA ESGOTO DN 50 MM, FURO LATERAL PARA MAQUINA E FUROS SUPERIORES PARA AGUA, LARGURA *344* MM X ALTURA *442* MM, PARA CONEXAO COM CRIMPAGEM (INCLUI TUBOS E CONEXOES PEX E TUBO E CONEXAO ESGOTO, NAO INCLUI CARENAGEM)	122622		real_295	8
"KIT CHUVEIRO PARA INSTALACAO PEX, QUADRO METALICO COM 2 TRAVESSAS, SUPERIOR COM ESPERA PARA CHUVEIRO E INFERIOR COM 2 REGISTROS DE PRESSAO DE 1/2 "", LARGURA DE *390* MM X ALTURA DE *900* MM, PARA CONEXAO COM ANEL DESLIZANTE (INCLUI REGISTROS PRESSAO E TUBOS PEX COM CONEXOES, SEM REGISTRO GAVETA, NAO INCLUI CARENAGEM)"	122624		real_295	8
"KIT CHUVEIRO PARA INSTALACAO PEX, QUADRO METALICO COM 2 TRAVESSAS, SUPERIOR COM ESPERA PARA CHUVEIRO E INFERIOR COM 2 REGISTROS DE PRESSAO DE 1/2 "", LARGURA DE *390* MM X ALTURA DE *900* MM, PARA CONEXAO COM CRIMPAGEM (INCLUI REGISTROS PRESSAO E TUBOS PEX COM CONEXOES, SEM REGISTRO GAVETA, NAO INCLUI CARENAGEM)"	122625		real_295	8
KIT PORTA PRONTA DE MADEIRA, FOLHA LEVE (NBR 15930) DE 70 X 210 CM, E = *35* MM, COM MARCO EM ACO, NUCLEO COLMEIA, CAPA LISA EM HDF, ACABAMENTO MELAMINICO BRANCO (INCLUI MARCO, ALIZARES, DOBRADICAS E FECHADURA) [SINAPI 39483]	127765		real_295	61
KIT PORTA PRONTA DE MADEIRA, FOLHA LEVE (NBR 15930) DE 70 X 210 CM, E = 35 MM, NUCLEO COLMEIA, ESTRUTURA USINADA PARA FECHADURA, CAPA LISA EM HDF, ACABAMENTO EM PRIMER PARA PINTURA (INCLUI MARCO, ALIZARES E DOBRADICAS) [SINAPI 39487]	127766		real_295	61
KIT PORTA PRONTA DE MADEIRA, FOLHA MEDIA (NBR 15930) DE 70 X 210 CM, E = 35 MM, NUCLEO SARRAFEADO, ESTRUTURA USINADA PARA FECHADURA, CAPA LISA EM HDF, ACABAMENTO MELAMINICO BRANCO (INCLUI MARCO, ALIZARES E DOBRADICAS) [SINAPI 39491]	127767		real_295	41
KIT PORTA PRONTA DE MADEIRA, FOLHA PESADA (NBR 15930) DE 800 X 2100 MM, DE 40 MM A 45 MM DE ESPESSURA , NUCLEO SOLIDO, ESTRUTURA USINADA PARA FECHADURA, CAPA LISA EM HDF, ACABAMENTO EM LAMINADO NATURAL COM VERNIZ (INCLUI MARCO, ALIZARES E DOBRADICAS)	122643		real_295	61
KIT PORTA PRONTA DE MADEIRA, FOLHA PESADA (NBR 15930) DE 900 X 2100 MM, DE 40 MM A 45 MM DE ESPESSURA , NUCLEO SOLIDO, ESTRUTURA USINADA PARA FECHADURA, CAPA LISA EM HDF, ACABAMENTO EM LAMINADO NATURAL COM VERNIZ (INCLUI MARCO, ALIZARES E DOBRADICAS)	122646		real_295	61
LADRILHO HIDRAULICO, *20 X 20* CM, E= 2 CM, DADOS, COR NATURAL	122649		real_295	2
LADRILHO HIDRAULICO, *20 X 20* CM, E= 2 CM, RAMPA, NATURAL	122650		real_295	2
LADRILHO HIDRAULICO, *20 X 20* CM, E= 2 CM, TATIL ALERTA OU DIRECIONAL, AMARELO	122651		real_295	2
LADRILHO HIDRAULICO, *30 X 30* CM, E= 2 CM, MILANO, NATURAL	122652		real_295	2
LAJE PRE-MOLDADA CONVENCIONAL (LAJOTAS + VIGOTAS) PARA FORRO, UNIDIRECIONAL, SOBRECARGA 100 KG/M2, VAO ATE 5,00 M (SEM COLOCACAO)	122655		real_295	98
LAJE PRE-MOLDADA CONVENCIONAL (LAJOTAS + VIGOTAS) PARA FORRO, UNIDIRECIONAL, SOBRECARGA DE 100 KG/M2, VAO ATE 4,00 M (SEM COLOCACAO)	122653		real_295	98
LAJE PRE-MOLDADA CONVENCIONAL (LAJOTAS + VIGOTAS) PARA FORRO, UNIDIRECIONAL, SOBRECARGA DE 100 KG/M2, VAO ATE 4,50 M (SEM COLOCACAO)	122654		real_295	98
LAJE PRE-MOLDADA CONVENCIONAL (LAJOTAS + VIGOTAS) PARA PISO, UNIDIRECIONAL, SOBRECARGA 350 KG/M2 VAO ATE 3,50 M (SEM COLOCACAO)	122661		real_295	98
LAJE PRE-MOLDADA CONVENCIONAL (LAJOTAS + VIGOTAS) PARA PISO, UNIDIRECIONAL, SOBRECARGA DE 200 KG/M2, VAO ATE 3,50 M (SEM COLOCACAO)	122656		real_295	98
LAJE PRE-MOLDADA CONVENCIONAL (LAJOTAS + VIGOTAS) PARA PISO, UNIDIRECIONAL, SOBRECARGA DE 200 KG/M2, VAO ATE 4,50 M (SEM COLOCACAO)	122657		real_295	98
LAJE PRE-MOLDADA CONVENCIONAL (LAJOTAS + VIGOTAS) PARA PISO, UNIDIRECIONAL, SOBRECARGA DE 200 KG/M2, VAO ATE 5,00 M (SEM COLOCACAO)	122658		real_295	98
LAJE PRE-MOLDADA CONVENCIONAL (LAJOTAS + VIGOTAS) PARA PISO, UNIDIRECIONAL, SOBRECARGA DE 350 KG/M2, VAO ATE 4,50 M (SEM COLOCACAO)	122659		real_295	98
LAJE PRE-MOLDADA CONVENCIONAL (LAJOTAS + VIGOTAS) PARA PISO, UNIDIRECIONAL, SOBRECARGA DE 350 KG/M2, VAO ATE 5,00 M (SEM COLOCACAO)	122660		real_295	98
LAJE PRE-MOLDADA DE TRANSICAO EXCENTRICA EM CONCRETO ARMADO, DN 1200 MM, FURO CIRCULAR DN 600 MM, ESPESSURA 12 CM	122662		real_295	100
LAJE PRE-MOLDADA DE TRANSICAO EXCENTRICA EM CONCRETO ARMADO, DN 1500 MM, FURO CIRCULAR DN 530 MM, ESPESSURA 15 CM	122663		real_295	100
LAJE PRE-MOLDADA TRELICADA (LAJOTAS + VIGOTAS) PARA PISO, UNIDIRECIONAL, SOBRECARGA DE 200 KG/M2, VAO ATE 6,00 M (SEM COLOCACAO)	122665		real_295	98
LAMBRI EM ALUMINIO, DE APROXIMADAMENTE 0,6 KG/M, COM APROXIMADAMENTE 168,0 MM DE LARGURA, 6,0 MM DE ALTURA E 6,0 M DE EXTENSAO	122666		real_295	-1
LAMPADA DE LUZ MISTA 160 W, BASE E27 (220 V)	122667		real_295	16
LAMPADA DE LUZ MISTA 250 W, BASE E27 (220 V)	122668		real_295	16
LAMPADA DE LUZ MISTA 500 W, BASE E40 (220 V)	122669		real_295	16
LAMPADA FLUORESCENTE COMPACTA 2U BRANCA 15 W, BASE E27 (127/220 V)	122671		real_295	16
LAMPADA FLUORESCENTE COMPACTA 2U/3U BRANCA 9/10 W, BASE E27 (127/220 V)	122672		real_295	16
LAMPADA FLUORESCENTE COMPACTA 3U BRANCA 20 W, BASE E27 (127/220 V)	122673		real_295	16
LAMPADA FLUORESCENTE COMPACTA BRANCA 135 W, BASE E40 (127/220 V)	122670		real_295	16
LAMPADA FLUORESCENTE ESPIRAL BRANCA 45 W, BASE E27 (127/220 V)	122674		real_295	16
LAMPADA FLUORESCENTE ESPIRAL BRANCA 65 W, BASE E27 (127/220 V)	122675		real_295	16
LAMPADA FLUORESCENTE TUBULAR T10, DE 20 OU 40 W, BIVOLT	122676		real_295	16
LAMPADA FLUORESCENTE TUBULAR T5 DE 14 W, BIVOLT	122677		real_295	16
LAMPADA FLUORESCENTE TUBULAR T8 DE 16/18 W, BIVOLT	122678		real_295	16
LAMPADA FLUORESCENTE TUBULAR T8 DE 32/36 W, BIVOLT	122679		real_295	16
LAMPADA VAPOR DE SODIO OVOIDE 150 W (BASE E40)	122685		real_295	16
LAMPADA VAPOR DE SODIO OVOIDE 250 W (BASE E40)	122686		real_295	16
LAMPADA VAPOR DE SODIO OVOIDE 400 W (BASE E40)	122687		real_295	16
LAMPADA VAPOR MERCURIO 125 W (BASE E27)	122688		real_295	16
LAMPADA VAPOR MERCURIO 250 W (BASE E40)	122689		real_295	16
LAMPADA VAPOR MERCURIO 400 W (BASE E40)	122690		real_295	16
LAMPADA VAPOR METALICO OVOIDE 150 W, BASE E27/E40	122691		real_295	16
LAMPADA VAPOR METALICO TUBULAR 400 W (BASE E40)	122692		real_295	16
LEITURISTA OU CADASTRISTA DE REDES DE AGUA E ESGOTO	122705		real_295	-1
LEITURISTA OU CADASTRISTA DE REDES DE AGUA E ESGOTO (MENSALISTA)	122706		real_295	0
LIMPA VIDROS COM PULVERIZADOR [SINAPI 44331]	126779		real_295	12
LIMPADORA DE SUCCAO TANQUE 7000 L, BOMBA 12 M3/MIN 95% VACUO (INCLUI MONTAGEM, NAO INCLUI CAMINHAO)	122710		real_295	109
LIMPADORA DE SUCCAO, TANQUE 11000 L, BOMBA 340 M3/MIN (INCLUI MONTAGEM, NAO INCLUI CAMINHAO)	122711		real_295	109
LIMPADORA DE SUCCAO, TANQUE 5500 L, BOMBA 60M3/MIN, VACUO 500 MBAR (INCLUI MONTAGEM, NAO INCLUI CAMINHAO)	122712		real_295	109
LINHA DE PEDREIRO LISA 100 M	122713		real_295	-1
LIQUIDO PARA BRILHO PAREDES INTERNAS [SINAPI 6091]	127768		real_295	12
LIXA D'AGUA EM FOLHA, GRAO 100	122714		real_295	-1
LIXA EM FOLHA PARA PAREDE OU MADEIRA, NUMERO 120 (COR VERMELHA)	122716		real_295	-1
LIXADEIRA ELETRICA ANGULAR PARA CONCRETO, POTENCIA 1.400 W, PRATO DIAMANTADO DE 5''	122717		real_295	-1
"LIXADEIRA ELETRICA ANGULAR, PARA DISCO DE 7 "" (180 MM), POTENCIA DE 2.200 W, *5.000* RPM, 220 V"	122718		real_295	-1
LOCACAO DE ANDAIME METALICO TIPO FACHADEIRO, LARGURA DE 1,20 M, ALTURA POR PECA DE 2,0 M, INCLUINDO SAPATAS E ITENS NECESSARIOS A INSTALACAO	122720		real_295	-1
LOCACAO DE ANDAIME METALICO TUBULAR DE ENCAIXE, TIPO DE TORRE, COM LARGURA DE 1 ATE 1,5 M E ALTURA DE *1,00* M (INCLUSO SAPATAS FIXAS OU RODIZIOS)	122721		real_295	-1
LOCACAO DE BOMBA MANUAL PARA TESTE HIDROSTATICO ATE 30 BAR	122725		real_295	-1
LOCACAO DE BOMBA MANUAL PARA TESTE HIDROSTATICO ATE 60 BAR	122726		real_295	-1
"LOCACAO DE BOMBA SUBMERSIVEL PARA DRENAGEM E ESGOTAMENTO, MOTOR ELETRICO TRIFASICO, POTENCIA DE 1 CV, DIAMETRO DE RECALQUE DE 2"". FAIXA DE OPERACAO: Q=25 M3/H (+ OU - 1 M3/H) E AMT=2 M; Q=12 M3/H (+ OU - 2 M3/H) E AMT = 12 M (+ OU - 2 M)"	122727		real_295	72
"LOCACAO DE BOMBA SUBMERSIVEL PARA DRENAGEM E ESGOTAMENTO, MOTOR ELETRICO TRIFASICO, POTENCIA DE 2 CV, DIAMETRO DE RECALQUE DE 2"". FAIXA DE OPERACAO: Q=35 M3/H (+ OU - 3 M3/H) E AMT=2 M; Q=13 M3/H (+ OU - 3 M3/H) E AMT = 17 M (+ OU - 3 M)"	122728		real_295	72
"LOCACAO DE BOMBA SUBMERSIVEL PARA DRENAGEM E ESGOTAMENTO, MOTOR ELETRICO TRIFASICO, POTENCIA DE 2 CV, DIAMETRO DE RECALQUE DE 3"". FAIXA DE OPERACAO: Q=70 M3/H (+ OU - 2 M3/H) E AMT=2 M; Q=9,5 M3/H (+ OU - 3,5 M3/H) E AMT = 10 M (+ OU - 2 M)"	122729		real_295	72
"LOCACAO DE BOMBA SUBMERSIVEL PARA DRENAGEM E ESGOTAMENTO, MOTOR ELETRICO TRIFASICO, POTENCIA DE 3 CV, DIAMETRO DE RECALQUE DE 2"". FAIXA DE OPERACAO: Q=84 M3/H (+ OU - 2,5 M3/H) E AMT=2 M; Q=9,1 M3/H (+ OU - 2 M3/H) E AMT = 12 M (+ OU - 2 M)"	122730		real_295	72
"LOCACAO DE BOMBA SUBMERSIVEL PARA DRENAGEM E ESGOTAMENTO, MOTOR ELETRICO TRIFASICO, POTENCIA DE 4 CV, DIAMETRO DE RECALQUE DE 3"". FAIXA DE OPERACAO: Q=60 M3/H (+ OU - 1 M3/H) E AMT=2 M; Q=11 M3/H (+ OU - 1 M3/H) E AMT = 23 M (+ OU - 1 M)"	122731		real_295	72
LOCACAO DE CONTAINER 2,30 X 4,30 M, ALT. 2,50 M, P/ SANITARIO, C/ 5 BACIAS, 1 LAVATORIO E 4 MICTORIOS	122734		real_295	-1
LOCACAO DE CONTAINER 2,30 X 4,30 M, ALT. 2,50 M, PARA SANITARIO, COM 3 BACIAS, 4 CHUVEIROS, 1 LAVATORIO E 1 MICTORIO	122735		real_295	-1
LOCACAO DE CONTAINER 2,30 X 6,00 M, ALT. 2,50 M, COM 1 SANITARIO, PARA ESCRITORIO, COMPLETO, SEM DIVISORIAS INTERNAS	122732		real_295	14
LOCACAO DE CONTAINER 2,30 X 6,00 M, ALT. 2,50 M, PARA ESCRITORIO, SEM DIVISORIAS INTERNAS E SEM SANITARIO	122733		real_295	14
LOCACAO DE CONTAINER 2,30 X 6,00 M, ALT. 2,50 M, PARA SANITARIO, COM 4 BACIAS, 8 CHUVEIROS,1 LAVATORIO E 1 MICTORIO	122736		real_295	-1
LOCACAO DE CRUZETA PARA ESCORA METALICA	122737		real_295	12
LOCACAO DE ELEVADOR DE CARGA A CABO, CABINE SEMI FECHADA *2,0* X *1,5* X *2,0* M, CAPACIDADE DE CARGA 1000 KG, TORRE *2,38* X *2,21* X 15 M, GUINCHO DE EMBREAGEM, FREIO DE SEGURANCA, LIMITADOR DE VELOCIDADE E CANCELA [SINAPI 3355]	127769		real_295	101
LOCACAO DE ELEVADOR DE CREMALHEIRA CABINE SIMPLES FECHADA 1,5 X 2,5 X 2,35 M (UMA POR TORRE), CAPACIDADE DE CARGA *1200* KG (15 PESSOAS), TORRE DE 24 M (16 MODULOS), 16 PARADAS, FREIO DE SEGURANCA, LIMITADOR DE CARGA [SINAPI 39814]	127770		real_295	101
LOCACAO DE GRUPO GERADOR ACIMA DE * 20 A 80* KVA, MOTOR DIESEL, REBOCAVEL, ACIONAMENTO MANUAL [SINAPI 3345]	127651		real_295	7
LOCACAO DE GRUPO GERADOR DE *400* KVA, DIESEL REBOCAVEL, ACIONAMENTO MANUAL [SINAPI 39834]	127652		real_295	-1
LOCACAO DE GRUPO GERADOR DE *550* KVA, DIESEL REBOCAVEL, ACIONAMENTO MANUAL [SINAPI 39835]	127653		real_295	-1
LOCACAO DE PERFURATRIZ PNEUMATICA DE PESO MEDIO, * 18 * KG, PARA ROCHA	122744		real_295	-1
LOCACAO DE PERFURATRIZ PNEUMATICA DE PESO MEDIO, * 24 * KG, PARA ROCHA	122745		real_295	-1
LOCACAO DE TALHA ELETRICA 3 T, VELOCIDADE 2,1 M / MIN, POTENCIA 1,3 KW	122746		real_295	14
LOCACAO DE TALHA MANUAL DE CORRENTE, CAPACIDADE DE 2 T COM ELEVACAO DE 3 M	122747		real_295	14
LOCACAO DE TORRE METALICA COMPLETA PARA UMA CARGA DE 8 TF (80 KN) E PE DIREITO DE 6 M, INCLUINDO MODULOS , DIAGONAIS, SAPATAS E FORCADOS	122749		real_295	3
LONA PLASTICA, PRETA, LARGURA 8 M, E= 150 MICRA [SINAPI 3779]	127654		real_295	-1
LUBRIFICANTE REDUTOR DE TORQUE E ARRASTO DE ALTO DESEMPENHO, PARA PERFURACAO HORIZONTAL DIRECIONAL, HDD [SINAPI 44699]	129447		real_295	103
LUMINARIA DE EMBUTIR EM CHAPA DE ACO PARA 2 LAMPADAS FLUORESCENTES DE 14 W COM REFLETOR E ALETAS EM ALUMINIO, COMPLETA (INCLUI REATOR E LAMPADAS)	122755		real_295	106
LUMINARIA DE EMBUTIR EM CHAPA DE ACO PARA 4 LAMPADAS FLUORESCENTES DE 14 W *60 X 60 CM* ALETADA (NAO INCLUI REATOR E LAMPADAS)	122756		real_295	106
LUMINARIA DE LED PARA ILUMINACAO PUBLICA, DE 98 W ATE 137 W, INVOLUCRO EM ALUMINIO OU ACO INOX (COLETADO CAIXA) [SINAPI 42977]	127771		real_295	-1
LUMINARIA DE SOBREPOR EM CHAPA DE ACO PARA 1 LAMPADA FLUORESCENTE DE *18* W, ALETADA, COMPLETA (LAMPADA E REATOR INCLUSOS)	122767		real_295	106
LUMINARIA DE SOBREPOR EM CHAPA DE ACO PARA 1 LAMPADA FLUORESCENTE DE *18* W, PERFIL COMERCIAL (NAO INCLUI REATOR E LAMPADA)	122768		real_295	106
LUMINARIA DE SOBREPOR EM CHAPA DE ACO PARA 1 LAMPADA FLUORESCENTE DE *36* W, PERFIL COMERCIAL (NAO INCLUI REATOR E LAMPADA)	122770		real_295	106
LUMINARIA DE SOBREPOR EM CHAPA DE ACO PARA 2 LAMPADAS FLUORESCENTES DE *18* W, ALETADA, COMPLETA (LAMPADAS E REATOR INCLUSOS)	122771		real_295	106
LUMINARIA DE SOBREPOR EM CHAPA DE ACO PARA 2 LAMPADAS FLUORESCENTES DE *18* W, PERFIL COMERCIAL (NAO INCLUI REATOR E LAMPADAS)	122772		real_295	106
LUMINARIA DE SOBREPOR EM CHAPA DE ACO PARA 2 LAMPADAS FLUORESCENTES DE *36* W, ALETADA, COMPLETA (LAMPADAS E REATOR INCLUSOS)	122773		real_295	106
LUMINARIA DE SOBREPOR EM CHAPA DE ACO PARA 2 LAMPADAS FLUORESCENTES DE *36* W, PERFIL COMERCIAL (NAO INCLUI REATOR E LAMPADAS)	122774		real_295	106
LUMINARIA FECHADA P/ ILUMINACAO PUBLICA, TIPO ABL 50/F OU EQUIV, P/ LAMPADA A VAPOR DE MERCURIO 400W [SINAPI 13382]	126906		real_295	16
LUMINARIA HERMETICA IP-65 PARA 2 DUAS LAMPADAS DE 14/16/18/20 W (NAO INCLUI REATOR E LAMPADAS)	122777		real_295	106
LUMINARIA HERMETICA IP-65 PARA 2 DUAS LAMPADAS DE 28/32/36/40 W (NAO INCLUI REATOR E LAMPADAS)	122778		real_295	106
LUMINARIA TIPO TARTARUGA A PROVA DE TEMPO, GASES, VAPOR E PO, EM ALUMINIO, COM GRADE, BASE E27, POTENCIA MAXIMA 100 W - REF Y 25/1 (NAO INCLUI LAMPADA)	122789		real_295	106
LUVA CPVC, SOLDAVEL, 114 MM, PARA AGUA QUENTE PREDIAL [SINAPI 44252]	129322		real_295	11
LUVA DE COBRE (REF 600) SEM ANEL DE SOLDA, BOLSA X BOLSA, 104 MM	122800		real_295	-1
LUVA DE COBRE (REF 600) SEM ANEL DE SOLDA, BOLSA X BOLSA, 15 MM	122801		real_295	-1
LUVA DE COBRE (REF 600) SEM ANEL DE SOLDA, BOLSA X BOLSA, 22 MM	122802		real_295	-1
LUVA DE COBRE (REF 600) SEM ANEL DE SOLDA, BOLSA X BOLSA, 28 MM	122803		real_295	-1
LUVA DE COBRE (REF 600) SEM ANEL DE SOLDA, BOLSA X BOLSA, 35 MM	122804		real_295	-1
LUVA DE COBRE (REF 600) SEM ANEL DE SOLDA, BOLSA X BOLSA, 42 MM	122805		real_295	-1
LUVA DE COBRE (REF 600) SEM ANEL DE SOLDA, BOLSA X BOLSA, 54 MM	122806		real_295	-1
LUVA DE COBRE (REF 600) SEM ANEL DE SOLDA, BOLSA X BOLSA, 66 MM	122807		real_295	-1
LUVA DE COBRE (REF 600) SEM ANEL DE SOLDA, BOLSA X BOLSA, 79 MM	122808		real_295	-1
LUVA DE CORRER DEFOFO, PVC, JE, DN 100 MM	122809		real_295	-1
LUVA DE CORRER DEFOFO, PVC, JE, DN 150 MM	122810		real_295	-1
LUVA DE CORRER DEFOFO, PVC, JE, DN 200 MM	122811		real_295	-1
LUVA DE CORRER DEFOFO, PVC, JE, DN 250 MM	122812		real_295	-1
LUVA DE CORRER DEFOFO, PVC, JE, DN 300 MM	122813		real_295	-1
LUVA DE CORRER PARA TUBO SOLDAVEL, PVC, 40 MM, PARA AGUA FRIA PREDIAL [SINAPI 43838]	129323		real_295	32
LUVA DE CORRER PVC, JE, DN 100 MM, PARA REDE COLETORA DE ESGOTO (NBR 10569)	122822		real_295	49
LUVA DE CORRER PVC, JE, DN 150 MM, PARA REDE COLETORA DE ESGOTO (NBR 10569)	122823		real_295	49
LUVA DE CORRER PVC, JE, DN 200 MM, PARA REDE COLETORA DE ESGOTO (NBR 10569)	122824		real_295	49
LUVA DE CORRER PVC, JE, DN 250 MM, PARA REDE COLETORA DE ESGOTO (NBR 10569)	122825		real_295	49
LUVA DE CORRER PVC, JE, DN 300 MM, PARA REDE COLETORA DE ESGOTO (NBR 10569)	122826		real_295	49
LUVA DE CORRER, PVC PBA, JE, DN 100 / DE 110 MM, PARA REDE AGUA (NBR 10351)	122832		real_295	49
LUVA DE CORRER, PVC PBA, JE, DN 50 / DE 60 MM, PARA REDE AGUA (NBR 10351)	122833		real_295	49
LUVA DE CORRER, PVC PBA, JE, DN 75 / DE 85 MM, PARA REDE AGUA (NBR 10351)	122834		real_295	49
LUVA DE CORRER, PVC SERIE R, 100 MM, PARA ESGOTO OU AGUAS PLUVIAIS PREDIAIS	122835		real_295	49
LUVA DE CORRER, PVC SERIE R, 150 MM, PARA ESGOTO OU AGUAS PLUVIAIS PREDIAIS	122836		real_295	49
LUVA DE CORRER, PVC SERIE R, 75 MM, PARA ESGOTO OU AGUAS PLUVIAIS PREDIAIS	122837		real_295	49
"LUVA DE REDUCAO EM ACO CARBONO, COM ENCAIXE PARA SOLDA DN SW, PRESSAO 3.000 LBS, 3/4 "" X 1/2"""	122881		real_295	19
LUVA DE REDUCAO PARA TUBO PEX, METALICA, PARA CONEXAO COM ANEL DESLIZANTE, DN 20 X 16 MM	122888		real_295	27
LUVA DE REDUCAO PARA TUBO PEX, METALICA, PARA CONEXAO COM ANEL DESLIZANTE, DN 25 X 16 MM	122889		real_295	27
LUVA DE REDUCAO PARA TUBO PEX, METALICA, PARA CONEXAO COM ANEL DESLIZANTE, DN 25 X 20 MM	122890		real_295	27
LUVA DE REDUCAO PARA TUBO PEX, METALICA, PARA CONEXAO COM ANEL DESLIZANTE, DN 32 X 25 MM	122891		real_295	27
LUVA DE REDUCAO PARA TUBO PEX, PLASTICA, PARA CONEXAO COM CRIMPAGEM, DN 20 X 16 MM	122892		real_295	27
LUVA DE REDUCAO PARA TUBO PEX, PLASTICA, PARA CONEXAO COM CRIMPAGEM, DN 25 X 16 MM	122893		real_295	27
LUVA DE REDUCAO PARA TUBO PEX, PLASTICA, PARA CONEXAO COM CRIMPAGEM, DN 32 X 20 MM	122894		real_295	27
LUVA DE REDUCAO PARA TUBO PEX, PLASTICA, PARA CONEXAO COM CRIMPAGEM, DN 32 X 25 MM	122895		real_295	27
LUVA DE REDUCAO, PVC, SOLDAVEL, 50 X 25 MM, PARA AGUA FRIA PREDIAL	122902		real_295	45
LUVA DUPLA, PVC LEVE, DN 150 MM	122908		real_295	49
"LUVA PARA ELETRODUTO, EM ACO GALVANIZADO ELETROLITICO, DIAMETRO DE 100 MM (4"")"	122926		real_295	16
"LUVA PARA ELETRODUTO, EM ACO GALVANIZADO ELETROLITICO, DIAMETRO DE 15 MM (1/2"")"	122927		real_295	-1
"LUVA PARA ELETRODUTO, EM ACO GALVANIZADO ELETROLITICO, DIAMETRO DE 20 MM (3/4"")"	122928		real_295	16
"LUVA PARA ELETRODUTO, EM ACO GALVANIZADO ELETROLITICO, DIAMETRO DE 25 MM (1"")"	122929		real_295	16
"LUVA PARA ELETRODUTO, EM ACO GALVANIZADO ELETROLITICO, DIAMETRO DE 32 MM (1 1/4"")"	122930		real_295	16
"LUVA PARA ELETRODUTO, EM ACO GALVANIZADO ELETROLITICO, DIAMETRO DE 40 MM (1 1/2"")"	122931		real_295	16
"LUVA PARA ELETRODUTO, EM ACO GALVANIZADO ELETROLITICO, DIAMETRO DE 50 MM (2"")"	122932		real_295	16
"LUVA PARA ELETRODUTO, EM ACO GALVANIZADO ELETROLITICO, DIAMETRO DE 65 MM (2 1/2"")"	122933		real_295	-1
"LUVA PARA ELETRODUTO, EM ACO GALVANIZADO ELETROLITICO, DIAMETRO DE 80 MM (3"")"	122934		real_295	16
LUVA PARA TUBO PEX, METALICO, PARA CONEXAO COM ANEL DESLIZANTE, DN 16 MM	122935		real_295	60
LUVA PARA TUBO PEX, METALICO, PARA CONEXAO COM ANEL DESLIZANTE, DN 20 MM	122936		real_295	60
LUVA PARA TUBO PEX, METALICO, PARA CONEXAO COM ANEL DESLIZANTE, DN 25 MM	122937		real_295	60
LUVA PARA TUBO PEX, METALICO, PARA CONEXAO COM ANEL DESLIZANTE, DN 32 MM	122938		real_295	60
LUVA PARA TUBO PEX, PLASTICA, PARA CONEXAO COM CRIMPAGEM, DN 16 MM	122939		real_295	27
LUVA PARA TUBO PEX, PLASTICA, PARA CONEXAO COM CRIMPAGEM, DN 20 MM	122940		real_295	27
LUVA PARA TUBO PEX, PLASTICA, PARA CONEXAO COM CRIMPAGEM, DN 25 MM	122941		real_295	27
LUVA PARA TUBO PEX, PLASTICA, PARA CONEXAO COM CRIMPAGEM, DN 32 MM	122942		real_295	27
LUVA PASSANTE DE COBRE (REF 601) SEM ANEL DE SOLDA, BOLSA 15 MM	122943		real_295	-1
LUVA PASSANTE DE COBRE (REF 601) SEM ANEL DE SOLDA, BOLSA 22 MM	122944		real_295	-1
LUVA PASSANTE DE COBRE (REF 601) SEM ANEL DE SOLDA, BOLSA 28 MM	122945		real_295	-1
LUVA PASSANTE DE COBRE (REF 601) SEM ANEL DE SOLDA, BOLSA 35 MM	122946		real_295	-1
LUVA PASSANTE DE COBRE (REF 601) SEM ANEL DE SOLDA, BOLSA 42 MM	122947		real_295	-1
LUVA PASSANTE DE COBRE (REF 601) SEM ANEL DE SOLDA, BOLSA 54 MM	122948		real_295	-1
LUVA PASSANTE DE COBRE (REF 601) SEM ANEL DE SOLDA, BOLSA 66 MM	122949		real_295	-1
LUVA PPR, SOLDAVEL, DN 110 MM, PARA AGUA QUENTE PREDIAL	122950		real_295	20
LUVA PPR, SOLDAVEL, DN 20 MM, PARA AGUA QUENTE PREDIAL	122951		real_295	20
LUVA PPR, SOLDAVEL, DN 25 MM, PARA AGUA QUENTE PREDIAL	122952		real_295	20
LUVA PPR, SOLDAVEL, DN 32 MM, PARA AGUA QUENTE PREDIAL	122953		real_295	20
LUVA PPR, SOLDAVEL, DN 40 MM, PARA AGUA QUENTE PREDIAL	122954		real_295	20
LUVA PPR, SOLDAVEL, DN 50 MM, PARA AGUA QUENTE PREDIAL	122955		real_295	20
LUVA PPR, SOLDAVEL, DN 63 MM, PARA AGUA QUENTE PREDIAL	122956		real_295	20
LUVA PPR, SOLDAVEL, DN 75 MM, PARA AGUA QUENTE PREDIAL	122957		real_295	20
LUVA PPR, SOLDAVEL, DN 90 MM, PARA AGUA QUENTE PREDIAL	122958		real_295	20
"LUVA PVC, ROSCAVEL, 1 1/4"", AGUA FRIA PREDIAL"	122970		real_295	45
"LUVA PVC, ROSCAVEL, 2 1/2"", AGUA FRIA PREDIAL"	122968		real_295	45
"LUVA PVC, ROSCAVEL, 2"", AGUA FRIA PREDIAL"	122971		real_295	45
"LUVA PVC, ROSCAVEL, 3"", AGUA FRIA PREDIAL"	122972		real_295	45
"LUVA ROSCAVEL, PVC, 1"", AGUA FRIA PREDIAL"	122975		real_295	45
"LUVA ROSCAVEL, PVC, 1/2"", AGUA FRIA PREDIAL"	122974		real_295	45
"LUVA ROSCAVEL, PVC, 3/4"", AGUA FRIA PREDIAL"	122976		real_295	45
LUVA SIMPLES, PVC PBA, JE, DN 100 / DE 110 MM, PARA REDE AGUA (NBR 10351)	122977		real_295	49
LUVA SIMPLES, PVC PBA, JE, DN 50 / DE 60 MM, PARA REDE AGUA (NBR 10351)	122978		real_295	49
LUVA SIMPLES, PVC PBA, JE, DN 75 / DE 85 MM, PARA REDE AGUA (NBR 10351)	122979		real_295	49
LUVA SIMPLES, PVC SERIE R, 100 MM, PARA ESGOTO OU AGUAS PLUVIAIS PREDIAIS	122980		real_295	49
LUVA SIMPLES, PVC SERIE R, 150 MM, PARA ESGOTO OU AGUAS PLUVIAIS PREDIAIS	122981		real_295	49
LUVA SIMPLES, PVC SERIE R, 40 MM, PARA ESGOTO OU AGUAS PLUVIAIS PREDIAIS	122982		real_295	49
LUVA SIMPLES, PVC SERIE R, 50 MM, PARA ESGOTO OU AGUAS PLUVIAIS PREDIAIS	122983		real_295	49
LUVA SIMPLES, PVC SERIE R, 75 MM, PARA ESGOTO OU AGUAS PLUVIAIS PREDIAIS	122984		real_295	49
MACARIQUEIRO	123010		real_295	0
MADEIRA ROLICA SEM TRATAMENTO, EUCALIPTO OU EQUIVALENTE DA REGIAO, H = 3 M, D = 12 A 15 CM (PARA ESCORAMENTO) [SINAPI 2742]	127772		real_295	17
MADEIRA ROLICA SEM TRATAMENTO, EUCALIPTO OU EQUIVALENTE DA REGIAO, H = 3 M, D = 16 A 19 CM (PARA ESCORAMENTO) [SINAPI 2748]	127773		real_295	17
MADEIRA ROLICA SEM TRATAMENTO, EUCALIPTO OU EQUIVALENTE DA REGIAO, H = 3 M, D = 20 A 24 CM (PARA ESCORAMENTO) [SINAPI 2736]	127774		real_295	17
MADEIRA ROLICA SEM TRATAMENTO, EUCALIPTO OU EQUIVALENTE DA REGIAO, H = 6 M, D = 12 A 15 CM (PARA ESCORAMENTO) [SINAPI 2751]	127775		real_295	17
"MANGUEIRA CRISTAL PARA NIVEL, LISA, PVC TRANSPARENTE, 3/8"" X1,5 MM"	123018		real_295	4
"MANGUEIRA CRISTAL PARA NIVEL, LISA, PVC TRANSPARENTE, 5/16"" X1 MM"	123019		real_295	4
"MANGUEIRA CRISTAL TRANCADA, PVC COM REFORCO, PRESSAO DE TRABALHO (PT) 250 LBS/POL2, DE 1"" X *3,4* MM"	123021		real_295	4
"MANGUEIRA DE PVC FLEXIVEL,TIPO FLAT/ACHATADA, COR LARANJA, D = 1 1/2"" (40 MM), PARA CONDUCAO DE AGUA, SERVICOS LEVES E MEDIOS"	123038		real_295	95
MANIPULADOR TELESCOPICO, POTENCIA DE 101 HP, CAPACIDADE DE CARGA DE 3.500 KG, ALTURA MAXIMA DE ELEVACAO DE 12 M	123040		real_295	7
MANTA DE BORRACHA ANTIRRUIDO 5 MM	123052		real_295	89
MANTA LIQUIDA DE BASE ASFALTICA MODIFICADA COM A ADICAO DE ELASTOMEROS DILUIDOS EM SOLVENTE ORGANICO, APLICACAO A FRIO (MEMBRANA IMPERMEABILIZANTE ASFASTICA)	123057		real_295	42
MANTA TERMOPLASTICA, PEAD, GEOMEMBRANA LISA, E = 0,50 MM ( NBR 15352)	123058		real_295	125
MANTA TERMOPLASTICA, PEAD, GEOMEMBRANA LISA, E = 0,50 MM ( NBR 15352) [SINAPI 44504]	126780		real_295	125
MANTA TERMOPLASTICA, PEAD, GEOMEMBRANA LISA, E = 0,75 MM ( NBR 15352)	123059		real_295	125
MANTA TERMOPLASTICA, PEAD, GEOMEMBRANA LISA, E = 0,75 MM (NBR 15352) [SINAPI 44505]	126781		real_295	125
MANTA TERMOPLASTICA, PEAD, GEOMEMBRANA LISA, E = 0,80 MM ( NBR 15352)	123060		real_295	125
MANTA TERMOPLASTICA, PEAD, GEOMEMBRANA LISA, E = 0,80 MM (NBR 15352) [SINAPI 44506]	126782		real_295	125
MANTA TERMOPLASTICA, PEAD, GEOMEMBRANA LISA, E = 1,00 MM ( NBR 15352)	123061		real_295	125
MANTA TERMOPLASTICA, PEAD, GEOMEMBRANA LISA, E = 1,00 MM (NBR 15352) [SINAPI 44507]	126783		real_295	125
MANTA TERMOPLASTICA, PEAD, GEOMEMBRANA LISA, E = 1,50 MM ( NBR 15352)	123062		real_295	125
MANTA TERMOPLASTICA, PEAD, GEOMEMBRANA LISA, E = 1,50 MM (NBR 15352) [SINAPI 44508]	126784		real_295	125
MANTA TERMOPLASTICA, PEAD, GEOMEMBRANA LISA, E = 2,00 MM ( NBR 15352)	123063		real_295	125
MANTA TERMOPLASTICA, PEAD, GEOMEMBRANA LISA, E = 2,00 MM (NBR 15352) [SINAPI 44509]	126785		real_295	125
MANTA TERMOPLASTICA, PEAD, GEOMEMBRANA LISA, E = 2,50 MM ( NBR 15352)	123064		real_295	125
MANTA TERMOPLASTICA, PEAD, GEOMEMBRANA LISA, E = 2,50 MM (NBR 15352) [SINAPI 44510]	126786		real_295	125
MANTA TERMOPLASTICA, PEAD, GEOMEMBRANA TEXTURIZADA EM AMBAS AS FACES, E = 0,50 MM ( NBR 15352) [SINAPI 44512]	126787		real_295	83
MANTA TERMOPLASTICA, PEAD, GEOMEMBRANA TEXTURIZADA EM AMBAS AS FACES, E = 0,75 MM ( NBR 15352) [SINAPI 44513]	126788		real_295	83
MANTA TERMOPLASTICA, PEAD, GEOMEMBRANA TEXTURIZADA EM AMBAS AS FACES, E = 0,80 MM ( NBR 15352) [SINAPI 44514]	126789		real_295	83
MANTA TERMOPLASTICA, PEAD, GEOMEMBRANA TEXTURIZADA EM AMBAS AS FACES, E = 1,00 MM ( NBR 15352) [SINAPI 44515]	126790		real_295	83
MANTA TERMOPLASTICA, PEAD, GEOMEMBRANA TEXTURIZADA EM AMBAS AS FACES, E = 1,50 MM ( NBR 15352) [SINAPI 44511]	126791		real_295	83
MANTA TERMOPLASTICA, PEAD, GEOMEMBRANA TEXTURIZADA EM AMBAS AS FACES, E = 2,00 MM ( NBR 15352) [SINAPI 44516]	126792		real_295	83
MANTA TERMOPLASTICA, PEAD, GEOMEMBRANA TEXTURIZADA EM AMBAS AS FACES, E = 2,50 MM ( NBR 15352) [SINAPI 44517]	126793		real_295	83
MAQUINA EXTRUSORA DE CONCRETO PARA GUIAS E SARJETAS, COM MOTOR A DIESEL DE 14 CV	123079		real_295	7
MAQUINA MANUAL TIPO PRENSA PARA PRODUCAO DE BLOCOS E PAVIMENTOS DE CONCRETO, COM MOTOR ELETRICO TRIFASICO PARA VIBRACAO, POTENCIA TOTAL INSTALADA DE 1,5 KW	123080		real_295	-1
MAQUINA PARA CORTE COM DISCO ABRASIVO DE DIAMETRO DE 18'' (450 MM), COM MOTOR ELETRICO TRIFASICO DE 10 CV	123081		real_295	7
MAQUINA TIPO PRENSA HIDRAULICA, PARA FABRICACAO DE TUBOS DE CONCRETO PARA AGUAS PLUVIAIS, DN 200 A DN 600 MM X 1000 MM DE COMPRIMENTO, COM MOTOR PRINCIPAL DE 20 CV	123082		real_295	7
"MAQUINA TIPO VASO/TANQUE/JATO DE PRESSAO PORTATIL PARA JATEAMENTO, CONTROLE AUTOMATICO E REMOTO, CAMARA DE 1 SAIDA, 280 L, DIAM. *670* MM, BICO JATO CURTO VENTURI DE 5/16"", MANGUEIRA DE 1"" DE 10 M, COMPLETA (VALVULAS POP UP E DOSADORA, FUNDO CONICO ETC)"	123083		real_295	-1
MAQUINA TRANSFORMADORA MONOFASICA PARA SOLDA ELETRICA, TENSAO DE 220 V, FREQUENCIA DE 60 HZ, FAIXA DE CORRENTE ENTRE 80 A (+/- 10 A) E 250 A, POTENCIA ENTRE 14,00 KVA E 15,0 KVA, CICLO DE TRABALHO ENTRE 10% E 20% A 250 A	123084		real_295	-1
MARCENEIRO	123085		real_295	0
MARMORISTA / GRANITEIRO	123087		real_295	0
MARTELO DEMOLIDOR ELETRICO, COM POTENCIA DE 2.000 W, FREQUENCIA DE 1.000 IMPACTOS POR MINUTO, FORÇA DE IMPACTO ENTRE 60 E 65 J, PESO DE 30 KG	123090		real_295	10
MARTELO DEMOLIDOR PNEUMATICO MANUAL, COM REDUCAO DE VIBRACAO, PESO DE 21 KG	123091		real_295	-1
MARTELO DEMOLIDOR PNEUMATICO MANUAL, COM REDUCAO DE VIBRACAO, PESO DE 31,5 KG	123092		real_295	-1
MARTELO PERFURADOR PNEUMATICO MANUAL, DE SUPERFICIE, COM AVANCO DE COLUNA, PESO DE 22 KG	123095		real_295	-1
MARTELO PERFURADOR PNEUMATICO MANUAL, HASTE 25 X 75 MM, 21 KG	123096		real_295	-1
MARTELO PERFURADOR PNEUMATICO MANUAL, PESO DE 25 KG, COM SILENCIADOR	123097		real_295	-1
MASSA ACRILICA PARA SUPERFICIES INTERNAS E EXTERNAS [SINAPI 43651]	126794		real_295	-1
MASSA CORRIDA PARA SUPERFICIES DE AMBIENTES INTERNOS [SINAPI 43626]	126795		real_295	12
MASSA CORRIDA PVA PARA PAREDES INTERNAS [SINAPI 4047]	127656		real_295	12
MASSA CORRIDA PVA PARA PAREDES INTERNAS [SINAPI 4051]	127655		real_295	12
MASSA EPOXI BICOMPONENTE (MASSA + CATALIZADOR)	123101		real_295	-1
MASSA PARA MADEIRA - INTERIOR E EXTERIOR [SINAPI 43652]	126796		real_295	-1
MASSA PARA TEXTURA LISA DE BASE ACRILICA, USO INTERNO E EXTERNO	123103		real_295	-1
MASSA PARA TEXTURA RUSTICA DE BASE ACRILICA, COR BRANCA, USO INTERNO E EXTERNO	123104		real_295	-1
"MASTRO SIMPLES GALVANIZADO DIAMETRO NOMINAL 1 1/2"" [SINAPI 41387]"	126797		real_295	94
"MASTRO SIMPLES GALVANIZADO DIAMETRO NOMINAL 1 1/2"", COMPRIMENTO 3 M"	123107		real_295	94
"MASTRO SIMPLES GALVANIZADO DIAMETRO NOMINAL 2"" [SINAPI 41388]"	126798		real_295	94
"MASTRO SIMPLES GALVANIZADO DIAMETRO NOMINAL 2"", COMPRIMENTO 3 M"	123108		real_295	94
"MASTRO TELESCOPICO DE 4 METROS (3 M X DN= 2"" + 1 M X DN= 1 1/2"") [SINAPI 41380]"	126799		real_295	-1
"MASTRO TELESCOPICO GALVANIZADO 5 METROS (3 M X DN= 2"" + 2 M X DN= 1 1/2"") [SINAPI 41381]"	126800		real_295	-1
"MASTRO TELESCOPICO GALVANIZADO 6 METROS (3 M X DN= 2"" + 3 M X DN= 1Â½"") [SINAPI 41382]"	126801		real_295	-1
"MASTRO TELESCOPICO GALVANIZADO 7 METROS (6 M X DN= 2"" + 1 M X DN= 1 1/2"") [SINAPI 41383]"	126802		real_295	-1
"MASTRO TELESCOPICO GALVANIZADO 9 METROS (6 M X DN= 2"" + 3 M X DN= 1 1/2"") [SINAPI 41385]"	126803		real_295	-1
MATERIAL FILTRANTE (PEDREGULHO) 0,6 A 25,46 MM (POSTO PEDREIRA/FORNECEDOR, SEM FRETE)	123109		real_295	9
MATERIAL FILTRANTE (PEDREGULHO) 38 A 25,4 MM (POSTO PEDREIRA/FORNECEDOR, SEM FRETE)	123110		real_295	9
MECANICO DE EQUIPAMENTOS PESADOS	123111		real_295	-1
MECANICO DE REFRIGERACAO	123113		real_295	0
MEIO BLOCO ESTRUTURAL CERAMICO 14 X 19 X 14 CM, 4,0 MPA (NBR 15270) [SINAPI 34787]	127776		real_295	2
MEIO BLOCO ESTRUTURAL CERAMICO 14 X 19 X 14 CM, 6,0 MPA (NBR 15270)	123131		real_295	2
MEIO BLOCO ESTRUTURAL CERAMICO 14 X 19 X 19 CM, 4,0 MPA (NBR 15270) [SINAPI 34784]	127777		real_295	2
MEIO BLOCO ESTRUTURAL CERAMICO 14 X 19 X 19 CM, 6,0 MPA (NBR 15270)	123132		real_295	2
MESTRE DE OBRAS	123146		real_295	0
MICRO-TRATOR CORTADOR DE GRAMA COM LARGURA DO CORTE DE 107 CM, COM 2 LAMINAS E DESCARTE LATERAL	123149		real_295	10
MICROESFERAS DE VIDRO PARA SINALIZACAO HORIZONTAL VIARIA, TIPO I-B (PREMIX) - NBR 16184 [SINAPI 44478]	126804		real_295	-1
MICROESFERAS DE VIDRO PARA SINALIZACAO HORIZONTAL VIARIA, TIPO II-A (DROP-ON) - NBR 16184 [SINAPI 44477]	126805		real_295	-1
MICTORIO INDICUDUAL, SIFONADO, LOUCA BRANCA, SEM COMPLEMENTOS	123154		real_295	-1
MICTORIO SIFONADO LOUCA COR SEM COMPLEMENTOS [SINAPI 10430]	127778		real_295	-1
MINICAPTOR, EM ACO GALVANIZADO A FOGO, FIXACAO COM ROSCA SOBERBA OU MECANICA, H=600 MM X DN=10 MM [SINAPI 41420]	126806		real_295	100
MINICAPTOR, EM ACO GALVANIZADO A FOGO, FIXACAO HORIZONTAL COM BANDEIRA A 20 CM, H=600 MM E X DN=10 MM [SINAPI 41422]	126807		real_295	100
MINICAPTOR, EM ACO GALVANIZADO A FOGO, FIXACAO HORIZONTAL DE 1 FUROS, SEM BANDEIRA, H=300 MM X DN=10 MM [SINAPI 41425]	126808		real_295	100
MINICAPTOR, EM ACO GALVANIZADO A FOGO, FIXACAO HORIZONTAL DE 2 FUROS, SEM BANDEIRA, H=600 MM X DN=10 MM [SINAPI 41426]	126809		real_295	100
MINICAPTOR, EM ACO GALVANIZADO A FOGO,Â FIXACAO COM ROSCA SOBERBA OU MECANICA, H=300 MM X DN=10 MM [SINAPI 41419]	126810		real_295	100
MINICAPTOR, EM ACO GALVANIZADO A FOGO,Â FIXACAO HORIZONTAL COM BANDEIRA A 20 CM, H=300 MM E X DN=10 MM [SINAPI 41421]	126811		real_295	100
MINICAPTORES DE INSERCAO, EM ACO GALVANIZADO A FOGO, H=300 MM X DN=10 MM [SINAPI 41414]	126812		real_295	100
MINICAPTORES DE INSERCAO, EM ACO GALVANIZADO A FOGO, H=600,MM X DN=10,MM [SINAPI 41415]	126813		real_295	100
MINICARREGADEIRA SOBRE RODAS, POTENCIA LIQUIDA DE *72* HP, CAPACIDADE NOMINAL DE OPERACAO DE *1200* KG	123158		real_295	10
MINIESCAVADEIRA SOBRE ESTEIRAS, POTENCIA LIQUIDA DE *42* HP, PESO OPERACIONAL DE *4.500* KG	123160		real_295	10
MINIESCAVADEIRA SOBRE ESTEIRAS, POTENCIA LIQUIDA DE *42* HP, PESO OPERACIONAL DE *5.300* KG	123161		real_295	10
MINUTERIA ELETRONICA COLETIVA COM POTENCIA MAXIMA RESISTIVA PARA LAMPADAS FLUORESCENTES DE *300* W ( 110 V ) / *600* W ( 110 V )	123162		real_295	62
"MISTURADOR BASE PARA CHUVEIRO/BANHEIRA, 1/2 "" OU 3/4 "", SOLDAVEL OU ROSCAVEL"	123163		real_295	70
MISTURADOR CROMADO DE MESA BICA BAIXA PARA LAVATORIO (REF 1875)	123164		real_295	123
MISTURADOR CROMADO DE PAREDE PARA LAVATORIO (REF 1178)	123165		real_295	123
MISTURADOR DE PAREDE CROMADO PARA COZINHA BICA MOVEL COM AREJADOR (REF 1258)	123169		real_295	70
MISTURADOR MONOCOMANDO PARA CHUVEIRO, BASE BRUTA E ACABAMENTO CROMADO	123172		real_295	-1
MONTADOR DE ELETROELETRONICOS	123177		real_295	-1
MONTADOR DE ESTRUTURAS METALICAS	123179		real_295	-1
MONTADOR DE ESTRUTURAS METALICAS HORISTA [SINAPI 44497]	126814		real_295	-1
MONTADOR DE MAQUINAS	123181		real_295	-1
"MOTOBOMBA AUTOESCORVANTE MOTOR A GASOLINA, POTENCIA 6,0HP, BOCAIS 3"" X 3"", HM/Q = 5 MCA / 24 M3/H A 52,5 MCA / 5,0 M3/H"	123183		real_295	72
"MOTOBOMBA AUTOESCORVANTE MOTOR ELETRICO TRIFASICO 7,4HP BOCA DIAMETRO DE SUCCAO X RECLAQUE: 2""X2"", HM/ Q = 10 M / 73,5 M3/H A 28 M / 8,2 M3 /H"	123184		real_295	72
"MOTOBOMBA AUTOESCORVANTE POTENCIA 5,42 HP, BOCAIS SUCCAO X RECALQUE 2"" X 2"", A GASOLINA, DIAMETRO DO ROTOR 122 MM HM/Q = 6 MCA / 33,0 M3/H A 28 MCA / 8,0 M3/H"	123185		real_295	72
MOTONIVELADORA POTENCIA BASICA LIQUIDA (PRIMEIRA MARCHA) 125 HP , PESO BRUTO 13843 KG, LARGURA DA LAMINA DE 3,7 M	123188		real_295	10
MOTONIVELADORA POTENCIA BASICA LIQUIDA (PRIMEIRA MARCHA) 171 HP, PESO BRUTO 14768 KG, LARGURA DA LAMINA DE 3,7 M	123189		real_295	10
MOTONIVELADORA POTENCIA BASICA LIQUIDA (PRIMEIRA MARCHA) 186 HP, PESO BRUTO 15785 KG, LARGURA DA LAMINA DE 4,3 M	123190		real_295	10
MOTOR A DIESEL PARA VIBRADOR DE IMERSAO, DE *4,7* CV	123191		real_295	7
MOTOR A GASOLINA PARA VIBRADOR DE IMERSAO, 4 TEMPOS, DE 5,5 CV	123192		real_295	7
MOTOR ELETRICO PARA VIBRADOR DE IMERSAO, DE 2 CV, MONOFASICO, 110/220 V	123193		real_295	7
MOTOR ELETRICO PARA VIBRADOR DE IMERSAO, DE 2 CV, TRIFASICO, 220/380 V	123194		real_295	7
MOTORISTA DE CAMINHAO	123195		real_295	-1
MOTORISTA DE CAMINHAO-BASCULANTE	123197		real_295	-1
MOTORISTA DE CAMINHAO-CARRETA	123199		real_295	-1
MOTORISTA DE CARRO DE PASSEIO	123201		real_295	-1
MOTORISTA DE ONIBUS / MICRO-ONIBUS	123203		real_295	7
MOTORISTA DE ONIBUS / MICRO-ONIBUS (MENSALISTA)	123204		real_295	-1
MOTORISTA OPERADOR DE CAMINHAO COM MUNCK	123205		real_295	-1
MOTOSSERRA PORTATIL COM MOTOR A GASOLINA DE *60* CC	123207		real_295	7
MOURAO DE CONCRETO RETO, 10 X 10 CM, H= 2,00 M [SINAPI 4108]	127779		real_295	-1
MOURAO DE CONCRETO RETO, SECAO QUADARA *10 X 10* CM, H= *2,30* M	123210		real_295	-1
MUDA DE ARBUSTO, BUXINHO, H= *50* M	123217		real_295	-1
MUDA DE PALMEIRA, ARECA, H= *1,50* CM	123221		real_295	-1
MUFLA TERMINAL PRIMARIA UNIPOLAR USO EXTERNO PARA CABO 25/70MM2 ISOL, 3,6/6KV EM EPR - BORRACHA DE SILICONE [SINAPI 4127]	127780		real_295	121
MUFLA TERMINAL PRIMARIA UNIPOLAR USO INTERNO PARA CABO 25/70MM2 ISOL 6/10KV EM EPR- BORRACHA DE SILICONE [SINAPI 4154]	127781		real_295	121
MUFLA TERMINAL PRIMARIA UNIPOLAR USO INTERNO PARA CABO 35/120MM2 ISOLACAO 15/25KV EM EPR - BORRACHA DE SILICONE [SINAPI 4168]	127782		real_295	121
MUFLA TERMINAL PRIMARIA UNIPOLAR USO INTERNO PARA CABO 35/70MM2 ISOLACAO 8,7/15KV EM EPR - BORRACHA DE SILICONE [SINAPI 4161]	127783		real_295	121
"NIPEL PVC, ROSCAVEL, 1 1/2"", AGUA FRIA PREDIAL"	123224		real_295	-1
"NIPEL PVC, ROSCAVEL, 1 1/4"", AGUA FRIA PREDIAL"	123225		real_295	-1
"NIPEL PVC, ROSCAVEL, 1"", AGUA FRIA PREDIAL"	123227		real_295	-1
"NIPEL PVC, ROSCAVEL, 1/2"", AGUA FRIA PREDIAL"	123226		real_295	-1
"NIPEL PVC, ROSCAVEL, 2"", AGUA FRIA PREDIAL"	123228		real_295	-1
"NIPEL PVC, ROSCAVEL, 3/4"", AGUA FRIA PREDIAL"	123229		real_295	-1
NIVELADOR	123264		real_295	0
NOBREAK TRIFASICO, DE 10 KVA FATOR DE POTENCIA DE 0,8, AUTONOMIA MINIMA DE 30 MINUTOS A PLENA CARGA	123266		real_295	-1
NOBREAK TRIFASICO, DE 15 KVA FATOR DE POTENCIA DE 0,8, AUTONOMIA MINIMA DE 30 MINUTOS A PLENA CARGA	123267		real_295	-1
NOBREAK TRIFASICO, DE 20 KVA FATOR DE POTENCIA DE 0,8, AUTONOMIA MINIMA DE 30 MINUTOS A PLENA CARGA	123268		real_295	-1
NOBREAK TRIFASICO, DE 25 KVA FATOR DE POTENCIA DE 0,8, AUTONOMIA MINIMA DE 30 MINUTOS A PLENA CARGA	123269		real_295	-1
NOBREAK TRIFASICO, DE 5 KVA FATOR DE POTENCIA DE 0,8, AUTONOMIA MINIMA DE 30 MINUTOS A PLENA CARGA	123270		real_295	-1
OLEO COMBUSTIVEL BPF A GRANEL	123274		real_295	-1
OLEO DE LINHACA [SINAPI 5333]	127784		real_295	12
OLEO DIESEL COMBUSTIVEL COMUM	123275		real_295	-1
OLEO LUBRIFICANTE PARA MOTORES DE EQUIPAMENTOS PESADOS (CAMINHOES, TRATORES, RETROS E ETC)	123276		real_295	7
OPERADOR DE BATE-ESTACAS	123278		real_295	26
OPERADOR DE BETONEIRA (CAMINHAO)	123280		real_295	26
OPERADOR DE BETONEIRA ESTACIONARIA / MISTURADOR	123282		real_295	26
OPERADOR DE COMPRESSOR DE AR OU COMPRESSORISTA	123284		real_295	26
OPERADOR DE DEMARCADORA DE FAIXAS DE TRAFEGO	123286		real_295	26
OPERADOR DE DEMARCADORA DE FAIXAS DE TRAFEGO HORISTA [SINAPI 44501]	126815		real_295	26
OPERADOR DE ESCAVADEIRA	123288		real_295	26
OPERADOR DE GUINCHO OU GUINCHEIRO	123290		real_295	26
OPERADOR DE GUINDASTE	123292		real_295	26
OPERADOR DE JATO ABRASIVO OU JATISTA	123294		real_295	26
OPERADOR DE MAQUINAS E TRATORES DIVERSOS (TERRAPLANAGEM)	123296		real_295	26
OPERADOR DE MAQUINAS E TRATORES DIVERSOS (TERRAPLANAGEM) (MENSALISTA)	123297		real_295	26
OPERADOR DE MARTELETE OU MARTELETEIRO	123298		real_295	26
OPERADOR DE MOTO SCRAPER	123300		real_295	26
OPERADOR DE MOTONIVELADORA	123302		real_295	26
OPERADOR DE PA CARREGADEIRA	123304		real_295	26
OPERADOR DE PAVIMENTADORA / MESA VIBROACABADORA	123306		real_295	26
OPERADOR DE PAVIMENTADORA / MESA VIBROACABADORA HORISTA [SINAPI 44500]	126816		real_295	26
OPERADOR DE ROLO COMPACTADOR	123308		real_295	26
OPERADOR DE TRATOR - EXCLUSIVE AGROPECUARIA	123310		real_295	26
OPERADOR DE TRATOR - EXCLUSIVE AGROPECUARIA (MENSALISTA)	123311		real_295	26
OPERADOR DE USINA DE ASFALTO, DE SOLOS OU DE CONCRETO	123312		real_295	26
OXIGENIO, RECARGA PARA CILINDRO DE CONJUNTO OXICORTE GRANDE	123314		real_295	6
PA CARREGADEIRA SOBRE RODAS, POTENCIA 152 HP, CAPACIDADE DA CACAMBA DE 1,53 A 2,30 M3, PESO OPERACIONAL MAXIMO DE 10216 KG	123319		real_295	10
PA CARREGADEIRA SOBRE RODAS, POTENCIA BRUTA *127* CV, CAPACIDADE DA CACAMBA DE 2,0 A 2,4 M3, PESO OPERACIONAL MAXIMO DE 10330 KG	123315		real_295	10
PA CARREGADEIRA SOBRE RODAS, POTENCIA LIQUIDA 213 HP, CAPACIDADE DA CACAMBA DE 1,9 A 3,5 M3, PESO OPERACIONAL MAXIMO DE 19234 KG	123318		real_295	10
PAINEL ESTRUTURAL PARA LAJE SECA REVESTIDO EM PLACA CIMENTICIA, DE 1,20 X 2,50 M, E = 55 MM	123327		real_295	17
PAR DE TABELAS DE BASQUETE EM COMPENSADO NAVAL DE *1,80 X 1,20* M, COM ARO DE METAL E REDE (SEM SUPORTE DE FIXACAO)	123333		real_295	-1
PARA-RAIOS DE BAIXA TENSAO, TENSAO DE OPERACAO *280* V , CORRENTE MAXIMA *20* KA [SINAPI 4272]	127785		real_295	-1
"PARAFUSO AUTO BROCANTE 12 X 7/8"" COM ARRUELA DE VEDACAO EPDM"	152271		real_295	1
PARAFUSO CHUMBADOR - PCH 1 DO TIPO ANDORINHA (EM Y) COM PORCA INCLUSA, *12 X 80 MM*	152272		real_295	1
"PARAFUSO DE ACO TIPO CHUMBADOR PARABOLT, DIAMETRO 1/2"", COMPRIMENTO 100 MM"	152273		real_295	1
"PARAFUSO DE ACO TIPO CHUMBADOR PARABOLT, DIAMETRO 1/2"", COMPRIMENTO 75 MM"	123338		real_295	1
"PARAFUSO DE ACO TIPO CHUMBADOR PARABOLT, DIAMETRO 3/8"", COMPRIMENTO 75 MM"	123339		real_295	1
"PARAFUSO DE ACO ZINCADO, TIPO CHUMBADOR PARABOLT, DIAMETRO 5/8"""	152274		real_295	1
"PARAFUSO DE FERRO POLIDO, SEXTAVADO, COM ROSCA INTEIRA, DIAMETRO 5/16"", COMPRIMENTO 3/4"", COM PORCA E ARRUELA LISA LEVE"	123343		real_295	1
PARAFUSO EM ACO INOX (TIPO ALLEN) M6 X 40 MM, COM CABECA BOLEADA / ABAULADA, SEXTAVADA INTERNA, COM ROSCA	152275		real_295	8
PARAFUSO FRANCES ZINCADO, DIAMETRO 1/2'', COMPRIMENTO 2'', COM PORCA E ARRUELA	123362		real_295	1
PARAFUSO M10, ACO CARBONO ZINCADO, CLASSE 5.8, SEXTAVADO, ROSCA INTEIRA, DIAMETRO 10 MM, COMPRIMENTO 30 MM	152276		real_295	1
PARAFUSO M16 EM ACO ZINCADO, CABECA SEXTAVADA, ROSCA INTEIRA, COMPRIMENTO 25 MM, DIAMETRO 16 MM	152277		real_295	1
PARAFUSO M16 INOX, CABECA SEXTAVADA, ROSCA INTEIRA, COMPRIMENTO 50 MM, DIAMETRO 16 MM	152278		real_295	1
PARAFUSO ROSCA MAQUINA, CABECA REDONDA COM FENDA SIMPLES, DIAMETRO *4,8* MM, COMPRIMENTO * 19 * MM, EM ACO CARBONO ZINCADO, COM PORCA E ARRUELA	152279		real_295	1
"PARAFUSO ROSCA SOBERBA ZINCADO CABECA CHATA FENDA SIMPLES 3,2 X 20 MM (3/4 "")"	123378		real_295	1
"PARAFUSO ROSCA SOBERBA ZINCADO CABECA CHATA FENDA SIMPLES 3,5 X 25 MM (1 "")"	123379		real_295	1
"PARAFUSO ROSCA SOBERBA ZINCADO CABECA CHATA FENDA SIMPLES 3,8 X 30 MM (1.1/4 "")"	123380		real_295	1
"PARAFUSO ROSCA SOBERBA ZINCADO CABECA CHATA FENDA SIMPLES 4,8 X 40 MM (1.1/2 "")"	123381		real_295	1
"PARAFUSO ROSCA SOBERBA ZINCADO CABECA CHATA FENDA SIMPLES 5,5 X 50 MM (2 "")"	123382		real_295	1
"PARAFUSO ROSCA SOBERBA ZINCADO CABECA CHATA FENDA SIMPLES 5,5 X 65 MM (2.1/2 "")"	123383		real_295	1
"PARAFUSO ZINCADO 5/16 "" X 250 MM PARA FIXACAO DE TELHA DE FIBROCIMENTO CANALETE 49, INCLUI BUCHA NYLON S-10"	123393		real_295	1
"PARAFUSO ZINCADO 5/16 "" X 85 MM PARA FIXACAO DE TELHA DE FIBROCIMENTO CANALETE 90, INCLUI BUCHA NYLON S-10"	123394		real_295	1
"PARAFUSO ZINCADO ROSCA SOBERBA 5/16 "" X 120 MM PARA TELHA FIBROCIMENTO"	123384		real_295	1
"PARAFUSO ZINCADO ROSCA SOBERBA, CABECA SEXTAVADA, 5/16 "" X 110 MM, PARA FIXACAO DE TELHA EM MADEIRA"	123385		real_295	1
"PARAFUSO ZINCADO ROSCA SOBERBA, CABECA SEXTAVADA, 5/16 "" X 150 MM, PARA FIXACAO DE TELHA EM MADEIRA"	123386		real_295	1
"PARAFUSO ZINCADO ROSCA SOBERBA, CABECA SEXTAVADA, 5/16 "" X 180 MM, PARA FIXACAO DE TELHA EM MADEIRA"	123387		real_295	1
"PARAFUSO ZINCADO ROSCA SOBERBA, CABECA SEXTAVADA, 5/16 "" X 200 MM, PARA FIXACAO DE TELHA EM MADEIRA"	123388		real_295	1
"PARAFUSO ZINCADO ROSCA SOBERBA, CABECA SEXTAVADA, 5/16 "" X 230 MM, PARA FIXACAO DE TELHA EM MADEIRA"	123389		real_295	1
"PARAFUSO ZINCADO ROSCA SOBERBA, CABECA SEXTAVADA, 5/16 "" X 250 MM, PARA FIXACAO DE TELHA EM MADEIRA"	123390		real_295	1
"PARAFUSO ZINCADO ROSCA SOBERBA, CABECA SEXTAVADA, 5/16 "" X 50 MM, PARA FIXACAO DE TELHA EM MADEIRA"	123391		real_295	1
"PARAFUSO ZINCADO ROSCA SOBERBA, CABECA SEXTAVADA, 5/16 "" X 85 MM, PARA FIXACAO DE TELHA EM MADEIRA"	123392		real_295	1
"PARAFUSO ZINCADO, SEXTAVADO, COM ROSCA SOBERBA, DIAMETRO 3/8"", COMPRIMENTO 80 MM"	123400		real_295	1
"PARAFUSO, ASTM A307 - GRAU A, SEXTAVADO, ZINCADO, DIAMETRO 3/8"" (9,52 MM), COMPRIMENTO 1 "" (25,4 MM)"	123404		real_295	1
PARAFUSO, AUTO ATARRACHANTE, CABECA CHATA, FENDA SIMPLES, 1/4 (6,35 MM) X 25 MM	123405		real_295	1
"PARAFUSO, EM ACO ZINCADO, CABECA LENTILHA AUTO TRAVANTE DIAMETRO 5/16"" X 1"" COM PORCA"	152280		real_295	1
PASTA DESENGRAXANTE PARA MAOS [SINAPI 38397]	127786		real_295	-1
PASTA LUBRIFICANTE PARA TUBOS E CONEXOES COM JUNTA ELASTICA (USO EM PVC, ACO, POLIETILENO E OUTROS) ( DE *400* G)	123408		real_295	32
PASTA LUBRIFICANTE PARA TUBOS E CONEXOES COM JUNTA ELASTICA (USO EM PVC, ACO, POLIETILENO E OUTROS) (POTE DE 3.500* G) [SINAPI 20079]	127787		real_295	32
PASTA VEDA JUNTAS/ROSCA, LATA DE *500* G, PARA INSTALACOES DE GAS E OUTROS	123410		real_295	-1
PASTILHA DE VIDRO CRISTAL, NACIONAL, REVEST INT/EXT E PISCINA, TODAS AS CORES, E MAIOR OU IGUAL A 5 MM *2,0 X 2,0* CM [SINAPI 34754]	127788		real_295	-1
PASTILHA DE VIDRO PIGMENTADA *2,0 X 2,0* CM, NACIONAL, PARA REVESTIMENTO INTERNO/EXTERNO E PISCINA, BRANCA OU CORES FRIAS, ESPESSURA MAIOR OU IGUAL A 5 MM [SINAPI 25962]	127789		real_295	-1
PASTILHA DE VIDRO PIGMENTADA, NACIONAL, REVEST INT/EXT E PISCINA, CORES QUENTES, ESPESSURA MAIOR OU IGUAL A 5 MM *2,0 X 2,0* CM [SINAPI 34752]	127790		real_295	-1
PASTILHEIRO	123415		real_295	0
PATCH CORD, CATEGORIA 5 E, EXTENSAO DE 1,50 M	123417		real_295	-1
PATCH CORD, CATEGORIA 5 E, EXTENSAO DE 2,50 M	123418		real_295	-1
PATCH CORD, CATEGORIA 6, EXTENSAO DE 1,50 M	123419		real_295	85
PATCH CORD, CATEGORIA 6, EXTENSAO DE 2,50 M	123420		real_295	85
"PATCH PANEL, 24 PORTAS, CATEGORIA 5E, COM RACKS DE 19"" E 1 U DE ALTURA"	123421		real_295	30
"PATCH PANEL, 24 PORTAS, CATEGORIA 6, COM RACKS DE 19"" E 1 U DE ALTURA"	123422		real_295	30
"PATCH PANEL, 48 PORTAS, CATEGORIA 5E, COM RACKS DE 19"" E 2 U DE ALTURA"	123423		real_295	30
"PATCH PANEL, 48 PORTAS, CATEGORIA 6, COM RACKS DE 19"" E 2 U DE ALTURA"	123424		real_295	30
PEDRA BRITADA GRADUADA, CLASSIFICADA (POSTO PEDREIRA/FORNECEDOR, SEM FRETE)	123428		real_295	-1
PEDRA BRITADA N. 4 (50 A 76 MM) POSTO PEDREIRA/FORNECEDOR, SEM FRETE	123433		real_295	87
PEDRA BRITADA N. 5 (76 A 100 MM) POSTO PEDREIRA/FORNECEDOR, SEM FRETE	123434		real_295	87
PEDRA BRITADA OU BICA CORRIDA, NAO CLASSIFICADA (POSTO PEDREIRA/FORNECEDOR, SEM FRETE)	123435		real_295	-1
PEDREGULHO OU PICARRA DE JAZIDA, AO NATURAL, PARA BASE DE PAVIMENTACAO (RETIRADO NA JAZIDA, SEM TRANSPORTE)	123443		real_295	-1
PEDREIRO	123444		real_295	0
"PERFIL ""H"" DE ACO LAMINADO, ""HP"" 250 X 62,0"	123454		real_295	50
"PERFIL ""H"" DE ACO LAMINADO, ""HP"" 310 X 79,0"	123455		real_295	50
"PERFIL ""H"" DE ACO LAMINADO, ""W"" 200 X 35,9"	123456		real_295	50
"PERFIL ""I"" DE ACO LAMINADO, ABAS INCLINADAS, ""I"" 102 X 12,7"	123457		real_295	50
"PERFIL ""I"" DE ACO LAMINADO, ABAS INCLINADAS, ""I"" 152 X 22"	123458		real_295	50
"PERFIL ""I"" DE ACO LAMINADO, ABAS INCLINADAS, ""I"" 203 X 34,3"	123459		real_295	50
"PERFIL ""I"" DE ACO LAMINADO, ABAS PARALELAS, ""W"", QUALQUER BITOLA"	123460		real_295	50
"PERFIL ""U"" DE ACO LAMINADO, ""U"" 102 X 9,3"	123461		real_295	50
"PERFIL ""U"" DE ACO LAMINADO, ""U"" 152 X 15,6"	123462		real_295	50
"PERFIL ""U"" EM CHAPA ACO DOBRADA, E = 3,04 MM, H = 20 CM, ABAS = 5 CM (4,47 KG/M)"	123463		real_295	-1
"PERFIL ""U"" ENRIJECIDO DE ACO GALVANIZADO, DOBRADO, 150 X 60 X 20 MM, E = 3,00 MM OU 200 X 75 X 25 MM, E = 3,75 MM"	123464		real_295	-1
"PERFIL ""U"" SIMPLES DE ACO GALVANIZADO DOBRADO 75 X *40* MM, E = 2,65 MM"	123465		real_295	-1
PERFIL LONGARINA (PRINCIPAL), T CLICADO, EM ACO, BRANCO, PARA FORRO REMOVIVEL, 24 X 3750 MM (L X C)	123477		real_295	47
PERFIL TRAVESSA (SECUNDARIO), T CLICADO, EM ACO GALVANIZADO , BRANCO, PARA FORRO REMOVIVEL, 24 X 1250 MM (L X C)	123485		real_295	47
"PERFIL U DE ABAS IGUAIS, EM ALUMINIO, 1/2"" (1,27 X 1,27 CM), PARA PORTA OU JANELA DE CORRER"	123487		real_295	13
"PERFIL UDC (""U"" DOBRADO DE CHAPA) SIMPLES DE ACO LAMINADO, GALVANIZADO, ASTM A36, 127 X 50 MM, E= 3 MM"	123488		real_295	-1
"PERFURATRIZ MANUAL, TORQUE MAXIMO 55 KGF.M, POTENCIA 5 CV, COM DIAMETRO MAXIMO 8 1/2"" (INCLUI SUPORTE/CHASSI TIPO MESA)"	123495		real_295	10
"PERFURATRIZ MANUAL, TORQUE MAXIMO 83 N.M, POTENCIA 5 CV, COM DIAMETRO MAXIMO 4"" (NAO INCLUI SUPORTE / CHASSI)"	123496		real_295	10
PERFURATRIZ PNEUMATICA MANUAL DE PESO MEDIO, 18KG, COMPRIMENTO DE CURSO DE 6 M, DIAMETRO DO PISTAO DE 5,5 CM	123498		real_295	-1
PERFURATRIZ ROTATIVA SOBRE ESTEIRA, TORQUE MAXIMO 2500 KGM, POTENCIA 110 HP, MOTOR DIESEL (COLETADO CAIXA) [SINAPI 42002]	127791		real_295	7
PIGMENTO EM PO PARA ARGAMASSAS, CIMENTOS E OUTROS [SINAPI 5327]	127792		real_295	12
PILAR QUADRADO NAO APARELHADO *10 X 10* CM, EM MACARANDUBA, ANGELIM OU EQUIVALENTE DA REGIAO - BRUTA	123502		real_295	3
PILAR QUADRADO NAO APARELHADO *15 X 15* CM, EM MACARANDUBA, ANGELIM OU EQUIVALENTE DA REGIAO - BRUTA	123503		real_295	3
PILAR QUADRADO NAO APARELHADO *20 X 20* CM, EM MACARANDUBA, ANGELIM OU EQUIVALENTE DA REGIAO - BRUTA	123504		real_295	3
"PINCEL CHATO (TRINCHA) CERDAS GRIS 1.1/2 "" (38 MM)"	123505		real_295	2
"PINO DE ACO COM ROSCA 1/4 "", COMPRIMENTO DA HASTE = 30 MM E ROSCA = 20 MM (ACAO DIRETA)"	123509		real_295	-1
"PINO DE ACO LISO 1/4 "", HASTE = *36,5* MM (ACAO DIRETA)"	123510		real_295	-1
"PINO DE ACO LISO 1/4 "", HASTE = *53* MM (ACAO DIRETA)"	123511		real_295	-1
PINTOR	123515		real_295	-1
PINTOR DE LETREIROS	123517		real_295	-1
PINTOR PARA TINTA EPOXI	123519		real_295	-1
PISO ELEVADO COM 2 PLACAS DE ACO COM ENCHIMENTO DE CONCRETO CELULAR, INCLUSO BASE/HASTE/CRUZETAS, 60 X 60 CM, H = *28* CM, RESISTENCIA CARGA CONCENTRADA 496 KG (COM COLOCACAO)	123526		real_295	62
PISO EM CERAMICA ESMALTADA EXTRA, PEI MAIOR OU IGUAL A 4, FORMATO MAIOR QUE 2025 CM2	123527		real_295	-1
PISO EM CERAMICA ESMALTADA EXTRA, PEI MAIOR OU IGUAL A 4, FORMATO MENOR OU IGUAL A 2025 CM2	123528		real_295	-1
PISO EM CERAMICA ESMALTADA, COMERCIAL (PADRAO POPULAR), PEI MAIOR OU IGUAL A 3, FORMATO MENOR OU IGUAL A 2025 CM2	123529		real_295	-1
PISO EM GRANITO, POLIDO, TIPO MARFIM, DALLAS, CARAVELAS OU OUTROS EQUIVALENTES DA REGIAO, FORMATO MENOR OU IGUAL A 3025 CM2, E= *2* CM	123533		real_295	24
PISO EM GRANITO, POLIDO, TIPO MARFIM, DALLAS, CARAVELAS OU OUTROS EQUIVALENTES DA REGIAO, FORMATO MENOR OU IGUAL A 3025 CM2, E= *2*CM [SINAPI 44540]	126817		real_295	24
PISO EM PORCELANATO RETIFICADO EXTRA, FORMATO MENOR OU IGUAL A 2025 CM2	123535		real_295	-1
PISO PODOTATIL DE CONCRETO - DIRECIONAL E ALERTA, *40 X 40 X 2,5* CM	123544		real_295	2
PISO PORCELANATO, BORDA RETA, EXTRA, FORMATO MAIOR QUE 2025 CM2	123545		real_295	-1
PISO URETANO, VERSAO REVESTIMENTO AUTONIVELANTE, ESPESSURA VARIÁVEL DE 3 A 4 MM (INCLUSO EXECUCAO)	123550		real_295	-1
PISO/ REVESTIMENTO EM GRANITO, POLIDO, TIPO ANDORINHA/ QUARTZ/ CASTELO/ CORUMBA OU OUTROS EQUIVALENTES DA REGIAO, FORMATO MAIOR OU IGUAL A 3025 CM2, E = *2* CM	123551		real_295	24
PISO/ REVESTIMENTO EM GRANITO, POLIDO, TIPO ANDORINHA/ QUARTZ/ CASTELO/ CORUMBA OU OUTROS EQUIVALENTES DA REGIAO, FORMATO MAIOR OU IGUAL A 3025 CM2, E = *2*CM [SINAPI 44541]	126818		real_295	24
PLACA / CHAPA DE GESSO ACARTONADO, RESISTENTE A UMIDADE (RU), COR VERDE, E = 15 MM, 1200 X 2400 MM (L X C) [SINAPI 43742]	126819		real_295	-1
PLACA / CHAPA DE GESSO ACARTONADO, RESISTENTE AO FOGO (RF), COR ROSA, E = 15 MM, 1200 X 2400 MM (L X C) [SINAPI 43740]	126820		real_295	-1
PLACA / CHAPA DE GESSO ACARTONADO, STANDARD (ST), COR BRANCA, E = 15 MM, 1200 X 2400 MM (L X C) [SINAPI 43741]	126821		real_295	-1
PLACA CIMENTICIA LISA E = 10 MM, DE 1,20 X 3,00 M (SEM AMIANTO)	123562		real_295	-1
PLACA CIMENTICIA LISA E = 6 MM, DE 1,20 X 3,00 M (SEM AMIANTO)	123563		real_295	-1
PLACA DE OBRA (PARA CONSTRUCAO CIVIL) EM CHAPA GALVANIZADA *N. 22*, ADESIVADA, DE *2,0 X 1,125* M	123572		real_295	-1
PLACA ORIENTATIVA SOBRE EXERCÍCIOS, 2,00M X 1,00M, EM TUBO DE ACO CARBONO, PINTURA NO PROCESSO ELETROSTATICO - PARA ACADEMIA AO AR LIVRE / ACADEMIA DA TERCEIRA IDADE - ATI	123584		real_295	-1
PLACA/PISO DE CONCRETO POROSO/ PAVIMENTO PERMEAVEL/BLOCO DRENANTE DE CONCRETO, 40 CM X 40 CM, E = 6 CM, COR NATURAL	123587		real_295	62
PLUG PVC P/ ESG PREDIAL 100MM	123599		real_295	58
PLUG PVC P/ ESG PREDIAL 50MM	123600		real_295	58
PLUG PVC P/ ESG PREDIAL 75MM	123598		real_295	58
"PLUG PVC ROSCAVEL, 1/2"", AGUA FRIA PREDIAL (NBR 5648)"	123601		real_295	-1
PLUG PVC, JE, DN 100 MM, PARA REDE COLETORA ESGOTO (NBR 10569)	123602		real_295	5
PLUG PVC, JE, DN 150 MM, PARA REDE COLETORA ESGOTO (NBR 10569)	123603		real_295	5
PLUG PVC, JE, DN 200 MM, PARA REDE COLETORA ESGOTO (NBR 10569)	123604		real_295	5
PLUG PVC, JE, DN 250 MM, PARA REDE COLETORA ESGOTO (NBR 10569)	123605		real_295	5
PLUG PVC, JE, DN 350 MM, PARA REDE COLETORA ESGOTO (NBR 10569)	123606		real_295	5
"PLUG PVC, ROSCAVEL 1"", PARA AGUA FRIA PREDIAL"	123607		real_295	-1
"PLUG PVC, ROSCAVEL 3/4"", PARA AGUA FRIA PREDIAL"	123608		real_295	-1
"PLUG PVC, ROSCAVEL, 1 1/2"", AGUA FRIA PREDIAL"	123609		real_295	-1
"PLUG PVC, ROSCAVEL, 1 1/4"", AGUA FRIA PREDIAL"	123610		real_295	-1
"PLUG PVC, ROSCAVEL, 2"", AGUA FRIA PREDIAL"	123611		real_295	-1
PO DE MARMORE (POSTO PEDREIRA/FORNECEDOR, SEM FRETE)	123612		real_295	-1
POCEIRO / ESCAVADOR DE VALAS E TUBULOES	123614		real_295	-1
PONTALETE ROLIÇO SEM TRATAMENTO, D = 8 A 11 CM, H = 3 M, EM EUCALIPTO OU EQUIVALENTE DA REGIAO - BRUTA (PARA ESCORAMENTO)	123624		real_295	17
PONTALETE ROLIÇO SEM TRATAMENTO, D = 8 A 11 CM, H = 6 M, EM EUCALIPTO OU EQUIVALENTE DA REGIAO - BRUTA (PARA ESCORAMENTO)	123625		real_295	17
PONTEIRO PARA MARTELO ROMPEDOR, DIAMETRO = *28* MM, COMPRIMENTO = *520* MM, ENCAIXE SEXTAVADO [SINAPI 44496]	126822		real_295	-1
"PORCA UNIAO/JUNCAO ZINCADA SEXTAVADA 1/4 "", CHAVE 7/16 "", COMPRIMENTO = 25 MM"	123629		real_295	47
PORTA CORTA-FOGO PARA SAIDA DE EMERGENCIA, COM FECHADURA, VAO LUZ DE 90 X 210 CM, CLASSE P-90 (NBR 11742)	123639		real_295	14
PORTA DE ABRIR EM ACO COM DIVISAO HORIZONTAL PARA VIDROS, COM FUNDO ANTICORROSIVO/PRIMER DE PROTECAO, SEM GUARNICAO/ALIZAR/VISTA, VIDROS NAO INCLUSOS, 87 X 210 CM	123647		real_295	-1
PORTA DE ABRIR EM ACO TIPO VENEZIANA, COM FUNDO ANTICORROSIVO / PRIMER DE PROTECAO, SEM GUARNICAO/ALIZAR/VISTA, 87 X 210 CM	123648		real_295	-1
PORTA DE ABRIR EM ALUMINIO COM DIVISAO HORIZONTAL PARA VIDROS, ACABAMENTO ANODIZADO NATURAL, VIDROS INCLUSOS, SEM GUARNICAO/ALIZAR/VISTA , 87 X 210 CM	123649		real_295	13
PORTA DE ABRIR EM ALUMINIO TIPO VENEZIANA, ACABAMENTO ANODIZADO NATURAL, SEM GUARNICAO/ALIZAR/VISTA, 87 X 210 CM	123652		real_295	13
"PORTA DE ABRIR EM GRADIL COM BARRA CHATA 3 CM X 1/4"", COM REQUADRO E GUARNICAO - COMPLETO - ACABAMENTO NATURAL"	123653		real_295	6
"PORTA DE ENROLAR MANUAL COMPLETA, PERFIL MEIA CANA CEGA, EM ACO GALVANIZADO COM PINTURA ELETROSTATICA, CHAPA NUMERO 24 "" (SEM INSTALACAO)"	123656		real_295	-1
PORTA DE MADEIRA, FOLHA LEVE (NBR 15930), E = 35 MM, NUCLEO COLMEIA, CAPA LISA EM HDF, ACABAMENTO MELAMINICO EM PADRAO MADEIRA [SINAPI 11367]	127657		real_295	61
PORTA DE MADEIRA, FOLHA MEDIA (NBR 15930), E = 35 MM, NUCLEO SARRAFEADO, CAPA FRISADA EM HDF, ACABAMENTO MELAMINICO EM PADRAO MADEIRA [SINAPI 4958]	127793		real_295	41
PORTA DE MADEIRA-DE-LEI TIPO MEXICANA SEM EMENDA (ANGELIM OU EQUIVALENTE REGIONAL), E = *3,5* CM	123662		real_295	24
PORTA DENTE PARA FRESADORA [SINAPI 44471]	126823		real_295	12
"PORTA GRADE DE ENROLAR MANUAL COMPLETA, PERFIL TUBULAR TIJOLINHO 3/4 "", EM ACO GALVANIZADO NATURAL (SEM INSTALACAO)"	123679		real_295	-1
PORTAO BASCULANTE MANUAL EM ACO GALVANIZADO NATURAL, TIPO LAMBRIL COM REQUADRO/BATENTE, CHAPA NUMERO 26, INCLUI FECHADURA (SEM INSTALACAO)	123683		real_295	-1
PORTAO BASCULANTE, MANUAL, EM CHAPA TIPO LAMBRIL QUADRADO, COM REQUADRO, ACABAMENTO NATURAL	123684		real_295	6
"PORTAO DE ABRIR EM GRADIL DE METALON REDONDO DE 3/4"" VERTICAL, COM REQUADRO, ACABAMENTO NATURAL - COMPLETO"	123685		real_295	6
PORTINHOLA DE ABRIR EM ALUMINIO DE 60 X 80 CM, VENEZIANA VENTILADA 1 FOLHA, ACABAMENTO ANODIZADO NATURAL [SINAPI 37585]	127794		real_295	13
POSTE CONICO CONTINUO EM ACO GALVANIZADO, CURVO, BRACO DUPLO, ENGASTADO, H = 9 M, DIAMETRO INFERIOR = *135* MM	123688		real_295	-1
POSTE CONICO CONTINUO EM ACO GALVANIZADO, RETO, FLANGEADO, H = 6 M, DIAMETRO INFERIOR = *90* CM [SINAPI 12378]	127795		real_295	-1
POSTE DE CONCRETO ARMADO DE SECAO CIRCULAR, EXTENSAO DE 13,00 M, RESISTENCIA DE 1000 DAN, TIPO C-23 [SINAPI 41180]	126824		real_295	55
POSTE DE CONCRETO ARMADO DE SECAO CIRCULAR, EXTENSAO DE 13,00 M, RESISTENCIA DE 1500 DAN, TIPO C-29 [SINAPI 41181]	126825		real_295	55
POSTE DE CONCRETO ARMADO DE SECAO CIRCULAR, EXTENSAO DE 13,00 M, RESISTENCIA DE 2000 DAN, TIPO C-29 [SINAPI 41182]	126826		real_295	55
POSTE DE CONCRETO ARMADO DE SECAO CIRCULAR, EXTENSAO DE 13,00 M, RESISTENCIA DE 2500 DAN, TIPO C-29 [SINAPI 41183]	126827		real_295	55
POSTE DE CONCRETO ARMADO DE SECAO CIRCULAR, EXTENSAO DE 13,00 M, RESISTENCIA DE 3000 DAN, TIPO C-29 [SINAPI 41184]	126828		real_295	55
POSTE DE CONCRETO ARMADO DE SECAO CIRCULAR, EXTENSAO DE 14,00 M, RESISTENCIA DE 1000 DAN, TIPO C-23 [SINAPI 41185]	126829		real_295	55
POSTE DE CONCRETO ARMADO DE SECAO CIRCULAR, EXTENSAO DE 14,00 M, RESISTENCIA DE 1500 DAN, TIPO C-29 [SINAPI 41186]	126830		real_295	55
POSTE DE CONCRETO ARMADO DE SECAO CIRCULAR, EXTENSAO DE 14,00 M, RESISTENCIA DE 2000 DAN, TIPO C-29 [SINAPI 41187]	126831		real_295	55
POSTE DE CONCRETO ARMADO DE SECAO CIRCULAR, EXTENSAO DE 14,00 M, RESISTENCIA DE 2500 DAN, TIPO C-29 [SINAPI 41188]	126832		real_295	55
POSTE DE CONCRETO ARMADO DE SECAO CIRCULAR, EXTENSAO DE 14,00 M, RESISTENCIA DE 3000 DAN, TIPO C-29 [SINAPI 41189]	126833		real_295	55
POSTE DE CONCRETO ARMADO DE SECAO CIRCULAR, EXTENSAO DE 15,00 M, RESISTENCIA DE 1000 DAN, TIPO C-23 [SINAPI 41190]	126834		real_295	55
POSTE DE CONCRETO ARMADO DE SECAO CIRCULAR, EXTENSAO DE 15,00 M, RESISTENCIA DE 1500 DAN, TIPO C-29 [SINAPI 41191]	126835		real_295	55
POSTE DE CONCRETO ARMADO DE SECAO CIRCULAR, EXTENSAO DE 15,00 M, RESISTENCIA DE 2000 DAN, TIPO C-29 [SINAPI 41192]	126836		real_295	55
POSTE DE CONCRETO ARMADO DE SECAO CIRCULAR, EXTENSAO DE 15,00 M, RESISTENCIA DE 2500 DAN, TIPO C-29 [SINAPI 41193]	126837		real_295	55
POSTE DE CONCRETO ARMADO DE SECAO CIRCULAR, EXTENSAO DE 15,00 M, RESISTENCIA DE 3000 DAN, TIPO C-29 [SINAPI 41194]	126838		real_295	55
POSTE DE CONCRETO ARMADO DE SECAO DUPLO T, EXTENSAO DE 10,00 M, RESISTENCIA DE 1000 DAN, TIPO B-1,5 [SINAPI 41201]	126839		real_295	90
POSTE DE CONCRETO ARMADO DE SECAO DUPLO T, EXTENSAO DE 10,00 M, RESISTENCIA DE 150 DAN, TIPO D [SINAPI 41199]	126840		real_295	81
POSTE DE CONCRETO ARMADO DE SECAO DUPLO T, EXTENSAO DE 10,00 M, RESISTENCIA DE 600 DAN, TIPO B [SINAPI 41200]	126841		real_295	81
POSTE DE CONCRETO ARMADO DE SECAO DUPLO T, EXTENSAO DE 11,00 M, RESISTENCIA DE 1000 DAN, TIPO B-1,5 [SINAPI 41205]	126842		real_295	90
POSTE DE CONCRETO ARMADO DE SECAO DUPLO T, EXTENSAO DE 11,00 M, RESISTENCIA DE 150 DAN, TIPO D [SINAPI 41202]	126843		real_295	81
POSTE DE CONCRETO ARMADO DE SECAO DUPLO T, EXTENSAO DE 11,00 M, RESISTENCIA DE 1500 DAN, TIPO B-3,0 [SINAPI 41206]	126844		real_295	90
POSTE DE CONCRETO ARMADO DE SECAO DUPLO T, EXTENSAO DE 11,00 M, RESISTENCIA DE 2000 DAN, TIPO B-4,5 [SINAPI 41207]	126845		real_295	90
POSTE DE CONCRETO ARMADO DE SECAO DUPLO T, EXTENSAO DE 11,00 M, RESISTENCIA DE 300 DAN, TIPO B [SINAPI 41203]	126846		real_295	81
POSTE DE CONCRETO ARMADO DE SECAO DUPLO T, EXTENSAO DE 11,00 M, RESISTENCIA DE 600 DAN, TIPO B [SINAPI 41204]	126847		real_295	81
POSTE DE CONCRETO ARMADO DE SECAO DUPLO T, EXTENSAO DE 12,00 M, RESISTENCIA DE 1000 DAN, TIPO B-1,5 [SINAPI 41210]	126848		real_295	90
POSTE DE CONCRETO ARMADO DE SECAO DUPLO T, EXTENSAO DE 12,00 M, RESISTENCIA DE 150 DAN, TIPO D [SINAPI 41208]	126849		real_295	81
POSTE DE CONCRETO ARMADO DE SECAO DUPLO T, EXTENSAO DE 12,00 M, RESISTENCIA DE 1500 DAN, TIPO B-3,0 [SINAPI 41211]	126850		real_295	90
POSTE DE CONCRETO ARMADO DE SECAO DUPLO T, EXTENSAO DE 12,00 M, RESISTENCIA DE 3000 DAN, TIPO B-6,0 [SINAPI 41213]	126851		real_295	90
POSTE DE CONCRETO ARMADO DE SECAO DUPLO T, EXTENSAO DE 12,00 M, RESISTENCIA DE 600 DAN, TIPO B [SINAPI 41209]	126852		real_295	81
POSTE DE CONCRETO ARMADO DE SECAO DUPLO T, EXTENSAO DE 13,00 M, RESISTENCIA DE 1000 DAN, TIPO B-1,5 [SINAPI 41216]	126853		real_295	90
POSTE DE CONCRETO ARMADO DE SECAO DUPLO T, EXTENSAO DE 13,00 M, RESISTENCIA DE 1500 DAN, TIPO B-3,0 [SINAPI 41217]	126854		real_295	90
POSTE DE CONCRETO ARMADO DE SECAO DUPLO T, EXTENSAO DE 13,00 M, RESISTENCIA DE 2000 DAN, TIPO B-4,5 [SINAPI 41218]	126855		real_295	90
POSTE DE CONCRETO ARMADO DE SECAO DUPLO T, EXTENSAO DE 13,00 M, RESISTENCIA DE 300 DAN, TIPO B [SINAPI 41214]	126856		real_295	81
POSTE DE CONCRETO ARMADO DE SECAO DUPLO T, EXTENSAO DE 13,00 M, RESISTENCIA DE 600 DAN, TIPO B [SINAPI 41215]	126857		real_295	81
POSTE DE CONCRETO ARMADO DE SECAO DUPLO T, EXTENSAO DE 15,00 M, RESISTENCIA DE 1500 DAN, TIPO B-3,0 [SINAPI 41221]	126858		real_295	90
POSTE DE CONCRETO ARMADO DE SECAO DUPLO T, EXTENSAO DE 15,00 M, RESISTENCIA DE 2000 DAN, TIPO B-4,5 [SINAPI 41222]	126859		real_295	90
POSTE DE CONCRETO ARMADO DE SECAO DUPLO T, EXTENSAO DE 8,00 M, RESISTENCIA DE 150 DAN, TIPO D [SINAPI 41195]	126860		real_295	81
POSTE DE CONCRETO ARMADO DE SECAO DUPLO T, EXTENSAO DE 9,00 M, RESISTENCIA DE 1000 DAN, TIPO B-1,5 [SINAPI 41198]	126861		real_295	90
POSTE DE CONCRETO ARMADO DE SECAO DUPLO T, EXTENSAO DE 9,00 M, RESISTENCIA DE 150 DAN, TIPO D [SINAPI 41196]	126862		real_295	81
POSTE DE CONCRETO ARMADO DE SECAO DUPLO T, EXTENSAO DE 9,00 M, RESISTENCIA DE 600 DAN, TIPO B [SINAPI 41197]	126863		real_295	81
POSTE DE CONCRETO CIRCULAR, 150 KG, H = 10 M (NBR 8451)	123696		real_295	88
POSTE DE CONCRETO CIRCULAR, 200 KG, H = 11 M (NBR 8451)	123697		real_295	88
POSTE DE CONCRETO CIRCULAR, 200 KG, H = 9 M (NBR 8451)	123698		real_295	88
POSTE DE CONCRETO CIRCULAR, 300 KG, H = 11 M (NBR 8451)	123699		real_295	88
POSTE DE CONCRETO CIRCULAR, 300 KG, H = 9 M (NBR 8451)	123700		real_295	88
POSTE DE CONCRETO CIRCULAR, 400 KG, H = 11 M (NBR 8451)	123701		real_295	88
POSTE DE CONCRETO CIRCULAR, 400 KG, H = 14 M (NBR 8451)	123702		real_295	88
POSTE DE CONCRETO CIRCULAR, 400 KG, H = 9 M (NBR 8451)	123703		real_295	88
POSTE DE CONCRETO CIRCULAR, 600 KG, H = 10 M (NBR 8451) [SINAPI 5034]	127796		real_295	88
POSTE DE CONCRETO DUPLO T ,TIPO B, 500 KG, H = 9 M (NBR 8451) [SINAPI 5056]	127797		real_295	88
POSTE DE CONCRETO DUPLO T, 200 KG, H = 11 M (NBR 8451)	123707		real_295	88
POSTE DE CONCRETO DUPLO T, 300 KG, H = 12 M (NBR 8451)	123708		real_295	88
POSTE DE CONCRETO DUPLO T, 400 KG,H = 12 M (NBR 8451)	123709		real_295	88
POSTE DE CONCRETO DUPLO T, TIPO B, 300 KG, H = 10 M (NBR 8451)	123704		real_295	88
POSTE DE CONCRETO DUPLO T, TIPO B, 300 KG, H = 9 M (NBR 8451)	123705		real_295	88
POSTE DE CONCRETO DUPLO T, TIPO D, 200 KG, H = 9 M (NBR 8451)	123706		real_295	88
POSTE PADRAO SUBTERRANEO 100 A, H = 2,5 M	123711		real_295	88
POSTE PADRAO SUBTERRANEO 200 A, H = 2,5 M	123712		real_295	88
POSTES METALICOS AUTOPORTANTES, CONICO OU TELESCOPICO, PARA SPDA, ALTURA 10 METROS LIVRES [SINAPI 41457]	126864		real_295	-1
POSTES METALICOS AUTOPORTANTES, CONICO OU TELESCOPICO, PARA SPDA, ALTURA 12 METROS LIVRES [SINAPI 41458]	126865		real_295	-1
POSTES METALICOS AUTOPORTANTES, CONICO OU TELESCOPICO, PARA SPDA, ALTURA 15 METROS LIVRES [SINAPI 41459]	126866		real_295	-1
POSTES METALICOS AUTOPORTANTES, CONICO OU TELESCOPICO, PARA SPDA, ALTURA 20 METROS LIVRES [SINAPI 41461]	126867		real_295	-1
POZOLANA DE CLASSE C [SINAPI 44537]	126868		real_295	-1
PRANCHA APARELHADA *4 X 30* CM, EM MACARANDUBA, ANGELIM OU EQUIVALENTE DA REGIAO	123715		real_295	3
PRANCHA NAO APARELHADA *6 X 25* CM, EM MACARANDUBA, ANGELIM OU EQUIVALENTE DA REGIAO - BRUTA	123716		real_295	3
PRANCHA NAO APARELHADA *6 X 30* CM, EM MACARANDUBA, ANGELIM OU EQUIVALENTE DA REGIAO - BRUTA	123717		real_295	3
PRANCHA NAO APARELHADA *6 X 40* CM, EM MACARANDUBA, ANGELIM OU EQUIVALENTE DA REGIAO - BRUTA	123718		real_295	3
PRANCHAO APARELHADO *7,5 X 23* CM, EM MACARANDUBA, ANGELIM OU EQUIVALENTE DA REGIAO	123720		real_295	3
PRANCHAO APARELHADO *8 X 30* CM, EM MACARANDUBA, ANGELIM OU EQUIVALENTE DA REGIAO	123719		real_295	3
PRANCHAO NAO APARELHADO *7,5 X 23* CM, EM MACARANDUBA, ANGELIM OU EQUIVALENTE DA REGIAO - BRUTA	123721		real_295	3
PRANCHAO NAO APARELHADO *8 X 30* CM, EM MACARANDUBA, ANGELIM OU EQUIVALENTE DA REGIAO - BRUTA	123722		real_295	3
PRIMER DE POLIURETANO [SINAPI 44074]	126869		real_295	12
PRIMER EPOXI	123744		real_295	-1
PRIMER EPOXI / EPOXIDICO [SINAPI 44072]	126870		real_295	-1
PRIMER UNIVERSAL, FUNDO ANTICORROSIVO TIPO ZARCAO [SINAPI 11174]	127798		real_295	-1
PROJETOR PNEUMATICO DE ARGAMASSA PARA CHAPISCO E REBOCO COM RECIPIENTE ACOPLADO, TIPO CANEQUNHA, COM VOLUME DE 1,50 L, SEM COMPRESSOR	123748		real_295	122
PROJETOR RETANGULAR FECHADO PARA LAMPADA VAPOR DE MERCURIO/SODIO 250 W A 500 W, CABECEIRAS EM ALUMINIO FUNDIDO, CORPO EM ALUMINIO ANODIZADO, PARA LAMPADA E40 FECHAMENTO EM VIDRO TEMPERADO.	123749		real_295	-1
PROLONGADOR/EXTENSOR PARA ROLO DE PINTURA 3 M	123750		real_295	-1
PROLONGAMENTO PVC PARA CAIXA SIFONADA 100 MM X 100 MM (NBR 5688) [SINAPI 11733]	127799		real_295	44
PROLONGAMENTO PVC PARA CAIXA SIFONADA 100 MM X 200 MM (NBR 5688)	123751		real_295	44
PROLONGAMENTO PVC PARA CAIXA SIFONADA, 100 MM X 150 MM (NBR 5688) [SINAPI 11734]	127800		real_295	44
PROLONGAMENTO PVC PARA CAIXA SIFONADA, 150 MM X 150 MM (NBR 5688)	123752		real_295	44
PROLONGAMENTO PVC PARA CAIXA SIFONADA, 150 MM X 200 MM (NBR 5688)	123753		real_295	44
PRUMO DE CENTRO EM ACO *400* G	123758		real_295	-1
PRUMO DE PAREDE EM ACO 700 A 750 G	123759		real_295	-1
PULVERIZADOR DE TINTA ELETRICO / MAQUINA DE PINTURA AIRLESS, VAZAO *2* L/MIN (COLETADO CAIXA) [SINAPI 41757]	127801		real_295	-1
PUXADOR CONCHA DE EMBUTIR, EM LATAO CROMADO, PARA PORTA / JANELA DE CORRER, LISO, SEM FURO PARA CHAVE, COM FUROS PARA FIXAR PARAFUSOS, *30 X 90* MM (LARGURA X ALTURA) [SINAPI 11523]	127658		real_295	-1
QUADRO DE DISTRIBUICAO COM BARRAMENTO TRIFASICO, DE EMBUTIR, EM CHAPA DE ACO GALVANIZADO, PARA 18 DISJUNTORES DIN, 100 A, INCLUINDO BARRAMENTO	123770		real_295	51
QUEROSENE [SINAPI 4224]	127802		real_295	12
RACK DE PISO PARA SERVIDOR, ABERTO, EM COLUNA, 44U X *570* MM [SINAPI 43837]	128122		real_295	-1
RACK DE PISO PARA SERVIDOR, FECHADO, 44U, COM PORTA, 44U X *570* MM [SINAPI 43836]	128123		real_295	30
RALO SECO PVC CONICO, 100 X 40 MM, COM GRELHA QUADRADA	123810		real_295	44
RALO SECO PVC CONICO, 100 X 40 MM, COM GRELHA REDONDA BRANCA	123809		real_295	44
RALO SECO PVC QUADRADO, 100 X 100 X 53 MM, SAIDA 40 MM, COM GRELHA BRANCA	123811		real_295	44
RALO SIFONADO PVC CILINDRICO, 100 X 40 MM, COM GRELHA REDONDA BRANCA	123812		real_295	44
RALO SIFONADO PVC REDONDO CONICO, 100 X 40 MM, COM GRELHA BRANCA REDONDA	123813		real_295	44
RALO SIFONADO PVC, QUADRADO, 100 X 100 X 53 MM, SAIDA 40 MM, COM GRELHA BRANCA	123814		real_295	44
RASTELEIRO	123815		real_295	0
RASTELEIRO (MENSALISTA)	123816		real_295	0
RASTELEIRO HORISTA [SINAPI 44502]	126871		real_295	12
REATOR ELETRONICO BIVOLT PARA 1 LAMPADA FLUORESCENTE DE 18/20 W	123817		real_295	16
REATOR ELETRONICO BIVOLT PARA 1 LAMPADA FLUORESCENTE DE 36/40 W	123818		real_295	16
REATOR ELETRONICO BIVOLT PARA 2 LAMPADAS FLUORESCENTES DE 14 W	123819		real_295	16
REATOR ELETRONICO BIVOLT PARA 2 LAMPADAS FLUORESCENTES DE 18/20 W	123820		real_295	16
REATOR ELETRONICO BIVOLT PARA 2 LAMPADAS FLUORESCENTES DE 36/40 W	123821		real_295	16
REATOR INTERNO/INTEGRADO PARA LAMPADA VAPOR METALICO 400 W, ALTO FATOR DE POTENCIA	123822		real_295	10
REATOR P/ 1 LAMPADA VAPOR DE MERCURIO 125W USO EXT	123824		real_295	16
REATOR P/ 1 LAMPADA VAPOR DE MERCURIO 250W USO EXT	123825		real_295	16
REATOR P/ 1 LAMPADA VAPOR DE MERCURIO 400W USO EXT	123826		real_295	16
REATOR P/ LAMPADA VAPOR DE SODIO 250W USO EXT	123823		real_295	16
REBITE DE ALUMINIO VAZADO DE REPUXO, 3,2 X 8 MM (1KG = 1025 UNIDADES)	123827		real_295	22
"REBOLO ABRASIVO RETO DE USO GERAL GRAO 36, DE 6 X 1 "" ( DIAMETRO X ALTURA) [SINAPI 44530]"	126872		real_295	-1
"REBOLO ABRASIVO RETO DE USO GERAL GRAO 36, DE 6 X 1 "" (DIAMETRO X ALTURA)"	123828		real_295	-1
"REBOLO ABRASIVO RETO DE USO GERAL GRAO 36, DE 6 X 3/4 "" (DIAMETRO X ALTURA)"	123829		real_295	-1
REDUCAO EXCENTRICA PVC NBR 10569 P/REDE COLET ESG PB JE 150 X 100MM	123831		real_295	58
REDUCAO EXCENTRICA PVC NBR 10569 P/REDE COLET ESG PB JE 200 X 150MM	123832		real_295	58
REDUCAO EXCENTRICA PVC NBR 10569 P/REDE COLET ESG PB JE 250 X 200MM	123833		real_295	58
REDUCAO EXCENTRICA PVC P/ ESG PREDIAL DN 100 X 50MM	123834		real_295	58
REDUCAO EXCENTRICA PVC P/ ESG PREDIAL DN 100 X 75MM	123835		real_295	58
REDUCAO EXCENTRICA PVC P/ ESG PREDIAL DN 75 X 50MM	123836		real_295	58
REDUCAO EXCENTRICA PVC, SERIE R, DN 100 X 75 MM, PARA ESGOTO OU AGUAS PLUVIAIS PREDIAIS	123837		real_295	-1
REDUCAO EXCENTRICA PVC, SERIE R, DN 150 X 100 MM, PARA ESGOTO OU AGUAS PLUVIAIS PREDIAIS	123838		real_295	-1
REDUCAO EXCENTRICA PVC, SERIE R, DN 75 X 50 MM, PARA ESGOTO OU AGUAS PLUVIAIS PREDIAIS	123839		real_295	-1
REDUCAO PVC PBA, JE, BB, DN 75 X 50 / DE 85 X 60 MM, PARA REDE DE AGUA	123841		real_295	5
REDUTOR TIPO THINNER PARA ACABAMENTO [SINAPI 25966]	127803		real_295	12
REFLETOR REDONDO EM ALUMINIO ANODIZADO PARA LAMPADA VAPOR DE MERCURIO/SODIO, CORPO EM ALUMINIO COM PINTURA EPOXI, PARA LAMPADA E-27 DE 300 W, COM SUPORTE REDONDO E ALCA REGULAVEL PARA FIXACAO.	123845		real_295	-1
"REGISTRO GAVETA BRUTO EM LATAO FORJADO, BITOLA 1 "" (REF 1509)"	123867		real_295	116
"REGISTRO GAVETA BRUTO EM LATAO FORJADO, BITOLA 1 1/2 "" (REF 1509)"	123868		real_295	116
"REGISTRO GAVETA BRUTO EM LATAO FORJADO, BITOLA 1 1/4 "" (REF 1509)"	123869		real_295	116
"REGISTRO GAVETA BRUTO EM LATAO FORJADO, BITOLA 1/2 "" (REF 1509)"	123870		real_295	116
"REGISTRO GAVETA BRUTO EM LATAO FORJADO, BITOLA 2 "" (REF 1509)"	123871		real_295	116
"REGISTRO GAVETA BRUTO EM LATAO FORJADO, BITOLA 2 1/2 "" (REF 1509)"	123872		real_295	116
"REGISTRO GAVETA BRUTO EM LATAO FORJADO, BITOLA 3 "" (REF 1509)"	123873		real_295	116
"REGISTRO GAVETA BRUTO EM LATAO FORJADO, BITOLA 3/4 "" (REF 1509)"	123874		real_295	116
"REGISTRO GAVETA BRUTO EM LATAO FORJADO, BITOLA 4 "" (REF 1509)"	123875		real_295	116
"REGISTRO GAVETA COM ACABAMENTO E CANOPLA CROMADOS, SIMPLES, BITOLA 1 "" (REF 1509)"	123876		real_295	-1
"REGISTRO GAVETA COM ACABAMENTO E CANOPLA CROMADOS, SIMPLES, BITOLA 1 1/2 "" (REF 1509)"	123877		real_295	-1
"REGISTRO GAVETA COM ACABAMENTO E CANOPLA CROMADOS, SIMPLES, BITOLA 1 1/4 "" (REF 1509)"	123878		real_295	-1
"REGISTRO GAVETA COM ACABAMENTO E CANOPLA CROMADOS, SIMPLES, BITOLA 1/2 "" (REF 1509)"	123879		real_295	-1
"REGISTRO GAVETA COM ACABAMENTO E CANOPLA CROMADOS, SIMPLES, BITOLA 3/4 "" (REF 1509)"	123880		real_295	-1
"REGISTRO PRESSAO BRUTO EM LATAO FORJADO, BITOLA 1/2 "" (REF 1400)"	123883		real_295	116
"REGISTRO PRESSAO BRUTO EM LATAO FORJADO, BITOLA 3/4 "" (REF 1400)"	123884		real_295	116
"REGISTRO PRESSAO COM ACABAMENTO E CANOPLA CROMADA, SIMPLES, BITOLA 1/2 "" (REF 1416)"	123885		real_295	-1
"REGISTRO PRESSAO COM ACABAMENTO E CANOPLA CROMADA, SIMPLES, BITOLA 3/4 "" (REF 1416)"	123886		real_295	-1
"REGUA DE ALUMINIO PARA PEDREIRO 2 X 1 """	123887		real_295	13
REGUA VIBRATORIA DE CONCRETO TRELICADA, EQUIPADA COM MOTOR A GASOLINA DE 9 HP	123889		real_295	7
REJEITO DE MINERIO DE FERRO PARA PAVIMENTACAO (POSTO PEDREIRA/FORNECEDOR, SEM FRETE)	123890		real_295	6
REJUNTE BRANCO, CIMENTICIO [SINAPI 34356]	127804		real_295	12
REJUNTE EPOXI COR [SINAPI 37398]	127805		real_295	-1
REMOVEDOR DE TINTA OLEO/ESMALTE VERNIZ [SINAPI 5320]	127806		real_295	12
RESINA ACRILICA BASE AGUA - COR BRANCA	123895		real_295	12
REVESTIMENTO EM CERAMICA ESMALTADA COMERCIAL, PEI MENOR OU IGUAL A 3, FORMATO MENOR OU IGUAL A 2025 CM2	123903		real_295	-1
REVESTIMENTO EM CERAMICA ESMALTADA EXTRA, PEI MAIOR OU IGUAL 4, FORMATO MAIOR A 2025 CM2	123904		real_295	-1
REVESTIMENTO EM CERAMICA ESMALTADA EXTRA, PEI MENOR OU IGUAL A 3, FORMATO MENOR OU IGUAL A 2025 CM2	123905		real_295	-1
RIPA APARELHADA *1,5 X 5* CM, EM MACARANDUBA, ANGELIM OU EQUIVALENTE DA REGIAO	123908		real_295	3
RIPA DE MADEIRA NAO APARELHADA *2 X 7* CM, PINUS, MISTA OU EQUIVALENTE DA REGIAO [SINAPI 4505]	127807		real_295	3
RIPA NAO APARELHADA *1 X 3* CM, EM MACARANDUBA, ANGELIM OU EQUIVALENTE DA REGIAO - BRUTA	123909		real_295	3
RIPA NAO APARELHADA, *1,5 X 5* CM, EM MACARANDUBA, ANGELIM OU EQUIVALENTE DA REGIAO - BRUTA	123910		real_295	3
ROCADEIRA COSTAL COM MOTOR A GASOLINA DE *32* CC	123911		real_295	7
ROCADEIRA DESLOCAVEL, LARGURA DE TRABALHO DE 1,3 M	123912		real_295	46
RODAPE DE BORRACHA LISO, H = 70 MM, E = *2* MM, PARA ARGAMASSA, PRETO	123915		real_295	17
RODO PARA CHAO 40 CM COM CABO	123923		real_295	-1
ROLO COMPACTADOR VIBRATORIO DE UM CILINDRO LISO DE ACO, POTENCIA 125 HP, PESO SEM/COM LASTRO 10,75/12,92 T, IMPACTO DINAMICO 31,5/18,5 T, LARGURA TRABALHO 2,15 M	123931		real_295	10
ROLO DE ESPUMA POLIESTER 23 CM (SEM CABO)	123937		real_295	2
ROLO DE LA DE CARNEIRO 23 CM (SEM CABO)	123938		real_295	14
ROMPEDOR ELETRICO PESO 26 KG, POTENCIA OPERACIONAL DE 2,5 KW	123939		real_295	10
RUFO PARA TELHA ESTRUTURAL DE FIBROCIMENTO 2 ABAS, COMPRIMENTO DE 1031 MM (SEM AMIANTO)	123950		real_295	117
SABAO EM PO [SINAPI 16]	127808		real_295	12
"SAPATA DE PVC ADITIVADO NERVURADO D = 6"""	123956		real_295	-1
"SAPATA DE PVC ADITIVADO NERVURADO D = 8"""	123957		real_295	58
SARRAFO APARELHADO *2 X 10* CM, EM MACARANDUBA, ANGELIM OU EQUIVALENTE DA REGIAO	123962		real_295	3
SARRAFO DE MADEIRA NAO APARELHADA *2,5 X 15* CM, MACARANDUBA, ANGELIM OU EQUIVALENTE DA REGIAO [SINAPI 6204]	127659		real_295	3
SARRAFO NAO APARELHADO *2,5 X 10* CM, EM MACARANDUBA, ANGELIM OU EQUIVALENTE DA REGIAO - BRUTA	123963		real_295	3
SARRAFO NAO APARELHADO *2,5 X 7* CM, EM MACARANDUBA, ANGELIM OU EQUIVALENTE DA REGIAO - BRUTA	123964		real_295	3
SARRAFO NAO APARELHADO 2,5 X 5 CM, EM MACARANDUBA, ANGELIM OU EQUIVALENTE DA REGIAO - BRUTA	123965		real_295	3
SEGURO - HORISTA (COLETADO CAIXA)	123966		real_295	-1
SEGURO - MENSALISTA (COLETADO CAIXA)	123967		real_295	0
SELADOR ACRILICO PAREDES INTERNAS/EXTERNAS	123969		real_295	-1
"SELADOR HORIZONTAL PARA FITA DE ACO 1 """	123970		real_295	94
SELADOR PVA PAREDES INTERNAS [SINAPI 6090]	127809		real_295	12
SELANTE A BASE DE RESINAS ACRILICAS PARA TRINCAS [SINAPI 6094]	127810		real_295	12
SELIM COMPACTO EM PVC, SEM TRAVA, DN 150 X 100 MM, PARA REDE COLETORA ESGOTO (NBR 10569)	123977		real_295	-1
SELIM COMPACTO EM PVC, SEM TRAVA, DN 200 X 100 MM, PARA REDE COLETORA ESGOTO (NBR 10569)	123978		real_295	5
SELIM COMPACTO EM PVC, SEM TRAVAS, DN 300 X 100 MM, PARA REDE COLETORA ESGOTO (NBR 10569)	123979		real_295	5
SELIM PVC, COM TRAVA, JE, 90 GRAUS, DN 125 X 100 MM OU 150 X 100 MM, PARA REDE COLETORA ESGOTO (NBR 10569)	123980		real_295	5
SELIM PVC, SOLDAVEL, SEM TRAVA, JE, 90 GRAUS, DN 200 X 100 MM, PARA REDE COLETORA ESGOTO (NBR 10569)	123981		real_295	5
SERRA CIRCULAR DE BANCADA, MODELO PICA-PAU, DIAMETRO DE 350 MM. CARACTERISTICAS DO MOTOR: TRIFASICO, POTENCIA DE 5 HP, FREQUENCIA DE 60 HZ	123991		real_295	7
SERRALHEIRO	123992		real_295	0
SERVENTE DE OBRAS	123994		real_295	0
SERVICO DE BOMBEAMENTO DE CONCRETO COM CONSUMO MINIMO DE 40 M3	123996		real_295	113
SERVICO DE BOMBEAMENTO DE CONCRETO COM CONSUMO MINIMO DE 40 M3 [SINAPI 44535]	126873		real_295	113
SIFAO / TUBO SINFONADO EXTENSIVEL/SANFONADO, UNIVERSAL/ SIMPLES, ENTRE *50 A 70* CM, DE PLASTICO BRANCO [SINAPI 44945]	128344		real_295	2
"SIFAO EM METAL CROMADO PARA PIA AMERICANA, 1.1/2 X 1.1/2 """	123997		real_295	25
"SIFAO EM METAL CROMADO PARA PIA AMERICANA, 1.1/2 X 2 """	123998		real_295	25
"SIFAO EM METAL CROMADO PARA PIA OU LAVATORIO, 1 X 1.1/2 """	123999		real_295	25
"SIFAO EM METAL CROMADO PARA TANQUE, 1.1/4 X 1.1/2 """	124000		real_295	25
"SIFAO PLASTICO FLEXIVEL SAIDA VERTICAL PARA COLUNA LAVATORIO, 1 X 1.1/2 """	124002		real_295	25
"SIFAO PLASTICO TIPO COPO PARA PIA AMERICANA 1.1/2 X 1.1/2 """	124003		real_295	25
"SIFAO PLASTICO TIPO COPO PARA PIA OU LAVATORIO, 1 X 1.1/2 """	124004		real_295	25
"SIFAO PLASTICO TIPO COPO PARA TANQUE, 1.1/4 X 1.1/2 """	124005		real_295	25
SILICA ATIVA PARA ADICAO EM CONCRETO E ARGAMASSA [SINAPI 44536]	126874		real_295	12
SISAL EM FIBRA	124012		real_295	-1
SISTEMA DE FORMAS MANUSEAVEIS DE ALUMINIO, PARA BLOCO RESID. COM PAREDES DE CONCRETO MOLDADAS IN LOCO, BLOCO COM 4 PAV. E 4 UNIDADES POR PAV., UNIDADE HABITACIONALCOM 48 M2 E 2 QUARTOS; TELHA DE FIBROCIMENTO (COLETADO CAIXA) [SINAPI 39965]	127811		real_295	13
SISTEMA DE FORMAS MANUSEAVEIS DE ALUMINIO, PARA EDIF. RESID. UNIFAMILIAR COM PAREDES DE CONCRETO MOLDADAS IN LOCO, UNIDADE HABITACIONAL TERREA COM 38 M2, COM SALA, CIRCULACAO, 2 QUARTOS, BANHEIRO, COZINHA E TANQUE EXTERNO (SEM COBERTURA) (COLETADO CAIXA) [SINAPI 39964]	127812		real_295	13
SODA CAUSTICA EM ESCAMAS [SINAPI 7]	127813		real_295	12
SOLDADOR	124016		real_295	0
"SOLDADOR ELETRICO (PARA SOLDA A SER TESTADA COM RAIOS ""X"")"	124018		real_295	-1
SOLUCAO LIMPADORA PARA PVC, FRASCO COM 1000 CM3	124025		real_295	9
SOLUCAO LIMPADORA PARA PVC, FRASCO COM 200 CM3 [SINAPI 20082]	127814		real_295	9
SOLVENTE DILUENTE A BASE DE AGUARRAS	124026		real_295	12
SOLVENTE PARA COLA (PARA LAMINADO MELAMINICO) A BASE DE RESINA SINTETICA	124027		real_295	-1
"SPRINKLER TIPO PENDENTE, 68 GRAUS CELSIUS (BULBO VERMELHO), ACABAMENTO CROMADO, 1/2"" - 15 MM"	124033		real_295	-1
"SPRINKLER TIPO PENDENTE, 68 GRAUS CELSIUS (BULBO VERMELHO), ACABAMENTO CROMADO, 3/4"" - 20 MM"	124034		real_295	-1
"SPRINKLER TIPO PENDENTE, 68 GRAUS CELSIUS (BULBO VERMELHO), ACABAMENTO NATURAL, 1/2"" - 15 MM"	124035		real_295	-1
"SPRINKLER TIPO PENDENTE, 68 GRAUS CELSIUS (BULBO VERMELHO), ACABAMENTO NATURAL, 3/4"" - 20 MM"	124036		real_295	-1
"SPRINKLER TIPO PENDENTE, 79 GRAUS CELSIUS (BULBO AMARELO), ACABAMENTO CROMADO, 3/4"" - 20 MM"	124037		real_295	-1
"SPRINKLER TIPO PENDENTE, 79 GRAUS CELSIUS (BULBO AMARELO), ACABAMENTO NATURAL, 3/4"" - 20 MM"	124038		real_295	-1
"SPRINKLER TIPO PENDENTE, 79 GRAUS CELSIUS (BULBO AMARELO,) ACABAMENTO NATURAL OU CROMADO, 1/2"" - 15 MM"	124039		real_295	-1
SUMIDOURO CONCRETO PRE MOLDADO, COMPLETO, PARA 10 CONTRIBUINTES [SINAPI 11895]	127815		real_295	69
SUMIDOURO CONCRETO PRE MOLDADO, COMPLETO, PARA 100 CONTRIBUINTES [SINAPI 11896]	127816		real_295	69
SUMIDOURO CONCRETO PRE MOLDADO, COMPLETO, PARA 150 CONTRIBUINTES [SINAPI 11897]	127817		real_295	69
SUMIDOURO CONCRETO PRE MOLDADO, COMPLETO, PARA 200 CONTRIBUINTES [SINAPI 11898]	127818		real_295	69
SUMIDOURO CONCRETO PRE MOLDADO, COMPLETO, PARA 5 CONTRIBUINTES [SINAPI 3282]	127819		real_295	69
SUMIDOURO CONCRETO PRE MOLDADO, COMPLETO, PARA 50 CONTRIBUINTES [SINAPI 11899]	127820		real_295	69
SUMIDOURO CONCRETO PRE MOLDADO, COMPLETO, PARA 75 CONTRIBUINTES [SINAPI 11900]	127821		real_295	69
SUPORTE DE PVC PARA CALHA PLUVIAL, DIAMETRO ENTRE 119 E 170 MM, PARA DRENAGEM PREDIAL	124043		real_295	52
SUPORTE METALICO PARA CALHA PLUVIAL, ZINCADO, DOBRADO, DIAMETRO ENTRE 119 E 170 MM, PARA DRENAGEM PREDIAL	124050		real_295	118
SUPORTE PARA CALHA DE 150 MM EM FERRO GALVANIZADO	124051		real_295	68
"SUPORTE PARA FIXACAO CORRIMAO TUBULAR NA PAREDE EM, ACO INOX POLIDO, PARA APOIO BARRA CURVA DE 1/2"" E BERCO, COM CANOPLA"	152357		real_295	8
"SUPORTE PINO, REDONDO, DE PAREDE, PARA FIXACAO DE CORRIMAO POR SOLDAGEM, EM ACO GALVANIZADO, COM BARRA DE 1/2"""	152358		real_295	6
SUPORTE TRADICIONAL PARA FIXACAO DE CORRIMAO NA PAREDE, EM ALUMINIO	152359		real_295	13
TABUA APARELHADA *2,5 X 15* CM, EM MACARANDUBA, ANGELIM OU EQUIVALENTE DA REGIAO	124058		real_295	3
TABUA APARELHADA *2,5 X 25* CM, EM MACARANDUBA, ANGELIM OU EQUIVALENTE DA REGIAO	124059		real_295	3
TABUA APARELHADA *2,5 X 30* CM, EM MACARANDUBA, ANGELIM OU EQUIVALENTE DA REGIAO	124060		real_295	3
"TABUA DE MADEIRA NAO APARELHADA *2,5 X 30 CM (1 X 12 "") PINUS, MISTA OU EQUIVALENTE DA REGIAO [SINAPI 6188]"	127660		real_295	3
TABUA NAO APARELHADA *2,5 X 15* CM, EM MACARANDUBA, ANGELIM OU EQUIVALENTE DA REGIAO - BRUTA	124064		real_295	3
TABUA NAO APARELHADA *2,5 X 20* CM, EM MACARANDUBA, ANGELIM OU EQUIVALENTE DA REGIAO - BRUTA	124054		real_295	3
TABUA NAO APARELHADA *2,5 X 30* CM, EM MACARANDUBA, ANGELIM OU EQUIVALENTE DA REGIAO - BRUTA	124065		real_295	3
TALHA ELETRICA 3 T, VELOCIDADE 2,1 M / MIN, POTENCIA 1,3 KW	124068		real_295	59
TALHA MANUAL DE CORRENTE, CAPACIDADE DE 1 T COM ELEVACAO DE 3 M	124069		real_295	14
TAMPA DE CONCRETO PARA PV OU CAIXA DE INSPECAO, DIMENSOES 600 X 600 X 50 MM [SINAPI 13255]	127822		real_295	95
"TAMPAO / CAP, ROSCA FEMEA, METALICO, PARA TUBO PEX, DN 1/2"""	124091		real_295	120
"TAMPAO / CAP, ROSCA FEMEA, METALICO, PARA TUBO PEX, DN 3/4"""	124092		real_295	120
"TAMPAO / CAP, ROSCA MACHO, PARA TUBO PEX, DN 1"""	124094		real_295	120
"TAMPAO / CAP, ROSCA MACHO, PARA TUBO PEX, DN 1/2"""	124093		real_295	120
"TAMPAO / CAP, ROSCA MACHO, PARA TUBO PEX, DN 3/4"""	124095		real_295	120
"TAMPAO / TERMINAL / PLUG, D = 1 1/4"" , PARA DUTO CORRUGADO PEAD (CABEAMENTO SUBTERRANEO)"	124096		real_295	-1
"TAMPAO / TERMINAL / PLUG, D = 2"" , PARA DUTO CORRUGADO PEAD (CABEAMENTO SUBTERRANEO)"	124097		real_295	-1
"TAMPAO / TERMINAL / PLUG, D = 3"" , PARA DUTO CORRUGADO PEAD (CABEAMENTO SUBTERRANEO)"	124098		real_295	-1
"TAMPAO / TERMINAL / PLUG, D = 4"" , PARA DUTO CORRUGADO PEAD (CABEAMENTO SUBTERRANEO)"	124099		real_295	-1
TAMPAO COMPLETO PARA TIL, EM PVC, OCRE, DN 100 MM, PARA REDE COLETORA DE ESGOTO	124102		real_295	34
TAMPAO COMPLETO PARA TIL, EM PVC, OCRE, DN 150 MM, PARA REDE COLETORA DE ESGOTO	124103		real_295	34
TAMPAO COMPLETO PARA TIL, EM PVC, OCRE, DN 200 MM, PARA REDE COLETORA DE ESGOTO	124104		real_295	34
TAMPAO COMPLETO PARA TIL, EM PVC, OCRE, DN 250 MM, PARA REDE COLETORA DE ESGOTO	124105		real_295	34
TAMPAO FOFO ARTICULADO P/ REGISTRO, CLASSE A15 CARGA MAX 1,5 T, *200 X 200* MM	124106		real_295	53
TAMPAO FOFO ARTICULADO P/ REGISTRO, CLASSE A15 CARGA MAXIMA 1,5 T, *400 X 400* MM	124107		real_295	53
TAMPAO FOFO ARTICULADO, CLASSE B125 CARGA MAX 12,5 T, REDONDO TAMPA 600 MM, REDE PLUVIAL/ESGOTO	124108		real_295	53
TAMPAO FOFO ARTICULADO, CLASSE D400 CARGA MAX 40 T, REDONDO TAMPA *600 MM, REDE PLUVIAL/ESGOTO	124109		real_295	53
TAMPAO FOFO SIMPLES COM BASE, CLASSE A15 CARGA MAX 1,5 T, *400 X 600* MM, REDE TELEFONE	124110		real_295	53
TAMPAO FOFO SIMPLES COM BASE, CLASSE A15 CARGA MAX 1,5 T, 300 X 300 MM, REDE PLUVIAL/ESGOTO	124111		real_295	53
TAMPAO FOFO SIMPLES COM BASE, CLASSE A15 CARGA MAX 1,5 T, 300 X 400 MM [SINAPI 11292]	127823		real_295	53
TAMPAO FOFO SIMPLES COM BASE, CLASSE A15 CARGA MAX 1,5 T, 400 X 400 MM, REDE PLUVIAL/ESGOTO/ELETRICA	124112		real_295	53
TAMPAO FOFO SIMPLES COM BASE, CLASSE A15 CARGA MAX 1,5 T, 400 X 500 MM, COM INSCRICAO INCENDIO [SINAPI 11293]	127824		real_295	53
TAMPAO FOFO SIMPLES COM BASE, CLASSE B125 CARGA MAX 12,5 T, REDONDO TAMPA 500 MM, REDE PLUVIAL/ESGOTO	124113		real_295	53
TAMPAO FOFO SIMPLES COM BASE, CLASSE B125 CARGA MAX 12,5 T, REDONDO TAMPA 600 MM, REDE PLUVIAL/ESGOTO	124114		real_295	53
TAMPAO FOFO SIMPLES COM BASE, CLASSE D400 CARGA MAX 40 T, REDONDO TAMPA 500 MM, REDE PLUVIAL/ESGOTO [SINAPI 21079]	127825		real_295	53
TAMPAO FOFO SIMPLES COM BASE, CLASSE D400 CARGA MAX 40 T, REDONDO TAMPA 600 MM, REDE PLUVIAL/ESGOTO	124115		real_295	53
TAMPAO FOFO SIMPLES COM BASE, CLASSE D400 CARGA MAX 40 T, REDONDO TAMPA 900 MM, REDE PLUVIAL/ESGOTO	124116		real_295	53
TAMPAO FOFO SIMPLES, CLASSE A15 CARGA MAX 1,5 T, *550 X 1100* MM, REDE TELEFONE	124117		real_295	53
TAMPAO PARA TELHA ESTRUTURAL DE FIBROCIMENTO 1 ABA, DE 370 X 155 X 76 MM (SEM AMIANTO)	124118		real_295	117
TAMPAO PARA TELHA ESTRUTURAL DE FIBROCIMENTO 2 ABAS, DE 787 X 215 X 60 MM (SEM AMIANTO)	124119		real_295	117
TANQUE DE ACO PARA TRANSPORTE DE AGUA COM CAPACIDADE DE 4 M3 (INCLUI MONTAGEM, NAO INCLUI CAMINHAO)	124123		real_295	109
TANQUE DE ACO PARA TRANSPORTE DE AGUA COM CAPACIDADE DE 8 M3 (INCLUI MONTAGEM, NAO INCLUI CAMINHAO)	124125		real_295	109
TANQUE DE ASFALTO ESTACIONARIO COM SERPENTINA, CAPACIDADE 20.000 L	124127		real_295	-1
TAQUEADOR OU TAQUEIRO	124135		real_295	0
TAQUEADOR OU TAQUEIRO (MENSALISTA)	124136		real_295	0
"TARIFA ""A"" ENTRE 0 E 20M3 FORNECIMENTO D'AGUA [SINAPI 44480]"	126875		real_295	69
TARUGO DELIMITADOR DE PROFUNDIDADE EM ESPUMA DE POLIETILENO DE BAIXA DENSIDADE 10 MM, CINZA [SINAPI 44073]	126876		real_295	42
TE CPVC, SOLDAVEL, 90 GRAUS, 114 MM, PARA AGUA QUENTE PREDIAL [SINAPI 44253]	129324		real_295	11
TE DE COBRE (REF 611) SEM ANEL DE SOLDA, BOLSA X BOLSA X BOLSA, 104 MM	124147		real_295	83
TE DE COBRE (REF 611) SEM ANEL DE SOLDA, BOLSA X BOLSA X BOLSA, 15 MM	124148		real_295	83
TE DE COBRE (REF 611) SEM ANEL DE SOLDA, BOLSA X BOLSA X BOLSA, 22 MM	124149		real_295	83
TE DE COBRE (REF 611) SEM ANEL DE SOLDA, BOLSA X BOLSA X BOLSA, 28 MM	124150		real_295	83
TE DE COBRE (REF 611) SEM ANEL DE SOLDA, BOLSA X BOLSA X BOLSA, 35 MM	124151		real_295	83
TE DE COBRE (REF 611) SEM ANEL DE SOLDA, BOLSA X BOLSA X BOLSA, 42 MM	124152		real_295	83
TE DE COBRE (REF 611) SEM ANEL DE SOLDA, BOLSA X BOLSA X BOLSA, 54 MM	124153		real_295	83
TE DE COBRE (REF 611) SEM ANEL DE SOLDA, BOLSA X BOLSA X BOLSA, 66 MM	124154		real_295	83
TE DE COBRE (REF 611) SEM ANEL DE SOLDA, BOLSA X BOLSA X BOLSA, 79 MM	124155		real_295	83
TE DE INSPECAO, PVC, SERIE R, 100 X 75 MM, PARA ESGOTO OU AGUAS PLUVIAIS PREDIAIS	124168		real_295	34
TE DE INSPECAO, PVC, SERIE R, 150 X 100 MM, PARA ESGOTO OU AGUAS PLUVIAIS PREDIAIS	124169		real_295	34
TE DE INSPECAO, PVC, SERIE R, 75 X 75 MM, PARA ESGOTO OU AGUAS PLUVIAIS PREDIAIS	124170		real_295	34
TE DE REDUCAO METALICO, PARA CONEXAO COM ANEL DESLIZANTE EM TUBO PEX, DN 16 X 20 X 16 MM	124193		real_295	60
TE DE REDUCAO METALICO, PARA CONEXAO COM ANEL DESLIZANTE EM TUBO PEX, DN 16 X 25 X 16 MM	124194		real_295	60
TE DE REDUCAO METALICO, PARA CONEXAO COM ANEL DESLIZANTE EM TUBO PEX, DN 20 X 16 X 16 MM	124195		real_295	60
TE DE REDUCAO METALICO, PARA CONEXAO COM ANEL DESLIZANTE EM TUBO PEX, DN 20 X 16 X 20 MM	124196		real_295	60
TE DE REDUCAO METALICO, PARA CONEXAO COM ANEL DESLIZANTE EM TUBO PEX, DN 20 X 20 X 16 MM	124197		real_295	60
TE DE REDUCAO METALICO, PARA CONEXAO COM ANEL DESLIZANTE EM TUBO PEX, DN 20 X 25 X 20 MM	124198		real_295	60
TE DE REDUCAO METALICO, PARA CONEXAO COM ANEL DESLIZANTE EM TUBO PEX, DN 25 X 16 X 16 MM	124199		real_295	60
TE DE REDUCAO METALICO, PARA CONEXAO COM ANEL DESLIZANTE EM TUBO PEX, DN 25 X 16 X 20 MM	124200		real_295	60
TE DE REDUCAO METALICO, PARA CONEXAO COM ANEL DESLIZANTE EM TUBO PEX, DN 25 X 16 X 25 MM	124201		real_295	60
TE DE REDUCAO METALICO, PARA CONEXAO COM ANEL DESLIZANTE EM TUBO PEX, DN 25 X 20 X 20 MM	124202		real_295	60
TE DE REDUCAO METALICO, PARA CONEXAO COM ANEL DESLIZANTE EM TUBO PEX, DN 25 X 20 X 25 MM	124203		real_295	60
TE DE REDUCAO METALICO, PARA CONEXAO COM ANEL DESLIZANTE EM TUBO PEX, DN 25 X 32 X 25 MM	124204		real_295	60
TE DE REDUCAO METALICO, PARA CONEXAO COM ANEL DESLIZANTE EM TUBO PEX, DN 32 X 20 X 32 MM	124205		real_295	60
TE DE REDUCAO METALICO, PARA CONEXAO COM ANEL DESLIZANTE EM TUBO PEX, DN 32 X 25 X 25 MM	124206		real_295	60
TE DE REDUCAO METALICO, PARA CONEXAO COM ANEL DESLIZANTE EM TUBO PEX, DN 32 X 25 X 32 MM	124207		real_295	60
TE DE REDUCAO, PVC LEVE, CURTO, 90 GRAUS, COM BOLSA PARA ANEL, 150 X 100 MM, PARA ESGOTO	124212		real_295	34
TE DE REDUCAO, PVC PBA, BBB, JE, DN 100 X 50 / DE 110 X 60 MM, PARA REDE AGUA (NBR 10351)	124213		real_295	5
TE DE REDUCAO, PVC PBA, BBB, JE, DN 100 X 75 / DE 110 X 85 MM, PARA REDE AGUA (NBR 10351)	124214		real_295	5
TE DE REDUCAO, PVC PBA, BBB, JE, DN 75 X 50 / DE 85 X 60 MM, PARA REDE AGUA (NBR 10351)	124215		real_295	5
TE DE REDUCAO, PVC, BBB, JE, 90 GRAUS, DN 200 X 150 MM, PARA TUBO CORRUGADO E/OU LISO, REDE COLETORA ESGOTO (NBR 10569)	124216		real_295	5
TE DE REDUCAO, PVC, BBB, JE, 90 GRAUS, DN 250 X 150 MM, PARA TUBO CORRUGADO E/OU LISO, REDE COLETORA ESGOTO (NBR 10569)	124217		real_295	5
"TE DUPLA CURVA BRONZE/LATAO (REF 764) SEM ANEL DE SOLDA, ROSCA F X BOLSA X ROSCA F, 1/2"" X 15 X 1/2"""	124242		real_295	-1
"TE DUPLA CURVA BRONZE/LATAO (REF 764) SEM ANEL DE SOLDA, ROSCA F X BOLSA X ROSCA F, 3/4"" X 22 X 3/4"""	124243		real_295	-1
TE METALICO, PARA CONEXAO COM ANEL DESLIZANTE EM TUBO PEX, DN 16 MM	124244		real_295	60
TE METALICO, PARA CONEXAO COM ANEL DESLIZANTE EM TUBO PEX, DN 20 MM	124245		real_295	60
TE METALICO, PARA CONEXAO COM ANEL DESLIZANTE EM TUBO PEX, DN 25 MM	124246		real_295	60
TE METALICO, PARA CONEXAO COM ANEL DESLIZANTE EM TUBO PEX, DN 32 MM	124247		real_295	60
"TE MISTURADOR METALICO, PARA CONEXAO COM ANEL DESLIZANTE EM TUBO PEX, DN 16 MM X 1/2"""	124250		real_295	60
"TE MISTURADOR METALICO, PARA CONEXAO COM ANEL DESLIZANTE EM TUBO PEX, DN 20 MM X 3/4"""	124251		real_295	60
TE MISTURADOR, PPR, F M M, DN 20 X 20 MM, PARA AGUA QUENTE PREDIAL	124254		real_295	15
TE MISTURADOR, PPR, F M M, DN 25 X 25 MM, PARA AGUA QUENTE PREDIAL	124255		real_295	15
TE NORMAL, PPR, SOLDAVEL, 90 GRAUS, DN 110 X 110 X 110 MM, PARA AGUA QUENTE PREDIAL	124256		real_295	124
TE NORMAL, PPR, SOLDAVEL, 90 GRAUS, DN 20 X 20 X 20 MM, PARA AGUA QUENTE PREDIAL	124257		real_295	124
TE NORMAL, PPR, SOLDAVEL, 90 GRAUS, DN 25 X 25 X 25 MM, PARA AGUA QUENTE PREDIAL	124258		real_295	124
TE NORMAL, PPR, SOLDAVEL, 90 GRAUS, DN 32 X 32 X 32 MM, PARA AGUA QUENTE PREDIAL	124259		real_295	124
TE NORMAL, PPR, SOLDAVEL, 90 GRAUS, DN 40 X 40 X 40 MM, PARA AGUA QUENTE PREDIAL	124260		real_295	124
TE NORMAL, PPR, SOLDAVEL, 90 GRAUS, DN 50 X 50 X 50 MM, PARA AGUA QUENTE PREDIAL	124261		real_295	124
TE NORMAL, PPR, SOLDAVEL, 90 GRAUS, DN 63 X 63 X 63 MM, PARA AGUA QUENTE PREDIAL	124262		real_295	124
TE NORMAL, PPR, SOLDAVEL, 90 GRAUS, DN 75 X 75 X 75 MM, PARA AGUA QUENTE PREDIAL	124263		real_295	124
TE NORMAL, PPR, SOLDAVEL, 90 GRAUS, DN 90 X 90 X 90 MM, PARA AGUA QUENTE PREDIAL	124264		real_295	124
"TE PVC, ROSCAVEL, 90 GRAUS, 1 1/4"", AGUA FRIA PREDIAL"	124268		real_295	-1
"TE REDUCAO PVC, ROSCAVEL, 90 GRAUS, 1.1/2"" X 3/4"", AGUA FRIA PREDIAL"	124283		real_295	-1
"TE ROSCA FEMEA, METALICO, PARA CONEXAO COM ANEL DESLIZANTE EM TUBO PEX, DN 16 MM X 1/2"""	124284		real_295	127
"TE ROSCA FEMEA, METALICO, PARA CONEXAO COM ANEL DESLIZANTE EM TUBO PEX, DN 20 MM X 1/2"""	124285		real_295	127
"TE ROSCA FEMEA, METALICO, PARA CONEXAO COM ANEL DESLIZANTE EM TUBO PEX, DN 20 MM X 3/4"""	124286		real_295	127
"TE ROSCA FEMEA, METALICO, PARA CONEXAO COM ANEL DESLIZANTE EM TUBO PEX, DN 25 MM X 1/2"""	124287		real_295	127
"TE ROSCA FEMEA, METALICO, PARA CONEXAO COM ANEL DESLIZANTE EM TUBO PEX, DN 25 MM X 3/4"""	124288		real_295	127
"TE ROSCA MACHO, METALICO, PARA CONEXAO COM ANEL DESLIZANTE EM TUBO PEX, DN 16 MM X 1/2"""	124289		real_295	127
"TE ROSCA MACHO, METALICO, PARA CONEXAO COM ANEL DESLIZANTE EM TUBO PEX, DN 20 MM X 1/2"""	124290		real_295	127
"TE ROSCA MACHO, METALICO, PARA CONEXAO COM ANEL DESLIZANTE EM TUBO PEX, DN 20 MM X 3/4"""	124291		real_295	127
"TE ROSCA MACHO, METALICO, PARA CONEXAO COM ANEL DESLIZANTE EM TUBO PEX, DN 25 MM X 3/4"""	124292		real_295	127
"TE ROSCA MACHO, METALICO, PARA CONEXAO COM ANEL DESLIZANTE EM TUBO PEX, DN 32 MM X 1"""	124293		real_295	127
"TE ROSCA MACHO, METALICO, PARA CONEXAO COM ANEL DESLIZANTE EM TUBO PEX, DN 32 MM X 3/4"""	124294		real_295	127
TE SANITARIO, PVC, DN 100 X 50 MM, SERIE NORMAL, PARA ESGOTO PREDIAL	124296		real_295	36
TE SANITARIO, PVC, DN 100 X 75 MM, SERIE NORMAL PARA ESGOTO PREDIAL	124297		real_295	36
TE SANITARIO, PVC, DN 75 X 50 MM, SERIE NORMAL PARA ESGOTO PREDIAL	124300		real_295	36
TE, PLASTICO, DN 16 MM, PARA CONEXAO COM CRIMPAGEM EM TUBO PEX	124328		real_295	18
TE, PLASTICO, DN 20 MM, PARA CONEXAO COM CRIMPAGEM EM TUBO PEX	124329		real_295	18
TE, PLASTICO, DN 25 MM, PARA CONEXAO COM CRIMPAGEM EM TUBO PEX	124330		real_295	18
TE, PLASTICO, DN 32 MM, PARA CONEXAO COM CRIMPAGEM EM TUBO PEX	124331		real_295	18
TE, PVC LEVE, CURTO, 90 GRAUS, 150 MM, PARA ESGOTO	124332		real_295	34
TE, PVC PBA, BBB, 90 GRAUS, DN 100 / DE 110 MM, PARA REDE AGUA (NBR 10351)	124333		real_295	5
TE, PVC PBA, BBB, 90 GRAUS, DN 50 / DE 60 MM, PARA REDE AGUA (NBR 10351)	124334		real_295	5
TE, PVC PBA, BBB, 90 GRAUS, DN 75 / DE 85 MM, PARA REDE AGUA (NBR 10351)	124335		real_295	5
TE, PVC, 90 GRAUS, BBB, JE, DN 100 MM, PARA REDE COLETORA ESGOTO (NBR 10569)	124341		real_295	5
TE, PVC, 90 GRAUS, BBB, JE, DN 100 MM, PARA TUBO CORRUGADO E/OU LISO, REDE COLETORA ESGOTO (NBR 10569	124342		real_295	5
TE, PVC, 90 GRAUS, BBB, JE, DN 150 MM, PARA REDE COLETORA ESGOTO (NBR 10569)	124343		real_295	5
TE, PVC, 90 GRAUS, BBB, JE, DN 150 MM, PARA TUBO CORRUGADO E/OU LISO, REDE COLETORA ESGOTO (NBR 10569)	124344		real_295	5
TE, PVC, 90 GRAUS, BBB, JE, DN 200 MM, PARA REDE COLETORA ESGOTO (NBR 10569)	124345		real_295	5
TE, PVC, 90 GRAUS, BBB, JE, DN 200 MM, PARA TUBO CORRUGADO E/OU LISO, REDE COLETORA ESGOTO (NBR 10569)	124346		real_295	5
TE, PVC, 90 GRAUS, BBB, JE, DN 250 MM, PARA TUBO CORRUGADO E/OU LISO, REDE COLETORA ESGOTO (NBR 10569)	124347		real_295	5
TE, PVC, 90 GRAUS, BBB, JE, DN 300 MM, PARA TUBO CORRUGADO E/OU LISO, REDE COLETORA ESGOTO (NBR 10569)	124348		real_295	5
TE, PVC, 90 GRAUS, BBP, JE, DN 100 MM, PARA REDE COLETORA ESGOTO (NBR 10569)	124349		real_295	5
TE, PVC, SERIE R, 100 X 100 MM, PARA ESGOTO OU AGUAS PLUVIAIS PREDIAIS	124336		real_295	34
TE, PVC, SERIE R, 100 X 75 MM, PARA ESGOTO OU AGUAS PLUVIAIS PREDIAIS	124337		real_295	34
TE, PVC, SERIE R, 150 X 100 MM, PARA ESGOTO OU AGUAS PLUVIAIS PREDIAIS	124338		real_295	34
TE, PVC, SERIE R, 150 X 150 MM, PARA ESGOTO OU AGUAS PLUVIAIS PREDIAIS	124339		real_295	34
TE, PVC, SERIE R, 75 X 75 MM, PARA ESGOTO OU AGUAS PLUVIAIS PREDIAIS	124340		real_295	34
TECNICO DE EDIFICACOES	124350		real_295	0
TECNICO EM LABORATORIO E CAMPO DE CONSTRUCAO CIVIL	124352		real_295	0
TECNICO EM SEGURANCA DO TRABALHO	124354		real_295	0
TECNICO EM SONDAGEM	124356		real_295	0
TELA DE ANIAGEM ( JUTA) [SINAPI 44529]	126877		real_295	12
TELHA DE FIBRA DE VIDRO ONDULADA INCOLOR, E = 0,6 MM, DE *0,50 X 2,44* M	124396		real_295	59
TELHA DE FIBROCIMENTO E= 8 MM, DE *3,70 X 1,06* M (SEM AMIANTO)	124403		real_295	59
TELHA DE FIBROCIMENTO ONDULADA E = 4 MM, DE 2,44 X 0,50 M (SEM AMIANTO) [SINAPI 7191]	127827		real_295	59
TELHA DE FIBROCIMENTO ONDULADA E = 6 MM, DE 2,44 X 1,10 M (SEM AMIANTO) [SINAPI 7207]	127828		real_295	59
TELHA ESTRUTURAL DE FIBROCIMENTO 1 ABA, DE 0,52 X 4,50 M (SEM AMIANTO)	124421		real_295	117
TELHA ESTRUTURAL DE FIBROCIMENTO 1 ABA, DE 0,52 X 4,50 M (SEM AMIANTO) [SINAPI 7210]	127829		real_295	117
TELHA ESTRUTURAL DE FIBROCIMENTO 1 ABA, DE 0,52 X 6,00 M (SEM AMIANTO)	124424		real_295	117
TELHA GALVALUME COM ISOLAMENTO TERMOACUSTICO EM ESPUMA RIGIDA DE POLIURETANO (PU) INJETADO, ESPESSURA DE 30 MM, DENSIDADE DE 35 KG/M3, COM DUAS FACES TRAPEZOIDAIS, ACABAMENTO NATURAL (NAO INCLUI ACESSORIOS DE FIXACAO)	124433		real_295	8
TELHA TERMOISOLANTE REVESTIDA EM ACO GALVALUME, FACE SUPERIOR TRAPEZOIDAL E FACE INFERIOR PLANA (NAO INCLUI ACESSORIOS DE FIXACAO), REVEST COM ESPESSURA DE 0,50 MM, COM PRE-PINTURA DE COR BRANCA NAS DUAS FACES, NUCLEO EM POLIIOCIANURATO (PIR) COM ESPESSURA DE 50 MM	124435		real_295	61
TELHA TRAPEZOIDAL EM ALUMINIO, ALTURA DE *38* MM E ESPESSURA DE 0,5 MM (LARGURA TOTAL DE 1056 MM E COMPRIMENTO DE 5000 MM)	124440		real_295	-1
TELHA TRAPEZOIDAL EM ALUMINIO, ALTURA DE *38* MM E ESPESSURA DE 0,7 MM (LARGURA TOTAL DE 1056 MM E COMPRIMENTO DE 5000 MM)	124441		real_295	-1
TELHADOR	124443		real_295	0
TELHADOR (MENSALISTA)	124444		real_295	-1
"TERMINAL AEREO EM ACO GALVANIZADO DN 5/16"", COMPRIMENTO DE 350MM, COM BASE DE FIXACAO HORIZONTAL [SINAPI 7571]"	127830		real_295	100
TERMINAL DE PORCELANA (MUFLA) UNIPOLAR, USO EXTERNO, TENSAO 3,6/6 KV, PARA CABO DE 10/16 MM2, COM ISOLAMENTO EPR [SINAPI 4126]	127661		real_295	121
TIJOLO CERAMICO LAMINADO 5,5 X 11 X 23 CM (L X A X C)	124482		real_295	2
TIJOLO CERAMICO MACICO APARENTE *6 X 12 X 24* CM (L X A X C)	124483		real_295	2
TIJOLO CERAMICO MACICO APARENTE 2 FUROS, *6,5 X 10 X 20* CM (L X A X C)	124484		real_295	2
TIJOLO CERAMICO MACICO COMUM *5 X 10 X 20* CM (L X A X C)	124485		real_295	2
TIJOLO CERAMICO REFRATARIO 2,5 X 11,4 X 22,9 CM (L X A X C)	124486		real_295	2
TIJOLO CERAMICO REFRATARIO 6,3 X 11,4 X 22,9 CM (L X A X C)	124487		real_295	2
TIL CONDOMINIAL, PVC, DN 100 X 100 MM, PARA REDE COLETORA DE ESGOTO [SINAPI 44261]	129325		real_295	5
TIL PARA LIGACAO PREDIAL, EM PVC, JE, BBB, DN 100 X 100 MM, PARA REDE COLETORA ESGOTO (NBR 10569)	124488		real_295	5
TIL RADIAL, PVC, JE, BBB, DN 300 X 200 MM, PARA REDE COLETORA DE ESGOTO (NBR 10.569) [SINAPI 44326]	129326		real_295	5
TIL TUBO QUEDA, EM PVC, JE, BBB, DN 100 X 100 MM, PARA REDE COLETORA DE ESGOTO (NBR 10569)	124489		real_295	5
TINTA A BASE DE RESINA ACRILICA EMULSIONADA EM AGUA, PARA SINALIZACAO HORIZONTAL VIARIA (NBR 13699)	124491		real_295	12
TINTA A BASE DE RESINA ACRILICA, PARA SINALIZACAO HORIZONTAL VIARIA (NBR 11862)	124492		real_295	12
TINTA A OLEO BRILHANTE PARA MADEIRA E METAIS [SINAPI 7287]	127662		real_295	-1
TINTA ACRILICA PARA CERAMICA	124494		real_295	12
TINTA ACRILICA PREMIUM PARA PISO [SINAPI 7347]	127663		real_295	12
TINTA ACRILICA PREMIUM, COR BRANCO FOSCO	124496		real_295	12
TINTA BORRACHA CLORADA, ACABAMENTO SEMIBRILHO, BRANCA	124499		real_295	123
TINTA BORRACHA CLORADA, ACABAMENTO SEMIBRILHO, CORES VIVAS	124500		real_295	-1
TINTA BORRACHA, CLORADA, ACABAMENTO SEMIBRILHO, PRETA	124501		real_295	-1
TINTA LATEX ACRILICA SUPER PREMIUM, COR BRANCO FOSCO [SINAPI 43624]	126878		real_295	12
TINTA LATEX PVA PREMIUM, COR BRANCA [SINAPI 7344]	127665		real_295	12
TINTA LATEX PVA PREMIUM, COR BRANCA [SINAPI 7345]	127664		real_295	12
"TIRANTE EM FERRO GALVANIZADO PARA CONTRAVENTAMENTO DE TELHA CANALETE 90, 1/4 "" X 400 MM"	124517		real_295	14
TOPOGRAFO	124533		real_295	0
"TORNEIRA CROMADA COM BICO PARA JARDIM/TANQUE 1/2 "" OU 3/4 "" (REF 1153)"	124535		real_295	70
"TORNEIRA CROMADA CURTA SEM BICO PARA TANQUE, PADRAO POPULAR, 1/2 "" OU 3/4 "" (REF 1140) [SINAPI 13418]"	127831		real_295	70
"TORNEIRA CROMADA CURTA SEM BICO PARA USO GERAL 1/2 "" OU 3/4 "" (REF 1152)"	124536		real_295	70
"TORNEIRA CROMADA DE MESA PARA COZINHA BICA MOVEL COM AREJADOR 1/2 "" OU 3/4 "" (REF 1167)"	124537		real_295	70
TORNEIRA CROMADA DE MESA PARA LAVATORIO COM SENSOR DE PRESENCA	124538		real_295	123
TORNEIRA CROMADA DE MESA PARA LAVATORIO TEMPORIZADA PRESSAO BICA BAIXA	124539		real_295	123
TORNEIRA CROMADA DE MESA PARA LAVATORIO, BICA ALTA (REF 1195)	124540		real_295	123
TORNEIRA CROMADA DE MESA PARA LAVATORIO, MISTURADOR MONOCOMANDO, BICA BAIXA (REF 2875) [SINAPI 44045]	126879		real_295	123
"TORNEIRA CROMADA DE MESA PARA LAVATORIO, PADRAO POPULAR, 1/2 "" OU 3/4 "" (REF 1193)"	124541		real_295	70
TORNEIRA CROMADA DE PAREDE LONGA PARA LAVATORIO (REF 1178)	124542		real_295	123
"TORNEIRA CROMADA DE PAREDE PARA COZINHA BICA MOVEL COM AREJADOR 1/2 "" OU 3/4 "" (REF 1168)"	124543		real_295	70
"TORNEIRA CROMADA DE PAREDE PARA COZINHA COM AREJADOR 1/2 "" OU 3/4 "" (REF 1157) [SINAPI 11775]"	127832		real_295	70
"TORNEIRA CROMADA DE PAREDE PARA COZINHA COM AREJADOR, PADRAO POPULAR, 1/2 "" OU 3/4 "" (REF 1159)"	124544		real_295	70
"TORNEIRA CROMADA DE PAREDE PARA COZINHA SEM AREJADOR, PADRAO POPULAR, 1/2 "" OU 3/4 "" (REF 1158)"	124545		real_295	70
"TORNEIRA CROMADA SEM BICO PARA TANQUE 1/2 "" OU 3/4 "" (REF 1143)"	124546		real_295	70
"TORNEIRA CROMADA SEM BICO PARA TANQUE, PADRAO POPULAR, 1/2 "" OU 3/4 "" (REF 1126)"	124547		real_295	70
"TORNEIRA DE BOIA CONVENCIONAL PARA CAIXA D'AGUA, 1"", COM HASTE E TORNEIRA METALICOS E BALAO PLASTICO"	124551		real_295	63
"TORNEIRA DE BOIA CONVENCIONAL PARA CAIXA D'AGUA, 1.1/2"", COM HASTE E TORNEIRA METALICOS E BALAO PLASTICO"	124548		real_295	63
"TORNEIRA DE BOIA CONVENCIONAL PARA CAIXA D'AGUA, 1.1/4"", COM HASTE E TORNEIRA METALICOS E BALAO PLASTICO"	124549		real_295	63
"TORNEIRA DE BOIA CONVENCIONAL PARA CAIXA D'AGUA, 1/2"", COM HASTE E TORNEIRA METALICOS E BALAO PLASTICO"	124550		real_295	63
"TORNEIRA DE BOIA CONVENCIONAL PARA CAIXA D'AGUA, 2"", COM HASTE E TORNEIRA METALICOS E BALAO PLASTICO"	124552		real_295	63
"TORNEIRA DE BOIA CONVENCIONAL PARA CAIXA D'AGUA, 3/4"", COM HASTE E TORNEIRA METALICOS E BALAO PLASTICO"	124553		real_295	63
"TORNEIRA DE BOIA VAZAO TOTAL PARA CAIXA D'AGUA, 1"", COM HASTE E TORNEIRA METALICOS E BALAO PLASTICO"	124555		real_295	63
"TORNEIRA DE BOIA VAZAO TOTAL PARA CAIXA D'AGUA, 1/2"", COM HASTE E TORNEIRA METALICOS E BALAO PLASTICO"	124554		real_295	63
"TORNEIRA DE BOIA VAZAO TOTAL PARA CAIXA D'AGUA, 3/4"", COM HASTE E TORNEIRA METALICOS E BALAO PLASTICO"	124556		real_295	63
TORNEIRA DE MESA CROMADA PARA LAVATORIO COM SENSOR DE APROXIMACAO ELETRICO, BIVOLT [SINAPI 39702]	126880		real_295	123
TORNEIRA ELETRICA DE PAREDE, BICA ALTA, PARA COZINHA, 5500 W (110/220 V)	124557		real_295	14
"TORNEIRA METAL AMARELO COM BICO PARA JARDIM, PADRAO POPULAR, 1/2 "" OU 3/4 "" (REF 1128)"	124558		real_295	70
"TORNEIRA METAL AMARELO CURTA SEM BICO PARA TANQUE, PADRAO POPULAR, 1/2 "" OU 3/4 "" (REF 1120)"	124559		real_295	70
"TORNEIRA METALICA DE BOIA CONVENCIONAL PARA CAIXA D'AGUA, 1/2 "", COM HASTE, TORNEIRA E BALAO METALICOS"	124560		real_295	63
"TORNEIRA METALICA DE BOIA CONVENCIONAL PARA CAIXA D'AGUA, 3/4 "", COM HASTE, TORNEIRA E BALAO METALICOS"	124561		real_295	63
"TORNEIRA PLASTICA DE BOIA CONVENCIONAL PARA CAIXA DE AGUA, 3/4 "", COM HASTE METALICA E COM TORNEIRA E BALAO PLASTICOS (PADRAO POPULAR)"	124562		real_295	-1
"TORNEIRA PLASTICA DE MESA, BICA MOVEL, PARA COZINHA 1/2 """	124564		real_295	70
"TORNEIRA PLASTICA PARA TANQUE 1/2 "" OU 3/4 "" COM BICO PARA MANGUEIRA"	124565		real_295	70
TRANSPORTE - HORISTA (COLETADO CAIXA)	124578		real_295	-1
TRANSPORTE - MENSALISTA (COLETADO CAIXA)	124579		real_295	-1
TRATOR DE ESTEIRAS, POTENCIA BRUTA DE 133 HP, PESO OPERACIONAL DE 14 T, COM LAMINA COM CAPACIDADE DE 3,00 M3	124580		real_295	10
TRATOR DE ESTEIRAS, POTENCIA BRUTA DE 347 HP, PESO OPERACIONAL DE 38,5 T, COM ESCARIFICADOR E LAMINA COM CAPACIDADE DE 4,70M3	124581		real_295	10
TRATOR DE ESTEIRAS, POTENCIA NO VOLANTE DE 200 HP, PESO OPERACIONAL DE 20,1 T, COM RODA MOTRIZ ELEVADA E LAMINA COM CAPACIDADE DE 3,89 M3	124586		real_295	10
TRATOR DE PNEUS COM POTENCIA DE 105 CV, TRACAO 4 X 4, PESO COM LASTRO DE 5775 KG	124588		real_295	-1
TRATOR DE PNEUS COM POTENCIA DE 15 CV, PESO COM LASTRO DE 1160 KG	124590		real_295	-1
TRATOR DE PNEUS COM POTENCIA DE 50 CV, TRACAO 4 X 2, PESO COM LASTRO DE 2714 KG	124591		real_295	-1
TRATOR DE PNEUS COM POTENCIA DE 85 CV, TURBO, PESO COM LASTRO DE 4900 KG	124593		real_295	-1
TRATOR DE PNEUS COM POTENCIA DE 95 CV, TRACAO 4 X 4, PESO MAXIMO DE 5225 KG	124594		real_295	-1
TRILHO QUADRADO FRIZADO PARA RODIZIO (VERGALHAO MACICO), EM ALUMINIO, COM DIMENSOES DE *6 X 6* MM	124600		real_295	13
TROLEY MANUAL CAPACIDADE 1 T	124601		real_295	17
"TUBO ACO GALVANIZADO COM COSTURA, CLASSE LEVE, DN 100 MM ( 4""), E = 3,75 MM, *10,55* KG/M (NBR 5580)"	124632		real_295	20
"TUBO ACO GALVANIZADO COM COSTURA, CLASSE LEVE, DN 15 MM ( 1/2""), E = 2,25 MM, *1,2* KG/M (NBR 5580)"	124633		real_295	20
"TUBO ACO GALVANIZADO COM COSTURA, CLASSE LEVE, DN 20 MM ( 3/4""), E = 2,25 MM, *1,3* KG/M (NBR 5580)"	124634		real_295	20
"TUBO ACO GALVANIZADO COM COSTURA, CLASSE LEVE, DN 25 MM ( 1""), E = 2,65 MM, *2,11* KG/M (NBR 5580)"	124635		real_295	20
"TUBO ACO GALVANIZADO COM COSTURA, CLASSE LEVE, DN 32 MM ( 1 1/4""), E = 2,65 MM, *2,71* KG/M (NBR 5580)"	124636		real_295	20
"TUBO ACO GALVANIZADO COM COSTURA, CLASSE LEVE, DN 40 MM ( 1 1/2""), E = 3,00 MM, *3,48* KG/M (NBR 5580)"	124637		real_295	20
"TUBO ACO GALVANIZADO COM COSTURA, CLASSE LEVE, DN 50 MM ( 2""), E = 3,00 MM, *4,40* KG/M (NBR 5580)"	124638		real_295	20
"TUBO ACO GALVANIZADO COM COSTURA, CLASSE LEVE, DN 65 MM ( 2 1/2""), E = 3,35 MM, * 6,23* KG/M (NBR 5580)"	124639		real_295	20
"TUBO ACO GALVANIZADO COM COSTURA, CLASSE LEVE, DN 80 MM ( 3""), E = 3,35 MM, *7,32* KG/M (NBR 5580)"	124640		real_295	20
TUBO CORRUGADO PEAD, PAREDE DUPLA, INTERNA LISA, JEI DN/DI 500 MM (DRENAGEM/ESGOTO) [SINAPI 44812]	128124		real_295	-1
TUBO CORRUGADO PEAD, PAREDE DUPLA, INTERNA LISA, JEI, DN/DI *1000* MM, PARA SANEAMENTO	124660		real_295	-1
TUBO CORRUGADO PEAD, PAREDE DUPLA, INTERNA LISA, JEI, DN/DI *400* MM, PARA SANEAMENTO	124661		real_295	-1
TUBO CORRUGADO PEAD, PAREDE DUPLA, INTERNA LISA, JEI, DN/DI *800* MM, PARA SANEAMENTO	124662		real_295	-1
TUBO CORRUGADO PEAD, PAREDE DUPLA, INTERNA LISA, JEI, DN/DI 1200 MM, PARA SANEAMENTO	124663		real_295	-1
TUBO CORRUGADO PEAD, PAREDE DUPLA, INTERNA LISA, JEI, DN/DI 250 MM, PARA SANEAMENTO	124664		real_295	-1
TUBO CORRUGADO PEAD, PAREDE DUPLA, INTERNA LISA, JEI, DN/DI 300 MM, PARA SANEAMENTO	124665		real_295	-1
TUBO CORRUGADO PEAD, PAREDE DUPLA, INTERNA LISA, JEI, DN/DI 600 MM, PARA SANEAMENTO	124666		real_295	-1
TUBO CPVC, SOLDAVEL, 114 MM, AGUA QUENTE (NBR 15884) [SINAPI 44260]	129327		real_295	98
"TUBO DE COBRE CLASSE ""A"", DN = 1 "" (28 MM), PARA INSTALACOES DE MEDIA PRESSAO PARA GASES COMBUSTIVEIS E MEDICINAIS"	124687		real_295	-1
"TUBO DE COBRE CLASSE ""A"", DN = 1 1/2 "" (42 MM), PARA INSTALACOES DE MEDIA PRESSAO PARA GASES COMBUSTIVEIS E MEDICINAIS"	124688		real_295	-1
"TUBO DE COBRE CLASSE ""A"", DN = 1 1/4 "" (35 MM), PARA INSTALACOES DE MEDIA PRESSAO PARA GASES COMBUSTIVEIS E MEDICINAIS"	124689		real_295	-1
"TUBO DE COBRE CLASSE ""A"", DN = 1/2 "" (15 MM), PARA INSTALACOES DE MEDIA PRESSAO PARA GASES COMBUSTIVEIS E MEDICINAIS"	124690		real_295	-1
"TUBO DE COBRE CLASSE ""A"", DN = 2 1/2 "" (66 MM), PARA INSTALACOES DE MEDIA PRESSAO PARA GASES COMBUSTIVEIS E MEDICINAIS"	124691		real_295	-1
"TUBO DE COBRE CLASSE ""A"", DN = 3 "" (79 MM), PARA INSTALACOES DE MEDIA PRESSAO PARA GASES COMBUSTIVEIS E MEDICINAIS"	124692		real_295	-1
"TUBO DE COBRE CLASSE ""A"", DN = 3/4 "" (22 MM), PARA INSTALACOES DE MEDIA PRESSAO PARA GASES COMBUSTIVEIS E MEDICINAIS"	124693		real_295	-1
"TUBO DE COBRE CLASSE ""A"", DN = 4 "" (104 MM), PARA INSTALACOES DE MEDIA PRESSAO PARA GASES COMBUSTIVEIS E MEDICINAIS"	124694		real_295	-1
"TUBO DE COBRE CLASSE ""I"", DN = 1 "" (28 MM), PARA INSTALACOES INDUSTRIAIS DE ALTA PRESSAO E VAPOR"	124704		real_295	-1
"TUBO DE COBRE CLASSE ""I"", DN = 1 1/2 "" (42 MM), PARA INSTALACOES INDUSTRIAIS DE ALTA PRESSAO E VAPOR"	124705		real_295	-1
"TUBO DE COBRE CLASSE ""I"", DN = 1 1/4 "" (35 MM), PARA INSTALACOES INDUSTRIAIS DE ALTA PRESSAO E VAPOR"	124706		real_295	-1
"TUBO DE COBRE CLASSE ""I"", DN = 1/2 "" (15 MM), PARA INSTALACOES INDUSTRIAIS DE ALTA PRESSAO E VAPOR"	124707		real_295	-1
"TUBO DE COBRE CLASSE ""I"", DN = 2 "" (54 MM), PARA INSTALACOES INDUSTRIAIS DE ALTA PRESSAO E VAPOR"	124708		real_295	-1
"TUBO DE COBRE CLASSE ""I"", DN = 2 1/2 "" (66 MM), PARA INSTALACOES INDUSTRIAIS DE ALTA PRESSAO E VAPOR"	124709		real_295	57
"TUBO DE COBRE CLASSE ""I"", DN = 3 "" (79 MM), PARA INSTALACOES INDUSTRIAIS DE ALTA PRESSAO E VAPOR"	124710		real_295	-1
"TUBO DE COBRE CLASSE ""I"", DN = 3/4 "" (22 MM), PARA INSTALACOES INDUSTRIAIS DE ALTA PRESSAO E VAPOR"	124711		real_295	-1
"TUBO DE COBRE CLASSE ""I"", DN = 4"" (104 MM), PARA INSTALACOES INDUSTRIAIS DE ALTA PRESSAO E VAPOR"	124712		real_295	-1
"TUBO DE COBRE FLEXIVEL, D = 1/2 "", E = 0,79 MM, PARA AR-CONDICIONADO/ INSTALACOES GAS RESIDENCIAIS E COMERCIAIS"	124713		real_295	31
"TUBO DE COBRE FLEXIVEL, D = 1/4 "", E = 0,79 MM, PARA AR-CONDICIONADO/ INSTALACOES GAS RESIDENCIAIS E COMERCIAIS"	124714		real_295	31
"TUBO DE COBRE FLEXIVEL, D = 3/16 "", E = 0,79 MM, PARA AR-CONDICIONADO/ INSTALACOES GAS RESIDENCIAIS E COMERCIAIS"	124715		real_295	31
"TUBO DE COBRE FLEXIVEL, D = 3/4 "", E = 0,79 MM, PARA AR-CONDICIONADO/ INSTALACOES GAS RESIDENCIAIS E COMERCIAIS"	124716		real_295	31
"TUBO DE COBRE FLEXIVEL, D = 3/8 "", E = 0,79 MM, PARA AR-CONDICIONADO/ INSTALACOES GAS RESIDENCIAIS E COMERCIAIS"	124717		real_295	31
"TUBO DE COBRE FLEXIVEL, D = 5/16 "", E = 0,79 MM, PARA AR-CONDICIONADO/ INSTALACOES GAS RESIDENCIAIS E COMERCIAIS"	124718		real_295	31
"TUBO DE COBRE FLEXIVEL, D = 5/8 "", E = 0,79 MM, PARA AR-CONDICIONADO/ INSTALACOES GAS RESIDENCIAIS E COMERCIAIS"	124719		real_295	31
"TUBO DE COBRE, CLASSE ""A"", DN = 2"" (54 MM), PARA INSTALACOES DE MEDIA PRESSAO PARA GASES COMBUSTIVEIS E MEDICINAIS"	124720		real_295	-1
TUBO DE CONCRETO ARMADO PARA AGUAS PLUVIAIS, CLASSE PA-1, COM ENCAIXE PONTA E BOLSA, DIAMETRO NOMINAL DE 500 MM	124729		real_295	97
TUBO DE DESCARGA PVC, PARA LIGACAO CAIXA DE DESCARGA - EMBUTIR, 40 MM X 150 CM	124790		real_295	32
TUBO DE DESCIDA EXTERNO DE PVC PARA CAIXA DE DESCARGA EXTERNA ALTA - 40 MM X 1,60 M	124791		real_295	32
TUBO DE POLIETILENO DE ALTA DENSIDADE, PEAD, PE-80, DE = 1000 MM X 38,5 MM PAREDE, ( SDR 26 - PN 05 ) PARA REDE DE AGUA OU ESGOTO ( NBR 15561) [SINAPI 44543]	126881		real_295	21
TUBO DE POLIETILENO DE ALTA DENSIDADE, PEAD, PE-80, DE = 1000 MM X 38,5 MM PAREDE, ( SDR 26 - PN 05 ) PARA REDE DE AGUA OU ESGOTO (NBR 15561)	124805		real_295	21
TUBO DE POLIETILENO DE ALTA DENSIDADE, PEAD, PE-80, DE = 110 MM X 10,0 MM PAREDE, ( SDR 11 - PN 12,5 ) PARA REDE DE AGUA OU ESGOTO ( NBR 15561) [SINAPI 44526]	126882		real_295	21
TUBO DE POLIETILENO DE ALTA DENSIDADE, PEAD, PE-80, DE = 110 MM X 10,0 MM PAREDE, ( SDR 11 - PN 12,5 ) PARA REDE DE AGUA OU ESGOTO (NBR 15561)	124806		real_295	21
TUBO DE POLIETILENO DE ALTA DENSIDADE, PEAD, PE-80, DE = 1200 MM X 37,2 MM PAREDE ( SDR 32,25 - PN 04 ) PARA REDE DE AGUA OU ESGOTO ( NBR 15561) [SINAPI 44518]	126883		real_295	21
TUBO DE POLIETILENO DE ALTA DENSIDADE, PEAD, PE-80, DE = 1200 MM X 37,2 MM PAREDE ( SDR 32,25 - PN 04 ) PARA REDE DE AGUA OU ESGOTO (NBR 15561)	124807		real_295	21
TUBO DE POLIETILENO DE ALTA DENSIDADE, PEAD, PE-80, DE = 1200 MM X 37,2 MM PAREDE (SDR 32,25 - PN 04) PARA REDE DE AGUA OU ESGOTO	152321		real_295	21
TUBO DE POLIETILENO DE ALTA DENSIDADE, PEAD, PE-80, DE = 1400 MM X 42,9 MM PAREDE, (SDR 32,25 - PN 04 ) PARA REDE DE AGUA OU ESGOTO ( NBR 15561) [SINAPI 44544]	126884		real_295	21
TUBO DE POLIETILENO DE ALTA DENSIDADE, PEAD, PE-80, DE = 1400 MM X 42,9 MM PAREDE, (SDR 32,25 - PN 04 ) PARA REDE DE AGUA OU ESGOTO (NBR 15561)	124808		real_295	21
TUBO DE POLIETILENO DE ALTA DENSIDADE, PEAD, PE-80, DE = 1400 MM X 42,9 MM PAREDE, (SDR 32,25 - PN 04) PARA REDE DE AGUA OU ESGOTO	152322		real_295	21
TUBO DE POLIETILENO DE ALTA DENSIDADE, PEAD, PE-80, DE = 160 MM X 14,6 MM PAREDE, (SDR 11 - PN 12,5 ) PARA REDE DE AGUA OU ESGOTO ( NBR 15561) [SINAPI 44545]	126885		real_295	21
TUBO DE POLIETILENO DE ALTA DENSIDADE, PEAD, PE-80, DE = 160 MM X 14,6 MM PAREDE, (SDR 11 - PN 12,5 ) PARA REDE DE AGUA OU ESGOTO (NBR 15561)	124809		real_295	21
TUBO DE POLIETILENO DE ALTA DENSIDADE, PEAD, PE-80, DE = 1600 MM X 49,0 MM PAREDE, ( SDR 32,25 - PN 04 ) PARA REDE DE AGUA OU ESGOTO ( NBR 15561) [SINAPI 44546]	126886		real_295	21
TUBO DE POLIETILENO DE ALTA DENSIDADE, PEAD, PE-80, DE = 1600 MM X 49,0 MM PAREDE, ( SDR 32,25 - PN 04 ) PARA REDE DE AGUA OU ESGOTO (NBR 15561)	124810		real_295	21
TUBO DE POLIETILENO DE ALTA DENSIDADE, PEAD, PE-80, DE = 1600 MM X 49,0 MM PAREDE, (SDR 32,25 - PN 04) PARA REDE DE AGUA OU ESGOTO	152323		real_295	21
TUBO DE POLIETILENO DE ALTA DENSIDADE, PEAD, PE-80, DE = 900 MM X 34,7 MM PAREDE, ( SDR 26 - PN 05 ) PARA REDE DE AGUA OU ESGOTO ( NBR 15561) [SINAPI 44525]	126887		real_295	21
TUBO DE POLIETILENO DE ALTA DENSIDADE, PEAD, PE-80, DE = 900 MM X 34,7 MM PAREDE, ( SDR 26 - PN 05 ) PARA REDE DE AGUA OU ESGOTO (NBR 15561)	124811		real_295	21
TUBO DE POLIETILENO DE ALTA DENSIDADE, PEAD, PE-80, DE= 200 MM X 18,2 MM PAREDE, ( SDR 11 - PN 12,5 ) PARA REDE DE AGUA OU ESGOTO ( NBR 15561) [SINAPI 44547]	126888		real_295	21
TUBO DE POLIETILENO DE ALTA DENSIDADE, PEAD, PE-80, DE= 200 MM X 18,2 MM PAREDE, ( SDR 11 - PN 12,5 ) PARA REDE DE AGUA OU ESGOTO (NBR 15561)	124812		real_295	21
TUBO DE POLIETILENO DE ALTA DENSIDADE, PEAD, PE-80, DE= 315 MM X 28,7 MM PAREDE, ( SDR 11 - PN 12,5 ) PARA REDE DE AGUA OU ESGOTO ( NBR 15561) [SINAPI 44519]	126889		real_295	21
TUBO DE POLIETILENO DE ALTA DENSIDADE, PEAD, PE-80, DE= 315 MM X 28,7 MM PAREDE, ( SDR 11 - PN 12,5 ) PARA REDE DE AGUA OU ESGOTO (NBR 15561)	124813		real_295	21
TUBO DE POLIETILENO DE ALTA DENSIDADE, PEAD, PE-80, DE= 400 MM X 36,4 MM PAREDE, ( SDR 11 - PN 12,5 ) PARA REDE DE AGUA OU ESGOTO ( NBR 15561) [SINAPI 44520]	126890		real_295	21
TUBO DE POLIETILENO DE ALTA DENSIDADE, PEAD, PE-80, DE= 400 MM X 36,4 MM PAREDE, ( SDR 11 - PN 12,5 ) PARA REDE DE AGUA OU ESGOTO (NBR 15561)	124814		real_295	21
TUBO DE POLIETILENO DE ALTA DENSIDADE, PEAD, PE-80, DE= 50 MM X 4,6 MM PAREDE, (SDR 11 - PN 12,5) PARA REDE DE AGUA OU ESGOTO ( NBR 15561) [SINAPI 44521]	126891		real_295	21
TUBO DE POLIETILENO DE ALTA DENSIDADE, PEAD, PE-80, DE= 500 MM X 45,5 MM PAREDE, ( SDR 11 - PN 12,5 ) PARA REDE DE AGUA OU ESGOTO ( NBR 15561) [SINAPI 44522]	126892		real_295	21
TUBO DE POLIETILENO DE ALTA DENSIDADE, PEAD, PE-80, DE= 500 MM X 45,5 MM PAREDE, ( SDR 11 - PN 12,5 ) PARA REDE DE AGUA OU ESGOTO (NBR 15561)	124816		real_295	21
TUBO DE POLIETILENO DE ALTA DENSIDADE, PEAD, PE-80, DE= 630 MM X 57,3 MM PAREDE (SDR 11 - PN 12,5 ) PARA REDE DE AGUA OU ESGOTO ( NBR 15561) [SINAPI 44523]	126893		real_295	21
TUBO DE POLIETILENO DE ALTA DENSIDADE, PEAD, PE-80, DE= 630 MM X 57,3 MM PAREDE (SDR 11 - PN 12,5 ) PARA REDE DE AGUA OU ESGOTO (NBR 15561)	124817		real_295	21
TUBO DE POLIETILENO DE ALTA DENSIDADE, PEAD, PE-80, DE= 730 MM X 34,1 MM PAREDE, ( SDR 21 - PN 06 ) PARA REDE DE AGUA OU ESGOTO ( NBR 15561) [SINAPI 44527]	126894		real_295	21
TUBO DE POLIETILENO DE ALTA DENSIDADE, PEAD, PE-80, DE= 730 MM X 34,1 MM PAREDE, ( SDR 21 - PN 06 ) PARA REDE DE AGUA OU ESGOTO (NBR 15561)	124818		real_295	21
TUBO DE POLIETILENO DE ALTA DENSIDADE, PEAD, PE-80, DE= 75 MM X 6,9 MM PAREDE, ( SRD 11 - PN 12,5 ) PARA REDE DE AGUA OU ESGOTO ( NBR 15561) [SINAPI 44524]	126895		real_295	21
TUBO DE POLIETILENO DE ALTA DENSIDADE, PEAD, PE-80, DE= 75 MM X 6,9 MM PAREDE, ( SRD 11 - PN 12,5 ) PARA REDE DE AGUA OU ESGOTO (NBR 15561)	124819		real_295	21
TUBO DE POLIETILENO DE ALTA DENSIDADE, PEAD, PE-80, DE= 800 MM X 30,8 MM PAREDE, ( SDR 26 - PN 05 ) PARA REDE DE AGUA OU ESGOTO ( NBR 15561) [SINAPI 44542]	126896		real_295	21
TUBO DE POLIETILENO DE ALTA DENSIDADE, PEAD, PE-80, DE= 800 MM X 30,8 MM PAREDE, ( SDR 26 - PN 05 ) PARA REDE DE AGUA OU ESGOTO (NBR 15561)	124820		real_295	21
TUBO DE PVC, PBL, TIPO LEVE, DN = 125 MM, PARA VENTILACAO	124821		real_295	112
TUBO DE PVC, PBL, TIPO LEVE, DN = 400 MM, PARA VENTILACAO	124824		real_295	112
TUBO DE REVESTIMENTO, EM ACO, CORPO SCHEDULE 40, PONTEIRA SCHEDULE 80, ROSQUEAVEL E SEGMENTADO PARA PERFURACAO, DIAMETRO 10'' (310 MM)	124825		real_295	-1
TUBO DE REVESTIMENTO, EM ACO, CORPO SCHEDULE 40, PONTEIRA SCHEDULE 80, ROSQUEAVEL E SEGMENTADO PARA PERFURACAO, DIAMETRO 10'' (310 MM) (COLETADO CAIXA) [SINAPI 41998]	127834		real_295	-1
TUBO DE REVESTIMENTO, EM ACO, CORPO SCHEDULE 40, PONTEIRA SCHEDULE 80, ROSQUEAVEL E SEGMENTADO PARA PERFURACAO, DIAMETRO 14'' (400 MM)	124827		real_295	-1
TUBO DE REVESTIMENTO, EM ACO, CORPO SCHEDULE 40, PONTEIRA SCHEDULE 80, ROSQUEAVEL E SEGMENTADO PARA PERFURACAO, DIAMETRO 14'' (400 MM) (COLETADO CAIXA) [SINAPI 41999]	127835		real_295	-1
TUBO DE REVESTIMENTO, EM ACO, CORPO SCHEDULE 40, PONTEIRA SCHEDULE 80, ROSQUEAVEL E SEGMENTADO PARA PERFURACAO, DIAMETRO 16'' (450 MM)	124828		real_295	-1
TUBO DE REVESTIMENTO, EM ACO, CORPO SCHEDULE 40, PONTEIRA SCHEDULE 80, ROSQUEAVEL E SEGMENTADO PARA PERFURACAO, DIAMETRO 16'' (450 MM) (COLETADO CAIXA) [SINAPI 42000]	127836		real_295	-1
TUBO DE REVESTIMENTO, EM ACO, CORPO SCHEDULE 40, PONTEIRA SCHEDULE 80, ROSQUEAVEL E SEGMENTADO PARA PERFURACAO, DIAMETRO 4'' (450 MM)	124829		real_295	-1
TUBO DE REVESTIMENTO, EM ACO, CORPO SCHEDULE 40, PONTEIRA SCHEDULE 80, ROSQUEAVEL E SEGMENTADO PARA PERFURACAO, DIAMETRO 6'' (200 MM)	124830		real_295	-1
TUBO DE REVESTIMENTO, EM ACO, CORPO SCHEDULE 40, PONTEIRA SCHEDULE 80, ROSQUEAVEL E SEGMENTADO PARA PERFURACAO, DIAMETRO 6'' (200 MM) (COLETADO CAIXA) [SINAPI 42001]	127833		real_295	-1
TUBO DE REVESTIMENTO, EM ACO, CORPO SCHEDULE 40, PONTEIRA SCHEDULE 80, ROSQUEAVEL E SEGMENTADO PARA PERFURACAO, DIAMETRO 8'' (450 MM)	124831		real_295	-1
TUBO MONOCAMADA PEX, DN 16 MM	124836		real_295	27
TUBO MONOCAMADA PEX, DN 20 MM	124837		real_295	27
TUBO MONOCAMADA PEX, DN 25 MM	124838		real_295	27
TUBO MONOCAMADA PEX, DN 32 MM	124839		real_295	27
TUBO MULTICAMADA PEX, DN *26* MM, PARA INSTALACOES A GAS (AMARELO)	124840		real_295	-1
TUBO MULTICAMADA PEX, DN 16 MM, PARA INSTALACOES A GAS (AMARELO)	124841		real_295	-1
TUBO MULTICAMADA PEX, DN 20 MM, PARA INSTALACOES A GAS (AMARELO)	124842		real_295	-1
TUBO MULTICAMADA PEX, DN 32 MM, PARA INSTALACOES A GAS (AMARELO)	124843		real_295	-1
TUBO PPR, CLASSE PN 20, SOLDAVEL, DN 32 MM PARA AGUA FRIA OU QUENTE PREDIAL [SINAPI 44176]	129328		real_295	27
TUBO PVC CORRUGADO, PAREDE DUPLA, JE, DN 150 MM, REDE COLETORA ESGOTO	124865		real_295	32
TUBO PVC CORRUGADO, PAREDE DUPLA, JE, DN 200 MM, REDE COLETORA ESGOTO	124866		real_295	32
TUBO PVC CORRUGADO, PAREDE DUPLA, JE, DN 250 MM, REDE COLETORA ESGOTO	124867		real_295	32
TUBO PVC CORRUGADO, PAREDE DUPLA, JE, DN 300 MM, REDE COLETORA ESGOTO	124868		real_295	32
TUBO PVC CORRUGADO, PAREDE DUPLA, JE, DN 350 MM, REDE COLETORA ESGOTO	124869		real_295	32
TUBO PVC CORRUGADO, PAREDE DUPLA, JE, DN 400 MM, REDE COLETORA ESGOTO	124870		real_295	32
TUBO PVC DE REVESTIMENTO GEOMECANICO NERVURADO STANDARD, DN = 250 MM, COMPRIMENTO = 2 M	124875		real_295	112
TUBO PVC, FLEXIVEL, CORRUGADO, PERFURADO, DN 110 MM, PARA DRENAGEM, SISTEMA IRRIGACAO	124893		real_295	32
TUBO PVC, FLEXIVEL, CORRUGADO, PERFURADO, DN 65 MM, PARA DRENAGEM, SISTEMA IRRIGACAO	124894		real_295	32
TUBO PVC, RIGIDO, CORRUGADO, PERFURADO DN 100 MM, PARA DRENAGEM, SISTEMA IRRIGACAO [SINAPI 44315]	129329		real_295	32
TUBO PVC, RIGIDO, CORRUGADO, PERFURADO, DN 150 MM, PARA DRENAGEM, SISTEMA IRRIGACAO	124895		real_295	32
"TUBO PVC, ROSCAVEL, 3"", AGUA FRIA PREDIAL"	124902		real_295	-1
"TUBO PVC, ROSCAVEL, 4"", AGUA FRIA PREDIAL"	124903		real_295	-1
"TUBO PVC, ROSCAVEL, 5"", AGUA FRIA PREDIAL"	124904		real_295	-1
"TUBO PVC, ROSCAVEL, 6"", AGUA FRIA PREDIAL"	124905		real_295	-1
TUBO PVC, SERIE R, DN 100 MM, PARA ESGOTO OU AGUAS PLUVIAIS PREDIAIS (NBR 5688)	124906		real_295	32
TUBO PVC, SERIE R, DN 150 MM, PARA ESGOTO OU AGUAS PLUVIAIS PREDIAIS (NBR 5688)	124907		real_295	32
TUBO PVC, SERIE R, DN 40 MM, PARA ESGOTO OU AGUAS PLUVIAIS PREDIAIS (NBR 5688)	124908		real_295	32
TUBO PVC, SERIE R, DN 50 MM, PARA ESGOTO OU AGUAS PLUVIAIS PREDIAIS (NBR 5688)	124909		real_295	32
TUBO PVC, SERIE R, DN 75 MM, PARA ESGOTO OU AGUAS PLUVIAIS PREDIAIS (NBR 5688)	124910		real_295	32
TUBO PVC, SOLDAVEL, DN 110 MM, AGUA FRIA (NBR-5648)	124911		real_295	57
TUBO PVC, SOLDAVEL, DN 20 MM, AGUA FRIA (NBR-5648)	124912		real_295	57
TUBO PVC, SOLDAVEL, DN 25 MM, AGUA FRIA (NBR-5648)	124913		real_295	57
TUBO PVC, SOLDAVEL, DN 32 MM, AGUA FRIA (NBR-5648)	124914		real_295	57
TUBO PVC, SOLDAVEL, DN 40 MM, AGUA FRIA (NBR-5648)	124915		real_295	57
TUBO PVC, SOLDAVEL, DN 50 MM, PARA AGUA FRIA (NBR-5648)	124916		real_295	57
TUBO PVC, SOLDAVEL, DN 60 MM, AGUA FRIA (NBR-5648)	124917		real_295	57
TUBO PVC, SOLDAVEL, DN 75 MM, AGUA FRIA (NBR-5648)	124918		real_295	57
TUBO PVC, SOLDAVEL, DN 85 MM, AGUA FRIA (NBR-5648)	124919		real_295	57
UNIAO COM ASSENTO CONICO DE BRONZE, DIAMETRO 2'	124926		real_295	-1
UNIAO COM ASSENTO CONICO DE FERRO LONGO (MACHO-FEMEA), DIAMETRO 3'	124936		real_295	-1
UNIAO COM FLANGE PPR, DN 40 MM, PARA AGUA QUENTE PREDIAL	124938		real_295	15
UNIAO DE REDUCAO METALICA, PARA CONEXAO COM ANEL DESLIZANTE EM TUBO PEX, DN 20 X 16 MM	124950		real_295	27
UNIAO DE REDUCAO METALICA, PARA CONEXAO COM ANEL DESLIZANTE EM TUBO PEX, DN 25 X 16 MM	124951		real_295	27
UNIAO DE REDUCAO METALICA, PARA CONEXAO COM ANEL DESLIZANTE EM TUBO PEX, DN 25 X 20 MM	124952		real_295	27
UNIAO DE REDUCAO METALICA, PARA CONEXAO COM ANEL DESLIZANTE EM TUBO PEX, DN 32 X 25 MM	124953		real_295	27
UNIAO DUPLA PPR DN 20 MM, PARA AGUA QUENTE PREDIAL	124954		real_295	15
UNIAO METALICA, PARA CONEXAO COM ANEL DESLIZANTE EM TUBO PEX, DN 16 MM	124958		real_295	27
UNIAO METALICA, PARA CONEXAO COM ANEL DESLIZANTE EM TUBO PEX, DN 20 MM	124959		real_295	27
UNIAO METALICA, PARA CONEXAO COM ANEL DESLIZANTE EM TUBO PEX, DN 25 MM	124960		real_295	27
UNIAO METALICA, PARA CONEXAO COM ANEL DESLIZANTE EM TUBO PEX, DN 32 MM	124961		real_295	27
"UNIAO PVC, ROSCAVEL 2"", AGUA FRIA PREDIAL"	124963		real_295	-1
"UNIAO PVC, ROSCAVEL, 1 1/4"", AGUA FRIA PREDIAL"	124965		real_295	-1
"UNIAO PVC, ROSCAVEL, 2 1/2"", AGUA FRIA PREDIAL"	124967		real_295	-1
"UNIAO PVC, ROSCAVEL, 3"", AGUA FRIA PREDIAL"	124969		real_295	-1
USINA DE ASFALTO A FRIO, CAPACIDADE DE 30 A 40 T/H, ELETRICA, POTENCIA DE 30 CV	124989		real_295	87
USINA DE ASFALTO, GRAVIMETRICA, CAPACIDADE DE 150 T/H, POTENCIA DE 400 KW [SINAPI 44469]	126897		real_295	10
USINA DE CONCRETO FIXA, CAPACIDADE NOMINAL DE 40 M3/H, SEM SILO	124993		real_295	14
USINA DE CONCRETO FIXA, CAPACIDADE NOMINAL DE 60 M3/H, SEM SILO	124994		real_295	14
USINA DE CONCRETO FIXA, CAPACIDADE NOMINAL DE 80 M3/H, SEM SILO	124995		real_295	14
"VALVULA DE DESCARGA METALICA, BASE 1 1/2 "" E ACABAMENTO METALICO CROMADO"	125001		real_295	25
"VALVULA DE DESCARGA METALICA, BASE 1 1/4 "" E ACABAMENTO METALICO CROMADO"	125002		real_295	25
"VALVULA DE ESFERA BRUTA EM BRONZE, BITOLA 1 "" (REF 1552-B)"	125003		real_295	-1
"VALVULA DE ESFERA BRUTA EM BRONZE, BITOLA 1 1/2 "" (REF 1552-B)"	125004		real_295	-1
"VALVULA DE ESFERA BRUTA EM BRONZE, BITOLA 1 1/4 "" (REF 1552-B)"	125005		real_295	-1
"VALVULA DE ESFERA BRUTA EM BRONZE, BITOLA 1/2 "" (REF 1552-B)"	125006		real_295	-1
"VALVULA DE ESFERA BRUTA EM BRONZE, BITOLA 2 "" (REF 1552-B)"	125007		real_295	-1
"VALVULA DE ESFERA BRUTA EM BRONZE, BITOLA 3/4 "" (REF 1552-B)"	125008		real_295	-1
"VALVULA EM METAL CROMADO PARA LAVATORIO, 1 "" SEM LADRAO"	125035		real_295	25
"VALVULA EM METAL CROMADO PARA PIA AMERICANA 3.1/2 X 1.1/2 """	125036		real_295	25
"VALVULA EM METAL CROMADO PARA TANQUE, 1.1/2 "" SEM LADRAO"	125037		real_295	25
"VALVULA EM PLASTICO BRANCO COM SAIDA LISA PARA TANQUE 1.1/4 "" X 1.1/2 """	125038		real_295	25
"VALVULA EM PLASTICO BRANCO PARA LAVATORIO 1 "", SEM UNHO, COM LADRAO"	125039		real_295	25
"VALVULA EM PLASTICO BRANCO PARA TANQUE 1.1/4 "" X 1.1/2 "", SEM UNHO E SEM LADRAO"	125041		real_295	25
"VALVULA EM PLASTICO BRANCO PARA TANQUE OU LAVATORIO 1 "", SEM UNHO E SEM LADRAO"	125040		real_295	25
"VALVULA EM PLASTICO CROMADO PARA LAVATORIO 1 "", SEM UNHO, COM LADRAO"	125042		real_295	25
"VALVULA EM PLASTICO CROMADO TIPO AMERICANA PARA PIA DE COZINHA 3.1/2 "" X 1.1/2 "", SEM ADAPTADOR"	125043		real_295	25
VEDACAO PVC, 100 MM, PARA SAIDA VASO SANITARIO	125057		real_295	32
"VERGALHAO ZINCADO ROSCA TOTAL, 1/4 "" (6,3 MM)"	125058		real_295	65
VERNIZ POLIURETANO BRILHANTE PARA MADEIRA, COM FILTRO SOLAR, USO INTERNO E EXTERNO	125059		real_295	-1
VERNIZ POLIURETANO BRILHANTE PARA MADEIRA, SEM FILTRO SOLAR, USO INTERNO E EXTERNO [SINAPI 40514]	127666		real_295	-1
VERNIZ SINTETICO BRILHANTE PARA MADEIRA TIPO COPAL, USO INTERNO	125060		real_295	-1
VERNIZ SINTETICO BRILHANTE PARA MADEIRA, COM FILTRO SOLAR, USO INTERNO E EXTERNO (BASE SOLVENTE)	125061		real_295	-1
VEU POLIESTER	125063		real_295	0
VIBRADOR DE IMERSAO, COM PONTEIRA DE *35* MM, MANGOTE DE 5 M, SEM MOTOR	125064		real_295	7
VIBRADOR DE IMERSAO, COM PONTEIRA DE *45* MM, MANGOTE DE 5 M, SEM MOTOR.	125065		real_295	7
VIBRADOR DE IMERSAO, COM PONTEIRA DE *60* MM, MANGOTE DE 5 M, SEM MOTOR.	125066		real_295	7
VIBRADOR DE IMERSAO, DIAMETRO DA PONTEIRA DE *45* MM, COM MOTOR 4 TEMPOS A GASOLINA DE 5,5 HP (5,5 CV)	125069		real_295	7
VIBROACABADORA DE ASFALTO SOBRE ESTEIRAS, LARG. PAVIM. 2,13 M A 4,55 M, POT. 74 KW/ 100 HP, CAP. 400 T/ H [SINAPI 44470]	126899		real_295	10
VIBROACABADORA DE ASFALTO SOBRE ESTEIRAS, LARG. PAVIM. MAX. 8,00 M, POT. 100 KW/ 134 HP, CAP. 600 T/ H [SINAPI 44491]	126898		real_295	10
VIDRACEIRO	125075		real_295	0
VIDRO PLANO ARMADO E = 7MM - SEM COLOCACAO	125096		real_295	-1
VIGA APARELHADA *6 X 12* CM, EM MACARANDUBA, ANGELIM OU EQUIVALENTE DA REGIAO	125106		real_295	3
VIGA APARELHADA *6 X 16* CM, EM MACARANDUBA, ANGELIM OU EQUIVALENTE DA REGIAO	125107		real_295	3
VIGA DE ESCORAMAENTO H20, DE MADEIRA, PESO DE 5,00 A 5,20 KG/M, COM EXTREMIDADES PLASTICAS	125108		real_295	47
VIGA NAO APARELHADA *6 X 12* CM, EM MACARANDUBA, ANGELIM OU EQUIVALENTE DA REGIAO - BRUTA	125109		real_295	3
VIGA NAO APARELHADA *6 X 16* CM, EM MACARANDUBA, ANGELIM OU EQUIVALENTE DA REGIAO - BRUTA	125110		real_295	3
VIGA NAO APARELHADA *6 X 20* CM, EM MACARANDUBA, ANGELIM OU EQUIVALENTE DA REGIAO - BRUTA	125111		real_295	3
VIGA NAO APARELHADA *8 X 16* CM EM MACARANDUBA, ANGELIM OU EQUIVALENTE DA REGIAO - BRUTA	125112		real_295	3
VIGIA DIURNO	125113		real_295	0
VIGIA NOTURNO, HORA EFETIVAMENTE TRABALHADA DE 22 H AS 5 H (COM ADICIONAL NOTURNO)	125115		real_295	17
VIGOTA DE MADEIRA NAO APARELHADA *5 X 10* CM, MACARANDUBA, ANGELIM OU EQUIVALENTE DA REGIAO [SINAPI 4487]	127667		real_295	3
WASH PRIMER PARA TINTA AUTOMOTIVA [SINAPI 11157]	127837		real_295	-1
ABERTURA PARA ENCAIXE DE CUBA OU LAVATORIO EM BANCADA DE MARMORE/ GRANITO OU OUTRO TIPO DE PEDRA NATURAL		45333	synthetic_4851	6
ABRACADEIRA PVC, PARA CALHA PLUVIAL, DIAMETRO ENTRE *80 E 100* MM, PARA DRENAGEM PLUVIAL PREDIAL		12615	synthetic_4851	52
"ACABAMENTO DE METAL CROMADO PARA REGISTRO PEQUENO, DE PAREDE, 1/2"" OU 3/4"""		36801	synthetic_4851	25
ACETILENO - RECARGA DE GAS PARA CILINDRO (NAO INCLUI TROCA/MANUTENCAO DO CILINDRO)		1	synthetic_4851	-1
ACIDO CLORIDRICO / ACIDO MURIATICO, DILUICAO 10% A 12% PARA USO EM LIMPEZA		3	synthetic_4851	10
ADAPTADOR CPVC, ROSCAVEL, COM FLANGES E ANEL DE VEDACAO, 15 MM, CAIXA D'AGUA PARA AGUA QUENTE		44254	synthetic_4851	111
ADAPTADOR CPVC, ROSCAVEL, COM FLANGES E ANEL DE VEDACAO, 22 MM, CAIXA D'AGUA PARA AGUA QUENTE		44255	synthetic_4851	111
ADAPTADOR CPVC, ROSCAVEL, COM FLANGES E ANEL DE VEDACAO, 28 MM, CAIXA D'AGUA PARA AGUA QUENTE		44256	synthetic_4851	111
ADAPTADOR CPVC, ROSCAVEL, COM FLANGES E ANEL DE VEDACAO, 35 MM, CAIXA D'AGUA PARA AGUA QUENTE		44257	synthetic_4851	111
ADAPTADOR CPVC, ROSCAVEL, COM FLANGES E ANEL DE VEDACAO, 42 MM, CAIXA D'AGUA PARA AGUA QUENTE		44258	synthetic_4851	111
ADAPTADOR CPVC, ROSCAVEL, COM FLANGES E ANEL DE VEDACAO, 54 MM, CAIXA D'AGUA PARA AGUA QUENTE		44259	synthetic_4851	111
ADAPTADOR CPVC, SOLDAVEL, 15 MM, PARA AGUA QUENTE		37997	synthetic_4851	11
ADAPTADOR CPVC, SOLDAVEL, 22 MM, PARA AGUA QUENTE		37998	synthetic_4851	11
"ADAPTADOR EM LATAO, ENGATE RAPIDO 2 1/2"" X ROSCA INTERNA 5 FIOS 2 1/2"", PARA INSTALACAO PREDIAL DE COMBATE A INCENDIO"		10899	synthetic_4851	40
"ADAPTADOR EM LATAO, ENGATE RAPIDO1 1/2"" X ROSCA INTERNA 5 FIOS 2 1/2"", PARA INSTALACAO PREDIAL DE COMBATE A INCENDIO"		10900	synthetic_4851	40
ADAPTADOR PVC PBA, BOLSA/ROSCA, JE, DN 100 / DE 110 MM		47	synthetic_4851	80
ADAPTADOR PVC PBA, BOLSA/ROSCA, JE, DN 50 / DE 60 MM		48	synthetic_4851	80
ADAPTADOR PVC PBA, BOLSA/ROSCA, JE, DN 75 / DE 85 MM		46	synthetic_4851	80
ADAPTADOR PVC PBA, PONTA/ROSCA, JE, DN 50 / DE 60 MM		52	synthetic_4851	80
ADAPTADOR PVC PBA, PONTA/ROSCA, JE, DN 75 / DE 85 MM		43	synthetic_4851	80
"ADAPTADOR PVC, ROSCAVEL, COM FLANGES E ANEL DE VEDACAO, 1"", PARA CAIXA D'AGUA"		71	synthetic_4851	32
"ADAPTADOR PVC, ROSCAVEL, COM FLANGES E ANEL DE VEDACAO, 1/2"", PARA CAIXA D'AGUA"		67	synthetic_4851	32
"ADAPTADOR PVC, ROSCAVEL, COM FLANGES E ANEL DE VEDACAO, 3/4"", PARA CAIXA D'AGUA"		73	synthetic_4851	32
"ADAPTADOR PVC, SOLDAVEL, COM FLANGES E ANEL DE VEDACAO, 60 MM X 2"", PARA CAIXA D'AGUA"		100	synthetic_4851	-1
"ADAPTADOR PVC, SOLDAVEL, COM FLANGES LIVRES, 110 MM X 4"", PARA CAIXA D'AGUA"		75	synthetic_4851	9
"ADAPTADOR PVC, SOLDAVEL, COM FLANGES LIVRES, 75 MM X 2 1/2"", PARA CAIXA D'AGUA"		83	synthetic_4851	9
"ADAPTADOR PVC, SOLDAVEL, COM FLANGES LIVRES, 85 MM X 3"", PARA CAIXA D'AGUA"		74	synthetic_4851	9
"ADAPTADOR PVC, SOLDAVEL, LONGO, COM FLANGE LIVRE, 110 MM X 4"", PARA CAIXA D'AGUA"		106	synthetic_4851	9
"ADAPTADOR PVC, SOLDAVEL, LONGO, COM FLANGE LIVRE, 32 MM X 1"", PARA CAIXA D'AGUA"		88	synthetic_4851	9
"ADAPTADOR PVC, SOLDAVEL, LONGO, COM FLANGE LIVRE, 75 MM X 2 1/2"", PARA CAIXA D'AGUA"		82	synthetic_4851	9
"ADAPTADOR PVC, SOLDAVEL, LONGO, COM FLANGE LIVRE, 85 MM X 3"", PARA CAIXA D'AGUA"		105	synthetic_4851	9
ADESIVO / COLA DE CONTATO LIQUIDO, A BASE DE RESINAS, PARA COLAGEM DE ESPUMA PARA ISOLAMENTO TERMICO FLEXIVEL		39719	synthetic_4851	4
ADESIVO / COLA PARA EPS (ISOPOR) E OUTROS MATERIAIS		3410	synthetic_4851	9
ADESIVO ACRILICO DE BASE AQUOSA / COLA DE CONTATO		4791	synthetic_4851	6
ADESIVO PLASTICO PARA PVC, FRASCO COM *850* GR		122	synthetic_4851	9
ADITIVO IMPERMEABILIZANTE CRISTALIZANTE PARA CONCRETO		45146	synthetic_4851	114
AJUDANTE DE ARMADOR (HORISTA)		6114	synthetic_4851	-1
AJUDANTE DE ELETRICISTA (HORISTA)		247	synthetic_4851	0
AJUDANTE DE ESTRUTURAS METALICAS (HORISTA)		44499	synthetic_4851	-1
AJUDANTE DE OPERACAO EM GERAL (HORISTA)		248	synthetic_4851	-1
AJUDANTE DE PINTOR (HORISTA)		34466	synthetic_4851	-1
AJUDANTE DE SERRALHEIRO (HORISTA)		252	synthetic_4851	0
AJUDANTE ESPECIALIZADO (HORISTA)		242	synthetic_4851	0
"ALICATE DE CORTE DIAGONAL 6"" COM ISOLAMENTO"		38470	synthetic_4851	-1
ALICATE DE CRIMPAR RJ11, RJ12 E RJ45, COM CATRACA		38547	synthetic_4851	85
"ALICATE DE PRESSAO 11"" PARA SOLDA, TIPO C"		38467	synthetic_4851	-1
"ALICATE DE PRESSAO 11"" PARA SOLDA, TIPO U"		38468	synthetic_4851	-1
"ALICATE DE PRESSAO PARA SOLDA DE CHAPA 18"""		38469	synthetic_4851	-1
ALICATE PARA ANEIS DE PISTAO, CAPACIDADE *50* A 100 MM		38471	synthetic_4851	-1
ALIMENTACAO - HORISTA (COLETADO CAIXA - ENCARGOS COMPLEMENTARES)		37370	synthetic_4851	-1
ALIMENTACAO - MENSALISTA (COLETADO CAIXA - ENCARGOS COMPLEMENTARES)		40862	synthetic_4851	-1
ALMOXARIFE (HORISTA)		253	synthetic_4851	-1
ANEL BORRACHA PARA TUBO ESGOTO PREDIAL, DN 50 MM (NBR 5688)		296	synthetic_4851	-1
ANEL BORRACHA PARA TUBO ESGOTO PREDIAL, DN 75 MM (NBR 5688)		297	synthetic_4851	-1
ANEL BORRACHA, DN 100 MM, PARA TUBO SERIE REFORCADA ESGOTO PREDIAL		299	synthetic_4851	-1
ANEL BORRACHA, DN 75 MM, PARA TUBO SERIE REFORCADA ESGOTO PREDIAL		298	synthetic_4851	-1
"ANEL DE BORRACHA PARA VEDACAO DE DUTO PEAD CORRUGADO PARA ELETRICA, DN 1 1/2"" (NBR 15715)"		39642	synthetic_4851	53
"ANEL DE BORRACHA PARA VEDACAO DE DUTO PEAD CORRUGADO PARA ELETRICA, DN 1 1/4"" (NBR 15715)"		39641	synthetic_4851	53
"ANEL DE BORRACHA PARA VEDACAO DE DUTO PEAD CORRUGADO PARA ELETRICA, DN 2"" (NBR 15715)"		39643	synthetic_4851	53
"ANEL DE BORRACHA PARA VEDACAO DE DUTO PEAD CORRUGADO PARA ELETRICA, DN 3"" (NBR 15715)"		39644	synthetic_4851	53
"ANEL DE BORRACHA PARA VEDACAO DE DUTO PEAD CORRUGADO PARA ELETRICA, DN 4"" (NBR 15715)"		39645	synthetic_4851	53
ANEL DE VEDACAO, PVC FLEXIVEL, 100 MM, PARA SAIDA DE BACIA / VASO SANITARIO		6138	synthetic_4851	-1
ANEL DE VEDACAO/JUNTA ELASTICA, H = *16* MM, PARA TUBO DE CONCRETO, DN 300 MM		40340	synthetic_4851	23
ANEL DE VEDACAO/JUNTA ELASTICA, H = *16* MM, PARA TUBO DE CONCRETO, DN 400 MM		40341	synthetic_4851	23
ANEL DE VEDACAO/JUNTA ELASTICA, H = *16* MM, PARA TUBO DE CONCRETO, DN 500 MM		40342	synthetic_4851	23
ANEL DE VEDACAO/JUNTA ELASTICA, H = *16* MM, PARA TUBO DE CONCRETO, DN 600 MM		40343	synthetic_4851	23
ANEL DE VEDACAO/JUNTA ELASTICA, H = *18* MM, PARA TUBO DE CONCRETO, DN 700 MM		40344	synthetic_4851	23
ANEL DE VEDACAO/JUNTA ELASTICA, H = *19* MM, PARA TUBO DE CONCRETO, DN 800 MM		40345	synthetic_4851	23
ANEL DE VEDACAO/JUNTA ELASTICA, H = *19* MM, PARA TUBO DE CONCRETO, DN 900 MM		40346	synthetic_4851	23
ANEL DE VEDACAO/JUNTA ELASTICA, H = *21* MM, PARA TUBO DE CONCRETO, DN 1000 MM		40347	synthetic_4851	23
APONTADOR OU APROPRIADOR DE MAO DE OBRA (HORISTA)		6122	synthetic_4851	-1
AQUECEDOR SOLAR COM RESERVATORIO TERMICO DE 1000 L E *5* PLACAS COLETORAS DE *2,0* M2 (NAO INCLUI ACESSORIOS) (SEM INSTALACAO)		34469	synthetic_4851	-1
AQUECEDOR SOLAR COM RESERVATORIO TERMICO DE 400 L E *2* PLACAS COLETORAS DE *2,0* M2 (NAO INCLUI ACESSORIOS) (SEM INSTALACAO)		34476	synthetic_4851	-1
AQUECEDOR SOLAR COM RESERVATORIO TERMICO DE 600 L E *3* PLACAS COLETORAS DE *2,0* M2 (NAO INCLUI ACESSORIOS) (SEM INSTALACAO)		34477	synthetic_4851	-1
AQUECEDOR SOLAR COM RESERVATORIO TERMICO DE 800 L E *4* PLACAS COLETORAS DE *2,0* M2 (NAO INCLUI ACESSORIOS) (SEM INSTALACAO)		34482	synthetic_4851	-1
AQUECEDOR SOLAR DE INSTALACAO EXTERNA, KIT COMPACTO, CONJUNTO COM RESERVATORIO TERMICO DE 200 L, PLACA COLETORA DE *2,0* M2 E INCLUSO ACESSORIOS (RESIDENCIAS ATE 120,00 M2 E DE 4 A 5 BANHOS POR DIA) (SEM INSTALACAO)		34472	synthetic_4851	-1
AR CONDICIONADO SPLIT INVERTER, HI-WALL (PAREDE), 24000 BTU/H, CICLO FRIO, 60HZ, CLASSIFICACAO A (SELO PROCEL), GAS HFC, CONTROLE S/FIO		43184	synthetic_4851	31
ARAME DE ACO OVALADO 15 X 17 (45,7 KG, 700 KGF), ROLO 1000 M		346	synthetic_4851	65
ARGAMASSA POLIMERICA IMPERMEABILIZANTE SEMIFLEXIVEL, BICOMPONENTE, A BASE DE CIMENTO E ADITIVOS		135	synthetic_4851	114
ARGAMASSA USINADA AUTOADENSAVEL E AUTONIVELANTE PARA CONTRAPISO, COM BOMBEAMENTO (DISPONIBILIZACAO DE BOMBA), SEM O LANCAMENTO		38546	synthetic_4851	113
ARMADOR (HORISTA)		378	synthetic_4851	-1
ARQUITETO JUNIOR (HORISTA)		33939	synthetic_4851	-1
ARQUITETO PLENO (HORISTA)		33952	synthetic_4851	-1
ARQUITETO SENIOR (HORISTA)		33953	synthetic_4851	-1
ASSENTADOR DE MANILHAS (HORISTA)		40331	synthetic_4851	0
AUXILIAR DE AZULEJISTA (HORISTA)		34551	synthetic_4851	0
AUXILIAR DE ENCANADOR OU BOMBEIRO HIDRAULICO (HORISTA)		246	synthetic_4851	0
AUXILIAR DE ESCRITORIO (HORISTA)		2350	synthetic_4851	0
AUXILIAR DE LABORATORISTA DE SOLOS E DE CONCRETO (HORISTA)		245	synthetic_4851	0
AUXILIAR DE MECANICO (HORISTA)		251	synthetic_4851	0
AUXILIAR DE PEDREIRO (HORISTA)		6127	synthetic_4851	0
AUXILIAR DE SERVICOS GERAIS (HORISTA)		6121	synthetic_4851	0
AUXILIAR DE TOPOGRAFO (HORISTA)		244	synthetic_4851	0
AUXILIAR TECNICO / ASSISTENTE DE ENGENHARIA (HORISTA)		532	synthetic_4851	0
AZULEJISTA OU LADRILHEIRO (HORISTA)		4760	synthetic_4851	0
BACIA SANITARIA (VASO) COM CAIXA ACOPLADA, SIFAO OCULTO / CARENADO, DE LOUCA BRANCA (SEM ASSENTO) - PADRAO ALTO		44019	synthetic_4851	-1
BANCADA/ BANCA/ BALCAO/ TAMPO EM MARMORE BRANCO COMUM, POLIDO, LISO, ACABAMENTO RETO, E= *3* CM (SEM FUROS)		11692	synthetic_4851	24
BARRA DE ACO CHATA, RETANGULAR (QUALQUER BITOLA)		546	synthetic_4851	-1
BARRA DE ACO CHATO, RETANGULAR, 19,05 MM X 3,17 MM (L X E), 0,47 KG/M		566	synthetic_4851	65
BARRA DE ACO CHATO, RETANGULAR, 25,4 MM X 4,76 MM (L X E), 0,94 KG/M		565	synthetic_4851	65
BARRA DE ACO CHATO, RETANGULAR, 25,4 MM X 6,35 MM (L X E), 1,2265 KG/M		555	synthetic_4851	65
BARRA DE ACO CHATO, RETANGULAR, 38,1 MM X 12,7 MM (L X E), 3,79 KG/M		557	synthetic_4851	65
BARRA DE ACO CHATO, RETANGULAR, 38,1 MM X 6,35 MM (L X E), 1,89 KG/M		552	synthetic_4851	65
BARRA DE ACO CHATO, RETANGULAR, 38,1 MM X 9,53 MM (L X E), 2,84 KG/M		563	synthetic_4851	65
BARRA DE ACO CHATO, RETANGULAR, 50,8 MM X 12,7 MM (L X E), 5,06 KG/M		549	synthetic_4851	65
BARRA DE ACO CHATO, RETANGULAR, 50,8 MM X 25,4 MM (L X E), 10,12 KG/M		551	synthetic_4851	65
BARRA DE ACO CHATO, RETANGULAR, 50,8 MM X 6,35 MM (L X E), 2,53 KG/M		559	synthetic_4851	65
BARRA DE ACO CHATO, RETANGULAR, 50,8 MM X 7,94 MM (L X E), 3,162 KG/M		560	synthetic_4851	65
BARRA DE ACO CHATO, RETANGULAR, 50,8 MM X 9,53 MM (L X E), 3,79KG/M		547	synthetic_4851	65
BASE DE MISTURADOR MONOCOMANDO PARA CHUVEIRO, DE PAREDE (NAO INCLUI ACABAMENTOS)		38127	synthetic_4851	-1
BASTIDOR PARA BLOCO M10		44172	synthetic_4851	7
BENTONITA, ARGILA CONSTITUIDA POR MONTMORILONITA		43366	synthetic_4851	123
BETONEIRA, CAPACIDADE NOMINAL 400 L, CAPACIDADE DE MISTURA 280 L, MOTOR ELETRICO TRIFASICO 220/380 V, POTENCIA 2 CV, SEM CARREGADOR		10535	synthetic_4851	7
BETONEIRA, CAPACIDADE NOMINAL 400 L, CAPACIDADE DE MISTURA 310 L, MOTOR A DIESEL, POTENCIA 5 CV, SEM CARREGADOR		10537	synthetic_4851	7
BETONEIRA, CAPACIDADE NOMINAL 400 L, CAPACIDADE DE MISTURA 310 L, MOTOR A GASOLINA, POTENCIA 5,5 CV, SEM CARREGADOR		13891	synthetic_4851	7
BETONEIRA, CAPACIDADE NOMINAL 600 L, CAPACIDADE DE MISTURA 360 L, MOTOR ELETRICO TRIFASICO 220/380V, POTENCIA 4CV, SEM CARREGADOR		36397	synthetic_4851	7
BETONEIRA, CAPACIDADE NOMINAL 600 L, CAPACIDADE DE MISTURA 440 L, MOTOR A DIESEL, POTENCIA 10 CV, COM CARREGADOR		36398	synthetic_4851	7
BLASTER, DINAMITADOR OU CABO DE FOGO (HORISTA)		647	synthetic_4851	-1
BLOCO / TIJOLO DE VIDRO INCOLOR, CANELADO / ONDULADO, *19 X 19 X 8* CM (A X L X E)		715	synthetic_4851	2
BLOCO / TIJOLO DE VIDRO INCOLOR, XADREZ, *20 X 20 X 10* CM (A X L X E)		716	synthetic_4851	2
BLOCO CERAMICO / TIJOLO VAZADO PARA ALVENARIA DE VEDACAO, 4 FUROS NA HORIZONTAL DE 9 X 9 X 19 CM (L X A X C)		7270	synthetic_4851	2
BLOCO CERAMICO / TIJOLO VAZADO PARA ALVENARIA DE VEDACAO, 6 FUROS NA HORIZONTAL DE 9 X 14 X 19 CM (L X A X C)		7267	synthetic_4851	2
BLOCO CERAMICO / TIJOLO VAZADO PARA ALVENARIA DE VEDACAO, 8 FUROS NA HORIZONTAL DE 9 X 19 X 19 CM (L X A X C)		7271	synthetic_4851	2
BLOCO CERAMICO / TIJOLO VAZADO PARA ALVENARIA DE VEDACAO, 8 FUROS NA HORIZONTAL DE 9 X 19 X 29 CM (L X A X C)		7268	synthetic_4851	2
BLOCO CERAMICO / TIJOLO VAZADO PARA ALVENARIA DE VEDACAO, FUROS NA HORIZONTAL DE 11,5 X 19 X 19 CM (L X A X C)		38783	synthetic_4851	2
BLOCO CERAMICO / TIJOLO VAZADO PARA ALVENARIA DE VEDACAO, FUROS NA VERTICAL DE 11,5 X 19 X 29 CM (L X A X C)		44466	synthetic_4851	2
BLOCO CERAMICO / TIJOLO VAZADO PARA ALVENARIA DE VEDACAO, FUROS NA VERTICAL DE 11,5 X 19 X 39 CM (L X A X C)		44467	synthetic_4851	2
BLOCO CERAMICO / TIJOLO VAZADO PARA ALVENARIA DE VEDACAO, FUROS NA VERTICAL DE 14 X 19 X 29 CM (L X A X C)		44468	synthetic_4851	2
BLOCO CERAMICO / TIJOLO VAZADO PARA ALVENARIA DE VEDACAO, FUROS NA VERTICAL DE 14 X 19 X 39 CM (L X A X C)		37593	synthetic_4851	2
BLOCO CERAMICO / TIJOLO VAZADO PARA ALVENARIA DE VEDACAO, FUROS NA VERTICAL DE 19 X 19 X 39 CM (L X A X C)		37594	synthetic_4851	2
BLOCO CERAMICO / TIJOLO VAZADO PARA ALVENARIA DE VEDACAO, FUROS NA VERTICAL DE 9 X 19 X 39 CM (L X A X C)		37592	synthetic_4851	2
BLOCO CONCRETO CELULAR AUTOCLAVADO 12,5 X 30 X 60 CM (E X A X C)		41372	synthetic_4851	104
BLOCO CONCRETO CELULAR AUTOCLAVADO 7,5 X 30 X 60 CM (E X A X C)		41371	synthetic_4851	104
BLOCO DE ENGATE RAPIDO PARA BASTIDOR TIPO M10		44171	synthetic_4851	7
BLOCO DE ESPUMA MULTIUSO *23X 13 X 8* CM		38395	synthetic_4851	2
BLOCO DE VIDRO / ELEMENTO VAZADO, INCOLOR, VENEZIANA, *20 X 20 X 6* CM (A X L X E)		718	synthetic_4851	2
BLOCO DE VIDRO / ELEMENTO VAZADO, INCOLOR, VENEZIANA, DE *20 X 10 X 8* CM (A X L X E)		11981	synthetic_4851	2
BLOCO ESTRUTURAL CERAMICO DE 14 X 19 X 29 CM (L X A X C) E 6,0 MPA		34586	synthetic_4851	2
BLOCO ESTRUTURAL CERAMICO DE 14 X 19 X 34 CM (L X A X C) E 6,0 MPA		38603	synthetic_4851	2
BLOCO ESTRUTURAL CERAMICO DE 14 X 19 X 39 CM (L X A X C) E 6,0 MPA		34588	synthetic_4851	2
BLOCO ESTRUTURAL CERAMICO DE 19 X 19 X 29 CM (L X A X C) E 6,0 MPA		34590	synthetic_4851	2
BLOCO ESTRUTURAL CERAMICO DE 19 X 19 X 39 CM (L X A X C) E 6,0 MPA		34591	synthetic_4851	2
BLOQUETE/PISO DE CONCRETO - MODELO PISOGRAMA/CONCREGRAMA 2 FUROS, DIMENSOES APROX. DE *35 X 15* CM E ESPESSURA DE 7 CM (+/- 1 CM), COR NATURAL		40517	synthetic_4851	62
BLOQUETE/PISO DE CONCRETO - MODELO PISOGRAMA/CONCREGRAMA/PAVI-GRADE/GRAMEIRO, DIMENSOES APROXIMADAS DE *60 X 45* CM E ESPESSURA DE 8 CM (+/- 1 CM), COR NATURAL		40515	synthetic_4851	62
BLOQUETE/PISO INTERTRAVADO DE CONCRETO - MODELO ONDA/16 FACES/RETANGULAR/TIJOLINHO/PAVER/HOLANDES/PARALELEPIPEDO, *20 X 10* CM, E = 10 CM, RESISTENCIA DE 35 MPA, COR NATURAL		40524	synthetic_4851	62
BLOQUETE/PISO INTERTRAVADO DE CONCRETO - MODELO ONDA/16 FACES/RETANGULAR/TIJOLINHO/PAVER/HOLANDES/PARALELEPIPEDO, *20 X 10* CM, E = 10 CM, RESISTENCIA DE 50 MPA, COR NATURAL		40529	synthetic_4851	62
BLOQUETE/PISO INTERTRAVADO DE CONCRETO - MODELO ONDA/16 FACES/RETANGULAR/TIJOLINHO/PAVER/HOLANDES/PARALELEPIPEDO, *20 X 10* CM, E = 6 CM, RESISTENCIA DE 35 MPA, COLORIDO		36156	synthetic_4851	62
BLOQUETE/PISO INTERTRAVADO DE CONCRETO - MODELO ONDA/16 FACES/RETANGULAR/TIJOLINHO/PAVER/HOLANDES/PARALELEPIPEDO, *20 X 10* CM, E = 6 CM, RESISTENCIA DE 35 MPA, COR NATURAL		36155	synthetic_4851	62
BLOQUETE/PISO INTERTRAVADO DE CONCRETO - MODELO ONDA/16 FACES/RETANGULAR/TIJOLINHO/PAVER/HOLANDES/PARALELEPIPEDO, *20 X 10* CM, E = 8 CM, RESISTENCIA DE 35 MPA, COLORIDO		36154	synthetic_4851	62
BLOQUETE/PISO INTERTRAVADO DE CONCRETO - MODELO ONDA/16 FACES/RETANGULAR/TIJOLINHO/PAVER/HOLANDES/PARALELEPIPEDO, *20 X 10* CM, E = 8 CM, RESISTENCIA DE 35 MPA, COR NATURAL		36170	synthetic_4851	62
BLOQUETE/PISO INTERTRAVADO DE CONCRETO - MODELO RAQUETE, *22 X 13,5* CM, E = 6 CM, RESISTENCIA DE 35 MPA, COR NATURAL		695	synthetic_4851	62
BLOQUETE/PISO INTERTRAVADO DE CONCRETO - MODELO SEXTAVADO / HEXAGONAL, *25 X 25* CM, E = 10 CM, RESISTENCIA DE 35 MPA, COR NATURAL		679	synthetic_4851	62
BLOQUETE/PISO INTERTRAVADO DE CONCRETO - MODELO SEXTAVADO / HEXAGONAL, *25 X 25* CM, E = 6 CM, RESISTENCIA DE 35 MPA, COR NATURAL		711	synthetic_4851	62
BLOQUETE/PISO INTERTRAVADO DE CONCRETO - MODELO SEXTAVADO / HEXAGONAL, *25 X 25* CM, E = 8 CM, RESISTENCIA DE 35 MPA, COR NATURAL		712	synthetic_4851	62
BOCAL PVC, PARA CALHA PLUVIAL, DIAMETRO DA SAIDA ENTRE *75 E 120* MM, PARA DRENAGEM PLUVIAL PREDIAL		12614	synthetic_4851	52
"BOLSA DE LIGACAO EM PVC FLEXIVEL PARA VASO SANITARIO 40 MM (1 1/2"")"		6140	synthetic_4851	95
"BRACO / CANO PARA CHUVEIRO ELETRICO, EM ALUMINIO, 30 CM X 1/2"""		11685	synthetic_4851	22
"BRACO OU HASTE COM CANOPLA PLASTICA, 1/2"", PARA CHUVEIRO SIMPLES"		11680	synthetic_4851	94
"BRACO OU HASTE RETA COM CANOPLA PLASTICA, 1/2"", PARA CHUVEIRO ELETRICO"		11679	synthetic_4851	-1
BUCHA DE REDUCAO CPVC, SOLDAVEL, 54 X 28 MM, PARA AGUA QUENTE		44400	synthetic_4851	11
BUCHA DE REDUCAO DE COBRE SEM ANEL DE SOLDA, PONTA X BOLSA, 22 X 15 MM		39886	synthetic_4851	89
BUCHA DE REDUCAO DE COBRE SEM ANEL DE SOLDA, PONTA X BOLSA, 28 X 22 MM		39887	synthetic_4851	89
BUCHA DE REDUCAO DE COBRE SEM ANEL DE SOLDA, PONTA X BOLSA, 35 X 28 MM		39888	synthetic_4851	89
BUCHA DE REDUCAO DE COBRE SEM ANEL DE SOLDA, PONTA X BOLSA, 42 X 35 MM		39890	synthetic_4851	89
BUCHA DE REDUCAO DE COBRE SEM ANEL DE SOLDA, PONTA X BOLSA, 54 X 42 MM		39891	synthetic_4851	89
BUCHA DE REDUCAO DE COBRE SEM ANEL DE SOLDA, PONTA X BOLSA, 66 X 54 MM		39892	synthetic_4851	89
"BUCHA DE REDUCAO PVC, ROSCAVEL 1 1/2"" X 1"""		797	synthetic_4851	99
"BUCHA DE REDUCAO PVC, ROSCAVEL, 1 1/2"" X 3/4"""		796	synthetic_4851	99
"BUCHA DE REDUCAO PVC, ROSCAVEL, 1"" X 1/2"""		799	synthetic_4851	99
"BUCHA DE REDUCAO PVC, ROSCAVEL, 1"" X 3/4"""		792	synthetic_4851	99
BUCHA DE REDUCAO, CPVC, SOLDAVEL, 54 X 35 MM, PARA AGUA QUENTE		44263	synthetic_4851	11
BUCHA DE REDUCAO, PPR, DN 50 X 25 MM, PARA AGUA QUENTE E FRIA PREDIAL		44175	synthetic_4851	15
BUCHA DE REDUCAO, PPR, DN 50 X 32 MM, PARA AGUA QUENTE E FRIA PREDIAL		44177	synthetic_4851	15
BUCHA DE REDUCAO, PVC, LONGA, SERIE R, DN 50 X 40 MM, PARA ESGOTO PREDIAL		38418	synthetic_4851	92
CABECEIRA DIREITA OU ESQUERDA, PVC, PARA CALHA PLUVIAL, DIAMETRO ENTRE *119 E 170* MM, PARA DRENAGEM PLUVIAL PREDIAL		12616	synthetic_4851	52
CABO COAXIAL RG11 95% DE MALHA		43834	synthetic_4851	-1
CABO COAXIAL RG59 95% DE MALHA		43835	synthetic_4851	-1
CABO COAXIAL RG6 95% DE MALHA		43833	synthetic_4851	-1
CABO DE COBRE FLEXIVEL NAO HALOGENADO, SEM EMISSAO DE FUMACA, 750V, SECAO NOMINAL 120 MM		44391	synthetic_4851	14
CABO DE COBRE FLEXIVEL NAO HALOGENADO, SEM EMISSAO DE FUMACA, 750V, SECAO NOMINAL 2,5 MM		44388	synthetic_4851	14
CABO DE COBRE FLEXIVEL NAO HALOGENADO, SEM EMISSAO DE FUMACA, 750V, SECAO NOMINAL 240 MM		44392	synthetic_4851	14
CABO DE COBRE FLEXIVEL NAO HALOGENADO, SEM EMISSAO DE FUMACA, 750V, SECAO NOMINAL 50 MM		44390	synthetic_4851	14
CABO DE COBRE FLEXIVEL NAO HALOGENADO, SEM EMISSAO DE FUMACA, 750V, SECAO NOMINAL 6,0 MM		44389	synthetic_4851	14
CABO DE COBRE, RIGIDO, CLASSE 2, ISOLACAO EM PVC, ANTI-CHAMA BWF-B, 1 CONDUTOR, 450/750 V, DIAMETRO 120 MM2		1006	synthetic_4851	96
CABO DE REDE, PAR TRANCADO U/UTP, 4 PARES, CATEGORIA 5E (CAT 5E), ISOLAMENTO PVC (CM)		43972	synthetic_4851	85
CABO DE REDE, PAR TRANCADO U/UTP, 4 PARES, CATEGORIA 5E (CAT 5E), ISOLAMENTO PVC (CMX)		43971	synthetic_4851	85
CABO DE REDE, PAR TRANCADO U/UTP, 4 PARES, CATEGORIA 5E (CAT 5E), ISOLAMENTO PVC (LSZH)		39598	synthetic_4851	85
CABO DE REDE, PAR TRANCADO U/UTP, 4 PARES, CATEGORIA 6 (CAT 6), ISOLAMENTO PVC (CM)		43973	synthetic_4851	85
CABO DE REDE, PAR TRANCADO UTP, 4 PARES, CATEGORIA 6 (CAT 6), ISOLAMENTO PVC (LSZH)		39599	synthetic_4851	85
CABO ELETRONICO CATEGORIA 6A U/UTP 23AWG X 4P		43832	synthetic_4851	48
CAIBRO APARELHADO *6 X 8* CM, EM MACARANDUBA/MASSARANDUBA, ANGELIM OU EQUIVALENTE DA REGIAO		20212	synthetic_4851	3
CAIBRO APARELHADO *7,5 X 7,5* CM, EM MACARANDUBA/MASSARANDUBA, ANGELIM OU EQUIVALENTE DA REGIAO		20209	synthetic_4851	3
CAIBRO NAO APARELHADO *5 X 6* CM, EM MACARANDUBA/MASSARANDUBA, ANGELIM OU EQUIVALENTE DA REGIAO - BRUTA		4430	synthetic_4851	3
CAIBRO NAO APARELHADO *6 X 6* CM, EM MACARANDUBA/MASSARANDUBA, ANGELIM OU EQUIVALENTE DA REGIAO - BRUTA		4433	synthetic_4851	3
CAIBRO NAO APARELHADO, *6 X 8* CM, EM MACARANDUBA/MASSARANDUBA, ANGELIM OU EQUIVALENTE DA REGIAO - BRUTA		4400	synthetic_4851	3
CAIXA D'AGUA / RESERVATORIO EM POLIESTER REFORCADO COM FIBRA DE VIDRO, 10000 LITROS, COM TAMPA		37106	synthetic_4851	122
CAIXA D'AGUA / RESERVATORIO EM POLIESTER REFORCADO COM FIBRA DE VIDRO, 1500 LITROS, COM TAMPA		11869	synthetic_4851	122
CAIXA D'AGUA / RESERVATORIO EM POLIESTER REFORCADO COM FIBRA DE VIDRO, 15000 LITROS, COM TAMPA		43981	synthetic_4851	122
CAIXA D'AGUA / RESERVATORIO EM POLIESTER REFORCADO COM FIBRA DE VIDRO, 2000 LITROS, COM TAMPA		37104	synthetic_4851	122
CAIXA D'AGUA / RESERVATORIO EM POLIESTER REFORCADO COM FIBRA DE VIDRO, 20000 LITROS, COM TAMPA		43982	synthetic_4851	122
CAIXA D'AGUA / RESERVATORIO EM POLIESTER REFORCADO COM FIBRA DE VIDRO, 3000 LITROS, COM TAMPA		43978	synthetic_4851	122
CAIXA D'AGUA / RESERVATORIO EM POLIESTER REFORCADO COM FIBRA DE VIDRO, 500 LITROS, COM TAMPA		11871	synthetic_4851	122
CAIXA D'AGUA / RESERVATORIO EM POLIESTER REFORCADO COM FIBRA DE VIDRO, 5000 LITROS, COM TAMPA		37105	synthetic_4851	122
CAIXA D'AGUA / RESERVATORIO EM POLIESTER REFORCADO COM FIBRA DE VIDRO, 7000 LITROS, COM TAMPA		43980	synthetic_4851	122
CAIXA D'AGUA / RESERVATORIO EM POLIESTER REFORCADO COM FIBRA DE VIDRO, 750 LITROS, COM TAMPA		43979	synthetic_4851	122
CAIXA D'AGUA / RESERVATORIO EM POLIESTER REFORCADO COM FIBRA DE VIDRO,1000 LITROS, COM TAMPA		11868	synthetic_4851	122
CAIXA D'AGUA / RESERVATORIO EM POLIETILENO, 1000 LITROS, COM TAMPA		34636	synthetic_4851	42
CAIXA D'AGUA / RESERVATORIO EM POLIETILENO, 1500 LITROS, COM TAMPA		34639	synthetic_4851	42
CAIXA D'AGUA / RESERVATORIO EM POLIETILENO, 2000 LITROS, COM TAMPA		34640	synthetic_4851	42
CAIXA D'AGUA / RESERVATORIO EM POLIETILENO, 3000 LITROS, COM TAMPA		43977	synthetic_4851	42
CAIXA D'AGUA / RESERVATORIO EM POLIETILENO, 500 LITROS, COM TAMPA		34637	synthetic_4851	42
CAIXA D'AGUA / RESERVATORIO EM POLIETILENO, 750 LITROS, COM TAMPA		34638	synthetic_4851	42
CAIXA DE ATERRAMENTO EM CONCRETO PRE-MOLDADO, DIAMETRO DE 0,30 M E ALTURA DE 0,35 M, SEM FUNDO E COM TAMPA		34641	synthetic_4851	14
CAIXA DE DESCARGA PLASTICA PARA BACIA / VASO SANITARIO DE EMBUTIR, COM ESPELHO ACIONADOR EM PLASTICO, CAPACIDADE 6 A 10 LITROS, (COMPLETA - ACESSORIOS INCLUSOS)		11694	synthetic_4851	122
CAIXA DE DESCARGA PLASTICA PARA BACIA / VASO SANITARIO, EXTERNA, CAPACIDADE 9 LITROS, PUXADOR FIO DE NYLON, NAO INCLUSO CANO, BOLSA, ENGATE		1030	synthetic_4851	-1
CAIXA DE GORDURA EM PVC, DIAMETRO MINIMO 300 MM, DIAMETRO DE SAIDA 100 MM, CAPACIDADE APROXIMADA 18 LITROS, COM TAMPA E CESTO		35277	synthetic_4851	95
CAIXA DE INSPECAO PARA ATERRAMENTO E PARA RAIOS, EM POLIPROPILENO, DIAMETRO = 300 MM X ALTURA = 400 MM (INCLUIDA TAMPA SEM ESCOTILHA)		34643	synthetic_4851	17
CAIXA DE INSPECAO PARA ATERRAMENTO OU OUTRO USO, EM PVC, DN = 250 X 250 MM (INCLUIDA TAMPA EM FERRO FUNDIDO SEM ESCOTILHA)		41480	synthetic_4851	-1
CAIXA DE INSPECAO PARA ATERRAMENTO OU OUTRO USO, EM PVC, DN = 300 X *300* MM (INCLUIDA TAMPA EM FERRO FUNDIDO SEM ESCOTILHA)		41474	synthetic_4851	-1
CAIXA DE INSPECAO PARA ATERRAMENTO OU OUTRO USO, EM PVC, DN = 300 X 250 MM (INCLUIDA TAMPA EM FERRO FUNDIDO SEM ESCOTILHA)		41475	synthetic_4851	-1
CAIXA DE INSPECAO PARA ATERRAMENTO OU OUTRO USO, EM PVC, DN = 300 X 600 MM (INCLUIDA TAMPA EM FERRO FUNDIDO SEM ESCOTILHA)		41476	synthetic_4851	-1
CAIXA DE PASSAGEM ELETRICA DE PAREDE, DE SOBREPOR, EM TERMOPLASTICO / PVC, COM TAMPA APARAFUSADA, DIMENSOES 200 X 200 X *100* MM		43098	synthetic_4851	95
CAIXA SIFONADA PVC, 100 X 100 X 50 MM, COM GRELHA REDONDA, BRANCA		5103	synthetic_4851	44
CAIXA SIFONADA PVC, 250 X 230 X 75 MM, COM TAMPA CEGA QUADRADA, BRANCA		11880	synthetic_4851	44
CAIXA SIFONADA, PVC, 150 X *185* X 75 MM, COM GRELHA QUADRADA, BRANCA		11714	synthetic_4851	44
CAIXA SIFONADA, PVC, 150 X 150 X 50 MM, COM GRELHA QUADRADA, BRANCA (NBR 5688)		11712	synthetic_4851	44
CAIXA SIFONADA, PVC, 150 X 150 X 50 MM, COM GRELHA REDONDA, BRANCA		11717	synthetic_4851	44
CALCARIO DOLOMITICO A (POSTO PEDREIRA/FORNECEDOR, SEM FRETE)		44479	synthetic_4851	-1
CALCETEIRO / RASTELEIRO (HORISTA)		4759	synthetic_4851	0
CALCETEIRO / RASTELEIRO (MENSALISTA)		41068	synthetic_4851	0
CALHA / PERFIL PLUVIAL DE PVC, DIAMETRO ENTRE *119 E 170* MM, COMPRIMENTO DE 3 M, PARA DRENAGEM PLUVIAL PREDIAL		12618	synthetic_4851	52
CAMINHAO TOCO, PESO BRUTO TOTAL 10700 KG, CARGA UTIL MAXIMA 7400 KG, DISTANCIA ENTRE EIXOS 4,00 M, POTENCIA 175 CV (INCLUI CABINE E CHASSI, NAO INCLUI CARROCERIA)		44056	synthetic_4851	73
CAMINHAO TOCO, PESO BRUTO TOTAL 13200 KG, CARGA UTIL MAXIMA 9200 KG, DISTANCIA ENTRE EIXOS 3,31 M, POTENCIA 175 CV (INCLUI CABINE E CHASSI, NAO INCLUI CARROCERIA)		44057	synthetic_4851	73
CAMINHAO TOCO, PESO BRUTO TOTAL 14300 KG, CARGA UTIL MAXIMA 9480 KG, DISTANCIA ENTRE EIXOS 4,80 M, POTENCIA 185 CV (INCLUI CABINE E CHASSI, NAO INCLUI CARROCERIA)		37754	synthetic_4851	73
CAMINHAO TOCO, PESO BRUTO TOTAL 16000 KG, CARGA UTIL MAXIMA 10830 KG, DISTANCIA ENTRE EIXOS 3,56 M, POTENCIA 226 CV (INCLUI CABINE E CHASSI, NAO INCLUI CARROCERIA)		44058	synthetic_4851	73
CAMINHAO TOCO, PESO BRUTO TOTAL 16000 KG, CARGA UTIL MAXIMA 11030 KG, DISTANCIA ENTRE EIXOS 5,41 M, POTENCIA 185 CV (INCLUI CABINE E CHASSI, NAO INCLUI CARROCERIA)		37752	synthetic_4851	73
CAMINHAO TRUCADO, PESO BRUTO TOTAL 23000 KG, CARGA UTIL MAXIMA 15285 KG, DISTANCIA ENTRE EIXOS 4,80 M, POTENCIA 326 CV (INCLUI CABINE E CHASSI, NAO INCLUI CARROCERIA)		37758	synthetic_4851	101
CAMINHAO TRUCADO, PESO BRUTO TOTAL 23000 KG, CARGA UTIL MAXIMA 15460 KG, DISTANCIA ENTRE EIXOS 4,80 M, POTENCIA 286 CV (INCLUI CABINE E CHASSI, NAO INCLUI CARROCERIA)		44060	synthetic_4851	101
CAMINHAO TRUCADO, PESO BRUTO TOTAL 23000 KG, CARGA UTIL MAXIMA 16540 KG, DISTANCIA ENTRE EIXOS 4,80 M, POTENCIA 256 CV (INCLUI CABINE E CHASSI, NAO INCLUI CARROCERIA)		44061	synthetic_4851	101
CANALETA ESTRUTURAL CERAMICA DE 14 X 19 X 19 CM (L X A X C) E 6,0 MPA		38548	synthetic_4851	2
CANALETA ESTRUTURAL CERAMICA DE 14 X 19 X 29 CM (L X A X C) E 6,0 MPA		34649	synthetic_4851	2
CANALETA ESTRUTURAL CERAMICA DE 14 X 19 X 39 CM (L X A X C) E 6,0 MPA		34655	synthetic_4851	2
CANTONEIRA (ABAS IGUAIS) EM ACO CARBONO, 25,4 MM X 3,17 MM (L X E), 1,27KG/M		567	synthetic_4851	65
CANTONEIRA (ABAS IGUAIS) EM ACO CARBONO, 38,1 MM X 3,17 MM (L X E), 3,48 KG/M		574	synthetic_4851	65
CANTONEIRA (ABAS IGUAIS) EM ACO CARBONO, 50,8 MM X 9,53 MM (L X E), 6,99 KG/M		568	synthetic_4851	65
"CANTONEIRA EM ALUMINIO, ABAS IGUAIS, LARGURA DE 25,40 MM (1""), ESPESSURA DE 3,17 MM (1/8"") E PESO LINEAR DE APROXIMADAMENTE 0,408 KG/M"		592	synthetic_4851	-1
"CANTONEIRA EM ALUMINIO, ABAS IGUAIS, LARGURA DE 25,40 MM (1""), ESPESSURA DE 4,76 MM (3/16"") E PESO LINEAR DE APROXIMADAMENTE 0,593 KG/M"		586	synthetic_4851	-1
"CANTONEIRA EM ALUMINIO, ABAS IGUAIS, LARGURA DE 31,75 MM (1 1/4""), ESPESSURA DE 4,76 MM (3/16"") E PESO LINEAR DE APROXIMADAMENTE 0,755 KG/M"		588	synthetic_4851	-1
"CANTONEIRA EM ALUMINIO, ABAS IGUAIS, LARGURA DE 38,10 MM (1 1/2""), ESPESSURA DE 4,76 MM (3/16"") E PESO LINEAR DE APROXIMADAMENTE 0,915 KG/M"		591	synthetic_4851	-1
"CANTONEIRA EM ALUMINIO, ABAS IGUAIS, LARGURA DE 50,80 MM (2""), ESPESSURA DE 3,17 MM (1/8"") E PESO LINEAR DE APROXIMADAMENTE 0,842 KG/M"		584	synthetic_4851	-1
"CANTONEIRA EM ALUMINIO, ABAS IGUAIS, LARGURA DE 50,80 MM (2""), ESPESSURA DE 6,35 MM (1/4"") E PESO LINEAR DE APROXIMADAMENTE 1,630 KG/M"		589	synthetic_4851	-1
CAP PVC, SERIE R, DN 100 MM, PARA ESGOTO PREDIAL		20088	synthetic_4851	-1
CAP PVC, SERIE R, DN 150 MM, PARA ESGOTO PREDIAL		20089	synthetic_4851	-1
CAP PVC, SERIE R, DN 75 MM, PARA ESGOTO PREDIAL		20087	synthetic_4851	-1
CAPTOR FRANKLIN (4 PONTAS), EM LATAO CROMADO, H = 300 MM, DUAS DESCIDAS		41410	synthetic_4851	67
CAPTOR FRANKLIN (4 PONTAS), EM LATAO CROMADO, H = 300 MM, UMA DESCIDA		41411	synthetic_4851	67
CAPTOR FRANKLIN (4 PONTAS), EM LATAO CROMADO, H = 350 MM, DUAS DESCIDAS		41412	synthetic_4851	67
CAPTOR FRANKLIN (4 PONTAS), EM LATAO CROMADO, H=350 MM, UMA DESCIDA		41413	synthetic_4851	67
CARENAGEM /TAMPA, EM PLASTICO, COR BRANCA, UTILIZADO EM KIT CHASSI METALICO PARA INSTAL. HIDRAULICA DE CUBA SIMPLES SEM MAQUINA DE LAVAR ROUPA, *355* X *670* MM (L X H) (COM FUROS E DEMAIS ENCAIXES)		39359	synthetic_4851	8
CARENAGEM /TAMPA, EM PLASTICO, COR BRANCA, UTILIZADO EM KIT CHASSI METALICO PARA INSTAL. HIDRAULICA DE TANQUE COM MAQUINA DE LAVAR ROUPA, *360* X *470* MM (L X H) (COM FUROS E DEMAIS ENCAIXES)		39360	synthetic_4851	8
CARPINTEIRO AUXILIAR (HORISTA)		6117	synthetic_4851	0
CARPINTEIRO DE ESQUADRIAS (HORISTA)		1214	synthetic_4851	0
CARPINTEIRO DE FORMAS OU OFICIAL (MENSALISTA)		40914	synthetic_4851	0
CARPINTEIRO DE FORMAS PARA CONCRETO (HORISTA)		1213	synthetic_4851	0
CARRINHO DE MAO, EM ACO, COM CAPACIDADE DE *45 A 65* L / *100* KG, PNEU COM CAMARA		2711	synthetic_4851	101
CAVOUQUEIRO OU OPERADOR DE PERFURATRIZ / ROMPEDOR (HORISTA)		4235	synthetic_4851	26
CERA LIQUIDA INCOLOR MULTIPISO		41967	synthetic_4851	-1
"CHAPA DE ACO FINA A QUENTE BITOLA MSG 3/16"", E = 4,75 MM (38,00 KG/M2)"		1319	synthetic_4851	38
"CHAPA DE ACO GROSSA, ASTM A36, E = 1"" (25,40 MM) 199,18 KG/M2"		43667	synthetic_4851	38
"CHAPA DE ACO GROSSA, ASTM A36, E = 1/2"" (12,70 MM) 99,59 KG/M2"		1333	synthetic_4851	38
"CHAPA DE ACO GROSSA, ASTM A36, E = 1/4"" (6,35 MM) 49,79 KG/M2"		1330	synthetic_4851	38
"CHAPA DE ACO GROSSA, ASTM A36, E = 3/4"" (19,05 MM) 149,39 KG/M2"		10957	synthetic_4851	38
"CHAPA DE ACO GROSSA, ASTM A36, E = 3/8"" (9,53 MM) 74,69 KG/M2"		1332	synthetic_4851	38
"CHAPA DE ACO GROSSA, ASTM A36, E = 5/8"" (15,88 MM) 124,49 KG/M2"		1334	synthetic_4851	38
"CHAPA DE ACO GROSSA, ASTM A36, E = 7/8"" (22,23 MM) 174,28 KG/M2"		1335	synthetic_4851	38
"CHAPA DE ACO XADREZ PARA PISOS, E = 1/4"" (6,30 MM) 54,53 KG/M2"		1337	synthetic_4851	38
"CHAPA PARA EMENDA DE VIGA, EM ACO GROSSO, QUALIDADE ESTRUTURAL, BITOLA 3/16"", E= 4,75 MM, 4 FUROS, LARGURA 45 MM, COMPRIMENTO 500 MM"		40623	synthetic_4851	47
CHAPA/PAINEL DE MADEIRA COMPENSADA PLASTIFICADA (MADEIRITE PLASTIFICADO) PARA FORMA DE CONCRETO, DE 2200 X 1100 MM, E = *17* MM		1345	synthetic_4851	75
CHAPA/PAINEL DE MADEIRA COMPENSADA PLASTIFICADA (MADEIRITE PLASTIFICADO) PARA FORMA DE CONCRETO, DE 2200 X 1100 MM, E = 10 MM		1346	synthetic_4851	75
CHAPA/PAINEL DE MADEIRA COMPENSADA PLASTIFICADA (MADEIRITE PLASTIFICADO) PARA FORMA DE CONCRETO, DE 2200 X 1100 MM, E = 12 MM		1347	synthetic_4851	75
CHAPA/PAINEL DE MADEIRA COMPENSADA PLASTIFICADA (MADEIRITE PLASTIFICADO) PARA FORMA DE CONCRETO, DE 2200 X 1100 MM, E = 14 MM		43678	synthetic_4851	75
CHAPA/PAINEL DE MADEIRA COMPENSADA PLASTIFICADA (MADEIRITE PLASTIFICADO) PARA FORMA DE CONCRETO, DE 2200 X 1100 MM, E = 20 MM		43680	synthetic_4851	75
CHAPA/PAINEL DE MADEIRA COMPENSADA PLASTIFICADA (MADEIRITE PLASTIFICADO) PARA FORMA DE CONCRETO, DE 2200 X 1100 MM, E = 6 MM		43679	synthetic_4851	75
CHAPA/PAINEL DE MADEIRA COMPENSADA RESINADA (MADEIRITE RESINADO ROSA) PARA FORMA DE CONCRETO, DE 2200 X 1100 MM, E = 14 MM		1355	synthetic_4851	75
CHAPA/PAINEL DE MADEIRA COMPENSADA RESINADA (MADEIRITE RESINADO ROSA) PARA FORMA DE CONCRETO, DE 2200 X 1100 MM, E = 17 MM		1358	synthetic_4851	75
CHAPA/PAINEL DE MADEIRA COMPENSADA RESINADA (MADEIRITE RESINADO ROSA) PARA FORMA DE CONCRETO, DE 2200 X 1100 MM, E = 20 MM		43677	synthetic_4851	75
CHAPA/PAINEL DE MADEIRA COMPENSADA RESINADA (MADEIRITE RESINADO ROSA) PARA FORMA DE CONCRETO, DE 2200 X 1100 MM, E = 6 MM		43682	synthetic_4851	75
CHAPA/PAINEL DE MADEIRA COMPENSADA RESINADA (MADEIRITE RESINADO ROSA) PARA FORMA DE CONCRETO, DE 2200 X 1100 MM, E = 8 A 12 MM		43681	synthetic_4851	75
"CHUMBADOR DE ACO GALVANIZADO, 1"" X 600 MM, PARA POSTES DE ACO COM BASE, INCLUSO PORCA E ARRUELA"		39746	synthetic_4851	14
"CHUMBADOR DE ACO ZINCADO, DIAMETRO 1/2"", COMPRIMENTO 75 MM"		11977	synthetic_4851	1
"CHUMBADOR DE ACO ZINCADO, DIAMETRO 1/4"" COM PARAFUSO 1/4"" X 40 MM"		11976	synthetic_4851	1
"CHUMBADOR DE ACO ZINCADO, DIAMETRO 5/8"", COMPRIMENTO 6"", COM PORCA"		11975	synthetic_4851	1
CIMENTO BRANCO NAO ESTRUTURAL (CPB - NAO ESTRUTURAL)		1380	synthetic_4851	12
CIMENTO PORTLAND ESTRUTURAL BRANCO CPB - 32 OU CPB - 40		44528	synthetic_4851	111
CINTURAO DE SEGURANCA TIPO PARAQUEDISTA, FIVELA EM ACO, AJUSTE NO SUSPENSORIO, CINTURA E PERNAS		36148	synthetic_4851	6
COLA PARA TUBOS E MANTAS ELASTOMERICAS, A BASE DE SOLVENTE		44327	synthetic_4851	-1
COMPACTADOR DE SOLO A PERCUSSAO (SOQUETE), A GASOLINA 4 TEMPOS, PESO 55 A 65 KG, FORCA DE IMPACTO 1.000 A 1.500 KGF, FREQ. 600 A 700 GOLPES P/ MINUTO, VELOCIDADE TRABALHO DE 10 A 15 M/MIN, POT. DE 2,00 A 3,00 HP		11281	synthetic_4851	-1
COMPACTADOR DE SOLO TIPO PLACA VIBRATORIA REVERSIVEL, A GASOLINA 4 TEMPOS, PESO 125 A 150 KG, FORCA CENTRIF. 2500 A 2800 KGF, LARG. TRABALHO 400 A 450 MM, FREQ. VIBRACAO 4300 A 4500 RPM, VELOC. TRABALHO 15 A 20 M/MIN, POT. 5,5 A 6,0 HP		1442	synthetic_4851	10
COMPENSADO NAVAL - CHAPA/PAINEL EM MADEIRA COMPENSADA PRENSADA, DE 2200 X 1600 MM, E = 10 MM		11134	synthetic_4851	57
COMPENSADO NAVAL - CHAPA/PAINEL EM MADEIRA COMPENSADA PRENSADA, DE 2200 X 1600 MM, E = 12 MM		11135	synthetic_4851	57
COMPENSADO NAVAL - CHAPA/PAINEL EM MADEIRA COMPENSADA PRENSADA, DE 2200 X 1600 MM, E = 15 MM		11136	synthetic_4851	57
COMPENSADO NAVAL - CHAPA/PAINEL EM MADEIRA COMPENSADA PRENSADA, DE 2200 X 1600 MM, E = 18 MM		34743	synthetic_4851	57
COMPENSADO NAVAL - CHAPA/PAINEL EM MADEIRA COMPENSADA PRENSADA, DE 2200 X 1600 MM, E = 20 MM		11137	synthetic_4851	57
COMPENSADO NAVAL - CHAPA/PAINEL EM MADEIRA COMPENSADA PRENSADA, DE 2200 X 1600 MM, E = 25 MM		34745	synthetic_4851	57
COMPENSADO NAVAL - CHAPA/PAINEL EM MADEIRA COMPENSADA PRENSADA, DE 2200 X 1600 MM, E = 4 MM		34746	synthetic_4851	57
COMPENSADO NAVAL - CHAPA/PAINEL EM MADEIRA COMPENSADA PRENSADA, DE 2200 X 1600 MM, E = 6 MM		1360	synthetic_4851	57
COMPRESSOR DE AR REBOCAVEL, VAZAO 89 PCM, PRESSAO EFETIVA DE TRABALHO *102* PSI, MOTOR DIESEL, POTENCIA *20* CV		13803	synthetic_4851	-1
CONCRETO AUTOADENSAVEL (CAA) CLASSE DE RESISTENCIA C15, ESPALHAMENTO SF2, COM BOMBEAMENTO (DISPONIBILIZACAO DE BOMBA), SEM O LANCAMENTO (NBR 15823)		11146	synthetic_4851	113
CONCRETO AUTOADENSAVEL (CAA) CLASSE DE RESISTENCIA C20, ESPALHAMENTO SF2, COM BOMBEAMENTO (DISPONIBILIZACAO DE BOMBA), SEM O LANCAMENTO (NBR 15823)		11147	synthetic_4851	113
CONCRETO AUTOADENSAVEL (CAA) CLASSE DE RESISTENCIA C25, ESPALHAMENTO SF2, COM BOMBEAMENTO (DISPONIBILIZACAO DE BOMBA), SEM O LANCAMENTO (NBR 15823)		34872	synthetic_4851	113
CONCRETO AUTOADENSAVEL (CAA) CLASSE DE RESISTENCIA C30, ESPALHAMENTO SF2, COM BOMBEAMENTO (DISPONIBILIZACAO DE BOMBA), SEM O LANCAMENTO (NBR 15823)		34491	synthetic_4851	113
CONCRETO USINADO BOMBEAVEL, CLASSE DE RESISTENCIA C20, BRITA 0 E 1, SLUMP = 100 +/- 20 MM, COM BOMBEAMENTO (DISPONIBILIZACAO DE BOMBA), SEM O LANCAMENTO (NBR 8953)		1524	synthetic_4851	113
CONCRETO USINADO BOMBEAVEL, CLASSE DE RESISTENCIA C20, COM BRITA 0 E 1, SLUMP = 190 +/- 20 MM, COM BOMBEAMENTO (DISPONIBILIZACAO DE BOMBA), SEM O LANCAMENTO (NBR 8953)		39849	synthetic_4851	113
CONCRETO USINADO BOMBEAVEL, CLASSE DE RESISTENCIA C20, COM BRITA 0, SLUMP = 220 +/- 20 MM, COM BOMBEAMENTO (DISPONIBILIZACAO DE BOMBA), SEM O LANCAMENTO (NBR 8953)		38464	synthetic_4851	113
CONCRETO USINADO BOMBEAVEL, CLASSE DE RESISTENCIA C25, BRITA 0 E 1, SLUMP = 100 +/- 20 MM, COM BOMBEAMENTO (DISPONIBILIZACAO DE BOMBA), SEM O LANCAMENTO (NBR 8953)		1527	synthetic_4851	113
CONCRETO USINADO BOMBEAVEL, CLASSE DE RESISTENCIA C30, BRITA 0 E 1, SLUMP = 100 +/- 20 MM, COM BOMBEAMENTO (DISPONIBILIZACAO DE BOMBA), SEM O LANCAMENTO (NBR 8953)		1525	synthetic_4851	113
CONCRETO USINADO BOMBEAVEL, CLASSE DE RESISTENCIA C35, BRITA 0 E 1, SLUMP = 100 +/- 20 MM, COM BOMBEAMENTO (DISPONIBILIZACAO DE BOMBA), SEM O LANCAMENTO (NBR 8953)		11145	synthetic_4851	113
CONCRETO USINADO BOMBEAVEL, CLASSE DE RESISTENCIA C40, BRITA 0 E 1, SLUMP = 100 +/- 20 MM, COM BOMBEAMENTO (DISPONIBILIZACAO DE BOMBA), SEM O LANCAMENTO (NBR 8953)		34479	synthetic_4851	113
CONCRETO USINADO BOMBEAVEL, CLASSE DE RESISTENCIA C45, BRITA 0 E 1, SLUMP = 100 +/- 20 MM, COM BOMBEAMENTO (DISPONIBILIZACAO DE BOMBA), SEM O LANCAMENTO (NBR 8953)		34481	synthetic_4851	113
CONCRETO USINADO BOMBEAVEL, CLASSE DE RESISTENCIA C50, BRITA 0 E 1, SLUMP = 100 +/- 20 MM, COM BOMBEAMENTO (DISPONIBILIZACAO DE BOMBA), SEM O LANCAMENTO (NBR 8953)		34483	synthetic_4851	113
CONCRETO USINADO BOMBEAVEL, CLASSE DE RESISTENCIA C60, COM BRITA 0 E 1, SLUMP = 100 +/- 20 MM, COM BOMBEAMENTO (DISPONIBILIZACAO DE BOMBA), SEM O LANCAMENTO (NBR 8953)		34485	synthetic_4851	113
CONDUTOR PLUVIAL, PVC, CIRCULAR, DIAMETRO ENTRE 80 E 100 MM, PARA DRENAGEM PLUVIAL PREDIAL		12623	synthetic_4851	52
"CONECTOR / ADAPTADOR F/F, COM INSERTO METALICO, PPR, DN 25 MM X 1/2"", PARA AGUA QUENTE E FRIA PREDIAL"		38998	synthetic_4851	119
"CONECTOR / ADAPTADOR F/F, COM INSERTO METALICO, PPR, DN 32 MM X 3/4"", PARA AGUA QUENTE E FRIA PREDIAL"		38999	synthetic_4851	119
"CONECTOR / ADAPTADOR F/M, COM INSERTO METALICO, PPR, DN 25 MM X 1/2"", PARA AGUA QUENTE E FRIA PREDIAL"		38996	synthetic_4851	119
"CONECTOR / ADAPTADOR F/M, COM INSERTO METALICO, PPR, DN 25 MM X 3/4"", PARA AGUA QUENTE E FRIA PREDIAL"		44173	synthetic_4851	119
"CONECTOR / ADAPTADOR F/M, COM INSERTO METALICO, PPR, DN 32 MM X 1"", PARA AGUA QUENTE E FRIA PREDIAL"		44174	synthetic_4851	119
"CONECTOR / ADAPTADOR F/M, COM INSERTO METALICO, PPR, DN 32 MM X 3/4"", PARA AGUA QUENTE E FRIA PREDIAL"		38997	synthetic_4851	119
CONECTOR / TOMADA FEMEA RJ 45, CATEGORIA 5 E (CAT 5E) PARA CABOS		39600	synthetic_4851	85
CONECTOR / TOMADA FEMEA RJ 45, CATEGORIA 6 (CAT 6) PARA CABOS		39601	synthetic_4851	85
"CONECTOR BRONZE/LATAO SEM ANEL DE SOLDA, BOLSA X ROSCA F, 15 MM X 1/2"""		39862	synthetic_4851	-1
"CONECTOR BRONZE/LATAO SEM ANEL DE SOLDA, BOLSA X ROSCA F, 22 MM X 1/2"""		39863	synthetic_4851	-1
"CONECTOR BRONZE/LATAO SEM ANEL DE SOLDA, BOLSA X ROSCA F, 22 MM X 3/4"""		39864	synthetic_4851	-1
"CONECTOR BRONZE/LATAO SEM ANEL DE SOLDA, BOLSA X ROSCA F, 28 MM X 1/2"""		39865	synthetic_4851	-1
CONECTOR MACHO RJ 45, CATEGORIA 5 E (CAT 5E) PARA CABOS		39602	synthetic_4851	85
CONECTOR MACHO RJ 45, CATEGORIA 6 (CAT 6) PARA CABOS		39603	synthetic_4851	85
"CONECTOR, CPVC, SOLDAVEL, 114 MM X 4"", PARA AGUA QUENTE"		44247	synthetic_4851	-1
"CONECTOR, CPVC, SOLDAVEL, 54 MM X 2"", PARA AGUA QUENTE"		44248	synthetic_4851	-1
"CONECTOR, CPVC, SOLDAVEL, 73 MM X 2 1/2"", PARA AGUA QUENTE"		44249	synthetic_4851	-1
"CONECTOR, CPVC, SOLDAVEL, 89 MM X 3"", PARA AGUA QUENTE"		44250	synthetic_4851	-1
"CONECTOR/ADAPTADOR FIXO, ROSCA FEMEA, EM PLASTICO, DN 16 MM X 1/2"", PARA CONEXAO COM CRIMPAGEM, EM TUBO PEX PARA INST. AGUA QUENTE/FRIA"		39279	synthetic_4851	18
"CONECTOR/ADAPTADOR FIXO, ROSCA FEMEA, EM PLASTICO, DN 20 MM X 1/2"", PARA CONEXAO COM CRIMPAGEM, EM TUBO PEX PARA INST. AGUA QUENTE/FRIA"		39280	synthetic_4851	18
"CONECTOR/ADAPTADOR FIXO, ROSCA FEMEA, EM PLASTICO, DN 20 MM X 3/4"", PARA CONEXAO COM CRIMPAGEM, EM TUBO PEX PARA INST. AGUA QUENTE/FRIA"		39281	synthetic_4851	18
"CONECTOR/ADAPTADOR FIXO, ROSCA FEMEA, EM PLASTICO, DN 25 MM X 3/4"", PARA CONEXAO COM CRIMPAGEM, EM TUBO PEX PARA INST. AGUA QUENTE/FRIA"		39282	synthetic_4851	18
"CONECTOR/ADAPTADOR FIXO, ROSCA FEMEA, METALICA, COM ANEL DESLIZANTE, DN 16 MM X 1/2"", PARA TUBO PEX PARA INST. AGUA QUENTE/FRIA"		38844	synthetic_4851	120
"CONECTOR/ADAPTADOR FIXO, ROSCA FEMEA, METALICA, COM ANEL DESLIZANTE, DN 20 MM X 1/2"", PARA TUBO PEX PARA INST. AGUA QUENTE/FRIA"		38846	synthetic_4851	120
"CONECTOR/ADAPTADOR FIXO, ROSCA FEMEA, METALICA, COM ANEL DESLIZANTE, DN 20 MM X 3/4"", PARA TUBO PEX PARA INST. AGUA QUENTE/FRIA"		38847	synthetic_4851	120
"CONECTOR/ADAPTADOR FIXO, ROSCA FEMEA, METALICA, COM ANEL DESLIZANTE, DN 25 MM X 1"", PARA TUBO PEX PARA INST. AGUA QUENTE/FRIA"		38850	synthetic_4851	120
"CONECTOR/ADAPTADOR FIXO, ROSCA FEMEA, METALICA, COM ANEL DESLIZANTE, DN 25 MM X 3/4"", PARA TUBO PEX PARA INST. AGUA QUENTE/FRIA"		38848	synthetic_4851	120
"CONECTOR/ADAPTADOR FIXO, ROSCA FEMEA, METALICA, COM ANEL DESLIZANTE, DN 32 MM X 1"", PARA TUBO PEX PARA INST. AGUA QUENTE/FRIA"		38851	synthetic_4851	120
"CONECTOR/ADAPTADOR MOVEL, ROSCA FEMEA, METALICA, COM ANEL DESLIZANTE, DN 16 MM X 3/4"", PARA TUBO PEX PARA INST. AGUA QUENTE/FRIA"		38854	synthetic_4851	120
CONJ. DE FERRAGENS PARA PORTA DE VIDRO TEMPERADO, EM ZAMAC CROMADO, CONTEMPLANDO DOBRADICA INF., DOBRADICA SUP., PIVO PARA DOBRADICA INF., PIVO PARA DOBRADICA SUP., FECHADURA CENTRAL EM ZAMC. CROMADO, CONTRA FECHADURA DE PRESSAO		3104	synthetic_4851	6
CONJUNTO DE FERRAGENS PIVO, PARA PORTA PIVOTANTE DE ATE 100 KG, REGULAVEL COM ESFERA, CROMADO - SUPERIOR E INFERIOR - COMPLETO		38169	synthetic_4851	51
CONJUNTO DE LIGACAO AJUSTAVEL, PARA VASO / BACIA SANITARIA, EM PLASTICO BRANCO, COM TUBO, CANOPLA E ESPUDE		6142	synthetic_4851	-1
"CONJUNTO DE LIGACAO PARA VASO / BACIA SANITARIA, EM PLASTICO BRANCO, COM TUBO, CANOPLA E ANEL DE EXPANSAO (TUBO 1.1/2"" X 20 CM)"		11686	synthetic_4851	33
"CONJUNTO PARA FUTSAL COM PAR DE TRAVES OFICIAIS DE 3,00 X 2,00 M EM TUBO DE ACO GALVANIZADO 3"" COM REQUADROS EM TUBO DE 1"", PINTURA EM PRIMER COM TINTA ESMALTE SINTETICO E REDES DE POLIETILENO FIO 4 MM"		25398	synthetic_4851	33
CONTRAMARCO DE ALUMINIO (PERFIL 25) PARA ESQUADRIAS, TIPO CONVENCIONAL / CADEIRINHA, 60 MM (CM-060), INCLUSO CONEXOES, GRAPAS E TRAVAMENTOS		43657	synthetic_4851	22
"CORTADEIRA DE PISO DE CONCRETO E ASFALTO, PARA DISCO PADRAO DE DIAMETRO 350 MM (14"") OU 450 MM (18""), MOTOR A GASOLINA, POTENCIA 13 HP, SEM DISCO"		11280	synthetic_4851	7
"COTOVELO BRONZE/LATAO SEM ANEL DE SOLDA, BOLSA X ROSCA F, 15MM X 1/2"""		39869	synthetic_4851	-1
"COTOVELO BRONZE/LATAO SEM ANEL DE SOLDA, BOLSA X ROSCA F, 22MM X 1/2"""		39870	synthetic_4851	-1
"COTOVELO BRONZE/LATAO SEM ANEL DE SOLDA, BOLSA X ROSCA F, 22MM X 3/4"""		39871	synthetic_4851	-1
COTOVELO DE COBRE 90 GRAUS SEM ANEL DE SOLDA, BOLSA X BOLSA, 104 MM		12722	synthetic_4851	88
COTOVELO DE COBRE 90 GRAUS SEM ANEL DE SOLDA, BOLSA X BOLSA, 15 MM		12714	synthetic_4851	88
COTOVELO DE COBRE 90 GRAUS SEM ANEL DE SOLDA, BOLSA X BOLSA, 22 MM		12715	synthetic_4851	88
COTOVELO DE COBRE 90 GRAUS SEM ANEL DE SOLDA, BOLSA X BOLSA, 28 MM		12716	synthetic_4851	88
COTOVELO DE COBRE 90 GRAUS SEM ANEL DE SOLDA, BOLSA X BOLSA, 35 MM		12717	synthetic_4851	88
COTOVELO DE COBRE 90 GRAUS SEM ANEL DE SOLDA, BOLSA X BOLSA, 42 MM		12718	synthetic_4851	88
COTOVELO DE COBRE 90 GRAUS SEM ANEL DE SOLDA, BOLSA X BOLSA, 54 MM		12719	synthetic_4851	88
COTOVELO DE COBRE 90 GRAUS SEM ANEL DE SOLDA, BOLSA X BOLSA, 66 MM		12720	synthetic_4851	88
COTOVELO DE COBRE 90 GRAUS SEM ANEL DE SOLDA, BOLSA X BOLSA, 79 MM		12721	synthetic_4851	88
"CUBA ACO INOX (AISI 304) DE EMBUTIR COM VALVULA 3 1/2"", DE *40 X 34 X 12* CM"		1744	synthetic_4851	8
"CUBA ACO INOX (AISI 304) DE EMBUTIR COM VALVULA 3 1/2"", DE *46 X 30 X 12* CM"		1743	synthetic_4851	8
"CUBA ACO INOX (AISI 304) DE EMBUTIR COM VALVULA DE 3 1/2"", DE *56 X 33 X 12* CM"		1747	synthetic_4851	8
"CURVA 135 GRAUS PARA ELETRODUTO, EM ACO GALVANIZADO ELETROLITICO, COM ROSCA, DIAMETRO DE 100 MM (4"")"		2628	synthetic_4851	56
"CURVA 135 GRAUS PARA ELETRODUTO, EM ACO GALVANIZADO ELETROLITICO, COM ROSCA, DIAMETRO DE 15 MM (1/2""), ESPESSURA DE 1,50 MM"		2622	synthetic_4851	108
"CURVA 135 GRAUS PARA ELETRODUTO, EM ACO GALVANIZADO ELETROLITICO, COM ROSCA, DIAMETRO DE 20 MM (3/4""), ESPESSURA DE 1,50 MM"		2623	synthetic_4851	108
"CURVA 135 GRAUS PARA ELETRODUTO, EM ACO GALVANIZADO ELETROLITICO, COM ROSCA, DIAMETRO DE 25 MM (1""), ESPESSURA DE 1,50 MM"		2624	synthetic_4851	108
"CURVA 135 GRAUS PARA ELETRODUTO, EM ACO GALVANIZADO ELETROLITICO, COM ROSCA, DIAMETRO DE 32 MM (1 1/4""), ESPESSURA DE 1,50 MM"		2625	synthetic_4851	108
"CURVA 135 GRAUS PARA ELETRODUTO, EM ACO GALVANIZADO ELETROLITICO, COM ROSCA, DIAMETRO DE 40 MM (1 1/2""), ESPESSURA DE 1,50 MM"		2626	synthetic_4851	108
"CURVA 135 GRAUS PARA ELETRODUTO, EM ACO GALVANIZADO ELETROLITICO, COM ROSCA, DIAMETRO DE 50 MM (2"")"		2630	synthetic_4851	56
"CURVA 135 GRAUS PARA ELETRODUTO, EM ACO GALVANIZADO ELETROLITICO, COM ROSCA, DIAMETRO DE 65 MM (2 1/2"")"		2627	synthetic_4851	56
"CURVA 135 GRAUS PARA ELETRODUTO, EM ACO GALVANIZADO ELETROLITICO, COM ROSCA, DIAMETRO DE 80 MM (3"")"		2629	synthetic_4851	56
CURVA 45 GRAUS DE COBRE SEM ANEL DE SOLDA, BOLSA X BOLSA, 15 MM		39879	synthetic_4851	74
CURVA 45 GRAUS DE COBRE SEM ANEL DE SOLDA, BOLSA X BOLSA, 22 MM		39880	synthetic_4851	74
CURVA 45 GRAUS DE COBRE SEM ANEL DE SOLDA, BOLSA X BOLSA, 28 MM		39881	synthetic_4851	74
CURVA 45 GRAUS DE COBRE SEM ANEL DE SOLDA, BOLSA X BOLSA, 35 MM		39882	synthetic_4851	74
CURVA 45 GRAUS DE COBRE SEM ANEL DE SOLDA, BOLSA X BOLSA, 42 MM		39883	synthetic_4851	74
CURVA 45 GRAUS DE COBRE SEM ANEL DE SOLDA, BOLSA X BOLSA, 54 MM		39884	synthetic_4851	74
CURVA 45 GRAUS DE COBRE SEM ANEL DE SOLDA, BOLSA X BOLSA, 66 MM		39885	synthetic_4851	74
"CURVA 45 GRAUS PARA ELETRODUTO, EM ACO GALVANIZADO ELETROLITICO, COM ROSCA, DIAMETRO DE 20 MM (3/4""), ESPESSURA DE 1,50 MM"		2609	synthetic_4851	108
"CURVA 45 GRAUS PARA ELETRODUTO, EM ACO GALVANIZADO ELETROLITICO, COM ROSCA, DIAMETRO DE 25 MM (1""), ESPESSURA DE 1,50 MM"		2634	synthetic_4851	108
"CURVA 45 GRAUS PARA ELETRODUTO, EM ACO GALVANIZADO ELETROLITICO, COM ROSCA, DIAMETRO DE 40 MM (1 1/2""), ESPESSURA DE 1,50 MM"		2611	synthetic_4851	108
"CURVA 90 GRAUS DE BARRA CHATA EM ALUMINIO 3/4"" X 1/4"" X 300 MM"		34359	synthetic_4851	22
"CURVA 90 GRAUS PARA ELETRODUTO, EM ACO GALVANIZADO ELETROLITICO, COM ROSCA, DIAMETRO DE 100 MM (4"")"		2621	synthetic_4851	56
"CURVA 90 GRAUS PARA ELETRODUTO, EM ACO GALVANIZADO ELETROLITICO, COM ROSCA, DIAMETRO DE 15 MM (1/2""), ESPESSURA DE 1,50 MM"		2616	synthetic_4851	108
"CURVA 90 GRAUS PARA ELETRODUTO, EM ACO GALVANIZADO ELETROLITICO, COM ROSCA, DIAMETRO DE 20 MM (3/4""), ESPESSURA DE 1,50 MM"		2633	synthetic_4851	108
"CURVA 90 GRAUS PARA ELETRODUTO, EM ACO GALVANIZADO ELETROLITICO, COM ROSCA, DIAMETRO DE 25 MM (1""), ESPESSURA DE 1,50 MM"		2617	synthetic_4851	108
"CURVA 90 GRAUS PARA ELETRODUTO, EM ACO GALVANIZADO ELETROLITICO, COM ROSCA, DIAMETRO DE 32 MM (1 1/4""), ESPESSURA DE 1,50 MM"		2618	synthetic_4851	108
"CURVA 90 GRAUS PARA ELETRODUTO, EM ACO GALVANIZADO ELETROLITICO, COM ROSCA, DIAMETRO DE 40 MM (1 1/2""), ESPESSURA DE 1,50 MM"		2632	synthetic_4851	108
"CURVA 90 GRAUS PARA ELETRODUTO, EM ACO GALVANIZADO ELETROLITICO, COM ROSCA, DIAMETRO DE 50 MM (2"")"		2631	synthetic_4851	56
"CURVA 90 GRAUS PARA ELETRODUTO, EM ACO GALVANIZADO ELETROLITICO, COM ROSCA, DIAMETRO DE 65 MM (2 1/2"")"		2619	synthetic_4851	56
"CURVA 90 GRAUS PARA ELETRODUTO, EM ACO GALVANIZADO ELETROLITICO, COM ROSCA, DIAMETRO DE 80 MM (3"")"		2620	synthetic_4851	56
CURVA CPVC, 90 GRAUS, SOLDAVEL, 15 MM, PARA AGUA QUENTE		37971	synthetic_4851	11
CURVA DE PVC 45 GRAUS, SOLDAVEL, 20 MM, COR MARROM, PARA AGUA FRIA PREDIAL		1926	synthetic_4851	4
CURVA DE PVC 45 GRAUS, SOLDAVEL, 25 MM, COR MARROM, PARA AGUA FRIA PREDIAL		1927	synthetic_4851	4
CURVA DE PVC 45 GRAUS, SOLDAVEL, 32 MM, COR MARROM, PARA AGUA FRIA PREDIAL		1923	synthetic_4851	4
CURVA DE PVC 45 GRAUS, SOLDAVEL, 40 MM, COR MARROM, PARA AGUA FRIA PREDIAL		1929	synthetic_4851	4
CURVA DE PVC 45 GRAUS, SOLDAVEL, 50 MM, COR MARROM, PARA AGUA FRIA PREDIAL		1930	synthetic_4851	4
CURVA DE PVC 45 GRAUS, SOLDAVEL, 60 MM, COR MARROM, PARA AGUA FRIA PREDIAL		1924	synthetic_4851	4
CURVA DE PVC 45 GRAUS, SOLDAVEL, 75 MM, COR MARROM, PARA AGUA FRIA PREDIAL		1922	synthetic_4851	4
CURVA DE PVC 45 GRAUS, SOLDAVEL, 85 MM, COR MARROM, PARA AGUA FRIA PREDIAL		1953	synthetic_4851	4
CURVA DE PVC 90 GRAUS, SOLDAVEL, 110 MM, COR MARROM, PARA AGUA FRIA PREDIAL		1962	synthetic_4851	119
CURVA DE PVC 90 GRAUS, SOLDAVEL, 20 MM, COR MARROM, PARA AGUA FRIA PREDIAL		1955	synthetic_4851	119
CURVA DE PVC 90 GRAUS, SOLDAVEL, 25 MM, COR MARROM, PARA AGUA FRIA PREDIAL		1956	synthetic_4851	119
CURVA DE PVC 90 GRAUS, SOLDAVEL, 32 MM, COR MARROM, PARA AGUA FRIA PREDIAL		1957	synthetic_4851	119
CURVA DE PVC 90 GRAUS, SOLDAVEL, 40 MM, COR MARROM, PARA AGUA FRIA PREDIAL		1958	synthetic_4851	119
CURVA DE PVC 90 GRAUS, SOLDAVEL, 50 MM, COR MARROM, PARA AGUA FRIA PREDIAL		1959	synthetic_4851	119
CURVA DE PVC 90 GRAUS, SOLDAVEL, 60 MM, COR MARROM, PARA AGUA FRIA PREDIAL		1925	synthetic_4851	119
CURVA DE PVC 90 GRAUS, SOLDAVEL, 75 MM, COR MARROM, PARA AGUA FRIA PREDIAL		1960	synthetic_4851	119
CURVA DE PVC 90 GRAUS, SOLDAVEL, 85 MM, COR MARROM, PARA AGUA FRIA PREDIAL		1961	synthetic_4851	119
CURVA DE PVC, 90 GRAUS, SERIE R, DN 100 MM, PARA ESGOTO PREDIAL		38423	synthetic_4851	-1
CURVA DE TRANSPOSICAO BRONZE/LATAO SEM ANEL DE SOLDA, BOLSA X BOLSA, 15 MM		39866	synthetic_4851	74
CURVA DE TRANSPOSICAO BRONZE/LATAO SEM ANEL DE SOLDA, BOLSA X BOLSA, 22 MM		39867	synthetic_4851	74
CURVA DE TRANSPOSICAO BRONZE/LATAO SEM ANEL DE SOLDA, BOLSA X BOLSA, 28 MM		39868	synthetic_4851	74
CURVA DE TRANSPOSICAO, PVC SOLDAVEL, 20 MM, COR MARROM, PARA AGUA FRIA PREDIAL		38129	synthetic_4851	4
CURVA DE TRANSPOSICAO, PVC, SOLDAVEL, 25 MM, COR MARROM, PARA AGUA FRIA PREDIAL		38025	synthetic_4851	4
CURVA DE TRANSPOSICAO, PVC, SOLDAVEL, 32 MM, COR MARROM, PARA AGUA FRIA PREDIAL		38026	synthetic_4851	4
CURVA LONGA PVC, PB, JE, 45 GRAUS, DN 100 MM, PARA REDE COLETORA ESGOTO		1858	synthetic_4851	5
CURVA LONGA PVC, PB, JE, 45 GRAUS, DN 150 MM, PARA REDE COLETORA ESGOTO		1844	synthetic_4851	5
CURVA LONGA PVC, PB, JE, 90 GRAUS, DN 100 MM, PARA REDE COLETORA ESGOTO		1863	synthetic_4851	5
CURVA LONGA PVC, PB, JE, 90 GRAUS, DN 150 MM, PARA REDE COLETORA ESGOTO		1865	synthetic_4851	5
CURVA PPR 90 GRAUS, F/F, DN 20 MM, PARA AGUA QUENTE PREDIAL		36355	synthetic_4851	15
CURVA PPR 90 GRAUS, F/F, DN 25 MM, PARA AGUA QUENTE PREDIAL		36356	synthetic_4851	15
"CURVA PVC 90 GRAUS, ROSCAVEL, 1 1/4"", COR BRANCA, AGUA FRIA PREDIAL"		1940	synthetic_4851	-1
"CURVA PVC 90 GRAUS, ROSCAVEL, 1"", COR BRANCA, AGUA FRIA PREDIAL"		1939	synthetic_4851	-1
"CURVA PVC 90 GRAUS, ROSCAVEL, 1/2"", COR BRANCA, AGUA FRIA PREDIAL"		1937	synthetic_4851	-1
"CURVA PVC 90 GRAUS, ROSCAVEL, 3/4"", COR BRANCA, AGUA FRIA PREDIAL"		1938	synthetic_4851	-1
CURVA PVC CURTA 90 GRAUS, DN 100 MM, PARA ESGOTO PREDIAL		1966	synthetic_4851	58
CURVA PVC CURTA 90 GRAUS, DN 50 MM, PARA ESGOTO PREDIAL		1932	synthetic_4851	58
CURVA PVC LONGA 90 GRAUS, DN 100 MM, PARA ESGOTO PREDIAL		1970	synthetic_4851	58
CURVA PVC LONGA 90 GRAUS, DN 40 MM, PARA ESGOTO PREDIAL		1967	synthetic_4851	58
CURVA PVC LONGA 90 GRAUS, DN 50 MM, PARA ESGOTO PREDIAL		1968	synthetic_4851	58
CURVA PVC LONGA 90 GRAUS, DN 75 MM, PARA ESGOTO PREDIAL		1969	synthetic_4851	58
CURVA PVC PBA, JE, PB, 45 GRAUS, DN 100 / DE 110 MM, PARA REDE DE AGUA		1827	synthetic_4851	5
CURVA PVC PBA, JE, PB, 45 GRAUS, DN 50 / DE 60 MM, PARA REDE DE AGUA		1831	synthetic_4851	5
CURVA PVC PBA, JE, PB, 45 GRAUS, DN 75 / DE 85 MM, PARA REDE DE AGUA		1825	synthetic_4851	5
CURVA PVC PBA, JE, PB, 90 GRAUS, DN 100 / DE 110 MM, PARA REDE DE AGUA		1828	synthetic_4851	5
CURVA PVC PBA, JE, PB, 90 GRAUS, DN 50 / DE 60 MM, PARA REDE DE AGUA		1845	synthetic_4851	5
CURVA PVC PBA, JE, PB, 90 GRAUS, DN 75 / DE 85 MM, PARA REDE DE AGUA		1824	synthetic_4851	5
CURVA PVC, BB, JE, 45 GRAUS, DN 250 MM, PARA TUBO CORRUGADO E/OU LISO, REDE COLETORA ESGOTO		42693	synthetic_4851	5
CURVA PVC, BB, JE, 90 GRAUS, DN 200 MM, PARA TUBO CORRUGADO E/OU LISO, REDE COLETORA ESGOTO		42695	synthetic_4851	5
CURVA PVC, BB, JE, 90 GRAUS, DN 250 MM, PARA TUBO CORRUGADO E/OU LISO, REDE COLETORA ESGOTO		42694	synthetic_4851	5
CURVA PVC, SERIE R, 87.30 GRAUS, CURTA, PARA PE-DE-COLUNA, DN 100 MM, PARA ESGOTO PREDIAL		20097	synthetic_4851	-1
CURVA PVC, SERIE R, 87.30 GRAUS, CURTA, PARA PE-DE-COLUNA, DN 150 MM, PARA ESGOTO PREDIAL		20098	synthetic_4851	-1
CURVA PVC, SERIE R, 87.30 GRAUS, CURTA, PARA PE-DE-COLUNA, DN 75 MM, PARA ESGOTO PREDIAL		20096	synthetic_4851	-1
DESENHISTA PROJETISTA (HORISTA)		2358	synthetic_4851	0
DESINFETANTE PRONTO USO		44330	synthetic_4851	0
DETERGENTE NEUTRO USO GERAL, CONCENTRADO		44329	synthetic_4851	12
DILUENTE AGUARRAS		5318	synthetic_4851	0
"DISCO DE BORRACHA PARA LIXADEIRA RIGIDO 7"" COM ARRUELA CENTRAL"		44532	synthetic_4851	-1
"DISCO DE CORTE DIAMANTADO SEGMENTADO DIAMETRO DE 180 MM PARA ESMERILHADEIRA 7"""		44531	synthetic_4851	-1
DISCO DE CORTE DIAMANTADO SEGMENTADO PARA CONCRETO/ASFALTO, DIAMETRO DE *350* MM, FURO DE 25,40 MM		13887	synthetic_4851	-1
DISCO DE CORTE DIAMANTADO SEGMENTADO, DIAMETRO DE *110* MM, FURO DE 20 MM		38140	synthetic_4851	-1
"DISCO DE CORTE PARA METAL COM DUAS TELAS 12 X 1/8 X 3/4"" (300 X 3,2 X 19,05 MM)"		44495	synthetic_4851	-1
"DISCO DE DESBASTE PARA METAL FERROSO EM GERAL, COM TRES TELAS, 9 X 1/4 X 7/8"" (228,6 X 6,4 X 22,2 MM)"		44533	synthetic_4851	22
DISCO DE LIXA PARA METAL, DIAMETRO = 180 MM, GRAO 120		44534	synthetic_4851	118
DISJUNTOR TERMOMAGNETICO AJUSTAVEL, TRIPOLAR DE 100 ATE 250A, CAPACIDADE DE INTERRUPCAO DE 35KA		34729	synthetic_4851	29
DISJUNTOR TERMOMAGNETICO AJUSTAVEL, TRIPOLAR DE 300 ATE 400A, CAPACIDADE DE INTERRUPCAO DE 35KA		34734	synthetic_4851	29
DISJUNTOR TERMOMAGNETICO AJUSTAVEL, TRIPOLAR DE 450 ATE 600A, CAPACIDADE DE INTERRUPCAO DE 35KA		34738	synthetic_4851	29
DISJUNTOR TERMOMAGNETICO PARA TRILHO DIN (IEC), BIPOLAR, 40 - 50 A		34623	synthetic_4851	37
DISJUNTOR TERMOMAGNETICO PARA TRILHO DIN (IEC), BIPOLAR, 6 - 32 A		34616	synthetic_4851	37
DISJUNTOR TERMOMAGNETICO PARA TRILHO DIN (IEC), BIPOLAR, 63 A		34628	synthetic_4851	37
DISJUNTOR TERMOMAGNETICO PARA TRILHO DIN (IEC), MONOPOLAR, 40 - 50 A		34686	synthetic_4851	37
DISJUNTOR TERMOMAGNETICO PARA TRILHO DIN (IEC), MONOPOLAR, 6 - 32 A		34653	synthetic_4851	37
DISJUNTOR TERMOMAGNETICO PARA TRILHO DIN (IEC), MONOPOLAR, 63 A		34688	synthetic_4851	37
DISJUNTOR TERMOMAGNETICO PARA TRILHO DIN (IEC), TRIPOLAR, 10 - 50 A		34709	synthetic_4851	37
DISJUNTOR TERMOMAGNETICO PARA TRILHO DIN (IEC), TRIPOLAR, 63 A		34714	synthetic_4851	37
DISJUNTOR TERMOMAGNETICO TRIPOLAR 125 A / 425 V / ICC - 25 KA		2391	synthetic_4851	29
"DISTRIBUIDOR METALICO, COM ROSCA, 2 SAIDAS, DN 1"" X 1/2"", PARA CONEXAO COM ANEL DESLIZANTE EM TUBO PEX PARA INST. AGUA QUENTE/FRIA"		38870	synthetic_4851	-1
"DISTRIBUIDOR METALICO, COM ROSCA, 2 SAIDAS, DN 3/4"" X 1/2"", PARA CONEXAO COM ANEL DESLIZANTE EM TUBO PEX PARA INST. AGUA QUENTE/FRIA"		38869	synthetic_4851	-1
"DISTRIBUIDOR METALICO, COM ROSCA, 3 SAIDAS, DN 1"" X 1/2"", PARA CONEXAO COM ANEL DESLIZANTE EM TUBO PEX PARA INST. AGUA QUENTE/FRIA"		38872	synthetic_4851	-1
"DISTRIBUIDOR METALICO, COM ROSCA, 3 SAIDAS, DN 3/4"" X 1/2"", PARA CONEXAO COM ANEL DESLIZANTE EM TUBO PEX PARA INST. AGUA QUENTE/FRIA"		38871	synthetic_4851	-1
DISTRIBUIDOR, PLASTICO, 2 SAIDAS, DN 32 X 16 MM, PARA CONEXAO COM CRIMPAGEM, EM TUBO PEX PARA INST. AGUA QUENTE/FRIA		39283	synthetic_4851	18
DISTRIBUIDOR, PLASTICO, 2 SAIDAS, DN 32 X 25 MM, PARA CONEXAO COM CRIMPAGEM, EM TUBO PEX PARA INST. AGUA QUENTE/FRIA		39285	synthetic_4851	18
DISTRIBUIDOR, PLASTICO, 3 SAIDAS, DN 32 X 16 MM, PARA CONEXAO COM CRIMPAGEM, EM TUBO PEX PARA INST. AGUA QUENTE/FRIA		39286	synthetic_4851	18
DISTRIBUIDOR, PLASTICO, 3 SAIDAS, DN 32 X 25 MM, PARA CONEXAO COM CRIMPAGEM, EM TUBO PEX PARA INST. AGUA QUENTE/FRIA		39288	synthetic_4851	18
"DOBRADICA EM ACO/FERRO, 3"" X 2 1/2"", E= 1,2 A 1,8 MM, SEM ANEL, CROMADO OU ZINCADO, TAMPA BOLA, COM PARAFUSOS"		2418	synthetic_4851	50
"DOBRADICA EM LATAO, 3"" X 2 1/2"", E= 1,9 A 2 MM, COM ANEL, CROMADO, TAMPA BOLA, COM PARAFUSOS"		11447	synthetic_4851	50
"DOBRADICA TIPO VAI-E-VEM EM ACO/FERRO, TAMANHO 3"", GALVANIZADO, COM PARAFUSOS"		11451	synthetic_4851	1
DOMOS / CLARABOIA INDIVIDUAL, EM ACRILICO BRANCO/LEITOSO, *95 X 95* CM, INCLUI ACESSORIOS DE FIXACAO, SEM INSTALACAO		11116	synthetic_4851	-1
DUCHA / CHUVEIRO METALICO, DE PAREDE, ARTICULAVEL, COM BRACO/CANO, SEM DESVIADOR		38189	synthetic_4851	-1
DUCHA / CHUVEIRO METALICO, DE PAREDE, ARTICULAVEL, COM DESVIADOR E DUCHA MANUAL		38190	synthetic_4851	-1
"DUCHA / CHUVEIRO PLASTICO SIMPLES, 5"", BRANCO, PARA ACOPLAR EM HASTE 1/2"", AGUA FRIA"		7608	synthetic_4851	63
"DUCHA HIGIENICA PLASTICA COM REGISTRO METALICO 1/2"""		1370	synthetic_4851	25
ELEMENTO PRE-MOLDADO PARA TRANSICAO EXCENTRICA EM CONCRETO ARMADO, DN *1200* MM, FURO CIRCULAR DN 600 MM, ESPESSURA *12* CM		11649	synthetic_4851	100
ELEMENTO PRE-MOLDADO PARA TRANSICAO EXCENTRICA EM CONCRETO ARMADO, DN *1500* MM, FURO CIRCULAR DN 600 MM, ESPESSURA 15 CM		11650	synthetic_4851	100
ELEMENTO VAZADO CERAMICO DIAGONAL (TIPO FLOR/QUADRADO/XIS) DE *7 X 18 X 25* CM (L X A X C)		34777	synthetic_4851	2
ELEMENTO VAZADO CERAMICO QUADRADO (TIPO RETO OU REDONDO) DE *7 A 9 X 20 X 20* CM (L X A X C)		7272	synthetic_4851	2
ELETRICISTA (HORISTA)		2436	synthetic_4851	0
"ELETRODUTO DE PVC RIGIDO ROSCAVEL DE 1 1/2"", SEM LUVA"		2680	synthetic_4851	66
"ELETRODUTO DE PVC RIGIDO ROSCAVEL DE 1 1/4"", SEM LUVA"		2684	synthetic_4851	66
"ELETRODUTO DE PVC RIGIDO ROSCAVEL DE 1"", SEM LUVA"		2685	synthetic_4851	66
"ELETRODUTO DE PVC RIGIDO ROSCAVEL DE 1/2"", SEM LUVA"		2673	synthetic_4851	66
"ELETRODUTO DE PVC RIGIDO ROSCAVEL DE 2 1/2"", SEM LUVA"		2682	synthetic_4851	66
"ELETRODUTO DE PVC RIGIDO ROSCAVEL DE 2"", SEM LUVA"		2681	synthetic_4851	66
"ELETRODUTO DE PVC RIGIDO ROSCAVEL DE 3"", SEM LUVA"		2686	synthetic_4851	66
"ELETRODUTO DE PVC RIGIDO ROSCAVEL DE 3/4"", SEM LUVA"		2674	synthetic_4851	66
"ELETRODUTO DE PVC RIGIDO ROSCAVEL DE 4"", SEM LUVA"		2683	synthetic_4851	66
"ELETRODUTO EM ACO GALVANIZADO ELETROLITICO, LEVE, DIAMETRO 3/4"", PAREDE DE 0,90 MM"		21128	synthetic_4851	56
"ELETRODUTO FLEXIVEL, EM FITA DE ACO GALVANIZADO, REVESTIDO COM PVC PRETO, DIAMETRO EXTERNO DE 15 MM, DN = 3/8"", TIPO SEALTUBO"		21137	synthetic_4851	4
"ELETRODUTO FLEXIVEL, EM FITA DE ACO GALVANIZADO, REVESTIDO COM PVC PRETO, DIAMETRO EXTERNO DE 25 MM, DN = 3/4"", TIPO SEALTUBO"		2504	synthetic_4851	4
"ELETRODUTO FLEXIVEL, EM FITA DE ACO GALVANIZADO, REVESTIDO COM PVC PRETO, DIAMETRO EXTERNO DE 32 MM, DN = 1"", TIPO SEALTUBO"		2501	synthetic_4851	4
"ELETRODUTO FLEXIVEL, EM FITA DE ACO GALVANIZADO, REVESTIDO COM PVC PRETO, DIAMETRO EXTERNO DE 40 MM, DN = 1 1/4"", TIPO SEALTUBO"		2502	synthetic_4851	4
"ELETRODUTO FLEXIVEL, EM FITA DE ACO GALVANIZADO, REVESTIDO COM PVC PRETO, DIAMETRO EXTERNO DE 50 MM, DN = 1 1/2"", TIPO SEALTUBO"		2503	synthetic_4851	4
"ELETRODUTO FLEXIVEL, EM FITA DE ACO GALVANIZADO, REVESTIDO COM PVC PRETO, DIAMETRO EXTERNO DE 60 MM, DN = 2"", TIPO SEALTUBO"		2500	synthetic_4851	4
"ELETRODUTO FLEXIVEL, EM FITA DE ACO GALVANIZADO, REVESTIDO COM PVC PRETO, DIAMETRO EXTERNO DE 75 MM, DN = 2 1/2"", TIPO SEALTUBO"		2505	synthetic_4851	4
"ELETRODUTO FLEXIVEL, EM FITA DE ACO GALVANIZADO, SEM REVESTIMENTO, DIAMETRO NOMINAL 1 1/2"""		12056	synthetic_4851	94
"ELETRODUTO FLEXIVEL, EM FITA DE ACO GALVANIZADO, SEM REVESTIMENTO, DIAMETRO NOMINAL 1 1/4"""		12057	synthetic_4851	94
"ELETRODUTO FLEXIVEL, EM FITA DE ACO GALVANIZADO, SEM REVESTIMENTO, DIAMETRO NOMINAL 1"""		12058	synthetic_4851	94
"ELETRODUTO FLEXIVEL, EM FITA DE ACO GALVANIZADO, SEM REVESTIMENTO, DIAMETRO NOMINAL 1/2"""		12059	synthetic_4851	94
"ELETRODUTO FLEXIVEL, EM FITA DE ACO GALVANIZADO, SEM REVESTIMENTO, DIAMETRO NOMINAL 2 1/2"""		12060	synthetic_4851	94
"ELETRODUTO FLEXIVEL, EM FITA DE ACO GALVANIZADO, SEM REVESTIMENTO, DIAMETRO NOMINAL 2"""		12061	synthetic_4851	94
"ELETRODUTO FLEXIVEL, EM FITA DE ACO GALVANIZADO, SEM REVESTIMENTO, DIAMETRO NOMINAL 3"""		12062	synthetic_4851	94
"ELETRODUTO/DUTO PEAD FLEXIVEL PAREDE SIMPLES, CORRUGACAO HELICOIDAL, COR PRETA, SEM ROSCA, DE 1 1/2"", CRC 680 N, PARA CABEAMENTO SUBTERRANEO (NBR 15715)"		39246	synthetic_4851	-1
"ELETRODUTO/DUTO PEAD FLEXIVEL PAREDE SIMPLES, CORRUGACAO HELICOIDAL, COR PRETA, SEM ROSCA, DE 1 1/4"", CRC 680 N, PARA CABEAMENTO SUBTERRANEO (NBR 15715)"		39247	synthetic_4851	-1
"ELETRODUTO/DUTO PEAD FLEXIVEL PAREDE SIMPLES, CORRUGACAO HELICOIDAL, COR PRETA, SEM ROSCA, DE 2"", CRC 680 N, PARA CABEAMENTO SUBTERRANEO (NBR 15715)"		2446	synthetic_4851	-1
"ELETRODUTO/DUTO PEAD FLEXIVEL PAREDE SIMPLES, CORRUGACAO HELICOIDAL, COR PRETA, SEM ROSCA, DE 3"", CRC 680 N, PARA CABEAMENTO SUBTERRANEO (NBR 15715)"		2442	synthetic_4851	-1
"ELETRODUTO/DUTO PEAD FLEXIVEL PAREDE SIMPLES, CORRUGACAO HELICOIDAL, COR PRETA, SEM ROSCA, DE 4"", CRC 680 N, PARA CABEAMENTO SUBTERRANEO (NBR 15715)"		39248	synthetic_4851	-1
ELETROTECNICO (HORISTA)		2438	synthetic_4851	0
EMENDA PARA CALHA PLUVIAL, PVC, DIAMETRO ENTRE 119 E 170 MM, PARA DRENAGEM PLUVIAL PREDIAL		12624	synthetic_4851	52
ENCANADOR OU BOMBEIRO HIDRAULICO (HORISTA)		2696	synthetic_4851	0
ENCARREGADO GERAL DE OBRAS (HORISTA)		4083	synthetic_4851	0
"ENGATE / RABICHO FLEXIVEL INOX 1/2"" X 30 CM"		11683	synthetic_4851	8
"ENGATE / RABICHO FLEXIVEL INOX 1/2"" X 40 CM"		11684	synthetic_4851	8
"ENGATE/RABICHO FLEXIVEL PLASTICO (PVC OU ABS) BRANCO 1/2"" X 30 CM"		6141	synthetic_4851	9
"ENGATE/RABICHO FLEXIVEL PLASTICO (PVC OU ABS) BRANCO 1/2"" X 40 CM"		11681	synthetic_4851	9
ENGENHEIRO CIVIL DE OBRA JUNIOR (HORISTA)		2706	synthetic_4851	-1
ENGENHEIRO CIVIL DE OBRA PLENO (HORISTA)		2707	synthetic_4851	0
ENGENHEIRO CIVIL DE OBRA SENIOR (HORISTA)		2708	synthetic_4851	-1
ENXADA ESTREITA, EM ACO, *25 X 23* CM, COM CABO DE MADEIRA DE *150* CM		38403	synthetic_4851	-1
ESCADA DUPLA DE ABRIR EM ALUMINIO, COM SAPATAS DE BORRACHA, *2,30* X *0,57* M (ALTURA UTIL X LARGURA MINIMA), MODELO PINTOR, 8 DEGRAUS, CAPACIDADE *100* KG		38476	synthetic_4851	22
ESCADA EXTENSIVEL EM ALUMINIO, COM SAPATAS DE BORRACHA, ALTURA FECHADA 3,60 M, ALTURA ESTENDIDA DE 6,0 A 6,30 M, LARGURA MINIMA DE 35 CM, CACIDADE *120* KG		38477	synthetic_4851	22
"ESCOVA CIRCULAR EM ACO LATONADO, 6 X 1"" (DIAMETRO X ESPESSURA), FURO DE 1 1/4"", FIO ONDULADO *0,30* MM"		44538	synthetic_4851	50
ESPACADOR/SEPARADOR /CENTRALIZADOR DE BARRA DE ACO, PLASTICO, (CHUMBADOR TIPO CARAMBOLA - CB), DIAMETRO INTERNO ATE 20 MM		39013	synthetic_4851	-1
ESPACADOR/SEPARADOR /CENTRALIZADOR DE BARRA DE ACO, PLASTICO, (CHUMBADOR TIPO CARAMBOLA - CB), DIAMETRO INTERNO ENTRE 25 A 32 MM		44919	synthetic_4851	51
ESPATULA DE PLASTICO LISA, LARGURA *10* CM		38368	synthetic_4851	44
ESPATULA EM ACO INOX COM CABO DE MADEIRA E LARGURA DE *8* CM		38367	synthetic_4851	8
"ESQUADRO DE ACO 12"" (300 MM), CABO DE ALUMINIO"		38380	synthetic_4851	22
EXAMES - HORISTA (COLETADO CAIXA - ENCARGOS COMPLEMENTARES)		37372	synthetic_4851	-1
EXAMES - MENSALISTA (COLETADO CAIXA - ENCARGOS COMPLEMENTARES)		40863	synthetic_4851	-1
EXTENSAO DE SOLDA 201 ACETILENO, E = *1,5 A 2,5* MM (N2)		38475	synthetic_4851	23
EXTENSAO DE SOLDA 201 GLP, E = *2,5 A 4,0* MM (N4)		38474	synthetic_4851	23
EXTREMIDADE PVC PBA, BF, JE, DN 100/ DE 110 MM		3073	synthetic_4851	5
EXTREMIDADE PVC PBA, BF, JE, DN 75/ DE 85 MM		3074	synthetic_4851	5
EXTREMIDADE PVC PBA, PF, JE, DN 100 / DE 110 MM		3076	synthetic_4851	5
EXTREMIDADE PVC PBA, PF, JE, DN 75 / DE 85 MM		3075	synthetic_4851	5
"EXTREMIDADE/TUBETE PARA HIDROMETRO PVC, COM ROSCA, CURTA, COM BUCHA LATAO, 3/4"" OU 1/2"""		10781	synthetic_4851	4
FECHADURA BICO DE PAPAGAIO PARA PORTA DE CORRER EXTERNA, EM ACO INOX COM ACABAMENTO CROMADO, MAQUINA COM 45 MM, INCLUINDO CHAVE TIPO CILINDRO		43612	synthetic_4851	8
FECHADURA BICO DE PAPAGAIO PARA PORTA DE CORRER INTERNA, EM ACO INOX COM ACABAMENTO CROMADO, MAQUINA COM 45 MM, INCLUINDO CHAVE TIPO BIPARTIDA		43613	synthetic_4851	8
"FERROLHO COM FECHO CHATO E PORTA CADEADO, EM ACO GALVANIZADO / ZINCADO, DE SOBREPOR, COM COMPRIMENTO DE 3"" A 4"", CHAPA COM ESPESSURA MINIMA DE 0,90 MM E LARGURA MINIMA DE 3,20 CM (FECHO SIMPLES / LEVE) (INCLUI PARAFUSOS)"		3107	synthetic_4851	82
"FERROLHO COM FECHO CHATO E PORTA CADEADO, EM ACO GALVANIZADO / ZINCADO, DE SOBREPOR, COM COMPRIMENTO DE 3"" A 4"", CHAPA COM ESPESSURA MINIMA DE 1,70 MM E LARGURA MINIMA DE 5,00 CM (FECHO REFORCADO)"		43583	synthetic_4851	82
"FERROLHO COM FECHO CHATO E PORTA CADEADO, EM ACO GALVANIZADO / ZINCADO, DE SOBREPOR, COM COMPRIMENTO DE 5"", CHAPA COM ESPESSURA MINIMA DE 0,90 MM E LARGURA MINIMA DE 3,20 CM (FECHO SIMPLES)"		43586	synthetic_4851	82
"FERROLHO COM FECHO CHATO E PORTA CADEADO, EM ACO GALVANIZADO / ZINCADO, DE SOBREPOR, COM COMPRIMENTO DE 5"", CHAPA COM ESPESSURA MINIMA DE 1,70 MM E LARGURA MINIMA DE 5,00 CM (FECHO REFORCADO)"		11461	synthetic_4851	82
"FERROLHO COM FECHO CHATO E PORTA CADEADO, EM ACO GALVANIZADO / ZINCADO, DE SOBREPOR, COM COMPRIMENTO DE 6"", CHAPA COM ESPESSURA MINIMA DE 0,90 MM E LARGURA MINIMA DE 3,80 CM (FECHO SIMPLES)"		43587	synthetic_4851	82
"FERROLHO COM FECHO CHATO E PORTA CADEADO, EM ACO GALVANIZADO / ZINCADO, DE SOBREPOR, COM COMPRIMENTO DE 6"", CHAPA COM ESPESSURA MINIMA DE 1,70 MM E LARGURA /MINIMA DE 5,00 CM (FECHO REFORCADO) (INCLUI PARAFUSOS)"		3106	synthetic_4851	82
FERTILIZANTE NPK - 10:10:10		44539	synthetic_4851	-1
FINCAPINO CURTO CALIBRE 22, CARGA MEDIA POTENCIA 5 (PARA FERRAMENTA DE ACAO DIRETA) COR VERMELHA		37394	synthetic_4851	41
FINCAPINO LONGO CALIBRE 22, CARGA FORTE POTENCIA 7 (PARA FERRAMENTA DE ACAO DIRETA), COR AMARELA		14146	synthetic_4851	-1
FITA / CINTA AUTOADESIVA ELASTOMERICA PARA VEDACAO, L= 50 MM, E = 3 MM		44397	synthetic_4851	17
FITA CREPE ROLO DE *25* MM X 50 M		12815	synthetic_4851	2
FITA ISOLANTE DE BORRACHA AUTOFUSAO, USO ATE 69 KV (ALTA TENSAO), LARGURA DE 19 MM		404	synthetic_4851	71
FITA VEDA ROSCA, EM PTFE, ROLO DE 18 MM X 10 M (L X C)		3146	synthetic_4851	2
FITA VEDA ROSCA, EM PTFE, ROLO DE 18 MM X 25 M (L X C)		3143	synthetic_4851	2
FITA VEDA ROSCA, EM PTFE, ROLO DE 18 MM X 50 M (L X C)		3148	synthetic_4851	2
FORRO DE PVC LISO, BRANCO, REGUA DE 10 CM, ESPESSURA APROXIMADA DE 8 MM (COM COLOCACAO / SEM ESTRUTURA METALICA)		11587	synthetic_4851	107
FORRO DE PVC LISO, BRANCO, REGUA DE 20 CM, ESPESSURA APROXIMADA DE 8 MM, COMPRIMENTO 6 M (SEM COLOCACAO)		36225	synthetic_4851	107
FORRO DE PVC, FRISADO, BRANCO, REGUA DE 10 CM, ESPESSURA APROXIMADA DE 8 MM E COMPRIMENTO 6 M (SEM COLOCACAO)		36230	synthetic_4851	107
FORRO DE PVC, FRISADO, BRANCO, REGUA DE 20 CM, ESPESSURA APROXIMADA DE 8 MM E COMPRIMENTO 6 M (SEM COLOCACAO)		36238	synthetic_4851	107
FOSSA SEPTICA, SEM FILTRO, EM POLIETILENO DE ALTA DENSIDADE (PEAD), PARA 15 A 30 CONTRIBUINTES, CILINDRICA, COM TAMPA, CAPACIDADE APROXIMADA DE *5500* LITROS (NBR 7229)		39363	synthetic_4851	87
FOSSA SEPTICA, SEM FILTRO, EM POLIETILENO DE ALTA DENSIDADE (PEAD), PARA 4 A 7 CONTRIBUINTES, CILINDRICA, COM TAMPA, CAPACIDADE APROXIMADA DE *1100* LITROS (NBR 7229)		39361	synthetic_4851	87
FOSSA SEPTICA, SEM FILTRO, EM POLIETILENO DE ALTA DENSIDADE (PEAD), PARA 8 A 14 CONTRIBUINTES, CILINDRICA, COM TAMPA, CAPACIDADE APROXIMADA DE *3000* LITROS (NBR 7229)		39362	synthetic_4851	87
FOSSA SEPTICA,SEM FILTRO, EM POLIETILENO DE ALTA DENSIDADE (PEAD), PARA 40 A 52 CONTRIBUINTES, CILINDRICA, COM TAMPA, CAPACIDADE APROXIMADA DE *10000* LITROS (NBR 7229)		39364	synthetic_4851	87
FUNDO SINTETICO NIVELADOR BRANCO FOSCO PARA MADEIRA		43653	synthetic_4851	-1
"GANCHO CHATO EM ACO GALVANIZADO, L = 110 MM, RECOBRIMENTO = 100MM, SECAO 1/8 X 1/2"" (3 MM X 12 MM), PARA FIXAR TELHA DE FIBROCIMENTO ONDULADA"		4315	synthetic_4851	-1
GESSEIRO (HORISTA)		12872	synthetic_4851	0
GESSO COLA, EM PO, PARA FIXACAO DE MOLDURAS, SANCAS E BLOCOS DE GESSO		44324	synthetic_4851	6
"GRAMPO DE ACO POLIDO 1"" X 9"		5076	synthetic_4851	102
"GRAMPO DE ACO POLIDO 7/8"" X 9"		5077	synthetic_4851	102
"GRAMPO METALICO TIPO OLHAL PARA HASTE DE ATERRAMENTO DE 1"", CONDUTOR DE *10* A 50 MM2"		415	synthetic_4851	-1
"GRAMPO METALICO TIPO OLHAL PARA HASTE DE ATERRAMENTO DE 1/2"", CONDUTOR DE *10* A 50 MM2"		38055	synthetic_4851	-1
"GRAMPO METALICO TIPO OLHAL PARA HASTE DE ATERRAMENTO DE 3/4"", CONDUTOR DE *10* A 50 MM2"		416	synthetic_4851	-1
"GRAMPO METALICO TIPO OLHAL PARA HASTE DE ATERRAMENTO DE 5/8"", CONDUTOR DE *10* A 50 MM2"		425	synthetic_4851	-1
"GRAMPO METALICO TIPO U PARA HASTE DE ATERRAMENTO DE ATE 3/4"", CONDUTOR DE 10 A 25 MM2"		426	synthetic_4851	-1
"GRAMPO METALICO TIPO U PARA HASTE DE ATERRAMENTO DE ATE 5/8"", CONDUTOR DE 10 A 25 MM2"		38056	synthetic_4851	-1
"GRAMPO U DE 5/8"" N8 EM ACO GALVANIZADO"		11032	synthetic_4851	-1
GRAXA LUBRIFICANTE A BASE DE LITIO, DE MULTIPLAS APLICACOES E CONTENDO ADITIVOS DE EXTREMA PRESSAO (GRAU DE VISCOSIDADE NLGI 2)		4229	synthetic_4851	103
GRELHA FIXA, EM PVC BRANCA, QUADRADA, 150 X 150 MM, PARA RALOS E CAIXAS		11731	synthetic_4851	44
GRELHA FIXA, PVC CROMADA, REDONDA, 150 MM, PARA RALOS E CAIXAS		11732	synthetic_4851	44
GRUPO GERADOR DE SOLDA ELETRICA, COM MAQUINA DE SOLDA, ATE 400 AMPERES E GERADOR A DIESEL 60 CV, MOTOR 4 CILINDROS, TANQUE COMBUST., CARENAGEM DE PROTECAO SOBRE RODAS		13333	synthetic_4851	7
GUARNICAO / ALIZAR / VISTA LISA EM MADEIRA MACICA, PARA PORTA, E = *1* CM, L = *5* CM, CEDRINHO / ANGELIM COMERCIAL / TAURI/ CURUPIXA / PEROBA / CUMARU OU EQUIVALENTE DA REGIAO		20017	synthetic_4851	24
GUARNICAO / ALIZAR / VISTA LISA EM MADEIRA MACICA, PARA PORTA, E = *1* CM, L = *5* CM, PINUS /EUCALIPTO / VIROLA OU EQUIVALENTE DA REGIAO		20007	synthetic_4851	24
GUARNICAO / MOLDURA / ARREMATE DE ACABAMENTO PARA ESQUADRIA, EM ALUMINIO PERFIL 25, ACABAMENTO ANODIZADO BRANCO OU BRILHANTE, PARA 1 FACE		36888	synthetic_4851	13
GUINDASTE HIDRAULICO AUTOPROPELIDO, COM LANCA TELESCOPICA 28,80 M, CAPACIDADE MAXIMA 30 T, POTENCIA 97 KW, TRACAO 4 X 4		44475	synthetic_4851	7
GUINDASTE HIDRAULICO AUTOPROPELIDO, COM LANCA TELESCOPICA 40 M, CAPACIDADE MAXIMA 60 T, POTENCIA 260 KW, TRACAO 6 X 6		44474	synthetic_4851	7
GUINDAUTO HIDRAULICO, CAPACIDADE MAXIMA DE CARGA 3300 KG, MOMENTO MAXIMO DE CARGA 5,8 TM, ALCANCE MAXIMO HORIZONTAL 7,60 M, PARA MONTAGEM SOBRE CHASSI DE CAMINHAO PBT MINIMO 8000 KG (INCLUI MONTAGEM, NAO INCLUI CAMINHAO)		10712	synthetic_4851	38
GUINDAUTO HIDRAULICO, CAPACIDADE MAXIMA DE CARGA 6200 KG, MOMENTO MAXIMO DE CARGA 11,7 TM, ALCANCE MAXIMO HORIZONTAL 9,70 M, PARA MONTAGEM SOBRE CHASSI DE CAMINHAO PBT MINIMO 13000 KG (INCLUI MONTAGEM, NAO INCLUI CAMINHAO)		3363	synthetic_4851	38
GUINDAUTO HIDRAULICO, CAPACIDADE MAXIMA DE CARGA 8500 KG, MOMENTO MAXIMO DE CARGA 30,4 TM, ALCANCE MAXIMO HORIZONTAL 14,30 M, PARA MONTAGEM SOBRE CHASSI DE CAMINHAO PBT MINIMO 23000 KG (INCLUI MONTAGEM, NAO INCLUI CAMINHAO)		3365	synthetic_4851	38
"HASTE DE ATERRAMENTO EM ACO COM 3,00 M DE COMPRIMENTO E DN = 3/4"", REVESTIDA COM BAIXA CAMADA DE COBRE, SEM CONECTOR"		3378	synthetic_4851	23
"HASTE DE ATERRAMENTO EM ACO COM 3,00 M DE COMPRIMENTO E DN = 5/8"", REVESTIDA COM BAIXA CAMADA DE COBRE, COM CONECTOR TIPO GRAMPO"		3380	synthetic_4851	23
"HASTE DE ATERRAMENTO EM ACO COM 3,00 M DE COMPRIMENTO E DN = 5/8"", REVESTIDA COM BAIXA CAMADA DE COBRE, SEM CONECTOR"		3379	synthetic_4851	23
HASTE RETA DE ACO GALVANIZADO, H = *30* CM, BASE RETANGULAR, PARA FIXACAO DE CONCERTINA SIMPLES DE 30 CM (NAO INCLUI OS FIXADORES)		34349	synthetic_4851	24
"HASTE RETA PARA GANCHO DE FERRO GALVANIZADO, COM ROSCA 1/4"" X 30 CM PARA FIXACAO DE TELHA METALICA, INCLUI PORCA E ARRUELAS DE VEDACAO"		11029	synthetic_4851	-1
"HASTE RETA PARA GANCHO DE FERRO GALVANIZADO, COM ROSCA 1/4"" X 40 CM PARA FIXACAO DE TELHA DE FIBROCIMENTO, INCLUI PORCA SEXTAVADA DE ZINCO"		4316	synthetic_4851	-1
"HIDROMETRO WOLTMANN, DN 2"", VAZAO MAXIMA DE 50 M3/H, PARA AGUA POTAVEL FRIA, RELOJOARIA PLANA, TURBINA HORIZONTAL, EQUIPADO COM TELEMETRIA (SEM CONEXOES)"		12776	synthetic_4851	29
"HIDROMETRO WOLTMANN, DN 3"", VAZAO MAXIMA DE 80 M3/H, PARA AGUA POTAVEL FRIA, RELOJOARIA PLANA, TURBINA HORIZONTAL, EQUIPADO COM TELEMETRIA (SEM CONEXOES)"		12777	synthetic_4851	29
IMPERMEABILIZADOR (HORISTA)		12873	synthetic_4851	0
IMPERMEABILIZANTE INCOLOR, BASE SILICONE, PARA TRATAMENTO DE FACHADAS, TELHAS, PEDRAS E OUTRAS SUPERFICIES		151	synthetic_4851	114
INSTALADOR DE TUBULACOES - TUBOS/EQUIPAMENTOS (HORISTA)		2701	synthetic_4851	-1
JANELA BASCULANTE, EM ALUMINIO PERFIL 20, 80 X 60 CM (A X L), 4 FLS (1 FIXA E 3 MOVEIS), ACABAMENTO BRANCO OU BRILHANTE, BATENTE DE 3 A 4 CM, COM VIDRO 4 MM, SEM GUARNICAO		34377	synthetic_4851	22
JANELA DE ABRIR EM MADEIRA PINUS/EUCALIPTO/TAUARI/VIROLA OU EQUIVALENTE DA REGIAO, CAIXA DO BATENTE/MARCO *10* CM, 2 FOLHAS DE ABRIR TIPO VENEZIANA E 2 FOLHAS GUILHOTINA PARA VIDRO, COM FERRAGENS (SEM VIDRO, SEM GUARNICAO/ALIZAR E SEM ACABAMENTO)		3429	synthetic_4851	-1
JANELA DE CORRER, ACO, BATENTE/REQUADRO DE 6 A 14 CM, COM DIVISAO HORIZ, PINT ANTICORROSIVA, SEM VIDRO, BANDEIRA COM BASCULA, 4 FLS, 120 X 150 CM (A X L)		11199	synthetic_4851	107
JANELA DE CORRER, EM ALUMINIO PERFIL 25, 100 X 120 CM (A X L), 2 FLS MOVEIS, SEM BANDEIRA, ACABAMENTO BRANCO OU BRILHANTE, BATENTE DE 6 A 7 CM, COM VIDRO 4 MM, SEM GUARNICAO		36896	synthetic_4851	22
JANELA DE CORRER, EM ALUMINIO PERFIL 25, 100 X 150 CM (A X L), 2 FLS MOVEIS, SEM BANDEIRA, ACABAMENTO BRANCO OU BRILHANTE, BATENTE DE 6 A 7 CM, COM VIDRO 4 MM, SEM GUARNICAO		34367	synthetic_4851	22
JANELA DE CORRER, EM ALUMINIO PERFIL 25, 100 X 150 CM (A X L), 4 FLS MOVEIS, SEM BANDEIRA, ACABAMENTO BRANCO OU BRILHANTE, BATENTE DE 6 A 7 CM, COM VIDRO 4 MM, SEM GUARNICAO/ALIZAR		36897	synthetic_4851	22
JANELA DE CORRER, EM ALUMINIO PERFIL 25, 100 X 200 CM (A X L), 4 FLS, SEM BANDEIRA, ACABAMENTO BRANCO OU BRILHANTE, BATENTE DE 6 A 7 CM, COM VIDRO 4 MM, SEM GUARNICAO/ALIZAR		34369	synthetic_4851	22
JANELA DE CORRER, EM ALUMINIO PERFIL 25, 120 X 150 CM (A X L), 4 FLS, BANDEIRA COM BASCULA, ACABAMENTO BRANCO OU BRILHANTE, BATENTE/REQUADRO DE 6 A 14 CM, COM VIDRO 4 MM, SEM GUARNICAO/ALIZAR		34364	synthetic_4851	22
JANELA FIXA, EM ALUMINIO PERFIL 20, 60 X 80 CM (A X L), BATENTE/REQUADRO DE 3 A 14 CM, COM VIDRO 4 MM, SEM GUARNICAO/ALIZAR, ACABAMENTO ALUM BRANCO OU BRILHANTE		599	synthetic_4851	22
JANELA INTEGRADA VENEZIANA EM ALUMINIO PERFIL 25, 120 X 120 CM (A X L), 2 FLS (2 VIDROS) E VENEZIANA COM ACIONAMENTO MANUAL, SEM BANDEIRA, ACABAMENTO BRILHANTE, BATENTE DE 11,50 A 12,50 CM, COM VIDRO 4 MM, INCLUSO GUARNICAO		44053	synthetic_4851	22
JANELA MAXIM-AR EM MADEIRA CEDRINHO/ ANGELIM COMERCIAL/ CURUPIXA/ CUMARU OU EQUIVALENTE DA REGIAO, CAIXA DO BATENTE/MARCO *10* CM, 1 FOLHA PARA VIDRO, COM GUARNICAO/ALIZAR, COM FERRAGENS, (SEM VIDRO E SEM ACABAMENTO)		3423	synthetic_4851	-1
JANELA MAXIM-AR, ACO GALVANIZADO PINT. ANTICORROSIVA, COM BATENTE/REQUADRO DE 6 A 14 CM, SEM VIDRO, COM GRADE, 1 FL, 60 X 80 CM (A X L)		34797	synthetic_4851	107
JANELA MAXIM-AR, EM ALUMINIO PERFIL 25, 60 X 80 CM (A X L), ACABAMENTO BRANCO OU BRILHANTE, BATENTE DE 4 A 5 CM, COM VIDRO 4 MM, SEM GUARNICAO/ALIZAR		34381	synthetic_4851	22
JANELA VENEZIANA DE CORRER, EM ALUMINIO PERFIL 25, 100 X 120 CM (A X L), 3 FLS (2 VENEZIANAS E 1 VIDRO), SEM BANDEIRA, ACABAMENTO BRANCO OU BRILHANTE, BATENTE DE 8 A 9 CM, COM VIDRO 4 MM, SEM GUARNICAO/ALIZAR		44054	synthetic_4851	22
JANELA VENEZIANA DE CORRER, EM ALUMINIO PERFIL 25, 100 X 150 CM (A X L), 6 FLS (4 VENEZIANAS E 2 VIDROS), SEM BANDEIRA, ACABAMENTO BRANCO OU BRILHANTE, BATENTE DE 8 A 9 CM, COM VIDRO 4 MM, SEM GUARNICAO / ALIZAR		44399	synthetic_4851	22
JARDINEIRO (HORISTA)		44503	synthetic_4851	0
JOELHO CPVC, SOLDAVEL, 90 GRAUS, 114 MM, PARA AGUA QUENTE		44251	synthetic_4851	11
JOELHO DE REDUCAO, PVC SOLDAVEL, 90 GRAUS, 25 MM X 20 MM, COR MARROM, PARA AGUA FRIA PREDIAL		3533	synthetic_4851	126
JOELHO DE REDUCAO, PVC SOLDAVEL, 90 GRAUS, 32 MM X 25 MM, COR MARROM, PARA AGUA FRIA PREDIAL		3538	synthetic_4851	126
"JOELHO DE REDUCAO, PVC, ROSCAVEL, 90 GRAUS, 1"" X 3/4"", COR BRANCA, PARA AGUA FRIA PREDIAL"		3498	synthetic_4851	64
"JOELHO DE REDUCAO, PVC, ROSCAVEL, 90 GRAUS, 3/4"" X 1/2"", COR BRANCA, PARA AGUA FRIA PREDIAL"		3496	synthetic_4851	64
JOELHO PPR 45 GRAUS, SOLDAVEL, F/F, DN 20 MM, PARA AGUA QUENTE PREDIAL		36348	synthetic_4851	15
JOELHO PPR 45 GRAUS, SOLDAVEL, F/F, DN 25 MM, PARA AGUA QUENTE PREDIAL		36349	synthetic_4851	15
JOELHO PPR 45 GRAUS, SOLDAVEL, F/F, DN 40 MM, PARA AQUA QUENTE E FRIA PREDIAL		38987	synthetic_4851	15
JOELHO PPR 45 GRAUS, SOLDAVEL, F/F, DN 50 MM, PARA AQUA QUENTE E FRIA PREDIAL		38988	synthetic_4851	15
JOELHO PPR 45 GRAUS, SOLDAVEL, F/F, DN 63 MM, PARA AQUA QUENTE E FRIA PREDIAL		38989	synthetic_4851	15
JOELHO PPR 45 GRAUS, SOLDAVEL, F/F, DN 75 MM, PARA AQUA QUENTE E FRIA PREDIAL		38990	synthetic_4851	15
JOELHO PPR 45 GRAUS, SOLDAVEL, F/F, DN 90 MM, PARA AQUA QUENTE E FRIA PREDIAL		38991	synthetic_4851	15
JOELHO PPR, 45 GRAUS, SOLDAVEL, F/F, DN 32 MM, PARA AGUA QUENTE PREDIAL		38433	synthetic_4851	15
JOELHO PPR, 90 GRAUS, SOLDAVEL, F/F, DN 110 MM, PARA AGUA QUENTE PREDIAL		38440	synthetic_4851	15
JOELHO PPR, 90 GRAUS, SOLDAVEL, F/F, DN 20 MM, PARA AGUA QUENTE PREDIAL		36359	synthetic_4851	15
JOELHO PPR, 90 GRAUS, SOLDAVEL, F/F, DN 25 MM, PARA AGUA QUENTE PREDIAL		36360	synthetic_4851	15
JOELHO PPR, 90 GRAUS, SOLDAVEL, F/F, DN 32 MM, PARA AGUA QUENTE PREDIAL		38434	synthetic_4851	15
JOELHO PPR, 90 GRAUS, SOLDAVEL, F/F, DN 40 MM, PARA AGUA QUENTE PREDIAL		38435	synthetic_4851	15
JOELHO PPR, 90 GRAUS, SOLDAVEL, F/F, DN 50 MM, PARA AGUA QUENTE PREDIAL		38436	synthetic_4851	15
JOELHO PPR, 90 GRAUS, SOLDAVEL, F/F, DN 63 MM, PARA AGUA QUENTE PREDIAL		38437	synthetic_4851	15
JOELHO PPR, 90 GRAUS, SOLDAVEL, F/F, DN 75 MM, PARA AGUA QUENTE PREDIAL		38438	synthetic_4851	15
JOELHO PPR, 90 GRAUS, SOLDAVEL, F/F, DN 90 MM, PARA AGUA QUENTE PREDIAL		38439	synthetic_4851	15
"JOELHO PVC, 90 GRAUS, ROSCAVEL, 1 1/4"", COR BRANCA, AGUA FRIA PREDIAL"		3510	synthetic_4851	64
"JOELHO PVC, ROSCAVEL, 45 GRAUS, 1"", COR BRANCA, PARA AGUA FRIA PREDIAL"		3485	synthetic_4851	64
"JOELHO PVC, ROSCAVEL, 45 GRAUS, 1/2"", COR BRANCA, PARA AGUA FRIA PREDIAL"		3475	synthetic_4851	64
"JOELHO PVC, ROSCAVEL, 45 GRAUS, 3/4"", COR BRANCA, PARA AGUA FRIA PREDIAL"		3534	synthetic_4851	64
"JOELHO PVC, ROSCAVEL, 90 GRAUS, 1"", COR BRANCA, PARA AGUA FRIA PREDIAL"		3482	synthetic_4851	64
"JOELHO PVC, ROSCAVEL, 90 GRAUS, 1/2"", COR BRANCA, PARA AGUA FRIA PREDIAL"		3543	synthetic_4851	64
"JOELHO PVC, ROSCAVEL, 90 GRAUS, 3/4"", COR BRANCA, PARA AGUA FRIA PREDIAL"		3505	synthetic_4851	64
"JOELHO PVC, SOLDAVEL COM ROSCA, 90 GRAUS, 20 MM X 1/2"", COR MARROM, PARA AGUA FRIA PREDIAL"		3521	synthetic_4851	-1
"JOELHO PVC, SOLDAVEL COM ROSCA, 90 GRAUS, 25 MM X 1/2"", COR MARROM, PARA AGUA FRIA PREDIAL"		3531	synthetic_4851	-1
"JOELHO PVC, SOLDAVEL COM ROSCA, 90 GRAUS, 25 MM X 3/4"", COR MARROM, PARA AGUA FRIA PREDIAL"		3522	synthetic_4851	-1
"JOELHO PVC, SOLDAVEL COM ROSCA, 90 GRAUS, 32 MM X 3/4"", COR MARROM, PARA AGUA FRIA PREDIAL"		3527	synthetic_4851	-1
JOELHO PVC, SOLDAVEL, 90 GRAUS, 110 MM, COR MARROM, PARA AGUA FRIA PREDIAL		3530	synthetic_4851	126
JOELHO PVC, SOLDAVEL, 90 GRAUS, 20 MM, COR MARROM, PARA AGUA FRIA PREDIAL		3542	synthetic_4851	126
JOELHO PVC, SOLDAVEL, 90 GRAUS, 25 MM, COR MARROM, PARA AGUA FRIA PREDIAL		3529	synthetic_4851	126
JOELHO PVC, SOLDAVEL, 90 GRAUS, 32 MM, COR MARROM, PARA AGUA FRIA PREDIAL		3536	synthetic_4851	126
JOELHO PVC, SOLDAVEL, 90 GRAUS, 40 MM, COR MARROM, PARA AGUA FRIA PREDIAL		3535	synthetic_4851	126
JOELHO PVC, SOLDAVEL, 90 GRAUS, 50 MM, COR MARROM, PARA AGUA FRIA PREDIAL		3540	synthetic_4851	126
JOELHO PVC, SOLDAVEL, 90 GRAUS, 60 MM, COR MARROM, PARA AGUA FRIA PREDIAL		3539	synthetic_4851	126
JOELHO PVC, SOLDAVEL, 90 GRAUS, 85 MM, COR MARROM, PARA AGUA FRIA PREDIAL		3513	synthetic_4851	126
JOELHO PVC, SOLDAVEL, BB, 90 GRAUS, SEM ANEL, DN 40 MM, PARA ESGOTO PREDIAL SECUNDARIO		3517	synthetic_4851	79
JOELHO, PVC SERIE R, 45 GRAUS, DN 100 MM, PARA ESGOTO PREDIAL		20151	synthetic_4851	79
JOELHO, PVC SERIE R, 45 GRAUS, DN 150 MM, PARA ESGOTO PREDIAL		20152	synthetic_4851	79
JOELHO, PVC SERIE R, 45 GRAUS, DN 40 MM, PARA ESGOTO PREDIAL		20148	synthetic_4851	79
JOELHO, PVC SERIE R, 45 GRAUS, DN 50 MM, PARA ESGOTO PREDIAL		20149	synthetic_4851	79
JOELHO, PVC SERIE R, 45 GRAUS, DN 75 MM, PARA ESGOTO PREDIAL		20150	synthetic_4851	79
JOELHO, PVC SERIE R, 90 GRAUS, DN 100 MM, PARA ESGOTO PREDIAL		20157	synthetic_4851	79
JOELHO, PVC SERIE R, 90 GRAUS, DN 150 MM, PARA ESGOTO PREDIAL		20158	synthetic_4851	79
JOELHO, PVC SERIE R, 90 GRAUS, DN 40 MM, PARA ESGOTO PREDIAL		20154	synthetic_4851	79
JOELHO, PVC SERIE R, 90 GRAUS, DN 50 MM, PARA ESGOTO PREDIAL		20155	synthetic_4851	79
JOELHO, PVC SERIE R, 90 GRAUS, DN 75 MM, PARA ESGOTO PREDIAL		20156	synthetic_4851	79
JOELHO, PVC SOLDAVEL, 45 GRAUS, 20 MM, COR MARROM, PARA AGUA FRIA PREDIAL		3499	synthetic_4851	126
JOELHO, PVC SOLDAVEL, 45 GRAUS, 25 MM, COR MARROM, PARA AGUA FRIA PREDIAL		3500	synthetic_4851	126
JOELHO, PVC SOLDAVEL, 45 GRAUS, 32 MM, COR MARROM, PARA AGUA FRIA PREDIAL		3501	synthetic_4851	126
JOELHO, PVC SOLDAVEL, 45 GRAUS, 40 MM, COR MARROM, PARA AGUA FRIA PREDIAL		3502	synthetic_4851	126
JOELHO, PVC SOLDAVEL, 45 GRAUS, 50 MM, COR MARROM, PARA AGUA FRIA PREDIAL		3503	synthetic_4851	126
JOELHO, PVC SOLDAVEL, 45 GRAUS, 60 MM, COR MARROM, PARA AGUA FRIA PREDIAL		3477	synthetic_4851	126
JOELHO, PVC SOLDAVEL, 45 GRAUS, 75 MM, COR MARROM, PARA AGUA FRIA PREDIAL		3478	synthetic_4851	126
JOELHO, PVC SOLDAVEL, 45 GRAUS, 85 MM, COR MARROM, PARA AGUA FRIA PREDIAL		3525	synthetic_4851	126
JOELHO, PVC SOLDAVEL, 90 GRAUS, 75 MM, COR MARROM, PARA AGUA FRIA PREDIAL		3511	synthetic_4851	126
JOELHO/COTOVELO 90 GRAUS, METALICO, PARA CONEXAO COM ANEL DESLIZANTE, DN 16 MM, EM TUBO PEX PARA INST. AGUA QUENTE/FRIA		38913	synthetic_4851	84
JOELHO/COTOVELO 90 GRAUS, METALICO, PARA CONEXAO COM ANEL DESLIZANTE, DN 20 MM, EM TUBO PEX PARA INST. AGUA QUENTE/FRIA		38914	synthetic_4851	84
JOELHO/COTOVELO 90 GRAUS, METALICO, PARA CONEXAO COM ANEL DESLIZANTE, DN 25 MM, EM TUBO PEX PARA INST. AGUA QUENTE/FRIA		38915	synthetic_4851	84
JOELHO/COTOVELO 90 GRAUS, METALICO, PARA CONEXAO COM ANEL DESLIZANTE, DN 32 MM, EM TUBO PEX PARA INST. AGUA QUENTE/FRIA		38916	synthetic_4851	84
JOELHO/COTOVELO 90 GRAUS, PLASTICO, PARA CONEXAO COM CRIMPAGEM, DN 16 MM, EM TUBO PEX PARA INST. AGUA QUENTE/FRIA		39300	synthetic_4851	18
JOELHO/COTOVELO 90 GRAUS, PLASTICO, PARA CONEXAO COM CRIMPAGEM, DN 20 MM, EM TUBO PEX PARA INST. AGUA QUENTE/FRIA		39301	synthetic_4851	18
JOELHO/COTOVELO 90 GRAUS, PLASTICO, PARA CONEXAO COM CRIMPAGEM, DN 25 MM, EM TUBO PEX PARA INST. AGUA QUENTE/FRIA		39302	synthetic_4851	18
"JOELHO/COTOVELO 90 GRAUS, ROSCA FEMEA MOVEL, METALICO, PARA CONEXAO COM ANEL DESLIZANTE, DN 20 MM X 3/4"", EM TUBO PEX PARA INST. AGUA QUENTE/FRIA"		38941	synthetic_4851	84
"JOELHO/COTOVELO 90 GRAUS, ROSCA FEMEA TERMINAL, METALICO, PARA CONEXAO COM ANEL DESLIZANTE, DN 16 MM X 1/2"", EM TUBO PEX PARA INST. AGUA QUENTE/FRIA"		38923	synthetic_4851	84
"JOELHO/COTOVELO 90 GRAUS, ROSCA FEMEA TERMINAL, METALICO, PARA CONEXAO COM ANEL DESLIZANTE, DN 20 MM X 1/2"", EM TUBO PEX PARA INST. AGUA QUENTE/FRIA"		38925	synthetic_4851	84
"JOELHO/COTOVELO 90 GRAUS, ROSCA FEMEA TERMINAL, METALICO, PARA CONEXAO COM ANEL DESLIZANTE, DN 20 MM X 3/4"", EM TUBO PEX PARA INST. AGUA QUENTE/FRIA"		38926	synthetic_4851	84
"JOELHO/COTOVELO 90 GRAUS, ROSCA FEMEA TERMINAL, METALICO, PARA CONEXAO COM ANEL DESLIZANTE, DN 25 MM X 3/4"", EM TUBO PEX PARA INST. AGUA QUENTE/FRIA"		38927	synthetic_4851	84
"JOELHO/COTOVELO 90 GRAUS, ROSCA FEMEA TERMINAL, PLASTICO, PARA CONEXAO COM CRIMPAGEM, DN 16 MM X 1/2"", EM TUBO PEX PARA INST. AGUA QUENTE/FRIA"		39304	synthetic_4851	18
"JOELHO/COTOVELO 90 GRAUS, ROSCA FEMEA TERMINAL, PLASTICO, PARA CONEXAO COM CRIMPAGEM, DN 20 MM X 1/2"", EM TUBO PEX PARA INST. AGUA QUENTE/FRIA"		39305	synthetic_4851	18
"JOELHO/COTOVELO 90 GRAUS, ROSCA FEMEA TERMINAL, PLASTICO, PARA CONEXAO COM CRIMPAGEM, DN 20 MM X 3/4"", EM TUBO PEX PARA INST. AGUA QUENTE/FRIA"		39306	synthetic_4851	18
"JOELHO/COTOVELO 90 GRAUS, ROSCA FEMEA TERMINAL, PLASTICO, PARA CONEXAO COM CRIMPAGEM, DN 25 MM X 1/2"", EM TUBO PEX PARA INST. AGUA QUENTE/FRIA"		38928	synthetic_4851	18
"JOELHO/COTOVELO 90 GRAUS, ROSCA FEMEA, COM BASE FIXA, METALICO, PARA CONEXAO COM ANEL DESLIZANTE, DN 16 MM X 1/2"", EM TUBO PEX PARA INST. AGUA QUENTE/FRIA"		38917	synthetic_4851	84
"JOELHO/COTOVELO 90 GRAUS, ROSCA FEMEA, COM BASE FIXA, METALICO, PARA CONEXAO COM ANEL DESLIZANTE, DN 20 MM X 1/2"", EM TUBO PEX PARA INST. AGUA QUENTE/FRIA"		38919	synthetic_4851	84
"JOELHO/COTOVELO 90 GRAUS, ROSCA FEMEA, COM BASE FIXA, METALICO, PARA CONEXAO COM ANEL DESLIZANTE, DN 25 MM X 3/4"", EM TUBO PEX PARA INST. AGUA QUENTE/FRIA"		38922	synthetic_4851	84
JUNCAO DUPLA, PVC SERIE R, DN 100 X 100 X 100 MM, PARA ESGOTO PREDIAL		20139	synthetic_4851	36
JUNCAO DUPLA, PVC SOLDAVEL, DN 100 X 100 X 100 MM, SERIE NORMAL PARA ESGOTO PREDIAL		3668	synthetic_4851	36
JUNCAO SIMPLES DE REDUCAO, PVC, DN 100 X 50 MM, SERIE NORMAL PARA ESGOTO PREDIAL		3659	synthetic_4851	36
JUNCAO SIMPLES DE REDUCAO, PVC, DN 100 X 75 MM, SERIE NORMAL PARA ESGOTO PREDIAL		3660	synthetic_4851	36
JUNCAO SIMPLES, PVC SERIE R, DN 100 X 100 MM, PARA ESGOTO PREDIAL		20144	synthetic_4851	36
JUNCAO SIMPLES, PVC SERIE R, DN 100 X 75 MM, PARA ESGOTO PREDIAL		20143	synthetic_4851	36
JUNCAO SIMPLES, PVC SERIE R, DN 150 X 100 MM, PARA ESGOTO PREDIAL		20145	synthetic_4851	36
JUNCAO SIMPLES, PVC SERIE R, DN 150 X 150 MM, PARA ESGOTO PREDIAL		20146	synthetic_4851	36
JUNCAO SIMPLES, PVC SERIE R, DN 40 X 40 MM, PARA ESGOTO PREDIAL		20140	synthetic_4851	36
JUNCAO SIMPLES, PVC SERIE R, DN 50 X 50 MM, PARA ESGOTO PREDIAL		20141	synthetic_4851	36
JUNCAO SIMPLES, PVC SERIE R, DN 75 X 75 MM, PARA ESGOTO PREDIAL		20142	synthetic_4851	36
JUNCAO SIMPLES, PVC, 45 GRAUS, DN 50 X 50 MM, SERIE NORMAL PARA ESGOTO PREDIAL		3662	synthetic_4851	36
JUNCAO SIMPLES, PVC, 45 GRAUS, DN 75 X 75 MM, SERIE NORMAL PARA ESGOTO PREDIAL		3658	synthetic_4851	36
JUNCAO, PVC, 45 GRAUS, JE, BBB, DN 150 MM, PARA TUBO CORRUGADO E/OU LISO, REDE COLETORA DE ESGOTO		42696	synthetic_4851	5
JUNTA DE EXPANSAO BRONZE/LATAO, PONTA X PONTA, 35 MM		39875	synthetic_4851	89
JUNTA DE EXPANSAO BRONZE/LATAO, PONTA X PONTA, 42 MM		39876	synthetic_4851	89
JUNTA DE EXPANSAO BRONZE/LATAO, PONTA X PONTA, 54 MM		39877	synthetic_4851	89
JUNTA DE EXPANSAO BRONZE/LATAO, PONTA X PONTA, 66 MM		39878	synthetic_4851	89
JUNTA DE EXPANSAO DE COBRE, PONTA X PONTA, 15 MM		39872	synthetic_4851	89
JUNTA DE EXPANSAO DE COBRE, PONTA X PONTA, 22 MM		39873	synthetic_4851	89
JUNTA DE EXPANSAO DE COBRE, PONTA X PONTA, 28 MM		39874	synthetic_4851	89
KIT CHASSI COZINHA, CUBA SIMPLES SEM MAQUINA LAVAR LOUCA, INSTAL. PEX, QUADRO METALICO C/ TRAVESSA C/ FURO P/ESGOTO DN 50 MM E FUROS SUPERIORES P/AGUA, *340* X *650* MM (L X H), P/ CONEXAO COM ANEL DESLIZANTE (CONJUNTO COMPLETO)		39357	synthetic_4851	8
KIT CHASSI COZINHA, CUBA SIMPLES SEM MAQUINA LAVAR LOUCA, INSTAL. PEX, QUADRO METALICO C/ TRAVESSA COM FURO P/ESGOTO DN 50 MM E FUROS SUPERIORES P/AGUA, *340* X *650* MM (L X H), P/ CONEXAO COM CRIMPAGEM (CONJUNTO COMPLETO)		39358	synthetic_4851	8
KIT CHASSI TANQUE E MAQUINA LAVAR ROUPA, INSTAL. PEX, QUADRO METALICO C/ TRAVESSA C/ FURO P/ ESGOTO DN 50 MM, FURO LATERAL P/ MAQUINA E FUROS SUPERIORES P/ AGUA, *344* X *442* MM (L X H), P/ CONEXAO COM ANEL DESLIZANTE (CONJUNTO COMPLETO)		39355	synthetic_4851	8
KIT CHASSI TANQUE E MAQUINA LAVAR ROUPA, INSTAL. PEX, QUADRO METALICO C/ TRAVESSA C/ FURO P/ ESGOTO DN 50 MM, FURO LATERAL P/MAQUINA E FUROS SUPERIORES P/AGUA, *344* X *442* MM (L X H), P/ CONEXAO COM CRIMPAGEM (CONJUNTO COMPLETO)		39356	synthetic_4851	8
"KIT CHUVEIRO, INSTAL. PEX, QUADRO METALICO C/ 2 TRAVESSAS, SUPERIOR C/ ESPERA P/ CHUVEIRO, INFERIOR C/ 2 REGISTROS DE PRESSAO 1/2"", *390* X *900* MM (L X H), CONEXAO COM ANEL DESLIZANTE (CONJUNTO COMPLETO)"		39353	synthetic_4851	8
"KIT CHUVEIRO, INSTAL. PEX, QUADRO METALICO C/2 TRAVESSAS, SUPERIOR C/ ESPERA P/ CHUVEIRO E INFERIOR C/2 REGISTROS DE PRESSAO 1/2"", *390* X *900* MM (L X H), CONEXAO COM CRIMPAGEM (CONJUNTO COMPLETO)"		39354	synthetic_4851	8
KIT PORTA PRONTA DE MADEIRA, FOLHA PESADA (NBR 15930) DE 800 X 2100 MM, DE 40 MM A 45 MM DE ESPESSURA, NUCLEO SOLIDO, ESTRUTURA USINADA PARA FECHADURA, CAPA LISA EM HDF, ACABAMENTO EM LAMINADO NATURAL COM VERNIZ (INCLUI MARCO, ALIZARES E DOBRADICAS)		39498	synthetic_4851	61
KIT PORTA PRONTA DE MADEIRA, FOLHA PESADA (NBR 15930) DE 900 X 2100 MM, DE 40 MM A 45 MM DE ESPESSURA, NUCLEO SOLIDO, ESTRUTURA USINADA PARA FECHADURA, CAPA LISA EM HDF, ACABAMENTO EM LAMINADO NATURAL COM VERNIZ (INCLUI MARCO, ALIZARES E DOBRADICAS)		39499	synthetic_4851	61
LADRILHO HIDRAULICO, *20 X 20* CM, E= 2 CM, PADRAO DADOS, COR NATURAL		3731	synthetic_4851	2
LADRILHO HIDRAULICO, *25 X 25* CM, E= 2 CM, PADRAO RAMPA, COR NATURAL		38137	synthetic_4851	2
LADRILHO HIDRAULICO, *30 X 30* CM, E= 2 CM, PADRAO MILANO, COR NATURAL		38138	synthetic_4851	2
LAJE PRE-MOLDADA CONVENCIONAL (LAJOTAS + VIGOTAS) PARA FORRO, UNIDIRECIONAL, SOBRECARGA DE 100 KG/M2, VAO ATE 4 M (SEM COLOCACAO)		3736	synthetic_4851	98
LAJE PRE-MOLDADA CONVENCIONAL (LAJOTAS + VIGOTAS) PARA FORRO, UNIDIRECIONAL, SOBRECARGA DE 100 KG/M2, VAO ATE 4,5 M (SEM COLOCACAO)		3741	synthetic_4851	98
LAJE PRE-MOLDADA CONVENCIONAL (LAJOTAS + VIGOTAS) PARA PISO, UNIDIRECIONAL, SOBRECARGA DE 350 KG/M2, VAO ATE 4,5 M (SEM COLOCACAO)		3737	synthetic_4851	98
LIMPA VIDROS COM PULVERIZADOR		44331	synthetic_4851	-1
LINHA PARA PEDREIRO LISA, 0,8 MM X 100 M		38382	synthetic_4851	-1
LIXA D'AGUA EM FOLHA, COR PRETA, GRAO 100		38383	synthetic_4851	-1
LIXA EM FOLHA PARA PAREDE OU MADEIRA, NUMERO 120, COR VERMELHA		3767	synthetic_4851	-1
LOCACAO DE ANDAIME METALICO TIPO FACHADEIRO, PECAS COM APROXIMADAMENTE 1,20 M DE LARGURA E 2,0 M DE ALTURA, INCLUINDO DIAGONAIS EM X, BARRAS DE LIGACAO, SAPATAS E DEMAIS ITENS NECESSARIOS A MONTAGEM (NAO INCLUI INSTALACAO)		20193	synthetic_4851	-1
LOCACAO DE ANDAIME METALICO TUBULAR DE ENCAIXE, TIPO DE TORRE, CADA PAINEL COM LARGURA DE 1 ATE 1,5 M E ALTURA DE *1,00* M, INCLUINDO DIAGONAL, BARRAS DE LIGACAO, SAPATAS OU RODIZIOS E DEMAIS ITENS NECESSARIOS A MONTAGEM (NAO INCLUI INSTALACAO)		10527	synthetic_4851	-1
LOCACAO DE CONTAINER 2,30 X 4,30 M, ALT. 2,50 M, P/ SANITARIO, C/ 5 BACIAS, 1 LAVATORIO E 4 MICTORIOS (NAO INCLUI MOBILIZACAO/DESMOBILIZACAO)		10779	synthetic_4851	-1
LOCACAO DE CONTAINER 2,30 X 4,30 M, ALT. 2,50 M, PARA SANITARIO, COM 3 BACIAS, 4 CHUVEIROS, 1 LAVATORIO E 1 MICTORIO (NAO INCLUI MOBILIZACAO/DESMOBILIZACAO)		10777	synthetic_4851	-1
LOCACAO DE CONTAINER 2,30 X 6,00 M, ALT. 2,50 M, COM 1 SANITARIO, PARA ESCRITORIO, COMPLETO, SEM DIVISORIAS INTERNAS (NAO INCLUI MOBILIZACAO/DESMOBILIZACAO)		10775	synthetic_4851	14
LOCACAO DE CONTAINER 2,30 X 6,00 M, ALT. 2,50 M, PARA ESCRITORIO, SEM DIVISORIAS INTERNAS E SEM SANITARIO (NAO INCLUI MOBILIZACAO/DESMOBILIZACAO)		10776	synthetic_4851	14
LOCACAO DE CONTAINER 2,30 X 6,00 M, ALT. 2,50 M, PARA SANITARIO, COM 4 BACIAS, 8 CHUVEIROS,1 LAVATORIO E 1 MICTORIO (NAO INCLUI MOBILIZACAO/DESMOBILIZACAO)		10778	synthetic_4851	-1
LOCACAO DE CRUZETA, SIMPLES, PARA ESCORA METALICA, COMPRIMENTO ENTRE 50 A 60 CM, PARA ESCORA DE 1,80 A 3,20 METROS E TUBO EXTERNO ATE 48 MM DE DIAMETRO		40339	synthetic_4851	21
LOCACAO DE TORRE METALICA COMPLETA PARA UMA CARGA DE 8 TF (80 KN) E PE DIREITO DE 6 M, INCLUINDO MODULOS, DIAGONAIS, SAPATAS E FORCADOS		40291	synthetic_4851	3
LUBRIFICANTE REDUTOR DE TORQUE E ARRASTO DE ALTO DESEMPENHO, PARA PERFURACAO HORIZONTAL DIRECIONAL, HDD		44699	synthetic_4851	103
LUMINARIA TIPO TARTARUGA A PROVA DE TEMPO, GASES, VAPOR E PO, EM ALUMINIO, COM GRADE, BASE E27, POTENCIA MAXIMA 100 W (NAO INCLUI LAMPADA)		43543	synthetic_4851	106
LUVA CPVC, SOLDAVEL, 114 MM, PARA AGUA QUENTE PREDIAL		44252	synthetic_4851	11
LUVA DE COBRE SEM ANEL DE SOLDA, BOLSA X BOLSA, 104 MM		12731	synthetic_4851	37
LUVA DE COBRE SEM ANEL DE SOLDA, BOLSA X BOLSA, 15 MM		12723	synthetic_4851	37
LUVA DE COBRE SEM ANEL DE SOLDA, BOLSA X BOLSA, 22 MM		12724	synthetic_4851	37
LUVA DE COBRE SEM ANEL DE SOLDA, BOLSA X BOLSA, 28 MM		12725	synthetic_4851	37
LUVA DE COBRE SEM ANEL DE SOLDA, BOLSA X BOLSA, 35 MM		12726	synthetic_4851	37
LUVA DE COBRE SEM ANEL DE SOLDA, BOLSA X BOLSA, 42 MM		12727	synthetic_4851	37
LUVA DE COBRE SEM ANEL DE SOLDA, BOLSA X BOLSA, 54 MM		12728	synthetic_4851	37
LUVA DE COBRE SEM ANEL DE SOLDA, BOLSA X BOLSA, 66 MM		12729	synthetic_4851	37
LUVA DE COBRE SEM ANEL DE SOLDA, BOLSA X BOLSA, 79 MM		12730	synthetic_4851	37
LUVA DE CORRER COM TRAVAS DEFOFO, PVC, JE, DN 100 MM		3840	synthetic_4851	-1
LUVA DE CORRER COM TRAVAS DEFOFO, PVC, JE, DN 150 MM		3838	synthetic_4851	-1
LUVA DE CORRER COM TRAVAS DEFOFO, PVC, JE, DN 200 MM		3844	synthetic_4851	-1
LUVA DE CORRER COM TRAVAS DEFOFO, PVC, JE, DN 250 MM		3839	synthetic_4851	-1
LUVA DE CORRER COM TRAVAS DEFOFO, PVC, JE, DN 300 MM		3843	synthetic_4851	-1
LUVA DE CORRER PARA TUBO SOLDAVEL, PVC, 40 MM, PARA AGUA FRIA PREDIAL		43838	synthetic_4851	32
LUVA DE CORRER PVC PBA, JE, DN 100 / DE 110 MM, PARA REDE DE AGUA		3826	synthetic_4851	49
LUVA DE CORRER PVC PBA, JE, DN 50 / DE 60 MM, PARA REDE DE AGUA		3825	synthetic_4851	49
LUVA DE CORRER PVC PBA, JE, DN 75 / DE 85 MM, PARA REDE DE AGUA		3827	synthetic_4851	49
LUVA DE CORRER PVC, JE, DN 250 MM, PARA REDE COLETORA DE ESGOTO		3830	synthetic_4851	49
LUVA DE CORRER, PVC SERIE R, 100 MM, PARA ESGOTO PREDIAL		20165	synthetic_4851	49
LUVA DE CORRER, PVC SERIE R, 150 MM, PARA ESGOTO PREDIAL		20166	synthetic_4851	49
LUVA DE CORRER, PVC SERIE R, 75 MM, PARA ESGOTO PREDIAL		20164	synthetic_4851	49
"LUVA DE REDUCAO EM ACO CARBONO, COM ENCAIXE PARA SOLDA DN SW, PRESSAO 3.000 LBS, 3/4"" X 1/2"""		40355	synthetic_4851	19
LUVA DE REDUCAO, SOLDAVEL, PVC, 50 X 25 MM, PARA AGUA FRIA PREDIAL		38023	synthetic_4851	45
"LUVA PARA ELETRODUTO, EM ACO GALVANIZADO ELETROLITICO, COM ROSCA, DIAMETRO DE 100 MM (4"")"		2641	synthetic_4851	16
"LUVA PARA ELETRODUTO, EM ACO GALVANIZADO ELETROLITICO, COM ROSCA, DIAMETRO DE 15 MM (1/2"")"		2636	synthetic_4851	16
"LUVA PARA ELETRODUTO, EM ACO GALVANIZADO ELETROLITICO, COM ROSCA, DIAMETRO DE 20 MM (3/4"")"		2637	synthetic_4851	16
"LUVA PARA ELETRODUTO, EM ACO GALVANIZADO ELETROLITICO, COM ROSCA, DIAMETRO DE 25 MM (1"")"		2638	synthetic_4851	16
"LUVA PARA ELETRODUTO, EM ACO GALVANIZADO ELETROLITICO, COM ROSCA, DIAMETRO DE 32 MM (1 1/4"")"		2639	synthetic_4851	16
"LUVA PARA ELETRODUTO, EM ACO GALVANIZADO ELETROLITICO, COM ROSCA, DIAMETRO DE 40 MM (1 1/2"")"		2644	synthetic_4851	16
"LUVA PARA ELETRODUTO, EM ACO GALVANIZADO ELETROLITICO, COM ROSCA, DIAMETRO DE 65 MM (2 1/2"")"		2640	synthetic_4851	16
"LUVA PARA ELETRODUTO, EM ACO GALVANIZADO ELETROLITICO, COM ROSCA, DIAMETRO DE 80 MM (3"")"		2642	synthetic_4851	16
"LUVA PARA ELETRODUTO, EM ACO GALVANIZADO ELETROLITICO, COM ROSCA,DIAMETRO DE 50 MM (2"")"		2643	synthetic_4851	16
LUVA PASSANTE DE COBRE SEM ANEL DE SOLDA, BOLSA 15 MM		39855	synthetic_4851	37
LUVA PASSANTE DE COBRE SEM ANEL DE SOLDA, BOLSA 22 MM		39856	synthetic_4851	37
LUVA PASSANTE DE COBRE SEM ANEL DE SOLDA, BOLSA 28 MM		39857	synthetic_4851	37
LUVA PASSANTE DE COBRE SEM ANEL DE SOLDA, BOLSA 35 MM		39858	synthetic_4851	37
LUVA PASSANTE DE COBRE SEM ANEL DE SOLDA, BOLSA 42 MM		39859	synthetic_4851	37
LUVA PASSANTE DE COBRE SEM ANEL DE SOLDA, BOLSA 54 MM		39860	synthetic_4851	37
LUVA PASSANTE DE COBRE SEM ANEL DE SOLDA, BOLSA 66 MM		39861	synthetic_4851	37
"LUVA PVC, ROSCAVEL, 1"", AGUA FRIA PREDIAL"		3876	synthetic_4851	45
"LUVA PVC, ROSCAVEL, 1/2"", AGUA FRIA PREDIAL"		3883	synthetic_4851	45
"LUVA PVC, ROSCAVEL, 3/4"", AGUA FRIA PREDIAL"		3884	synthetic_4851	45
LUVA SIMPLES PPR, F/F, SOLDAVEL, DN 110 MM, PARA AGUA QUENTE PREDIAL		38447	synthetic_4851	20
LUVA SIMPLES PPR, F/F, SOLDAVEL, DN 20 MM, PARA AGUA QUENTE PREDIAL		36320	synthetic_4851	20
LUVA SIMPLES PPR, F/F, SOLDAVEL, DN 25 MM, PARA AGUA QUENTE PREDIAL		36324	synthetic_4851	20
LUVA SIMPLES PPR, F/F, SOLDAVEL, DN 32 MM, PARA AGUA QUENTE PREDIAL		38441	synthetic_4851	20
LUVA SIMPLES PPR, F/F, SOLDAVEL, DN 40 MM, PARA AGUA QUENTE PREDIAL		38442	synthetic_4851	20
LUVA SIMPLES PPR, F/F, SOLDAVEL, DN 50 MM, PARA AGUA QUENTE PREDIAL		38443	synthetic_4851	20
LUVA SIMPLES PPR, F/F, SOLDAVEL, DN 63 MM, PARA AGUA QUENTE PREDIAL		38444	synthetic_4851	20
LUVA SIMPLES PPR, F/F, SOLDAVEL, DN 75 MM, PARA AGUA QUENTE PREDIAL		38445	synthetic_4851	20
LUVA SIMPLES PPR, F/F, SOLDAVEL, DN 90 MM, PARA AGUA QUENTE PREDIAL		38446	synthetic_4851	20
LUVA SIMPLES PVC PBA, JE, DN 100 / DE 110 MM, PARA REDE DE AGUA		3837	synthetic_4851	49
LUVA SIMPLES PVC PBA, JE, DN 50 / DE 60 MM, PARA REDE DE AGUA		3845	synthetic_4851	49
LUVA SIMPLES PVC PBA, JE, DN 75 / DE 85 MM, PARA REDE DE AGUA		11045	synthetic_4851	49
LUVA SIMPLES, PVC SERIE R, 100 MM, PARA ESGOTO PREDIAL		20170	synthetic_4851	49
LUVA SIMPLES, PVC SERIE R, 150 MM, PARA ESGOTO PREDIAL		20171	synthetic_4851	49
LUVA SIMPLES, PVC SERIE R, 40 MM, PARA ESGOTO PREDIAL		20167	synthetic_4851	49
LUVA SIMPLES, PVC SERIE R, 50 MM, PARA ESGOTO PREDIAL		20168	synthetic_4851	49
LUVA SIMPLES, PVC SERIE R, 75 MM, PARA ESGOTO PREDIAL		20169	synthetic_4851	49
LUVA/UNIAO DE REDUCAO METALICA, PARA CONEXAO COM ANEL DESLIZANTE, DN 20 X 16 MM, EM TUBO PEX PARA INST. AGUA QUENTE/FRIA		39292	synthetic_4851	27
LUVA/UNIAO DE REDUCAO METALICA, PARA CONEXAO COM ANEL DESLIZANTE, DN 25 X 16 MM, EM TUBO PEX PARA INST. AGUA QUENTE/FRIA		39293	synthetic_4851	27
LUVA/UNIAO DE REDUCAO METALICA, PARA CONEXAO COM ANEL DESLIZANTE, DN 25 X 20 MM, EM TUBO PEX PARA INST. AGUA QUENTE/FRIA		39294	synthetic_4851	27
LUVA/UNIAO DE REDUCAO METALICA, PARA CONEXAO COM ANEL DESLIZANTE, DN 32 X 25 MM, EM TUBO PEX PARA INST. AGUA QUENTE/FRIA		39295	synthetic_4851	27
LUVA/UNIAO DE REDUCAO, PLASTICA, PARA CONEXAO COM CRIMPAGEM, DN 20 X 16 MM, EM TUBO PEX PARA INST. AGUA QUENTE/FRIA		39312	synthetic_4851	27
LUVA/UNIAO DE REDUCAO, PLASTICA, PARA CONEXAO COM CRIMPAGEM, DN 25 X 16 MM, EM TUBO PEX PARA INST. AGUA QUENTE/FRIA		39313	synthetic_4851	27
LUVA/UNIAO DE REDUCAO, PLASTICA, PARA CONEXAO COM CRIMPAGEM, DN 32 X 25 MM, EM TUBO PEX PARA INST. AGUA QUENTE/FRIA		39314	synthetic_4851	27
LUVA/UNIAO METALICA, PARA CONEXAO COM ANEL DESLIZANTE, DN 16 MM, EM TUBO PEX PARA INST. AGUA QUENTE/FRIA		39296	synthetic_4851	27
LUVA/UNIAO METALICA, PARA CONEXAO COM ANEL DESLIZANTE, DN 20 MM, EM TUBO PEX PARA INST. AGUA QUENTE/FRIA		39297	synthetic_4851	27
LUVA/UNIAO METALICA, PARA CONEXAO COM ANEL DESLIZANTE, DN 25 MM, EM TUBO PEX PARA INST. AGUA QUENTE/FRIA		39298	synthetic_4851	27
LUVA/UNIAO METALICA, PARA CONEXAO COM ANEL DESLIZANTE, DN 32 MM, EM TUBO PEX PARA INST. AGUA QUENTE/FRIA		39299	synthetic_4851	27
LUVA/UNIAO, PLASTICA, PARA CONEXAO COM CRIMPAGEM, DN 16 MM, EM TUBO PEX PARA INST. AGUA QUENTE/FRIA		39308	synthetic_4851	27
LUVA/UNIAO, PLASTICA, PARA CONEXAO COM CRIMPAGEM, DN 20 MM, EM TUBO PEX PARA INST. AGUA QUENTE/FRIA		39309	synthetic_4851	27
LUVA/UNIAO, PLASTICA, PARA CONEXAO COM CRIMPAGEM, DN 25 MM, EM TUBO PEX PARA INST. AGUA QUENTE/FRIA		39310	synthetic_4851	27
LUVA/UNIAO, PLASTICA, PARA CONEXAO COM CRIMPAGEM, DN 32 MM, EM TUBO PEX PARA INST. AGUA QUENTE/FRIA		39311	synthetic_4851	27
MACARIQUEIRO (HORISTA)		4244	synthetic_4851	0
"MANGUEIRA CRISTAL TRANCADA, PVC COM REFORCO, PRESSAO DE TRABALHO (PT) 250 LBS/POL2, DE 1"" X *3,1* MM"		37460	synthetic_4851	4
"MANGUEIRA CRISTAL, LISA, PVC TRANSPARENTE, 3/8"" X 1,5 MM"		37457	synthetic_4851	4
"MANGUEIRA CRISTAL, LISA, PVC TRANSPARENTE, 5/16"" X 1 MM"		37456	synthetic_4851	4
"MANGUEIRA DE PVC FLEXIVEL, TIPO FLAT/ACHATADA, D = 1 1/2"" (40 MM), PARA CONDUCAO DE AGUA, SERVICOS LEVES E MEDIOS"		20185	synthetic_4851	95
MANTA / LENCOL DE BORRACHA, SBR, ANTIRRUIDO, E = 5 MM		39699	synthetic_4851	-1
MANTA LIQUIDA DE BASE ASFALTICA MODIFICADA COM A ADICAO DE ELASTOMEROS DILUIDOS EM SOLVENTE ORGANICO, APLICACAO A FRIO (MEMBRANA DE EMULSAO ASFALTICA PARA IMPERMEABILIZACAO FLEXIVEL)		626	synthetic_4851	42
MANTA TERMOPLASTICA, PEAD, GEOMEMBRANA LISA, E = 0,50 MM (NBR 15352)		44504	synthetic_4851	125
MANTA TERMOPLASTICA, PEAD, GEOMEMBRANA LISA, E = 0,75 MM (NBR 15352)		44505	synthetic_4851	125
MANTA TERMOPLASTICA, PEAD, GEOMEMBRANA LISA, E = 0,80 MM (NBR 15352)		44506	synthetic_4851	125
MANTA TERMOPLASTICA, PEAD, GEOMEMBRANA LISA, E = 1,00 MM (NBR 15352)		44507	synthetic_4851	125
MANTA TERMOPLASTICA, PEAD, GEOMEMBRANA LISA, E = 1,50 MM (NBR 15352)		44508	synthetic_4851	125
MANTA TERMOPLASTICA, PEAD, GEOMEMBRANA LISA, E = 2,00 MM (NBR 15352)		44509	synthetic_4851	125
MANTA TERMOPLASTICA, PEAD, GEOMEMBRANA LISA, E = 2,50 MM (NBR 15352)		44510	synthetic_4851	125
MANTA TERMOPLASTICA, PEAD, GEOMEMBRANA TEXTURIZADA EM AMBAS AS FACES, E = 0,50 MM (NBR 15352)		44512	synthetic_4851	83
MANTA TERMOPLASTICA, PEAD, GEOMEMBRANA TEXTURIZADA EM AMBAS AS FACES, E = 0,75 MM (NBR 15352)		44513	synthetic_4851	83
MANTA TERMOPLASTICA, PEAD, GEOMEMBRANA TEXTURIZADA EM AMBAS AS FACES, E = 0,80 MM (NBR 15352)		44514	synthetic_4851	83
MANTA TERMOPLASTICA, PEAD, GEOMEMBRANA TEXTURIZADA EM AMBAS AS FACES, E = 1,00 MM (NBR 15352)		44515	synthetic_4851	83
MANTA TERMOPLASTICA, PEAD, GEOMEMBRANA TEXTURIZADA EM AMBAS AS FACES, E = 1,50 MM (NBR 15352)		44511	synthetic_4851	83
MANTA TERMOPLASTICA, PEAD, GEOMEMBRANA TEXTURIZADA EM AMBAS AS FACES, E = 2,00 MM (NBR 15352)		44516	synthetic_4851	83
MANTA TERMOPLASTICA, PEAD, GEOMEMBRANA TEXTURIZADA EM AMBAS AS FACES, E = 2,50 MM (NBR 15352)		44517	synthetic_4851	83
MAQUINA EXTRUSORA DE CONCRETO PARA GUIAS E SARJETAS, COM MOTOR A DIESEL E POTENCIA DE 14 CV		13836	synthetic_4851	7
"MAQUINA TIPO VASO/TANQUE/JATO DE PRESSAO PORTATIL P/ JATEAMENTO, CONTROLE AUTOMATICO E REMOTO, CAMARA DE 1 SAIDA, 280 L, DIAM. *670* MM, BICO JATO CURTO VENTURI 5/16"", MANGUEIRA 1"" DE 10 M, COMPLETA (VALVULAS POP UP E DOSADORA, FUNDO CONICO ETC)"		39813	synthetic_4851	-1
MARCENEIRO (HORISTA)		12868	synthetic_4851	0
MARMORISTA / GRANITEIRO (HORISTA)		4755	synthetic_4851	0
MARTELO DEMOLIDOR ELETRICO, COM POTENCIA DE 2.000 W, FREQUENCIA DE 1.000 IMPACTOS POR MINUTO, FORCA DE IMPACTO ENTRE 60 E 65 J, PESO DE 30 KG		40703	synthetic_4851	10
MASSA ACRILICA PARA SUPERFICIES INTERNAS E EXTERNAS		43651	synthetic_4851	-1
MASSA CORRIDA PARA SUPERFICIES DE AMBIENTES INTERNOS		43626	synthetic_4851	12
MASSA EPOXI BICOMPONENTE (MASSA + CATALISADOR)		4049	synthetic_4851	-1
MASSA PARA MADEIRA - INTERIOR E EXTERIOR		43652	synthetic_4851	-1
MASSA PREMIUM PARA TEXTURA LISA DE BASE ACRILICA, USO INTERNO E EXTERNO		38877	synthetic_4851	-1
MASSA PREMIUM PARA TEXTURA RUSTICA DE BASE ACRILICA, COR BRANCA, USO INTERNO E EXTERNO		34546	synthetic_4851	-1
"MASTRO SIMPLES GALVANIZADO DIAMETRO NOMINAL 1 1/2"""		41387	synthetic_4851	94
"MASTRO SIMPLES GALVANIZADO DIAMETRO NOMINAL 2"""		41388	synthetic_4851	94
"MASTRO TELESCOPICO DE 4 METROS (3 M X DN= 2"" + 1 M X DN= 1 1/2"")"		41380	synthetic_4851	-1
"MASTRO TELESCOPICO GALVANIZADO 5 METROS (3 M X DN= 2"" + 2 M X DN= 1 1/2"")"		41381	synthetic_4851	-1
"MASTRO TELESCOPICO GALVANIZADO 6 METROS (3 M X DN= 2"" + 3 M X DN= 1 1/2"")"		41382	synthetic_4851	-1
"MASTRO TELESCOPICO GALVANIZADO 7 METROS (6 M X DN= 2"" + 1 M X DN= 1 1/2"")"		41383	synthetic_4851	-1
"MASTRO TELESCOPICO GALVANIZADO 9 METROS (6 M X DN= 2"" + 3 M X DN= 1 1/2"")"		41385	synthetic_4851	-1
MECANICO DE EQUIPAMENTOS PESADOS (HORISTA)		4058	synthetic_4851	-1
MECANICO DE REFRIGERACAO (HORISTA)		34794	synthetic_4851	0
MEIO BLOCO ESTRUTURAL CERAMICO DE 14 X 19 X 14 CM (L X A X C) E 6,0 MPA		34788	synthetic_4851	2
MEIO BLOCO ESTRUTURAL CERAMICO DE 14 X 19 X 19 CM (L X A X C) E 6,0 MPA		34781	synthetic_4851	2
MESTRE DE OBRAS (HORISTA)		4069	synthetic_4851	0
MICROESFERAS DE VIDRO PARA SINALIZACAO HORIZONTAL VIARIA, TIPO I-B (PREMIX) - NBR 16184		44478	synthetic_4851	-1
MICROESFERAS DE VIDRO PARA SINALIZACAO HORIZONTAL VIARIA, TIPO II-A (DROP-ON) - NBR 16184		44477	synthetic_4851	-1
MICTORIO INDIVIDUAL, SIFONADO, DE LOUCA BRANCA, SEM COMPLEMENTOS		10432	synthetic_4851	-1
MINICAPTOR, EM ACO GALVANIZADO A FOGO, FIXACAO COM ROSCA SOBERBA OU MECANICA, H=300 MM X DN=10 MM		41419	synthetic_4851	100
MINICAPTOR, EM ACO GALVANIZADO A FOGO, FIXACAO COM ROSCA SOBERBA OU MECANICA, H=600 MM X DN=10 MM		41420	synthetic_4851	100
MINICAPTOR, EM ACO GALVANIZADO A FOGO, FIXACAO HORIZONTAL COM BANDEIRA A 20 CM, H=300 MM E X DN=10 MM		41421	synthetic_4851	100
MINICAPTOR, EM ACO GALVANIZADO A FOGO, FIXACAO HORIZONTAL COM BANDEIRA A 20 CM, H=600 MM E X DN=10 MM		41422	synthetic_4851	100
MINICAPTOR, EM ACO GALVANIZADO A FOGO, FIXACAO HORIZONTAL DE 1 FUROS, SEM BANDEIRA, H=300 MM X DN=10 MM		41425	synthetic_4851	100
MINICAPTOR, EM ACO GALVANIZADO A FOGO, FIXACAO HORIZONTAL DE 2 FUROS, SEM BANDEIRA, H=600 MM X DN=10 MM		41426	synthetic_4851	100
MINICAPTORES DE INSERCAO, EM ACO GALVANIZADO A FOGO, H=300 MM X DN=10 MM		41414	synthetic_4851	100
MINICAPTORES DE INSERCAO, EM ACO GALVANIZADO A FOGO, H=600,MM X DN=10,MM		41415	synthetic_4851	100
MISTURADOR DE METAL CROMADO DE PAREDE PARA LAVATORIO		36793	synthetic_4851	25
MISTURADOR DE METAL CROMADO, DE MESA/BANCADA, COM BICA BAIXA, PARA LAVATORIO		11769	synthetic_4851	25
MISTURADOR DE PAREDE, DE METAL CROMADO, PARA COZINHA, BICA ALTA MOVEL, COM AREJADOR ARTICULADO		11771	synthetic_4851	25
"MISTURADOR METALICO, BASE PARA CHUVEIRO/BANHEIRA, 1/2"" OU 3/4"", SOLDAVEL OU ROSCAVEL (NAO INCLUI ACABAMENTOS)"		36800	synthetic_4851	25
MISTURADOR MONOCOMANDO PARA CHUVEIRO, BASE BRUTA, METALICO COM ACABAMENTO CROMADO		37587	synthetic_4851	25
MONTADOR DE ELETROELETRONICOS (HORISTA)		34761	synthetic_4851	-1
MONTADOR DE ESTRUTURAS METALICAS HORISTA		44497	synthetic_4851	-1
MONTADOR DE MAQUINAS (HORISTA)		2437	synthetic_4851	-1
MOTONIVELADORA POTENCIA BASICA LIQUIDA (PRIMEIRA MARCHA) 125 HP, PESO BRUTO 13843 KG, LARGURA DA LAMINA DE 3,7 M		4090	synthetic_4851	10
MOTORISTA DE CAMINHAO (HORISTA)		4093	synthetic_4851	-1
MOTORISTA DE CAMINHAO BETONEIRA (HORISTA)		4243	synthetic_4851	-1
MOTORISTA DE CAMINHAO-BASCULANTE (HORISTA)		20020	synthetic_4851	-1
MOTORISTA DE CAMINHAO-CARRETA (HORISTA)		4094	synthetic_4851	-1
MOTORISTA DE CARRO DE PASSEIO (HORISTA)		4095	synthetic_4851	-1
MOTORISTA OPERADOR DE CAMINHAO COM MUNCK (HORISTA)		4096	synthetic_4851	-1
MOURAO DE CONCRETO RETO, SECAO QUADRADA *10 X 10* CM, H= *2,30* M		4107	synthetic_4851	-1
MUDA DE ARBUSTO, BUXINHO, H= *50* CM		38639	synthetic_4851	-1
MUDA DE PALMEIRA ARECA, H= *1,50* M		38641	synthetic_4851	-1
NIVELADOR (HORISTA)		7595	synthetic_4851	0
OLEO DIESEL COMBUSTIVEL COMUM METROPOLITANO S-10 OU S-500		4221	synthetic_4851	7
OLEO LUBRIFICANTE MINERAL MONOVISCOSO, SAE 40, PARA MOTORES DE EQUIPAMENTOS PESADOS (CAMINHOES, TRATORES, RETROS E ETC)		4227	synthetic_4851	7
OPERADOR DE BATE-ESTACAS (HORISTA)		4252	synthetic_4851	26
OPERADOR DE BETONEIRA ESTACIONARIA / MISTURADOR (HORISTA)		37666	synthetic_4851	26
OPERADOR DE COMPRESSOR DE AR OU COMPRESSORISTA (HORISTA)		4250	synthetic_4851	26
OPERADOR DE DEMARCADORA DE FAIXAS DE TRAFEGO (HORISTA)		44501	synthetic_4851	26
OPERADOR DE ESCAVADEIRA (HORISTA)		4234	synthetic_4851	26
OPERADOR DE GUINCHO OU GUINCHEIRO (HORISTA)		4253	synthetic_4851	26
OPERADOR DE GUINDASTE (HORISTA)		4254	synthetic_4851	26
OPERADOR DE JATO ABRASIVO OU JATISTA (HORISTA)		4251	synthetic_4851	26
OPERADOR DE MAQUINAS E TRATORES DIVERSOS - TERRAPLANAGEM (HORISTA)		4230	synthetic_4851	26
OPERADOR DE MAQUINAS E TRATORES DIVERSOS - TERRAPLANAGEM (MENSALISTA)		40998	synthetic_4851	26
OPERADOR DE MARTELETE OU MARTELETEIRO (HORISTA)		4257	synthetic_4851	26
OPERADOR DE MOTO SCRAPER (HORISTA)		4240	synthetic_4851	26
OPERADOR DE MOTONIVELADORA (HORISTA)		4239	synthetic_4851	26
OPERADOR DE PA CARREGADEIRA (HORISTA)		4248	synthetic_4851	26
OPERADOR DE PAVIMENTADORA / MESA VIBROACABADORA (HORISTA)		44500	synthetic_4851	26
OPERADOR DE ROLO COMPACTADOR (HORISTA)		4238	synthetic_4851	26
OPERADOR DE USINA DE ASFALTO, DE SOLOS OU DE CONCRETO (HORISTA)		4233	synthetic_4851	26
OXIGENIO - RECARGA DE GAS PARA CILINDRO (NAO INCLUI TROCA/MANUTENCAO DO CILINDRO)		2	synthetic_4851	-1
PAINEL ESTRUTURAL PARA LAJE SECA REVESTIDO EM PLACA CIMENTICIA, DE *1,20 X 2,50* M, E = 55 MM		39639	synthetic_4851	17
PAR DE TABELAS DE BASQUETE EM COMPENSADO NAVAL, OFICIAL, 1800 X 1200 MM, INCLUINDO ARO DE METAL E REDE EM POLIPROPILENO 100% (SEM SUPORTE DE FIXACAO)		25400	synthetic_4851	14
"PARAFUSO DE ACO ZINCADO, SEXTAVADO, COM ROSCA INTEIRA, DIAMETRO 5/16"", COMPRIMENTO 3/4"", COM PORCA E ARRUELA LISA LEVE"		13246	synthetic_4851	1
"PARAFUSO DE ACO ZINCADO, SEXTAVADO, COM ROSCA SOBERBA, DIAMETRO 3/8"", COMPRIMENTO 80 MM"		13294	synthetic_4851	1
"PARAFUSO DE ACO ZINCADO, TIPO CHUMBADOR PARABOLT, DIAMETRO 1/2"", COMPRIMENTO 75 MM"		11963	synthetic_4851	1
"PARAFUSO DE ACO ZINCADO, TIPO CHUMBADOR PARABOLT, DIAMETRO 3/8"", COMPRIMENTO 75 MM"		11964	synthetic_4851	1
"PARAFUSO FRANCES ZINCADO, DIAMETRO 1/2"", COMPRIMENTO 2"", COM PORCA E ARRUELA"		11953	synthetic_4851	1
"PARAFUSO ROSCA SOBERBA ZINCADO CABECA CHATA FENDA SIMPLES 3,2 X 20 MM (3/4"")"		11054	synthetic_4851	1
"PARAFUSO ROSCA SOBERBA ZINCADO CABECA CHATA FENDA SIMPLES 3,5 X 25 MM (1"")"		11055	synthetic_4851	1
"PARAFUSO ROSCA SOBERBA ZINCADO CABECA CHATA FENDA SIMPLES 3,8 X 30 MM (1.1/4"")"		11056	synthetic_4851	1
"PARAFUSO ROSCA SOBERBA ZINCADO CABECA CHATA FENDA SIMPLES 4,8 X 40 MM (1.1/2"")"		11057	synthetic_4851	1
"PARAFUSO ROSCA SOBERBA ZINCADO CABECA CHATA FENDA SIMPLES 5,5 X 50 MM (2"")"		11059	synthetic_4851	1
"PARAFUSO ROSCA SOBERBA ZINCADO CABECA CHATA FENDA SIMPLES 5,5 X 65 MM (2.1/2"")"		11058	synthetic_4851	1
"PARAFUSO ZINCADO 5/16"" X 250 MM PARA FIXACAO DE TELHA DE FIBROCIMENTO CANALETE 49, INCLUI BUCHA NYLON S-10"		4320	synthetic_4851	1
"PARAFUSO ZINCADO 5/16"" X 85 MM PARA FIXACAO DE TELHA DE FIBROCIMENTO CANALETE 90, INCLUI BUCHA NYLON S-10"		4318	synthetic_4851	1
"PARAFUSO ZINCADO ROSCA SOBERBA 5/16"" X 120 MM PARA TELHA FIBROCIMENTO"		4380	synthetic_4851	1
"PARAFUSO ZINCADO ROSCA SOBERBA, CABECA SEXTAVADA, 5/16"" X 110 MM, PARA FIXACAO DE TELHA EM MADEIRA"		4299	synthetic_4851	1
"PARAFUSO ZINCADO ROSCA SOBERBA, CABECA SEXTAVADA, 5/16"" X 150 MM, PARA FIXACAO DE TELHA EM MADEIRA"		4304	synthetic_4851	1
"PARAFUSO ZINCADO ROSCA SOBERBA, CABECA SEXTAVADA, 5/16"" X 180 MM, PARA FIXACAO DE TELHA EM MADEIRA"		4305	synthetic_4851	1
"PARAFUSO ZINCADO ROSCA SOBERBA, CABECA SEXTAVADA, 5/16"" X 200 MM, PARA FIXACAO DE TELHA EM MADEIRA"		4306	synthetic_4851	1
"PARAFUSO ZINCADO ROSCA SOBERBA, CABECA SEXTAVADA, 5/16"" X 230 MM, PARA FIXACAO DE TELHA EM MADEIRA"		4308	synthetic_4851	1
"PARAFUSO ZINCADO ROSCA SOBERBA, CABECA SEXTAVADA, 5/16"" X 250 MM, PARA FIXACAO DE TELHA EM MADEIRA"		4302	synthetic_4851	1
"PARAFUSO ZINCADO ROSCA SOBERBA, CABECA SEXTAVADA, 5/16"" X 50 MM, PARA FIXACAO DE TELHA EM MADEIRA"		4300	synthetic_4851	1
"PARAFUSO ZINCADO ROSCA SOBERBA, CABECA SEXTAVADA, 5/16"" X 85 MM, PARA FIXACAO DE TELHA EM MADEIRA"		4301	synthetic_4851	1
"PARAFUSO, ASTM A307 - GRAU A, SEXTAVADO, ZINCADO, DIAMETRO 3/8"" (9,52 MM), COMPRIMENTO 1"" (25,4 MM)"		40839	synthetic_4851	1
"PARAFUSO, AUTOATARRAXANTE, CABECA CHATA, FENDA SIMPLES, EM ACO ZINCADO, 1/4"" (6,35 MM) X 25 MM"		40552	synthetic_4851	1
PASTA LUBRIFICANTE PARA TUBOS E CONEXOES COM JUNTA ELASTICA, EMBALAGEM DE *400* GR (USO EM PVC, ACO, POLIETILENO E OUTROS)		20078	synthetic_4851	32
PASTA VEDA JUNTAS/ROSCA, EMBALAGEM DE *500* G, PARA INSTALACOES DE AGUA, GAS E OUTROS		118	synthetic_4851	-1
PASTILHEIRO (HORISTA)		4751	synthetic_4851	0
PATCH CORD (CABO DE REDE), CATEGORIA 5 E (CAT 5E) UTP, 24 AWG, 4 PARES, EXTENSAO DE 1,50 M		39604	synthetic_4851	85
PATCH CORD (CABO DE REDE), CATEGORIA 5 E (CAT 5E) UTP, 24 AWG, 4 PARES, EXTENSAO DE 2,50 M		39605	synthetic_4851	85
PATCH CORD (CABO DE REDE), CATEGORIA 6 (CAT 6) UTP, 23 AWG, 4 PARES, EXTENSAO DE 1,50 M		39606	synthetic_4851	85
PATCH CORD (CABO DE REDE), CATEGORIA 6 (CAT 6) UTP, 23 AWG, 4 PARES, EXTENSAO DE 2,50 M		39607	synthetic_4851	85
"PATCH PANEL, 24 PORTAS, CATEGORIA 5E, COM RACKS DE 19"" DE LARGURA E 1 U DE ALTURA"		39594	synthetic_4851	30
"PATCH PANEL, 24 PORTAS, CATEGORIA 6, COM RACKS DE 19"" DE LARGURA E 1 U DE ALTURA"		39596	synthetic_4851	30
"PATCH PANEL, 48 PORTAS, CATEGORIA 5E, COM RACKS DE 19"" DE LARGURA E 2 U DE ALTURA"		39595	synthetic_4851	30
"PATCH PANEL, 48 PORTAS, CATEGORIA 6, COM RACKS DE 19"" DE LARGURA E 2 U DE ALTURA"		39597	synthetic_4851	30
PEDREIRO (HORISTA)		4750	synthetic_4851	0
"PERFIL ""I"" OU ""W"" EM ACO LAMINADO, QUAISQUER DIMENSOES"		43082	synthetic_4851	50
"PERFIL ""U"" ENRIJECIDO, EM CHAPA DOBRADA DE ACO LAMINADO, E = 3,75 MM, H = 200 MM, L = 75 MM (9,94 KG/M)"		43083	synthetic_4851	-1
"PERFIL ""U"" SIMPLES, EM CHAPA DOBRADA DE ACO LAMINADO, E = 2,65 MM, H = 75 MM, L = 40 MM (3,04 KG/M)"		40535	synthetic_4851	-1
"PERFIL ""U"" SIMPLES, EM CHAPA DOBRADA DE ACO LAMINADO, E = 3 MM, H = 125 MM, L = 50 MM (5,07 KG/M)"		40598	synthetic_4851	-1
"PERFIL ""U"" SIMPLES, EM CHAPA DOBRADA DE ACO LAMINADO, E = 3 MM, H = 200 MM, L = 50 MM (6,83 KG/M)"		43692	synthetic_4851	-1
"PERFIL ""U"" SIMPLES, EM CHAPA DOBRADA DE ACO LAMINADO, E = 4,75 MM, H = 100 MM, L = 75 MM (8,74 KG/M)"		43665	synthetic_4851	-1
"PERFIL ""U"" SIMPLES, EM CHAPA DOBRADA DE ACO LAMINADO, E = 8 MM, H = 150 MM, L = 75 MM (16,97 KG/M)"		10966	synthetic_4851	-1
PERFIL EM ALUMINIO, FORMATO U, ABAS IGUAIS, LARGURA DE 12,70 MM (1/2 POL), ESPESSURA 1,58 MM (1/16 POL) E PESO LINEAR DE APROXIMADAMENTE 0,149 KG/M		11552	synthetic_4851	-1
"PERFIL EM ALUMINIO, FORMATO U, ABAS IGUAIS, LARGURA DE 25,4 MM (1""), ESPESSURA DE 2,38 MM (3/32"") E PESO LINEAR DE APROXIMADAMENTE 0,460 KG/M"		585	synthetic_4851	-1
PERFIL LONGARINA (PRINCIPAL), T CLICADO, EM ACO, BRANCO NAS FACES APARENTES, PARA FORRO REMOVIVEL, 24 X 32 X 3750 MM (L X H X C		39571	synthetic_4851	47
PERFIL TRAVESSA (SECUNDARIO), T CLICADO, EM ACO GALVANIZADO, BRANCO, PARA FORRO REMOVIVEL, 24 X 1250 MM (L X C)		39570	synthetic_4851	47
PERFURATRIZ ROTATIVA SOBRE ESTEIRA, TORQUE MAXIMO 2500 KGM, POTENCIA 110 HP, MOTOR DIESEL		41982	synthetic_4851	7
PILAR QUADRADO NAO APARELHADO *10 X 10* CM, EM MACARANDUBA/MASSARANDUBA, ANGELIM OU EQUIVALENTE DA REGIAO - BRUTA		35274	synthetic_4851	3
PILAR QUADRADO NAO APARELHADO *15 X 15* CM, EM MACARANDUBA/MASSARANDUBA, ANGELIM OU EQUIVALENTE DA REGIAO - BRUTA		35275	synthetic_4851	3
PILAR QUADRADO NAO APARELHADO *20 X 20* CM, EM MACARANDUBA/MASSARANDUBA, ANGELIM OU EQUIVALENTE DA REGIAO - BRUTA		35276	synthetic_4851	3
"PINO DE ACO COM ROSCA 1/4"", COMPRIMENTO DA HASTE = 30 MM E ROSCA = 20 MM (ACAO DIRETA)"		14147	synthetic_4851	-1
"PINO DE ACO LISO 1/4"", HASTE = *36,5* MM (ACAO DIRETA)"		37396	synthetic_4851	-1
"PINO DE ACO LISO 1/4"", HASTE = *53* MM (ACAO DIRETA)"		37397	synthetic_4851	-1
PINTOR (HORISTA)		4783	synthetic_4851	-1
PINTOR DE LETREIROS (HORISTA)		12874	synthetic_4851	-1
PINTOR PARA TINTA EPOXI (HORISTA)		4785	synthetic_4851	-1
PISO EM CERAMICA ESMALTADA, COR LISA, PEI MAIOR OU IGUAL A 4, FORMATO MAIOR QUE 2025 CM2		1292	synthetic_4851	-1
PISO EM CERAMICA ESMALTADA, COR LISA, PEI MAIOR OU IGUAL A 4, FORMATO MENOR OU IGUAL A 2025 CM2		1287	synthetic_4851	-1
PISO EM GRANITO, POLIDO, TIPO MARFIM, DALLAS, CARAVELAS OU OUTROS EQUIVALENTES DA REGIAO, FORMATO MENOR OU IGUAL A 3025 CM2, E= *2*CM		44540	synthetic_4851	24
PISO TATIL / PODOTATIL, LADRILHO HIDRAULICO / CONCRETO, *25 X 25* CM, E= *2,5* CM, PADRAO TATIL ALERTA OU DIRECIONAL, COR AMARELA		38135	synthetic_4851	-1
PISO TATIL / PODOTATIL, LADRILHO HIDRAULICO/CONCRETO, *40 X 40* CM, E= 2,5* CM, PADRAO TATIL ALERTA OU DIRECIONAL, COR NATURAL		36178	synthetic_4851	2
PISO URETANO, VERSAO REVESTIMENTO AUTONIVELANTE, ESPESSURA VARIAVEL DE 3 A 4 MM (INCLUSO EXECUCAO)		40654	synthetic_4851	-1
PISO/ REVESTIMENTO EM GRANITO, POLIDO, TIPO ANDORINHA/ QUARTZ/ CASTELO/ CORUMBA OU OUTROS EQUIVALENTES DA REGIAO, FORMATO MAIOR OU IGUAL A 3025 CM2, E = *2*CM		44541	synthetic_4851	24
PLACA / CHAPA DE GESSO ACARTONADO, RESISTENTE A UMIDADE (RU), COR VERDE, E = 15 MM, 1200 X 2400 MM (L X C)		43742	synthetic_4851	-1
PLACA / CHAPA DE GESSO ACARTONADO, RESISTENTE AO FOGO (RF), COR ROSA, E = 15 MM, 1200 X 2400 MM (L X C)		43740	synthetic_4851	-1
PLACA / CHAPA DE GESSO ACARTONADO, STANDARD (ST), COR BRANCA, E = 15 MM, 1200 X 2400 MM (L X C)		43741	synthetic_4851	-1
PLACA CIMENTICIA LISA E = 10 MM, DE 1,20 X *2,50* M (SEM AMIANTO)		11062	synthetic_4851	-1
PLACA CIMENTICIA LISA E = 6 MM, DE 1,20 X *2,50* M (SEM AMIANTO)		11063	synthetic_4851	-1
PLACA DE OBRA (PARA CONSTRUCAO CIVIL) EM CHAPA GALVANIZADA *N. 22*, ADESIVADA, DE *2,4 X 1,2* M (SEM POSTES PARA FIXACAO)		4813	synthetic_4851	-1
PLACA ORIENTATIVA SOBRE EXERCICIOS, 2,00 M X 1,00 M (CHAPA GALVANIZADA #20), ESTRUTURA EM TUBOS REDONDOS DE ACO CARBONO, PINTURA NO PROCESSO ELETROSTATICO, ADESIVO FRENTE E VERSO - PARA ACADEMIA AO AR LIVRE / ACADEMIA DA TERCEIRA IDADE - ATI		42438	synthetic_4851	-1
PLACA/PISO DE CONCRETO POROSO/ PAVIMENTO PERMEAVEL/BLOCO DRENANTE DE CONCRETO, *40 X 40* CM, E = 6 CM, COR NATURAL		40671	synthetic_4851	62
PLUG PVC, JE, DN 100 MM, PARA REDE COLETORA ESGOTO		4907	synthetic_4851	5
PLUG PVC, JE, DN 150 MM, PARA REDE COLETORA ESGOTO		4902	synthetic_4851	5
POCEIRO / ESCAVADOR DE VALAS E TUBULOES (HORISTA)		4752	synthetic_4851	-1
PONTALETE ROLICO SEM TRATAMENTO, D = 8 A 11 CM, H = 3 M, EM EUCALIPTO OU EQUIVALENTE DA REGIAO - BRUTA (PARA ESCORAMENTO)		2745	synthetic_4851	17
PONTALETE ROLICO SEM TRATAMENTO, D = 8 A 11 CM, H = 6 M, EM EUCALIPTO OU EQUIVALENTE DA REGIAO - BRUTA (PARA ESCORAMENTO)		14439	synthetic_4851	17
PONTEIRO PARA MARTELO ROMPEDOR, DIAMETRO = *28* MM, COMPRIMENTO = *520* MM, ENCAIXE SEXTAVADO		44496	synthetic_4851	-1
"PORCA UNIAO/JUNCAO ZINCADA SEXTAVADA 1/4"", CHAVE 7/16"", COMPRIMENTO = 25 MM"		14148	synthetic_4851	47
PORTA CORTA-FOGO SIMPLES PARA SAIDA DE EMERGENCIA, 1 FOLHA DE ABRIR, 5 CM, ACABAMENTO NATURAL / SEM PINTURA, COM FECHADURA TIPO TRINCO, DOBRADICAS E BATENTE, VAO LUZ DE 90 X 210 CM, CLASSE P-90 (NBR 11742)		11154	synthetic_4851	14
"PORTA DE ABRIR / GIRO, EM GRADIL FERRO, COM BARRA CHATA 3 CM X 1/4"", COM REQUADRO E GUARNICAO - COMPLETO - ACABAMENTO NATURAL"		4930	synthetic_4851	6
PORTA DE ABRIR / GIRO, EM MADEIRA MACICA (ANGELIM OU EQUIVALENTE REGIONAL), QUALQUER DESENHO (VERTICAL/DIAGONAL/HORIZ.), E = *3,5* CM, DIMENSOES 2,10 X 0,70 (SOMENTE FOLHA DE PORTA, ACABAMENTO NATURAL)		4998	synthetic_4851	24
PORTA DE ABRIR EM ACO, COM DIVISAO HORIZONTAL PARA VIDROS, 90 X 210 CM, COM FUNDO ANTICORROSIVO/PRIMER DE PROTECAO, INCLUI FECHADURA, MACANETA E PARAFUSO, SEM GUARNICAO/ALIZAR/VISTA, VIDROS NAO INCLUSOS		39021	synthetic_4851	-1
PORTA DE ABRIR EM ACO, TIPO VENEZIANA, 90 X 210 CM, COM FUNDO ANTICORROSIVO / PRIMER DE PROTECAO, INCLUI FECHADURA, MACANETA E PARAFUSOS, SEM GUARNICAO/ALIZAR/VISTA		39022	synthetic_4851	-1
PORTA DE ABRIR EM ALUMINIO COM DIVISAO HORIZONTAL PARA VIDROS, ACABAMENTO ANODIZADO NATURAL, VIDROS INCLUSOS, SEM GUARNICAO/ALIZAR/VISTA, 87 CM X 210 CM		39024	synthetic_4851	13
PORTA DE ABRIR, TIPO VENEZIANA, EM ALUMINIO, ACABAMENTO ANODIZADO NATURAL, 90 CM X 210 CM (LARGURA X ALTURA), SEM GUARNICAO/ALIZAR/VISTA		39025	synthetic_4851	13
"PORTA DE ENROLAR MANUAL COMPLETA, PERFIL MEIA CANA CEGA, EM ACO GALVANIZADO COM PINTURA ELETROSTATICA, CHAPA NUMERO 24"" (SEM INSTALACAO)"		37518	synthetic_4851	-1
"PORTA GRADE DE ENROLAR MANUAL COMPLETA, PERFIL TUBULAR TIJOLINHO 3/4"", EM ACO GALVANIZADO NATURAL (SEM INSTALACAO)"		4944	synthetic_4851	-1
PORTAO BASCULANTE, MANUAL, EM ACO GALVANIZADO, CHAPA 26, TIPO LAMBRIL, COM REQUADRO, ACABAMENTO NATURAL		37563	synthetic_4851	6
"PORTAO DE ABRIR / GIRO, EM GRADIL DE METALON REDONDO DE 3/4"" VERTICAL, COM REQUADRO, ACABAMENTO NATURAL - COMPLETO"		4948	synthetic_4851	6
POSTE CONICO CONTINUO EM ACO GALVANIZADO, CURVO, BRACO DUPLO, ENGASTADO, H = 9 M, DIAMETRO INFERIOR/BASE = *135* MM		14164	synthetic_4851	-1
POSTE DE CONCRETO ARMADO DE SECAO CIRCULAR, EXTENSAO DE 10,00 M, RESISTENCIA DE 150 A 200 DAN, TIPO C-14		12366	synthetic_4851	55
POSTE DE CONCRETO ARMADO DE SECAO CIRCULAR, EXTENSAO DE 11,00 M, RESISTENCIA DE 200 A 300 DAN, TIPO C-14		5045	synthetic_4851	55
POSTE DE CONCRETO ARMADO DE SECAO CIRCULAR, EXTENSAO DE 11,00 M, RESISTENCIA DE 300 A 400 DAN, TIPO C-17		5035	synthetic_4851	55
POSTE DE CONCRETO ARMADO DE SECAO CIRCULAR, EXTENSAO DE 13,00 M, RESISTENCIA DE 1000 DAN, TIPO C-23		41180	synthetic_4851	55
POSTE DE CONCRETO ARMADO DE SECAO CIRCULAR, EXTENSAO DE 13,00 M, RESISTENCIA DE 1500 DAN, TIPO C-29		41181	synthetic_4851	55
POSTE DE CONCRETO ARMADO DE SECAO CIRCULAR, EXTENSAO DE 13,00 M, RESISTENCIA DE 2000 DAN, TIPO C-29		41182	synthetic_4851	55
POSTE DE CONCRETO ARMADO DE SECAO CIRCULAR, EXTENSAO DE 13,00 M, RESISTENCIA DE 2500 DAN, TIPO C-29		41183	synthetic_4851	55
POSTE DE CONCRETO ARMADO DE SECAO CIRCULAR, EXTENSAO DE 13,00 M, RESISTENCIA DE 3000 DAN, TIPO C-29		41184	synthetic_4851	55
POSTE DE CONCRETO ARMADO DE SECAO CIRCULAR, EXTENSAO DE 14,00 M, RESISTENCIA DE 1000 DAN, TIPO C-23		41185	synthetic_4851	55
POSTE DE CONCRETO ARMADO DE SECAO CIRCULAR, EXTENSAO DE 14,00 M, RESISTENCIA DE 1500 DAN, TIPO C-29		41186	synthetic_4851	55
POSTE DE CONCRETO ARMADO DE SECAO CIRCULAR, EXTENSAO DE 14,00 M, RESISTENCIA DE 2000 DAN, TIPO C-29		41187	synthetic_4851	55
POSTE DE CONCRETO ARMADO DE SECAO CIRCULAR, EXTENSAO DE 14,00 M, RESISTENCIA DE 2500 DAN, TIPO C-29		41188	synthetic_4851	55
POSTE DE CONCRETO ARMADO DE SECAO CIRCULAR, EXTENSAO DE 14,00 M, RESISTENCIA DE 300 A 400 DAN, TIPO C-17		5036	synthetic_4851	55
POSTE DE CONCRETO ARMADO DE SECAO CIRCULAR, EXTENSAO DE 14,00 M, RESISTENCIA DE 3000 DAN, TIPO C-29		41189	synthetic_4851	55
POSTE DE CONCRETO ARMADO DE SECAO CIRCULAR, EXTENSAO DE 15,00 M, RESISTENCIA DE 1000 DAN, TIPO C-23		41190	synthetic_4851	55
POSTE DE CONCRETO ARMADO DE SECAO CIRCULAR, EXTENSAO DE 15,00 M, RESISTENCIA DE 1500 DAN, TIPO C-29		41191	synthetic_4851	55
POSTE DE CONCRETO ARMADO DE SECAO CIRCULAR, EXTENSAO DE 15,00 M, RESISTENCIA DE 2000 DAN, TIPO C-29		41192	synthetic_4851	55
POSTE DE CONCRETO ARMADO DE SECAO CIRCULAR, EXTENSAO DE 15,00 M, RESISTENCIA DE 2500 DAN, TIPO C-29		41193	synthetic_4851	55
POSTE DE CONCRETO ARMADO DE SECAO CIRCULAR, EXTENSAO DE 15,00 M, RESISTENCIA DE 3000 DAN, TIPO C-29		41194	synthetic_4851	55
POSTE DE CONCRETO ARMADO DE SECAO CIRCULAR, EXTENSAO DE 9,00 M, RESISTENCIA DE 200 A 300 DAN, TIPO C-14		5044	synthetic_4851	55
POSTE DE CONCRETO ARMADO DE SECAO CIRCULAR, EXTENSAO DE 9,00 M, RESISTENCIA DE 300 A 400 DAN, TIPO C-17		5059	synthetic_4851	55
POSTE DE CONCRETO ARMADO DE SECAO DUPLO T, EXTENSAO DE 10,00 M, RESISTENCIA DE 1000 DAN, TIPO B-1,5		41201	synthetic_4851	90
POSTE DE CONCRETO ARMADO DE SECAO DUPLO T, EXTENSAO DE 10,00 M, RESISTENCIA DE 150 DAN, TIPO D		41199	synthetic_4851	81
POSTE DE CONCRETO ARMADO DE SECAO DUPLO T, EXTENSAO DE 10,00 M, RESISTENCIA DE 300 A 400 DAN, TIPO B OU D		5057	synthetic_4851	81
POSTE DE CONCRETO ARMADO DE SECAO DUPLO T, EXTENSAO DE 10,00 M, RESISTENCIA DE 600 DAN, TIPO B		41200	synthetic_4851	81
POSTE DE CONCRETO ARMADO DE SECAO DUPLO T, EXTENSAO DE 11,00 M, RESISTENCIA DE 1000 DAN, TIPO B-1,5		41205	synthetic_4851	90
POSTE DE CONCRETO ARMADO DE SECAO DUPLO T, EXTENSAO DE 11,00 M, RESISTENCIA DE 150 DAN, TIPO D		41202	synthetic_4851	81
POSTE DE CONCRETO ARMADO DE SECAO DUPLO T, EXTENSAO DE 11,00 M, RESISTENCIA DE 1500 DAN, TIPO B-3,0		41206	synthetic_4851	90
POSTE DE CONCRETO ARMADO DE SECAO DUPLO T, EXTENSAO DE 11,00 M, RESISTENCIA DE 200 DAN, TIPO D		12372	synthetic_4851	81
POSTE DE CONCRETO ARMADO DE SECAO DUPLO T, EXTENSAO DE 11,00 M, RESISTENCIA DE 2000 DAN, TIPO B-4,5		41207	synthetic_4851	90
POSTE DE CONCRETO ARMADO DE SECAO DUPLO T, EXTENSAO DE 11,00 M, RESISTENCIA DE 300 DAN, TIPO B		41203	synthetic_4851	81
POSTE DE CONCRETO ARMADO DE SECAO DUPLO T, EXTENSAO DE 11,00 M, RESISTENCIA DE 600 DAN, TIPO B		41204	synthetic_4851	81
POSTE DE CONCRETO ARMADO DE SECAO DUPLO T, EXTENSAO DE 12,00 M, RESISTENCIA DE 1000 DAN, TIPO B-1,5		41210	synthetic_4851	90
POSTE DE CONCRETO ARMADO DE SECAO DUPLO T, EXTENSAO DE 12,00 M, RESISTENCIA DE 150 DAN, TIPO D		41208	synthetic_4851	81
POSTE DE CONCRETO ARMADO DE SECAO DUPLO T, EXTENSAO DE 12,00 M, RESISTENCIA DE 1500 DAN, TIPO B-3,0		41211	synthetic_4851	90
POSTE DE CONCRETO ARMADO DE SECAO DUPLO T, EXTENSAO DE 12,00 M, RESISTENCIA DE 300 A 400 DAN, TIPO B OU D		13339	synthetic_4851	81
POSTE DE CONCRETO ARMADO DE SECAO DUPLO T, EXTENSAO DE 12,00 M, RESISTENCIA DE 3000 DAN, TIPO B-6,0		41213	synthetic_4851	90
POSTE DE CONCRETO ARMADO DE SECAO DUPLO T, EXTENSAO DE 12,00 M, RESISTENCIA DE 600 DAN, TIPO B		41209	synthetic_4851	81
POSTE DE CONCRETO ARMADO DE SECAO DUPLO T, EXTENSAO DE 13,00 M, RESISTENCIA DE 1000 DAN, TIPO B-1,5		41216	synthetic_4851	90
POSTE DE CONCRETO ARMADO DE SECAO DUPLO T, EXTENSAO DE 13,00 M, RESISTENCIA DE 1500 DAN, TIPO B-3,0		41217	synthetic_4851	90
POSTE DE CONCRETO ARMADO DE SECAO DUPLO T, EXTENSAO DE 13,00 M, RESISTENCIA DE 2000 DAN, TIPO B-4,5		41218	synthetic_4851	90
POSTE DE CONCRETO ARMADO DE SECAO DUPLO T, EXTENSAO DE 13,00 M, RESISTENCIA DE 300 DAN, TIPO B		41214	synthetic_4851	81
POSTE DE CONCRETO ARMADO DE SECAO DUPLO T, EXTENSAO DE 13,00 M, RESISTENCIA DE 600 DAN, TIPO B		41215	synthetic_4851	81
POSTE DE CONCRETO ARMADO DE SECAO DUPLO T, EXTENSAO DE 15,00 M, RESISTENCIA DE 1500 DAN, TIPO B-3,0		41221	synthetic_4851	90
POSTE DE CONCRETO ARMADO DE SECAO DUPLO T, EXTENSAO DE 15,00 M, RESISTENCIA DE 2000 DAN, TIPO B-4,5		41222	synthetic_4851	90
POSTE DE CONCRETO ARMADO DE SECAO DUPLO T, EXTENSAO DE 8,00 M, RESISTENCIA DE 150 DAN, TIPO D		41195	synthetic_4851	81
POSTE DE CONCRETO ARMADO DE SECAO DUPLO T, EXTENSAO DE 9,00 M, RESISTENCIA DE 1000 DAN, TIPO B-1,5		41198	synthetic_4851	90
POSTE DE CONCRETO ARMADO DE SECAO DUPLO T, EXTENSAO DE 9,00 M, RESISTENCIA DE 150 DAN, TIPO D		41196	synthetic_4851	81
POSTE DE CONCRETO ARMADO DE SECAO DUPLO T, EXTENSAO DE 9,00 M, RESISTENCIA DE 300 A 400 DAN, TIPO B OU D		5033	synthetic_4851	81
POSTE DE CONCRETO ARMADO DE SECAO DUPLO T, EXTENSAO DE 9,00 M, RESISTENCIA DE 600 DAN, TIPO B		41197	synthetic_4851	81
POSTES METALICOS AUTOPORTANTES, CONICO OU TELESCOPICO, PARA SPDA, ALTURA 10 METROS LIVRES		41457	synthetic_4851	-1
POSTES METALICOS AUTOPORTANTES, CONICO OU TELESCOPICO, PARA SPDA, ALTURA 12 METROS LIVRES		41458	synthetic_4851	-1
POSTES METALICOS AUTOPORTANTES, CONICO OU TELESCOPICO, PARA SPDA, ALTURA 15 METROS LIVRES		41459	synthetic_4851	-1
POSTES METALICOS AUTOPORTANTES, CONICO OU TELESCOPICO, PARA SPDA, ALTURA 20 METROS LIVRES		41461	synthetic_4851	-1
POZOLANA DE CLASSE C		44537	synthetic_4851	26
PRANCHA APARELHADA *4 X 30* CM, EM MACARANDUBA/MASSARANDUBA, ANGELIM OU EQUIVALENTE DA REGIAO		11844	synthetic_4851	3
PRANCHA NAO APARELHADA *6 X 25* CM, EM MACARANDUBA/MASSARANDUBA, ANGELIM OU EQUIVALENTE DA REGIAO - BRUTA		4465	synthetic_4851	3
PRANCHA NAO APARELHADA *6 X 30* CM, EM MACARANDUBA/MASSARANDUBA, ANGELIM OU EQUIVALENTE DA REGIAO - BRUTA		35273	synthetic_4851	3
PRANCHA NAO APARELHADA *6 X 40* CM, EM MACARANDUBA/MASSARANDUBA, ANGELIM OU EQUIVALENTE DA REGIAO - BRUTA		4470	synthetic_4851	3
PRANCHAO APARELHADO *7,5 X 23* CM, EM MACARANDUBA/MASSARANDUBA, ANGELIM OU EQUIVALENTE DA REGIAO		20204	synthetic_4851	3
PRANCHAO APARELHADO *8 X 30* CM, EM MACARANDUBA/MASSARANDUBA, ANGELIM OU EQUIVALENTE DA REGIAO		20208	synthetic_4851	3
PRANCHAO NAO APARELHADO *7,5 X 23* CM, EM MACARANDUBA/MASSARANDUBA, ANGELIM OU EQUIVALENTE DA REGIAO - BRUTA		4437	synthetic_4851	3
PRANCHAO NAO APARELHADO *8 X 30* CM, EM MACARANDUBA/MASSARANDUBA, ANGELIM OU EQUIVALENTE DA REGIAO - BRUTA		14580	synthetic_4851	3
PRIMER DE POLIURETANO		44074	synthetic_4851	0
PRIMER EPOXI / EPOXIDICO		44072	synthetic_4851	-1
PROJETOR PNEUMATICO DE ARGAMASSA PARA CHAPISCO E REBOCO COM RECIPIENTE ACOPLADO, TIPO CANEQUINHA, COM VOLUME DE 1,50 L, SEM COMPRESSOR		39828	synthetic_4851	122
PROLONGADOR/ EXTENSOR TELESCOPICO, EM CHAPA METALICA, COM 3 METROS, PARA ROLO DE PINTURA		38392	synthetic_4851	-1
PROLONGAMENTO / PROLONGADOR PARA CAIXA SIFONADA, PVC, 100 MM X 200 MM (NBR 5688)		11735	synthetic_4851	44
PROLONGAMENTO / PROLONGADOR PARA CAIXA SIFONADA, PVC, 150 MM X 150 MM (NBR 5688)		11737	synthetic_4851	44
PROLONGAMENTO / PROLONGADOR PARA CAIXA SIFONADA, PVC, 150 MM X 200 MM (NBR 5688)		11738	synthetic_4851	44
PRUMO DE CENTRO EM ACO *400* G, COM CORDAO EM NYLON E CALCO GUIA EM ACO OU MADEIRA		38377	synthetic_4851	14
PRUMO DE PAREDE EM ACO 700 A 750 G, COM CORDAO EM NYLON E TACO		38376	synthetic_4851	14
QUADRO DE DISTRIBUICAO COM BARRAMENTO TRIFASICO, DE EMBUTIR, EM CHAPA DE ACO GALVANIZADO, PARA 18 DISJUNTORES DIN, 100 A		13395	synthetic_4851	51
RACK DE PISO PARA SERVIDOR, ABERTO, EM COLUNA, 44U X *570* MM		43837	synthetic_4851	14
RACK DE PISO PARA SERVIDOR, FECHADO, 44U, COM PORTA, 44U X *570* MM		43836	synthetic_4851	30
RALO SECO / RALO DE PASSAGEM EM PVC, QUADRADO, 100 X 100 X 53 MM, SAIDA 40 MM, COM GRELHA BRANCA		5102	synthetic_4851	44
RALO SECO CONICO, PVC, 100 X 40 MM, COM GRELHA QUADRADA BRANCA		11711	synthetic_4851	44
RALO SECO CONICO, PVC, 100 X 40 MM, COM GRELHA REDONDA BRANCA		11739	synthetic_4851	44
RALO SIFONADO CILINDRICO, PVC, 100 X 40 MM, COM GRELHA REDONDA BRANCA		11741	synthetic_4851	44
RALO SIFONADO QUADRADO, PVC, 100 X 53 MM, SAIDA 40 MM, COM GRELHA QUADRADA BRANCA		11745	synthetic_4851	44
RALO SIFONADO REDONDO CONICO, PVC, 100 X 40 MM, COM GRELHA REDONDA BRANCA		11743	synthetic_4851	44
REBITE DE REPUXO EM ALUMINIO VAZADO, DIAMETRO 3,2 X 8 MM DE COMPRIMENTO (1KG = 1025 UNIDADES)		5104	synthetic_4851	22
"REBOLO ABRASIVO RETO DE USO GERAL GRAO 36, DE 6 X 1"" (DIAMETRO X ESPESSURA)"		44530	synthetic_4851	-1
"REBOLO ABRASIVO RETO DE USO GERAL GRAO 36, DE 6 X 3/4"" (DIAMETRO X ESPESSURA)"		2710	synthetic_4851	-1
REDUCAO EXCENTRICA PVC, DN 100 X 50 MM, PARA ESGOTO PREDIAL		20043	synthetic_4851	58
REDUCAO EXCENTRICA PVC, DN 100 X 75 MM, PARA ESGOTO PREDIAL		20044	synthetic_4851	58
REDUCAO EXCENTRICA PVC, DN 75 X 50 MM, PARA ESGOTO PREDIAL		20042	synthetic_4851	58
REDUCAO EXCENTRICA PVC, SERIE R, DN 100 X 75 MM, PARA ESGOTO PREDIAL		20046	synthetic_4851	58
REDUCAO EXCENTRICA PVC, SERIE R, DN 150 X 100 MM, PARA ESGOTO PREDIAL		20047	synthetic_4851	58
REDUCAO EXCENTRICA PVC, SERIE R, DN 75 X 50 MM, PARA ESGOTO PREDIAL		20045	synthetic_4851	58
"REGISTRO GAVETA BRUTO EM LATAO FORJADO, BITOLA 1 1/2"""		6010	synthetic_4851	116
"REGISTRO GAVETA BRUTO EM LATAO FORJADO, BITOLA 1 1/4"""		6017	synthetic_4851	116
"REGISTRO GAVETA BRUTO EM LATAO FORJADO, BITOLA 1"""		6019	synthetic_4851	116
"REGISTRO GAVETA BRUTO EM LATAO FORJADO, BITOLA 1/2"""		6020	synthetic_4851	116
"REGISTRO GAVETA BRUTO EM LATAO FORJADO, BITOLA 2 1/2"""		6011	synthetic_4851	116
"REGISTRO GAVETA BRUTO EM LATAO FORJADO, BITOLA 2"""		6028	synthetic_4851	116
"REGISTRO GAVETA BRUTO EM LATAO FORJADO, BITOLA 3"""		6012	synthetic_4851	116
"REGISTRO GAVETA BRUTO EM LATAO FORJADO, BITOLA 3/4"""		6016	synthetic_4851	116
"REGISTRO GAVETA BRUTO EM LATAO FORJADO, BITOLA 4"""		6027	synthetic_4851	116
"REGISTRO GAVETA COM ACABAMENTO E CANOPLA CROMADOS, SIMPLES, BITOLA 1 1/2"""		6015	synthetic_4851	-1
"REGISTRO GAVETA COM ACABAMENTO E CANOPLA CROMADOS, SIMPLES, BITOLA 1 1/4"""		6014	synthetic_4851	-1
"REGISTRO GAVETA COM ACABAMENTO E CANOPLA CROMADOS, SIMPLES, BITOLA 1"""		6013	synthetic_4851	-1
"REGISTRO GAVETA COM ACABAMENTO E CANOPLA CROMADOS, SIMPLES, BITOLA 1/2"""		6006	synthetic_4851	-1
"REGISTRO GAVETA COM ACABAMENTO E CANOPLA CROMADOS, SIMPLES, BITOLA 3/4"""		6005	synthetic_4851	-1
"REGISTRO PRESSAO BRUTO EM LATAO FORJADO, BITOLA 1/2"""		11752	synthetic_4851	116
"REGISTRO PRESSAO BRUTO EM LATAO FORJADO, BITOLA 3/4"""		11753	synthetic_4851	116
"REGISTRO PRESSAO COM ACABAMENTO E CANOPLA CROMADA, SIMPLES, BITOLA 1/2"""		6021	synthetic_4851	-1
"REGISTRO PRESSAO COM ACABAMENTO E CANOPLA CROMADA, SIMPLES, BITOLA 3/4"""		6024	synthetic_4851	-1
RESINA ACRILICA PREMIUM BASE AGUA - COR BRANCA		7353	synthetic_4851	12
REVESTIMENTO EM CERAMICA ESMALTADA, FORMATO MAIOR A 2025 CM2		10515	synthetic_4851	-1
REVESTIMENTO PARA PAREDE, EM CERAMICA ESMALTADA, FORMATO MENOR OU IGUAL A 2025 CM2		536	synthetic_4851	-1
RIPA APARELHADA *1,5 X 5* CM, EM MACARANDUBA/MASSARANDUBA, ANGELIM OU EQUIVALENTE DA REGIAO		20205	synthetic_4851	3
RIPA NAO APARELHADA *1 X 3* CM, EM MACARANDUBA/MASSARANDUBA, ANGELIM OU EQUIVALENTE DA REGIAO - BRUTA		4412	synthetic_4851	3
RIPA NAO APARELHADA, *1,5 X 5* CM, EM MACARANDUBA/MASSARANDUBA, ANGELIM OU EQUIVALENTE DA REGIAO - BRUTA		4408	synthetic_4851	3
RODAPE DE BORRACHA LISO, H = *70* MM, E = *2* MM, PARA ARGAMASSA, PRETO		4803	synthetic_4851	17
RODO PARA CHAO 40 CM, COM BORRACHA DUPLA E CABO		38401	synthetic_4851	14
ROLO DE ESPUMA POLIESTER, 23 CM X 68 MM (COMPRIMENTO X DIAMETRO), SEM CABO		38393	synthetic_4851	2
ROLO DE LA DE CARNEIRO 25 MM X 23 CM (ALTURA DA LA X COMPRIMENTO), SEM CABO		38390	synthetic_4851	14
SAPATA DE PVC ADITIVADO NERVURADO D = 6 POLEGADAS		13109	synthetic_4851	-1
SAPATA DE PVC ADITIVADO NERVURADO D = 8 POLEGADAS		13110	synthetic_4851	-1
SARRAFO APARELHADO *2 X 10* CM, EM MACARANDUBA/MASSARANDUBA, ANGELIM OU EQUIVALENTE DA REGIAO		20206	synthetic_4851	3
SARRAFO NAO APARELHADO *2,5 X 10* CM, EM MACARANDUBA/MASSARANDUBA, ANGELIM OU EQUIVALENTE DA REGIAO - BRUTA		4460	synthetic_4851	3
SARRAFO NAO APARELHADO *2,5 X 5* CM, EM MACARANDUBA/MASSARANDUBA, ANGELIM, PEROBA-ROSA OU EQUIVALENTE DA REGIAO - BRUTA		4415	synthetic_4851	3
SARRAFO NAO APARELHADO *2,5 X 7* CM, EM MACARANDUBA/MASSARANDUBA, ANGELIM, PEROBA-ROSA OU EQUIVALENTE DA REGIAO - BRUTA		4417	synthetic_4851	3
SEGURO - HORISTA (COLETADO CAIXA - ENCARGOS COMPLEMENTARES)		37373	synthetic_4851	-1
SEGURO - MENSALISTA (COLETADO CAIXA - ENCARGOS COMPLEMENTARES)		40864	synthetic_4851	-1
SELADOR ACRILICO OPACO PREMIUM INTERIOR/EXTERIOR		6085	synthetic_4851	114
"SELADOR HORIZONTAL PARA FITA DE ACO 1"" (25 MM)"		38396	synthetic_4851	117
SELIM PVC, COM TRAVA, JE, 90 GRAUS, DN 125 X 100 MM OU 150 X 100 MM, PARA REDE COLETORA ESGOTO		42699	synthetic_4851	5
SERRALHEIRO (HORISTA)		6110	synthetic_4851	0
SERVENTE DE OBRAS (HORISTA)		6111	synthetic_4851	0
SERVICO DE BOMBEAMENTO DE CONCRETO COM CONSUMO MINIMO DE 40 M3, (DISPONIBILIZACAO DE BOMBA), SEM O LANCAMENTO		44535	synthetic_4851	113
SIFAO / TUBO SINFONADO EXTENSIVEL/SANFONADO, UNIVERSAL/ SIMPLES, ENTRE *50 A 70* CM, DE PLASTICO BRANCO		44945	synthetic_4851	2
"SIFAO EM METAL CROMADO PARA PIA AMERICANA, 1.1/2 X 1.1/2"""		38637	synthetic_4851	25
"SIFAO EM METAL CROMADO PARA PIA AMERICANA, 1.1/2 X 2"""		6150	synthetic_4851	25
"SIFAO EM METAL CROMADO PARA PIA OU LAVATORIO, 1 X 1.1/2"""		6136	synthetic_4851	25
"SIFAO EM METAL CROMADO PARA TANQUE, 1.1/4 X 1.1/2"""		38638	synthetic_4851	25
"SIFAO PLASTICO TIPO COPO PARA PIA AMERICANA 1.1/2 X 1.1/2"""		6145	synthetic_4851	25
"SIFAO PLASTICO TIPO COPO PARA PIA OU LAVATORIO, 1 X 1.1/2"""		6149	synthetic_4851	25
"SIFAO PLASTICO TIPO COPO PARA TANQUE, 1.1/4 X 1.1/2"""		6146	synthetic_4851	25
SILICA ATIVA PARA ADICAO EM CONCRETO E ARGAMASSA		44536	synthetic_4851	-1
SISAL EM FIBRA / ESTOPA SISAL PARA GESSO		20250	synthetic_4851	-1
SOLDADOR (HORISTA)		6160	synthetic_4851	0
"SOLDADOR ELETRICO (PARA SOLDA A SER TESTADA COM RAIOS ""X"") (HORISTA)"		6166	synthetic_4851	-1
SOLUCAO PREPARADORA / LIMPADORA PARA PVC, FRASCO COM 1000 CM3		20083	synthetic_4851	9
"SPRINKLER TIPO PENDENTE, BULBO AMARELO DE RESPOSTA RAPIDA, 79 GRAUS CELSIUS, ACABAMENTO CROMADO, D = 20 MM (3/4"")"		21047	synthetic_4851	-1
"SPRINKLER TIPO PENDENTE, BULBO AMARELO DE RESPOSTA RAPIDA, 79 GRAUS CELSIUS, ACABAMENTO NATURAL OU CROMADO, D = 15 MM (1/2"")"		21042	synthetic_4851	-1
"SPRINKLER TIPO PENDENTE, BULBO AMARELO DE RESPOSTA RAPIDA, 79 GRAUS CELSIUS, ACABAMENTO NATURAL, D = 20 MM (3/4"")"		21043	synthetic_4851	-1
"SPRINKLER TIPO PENDENTE, BULBO VERMELHO DE RESPOSTA RAPIDA, 68 GRAUS CELSIUS, ACABAMENTO CROMADO, D = 15 MM (1/2"")"		21044	synthetic_4851	-1
"SPRINKLER TIPO PENDENTE, BULBO VERMELHO DE RESPOSTA RAPIDA, 68 GRAUS CELSIUS, ACABAMENTO CROMADO, D = 20 MM (3/4"")"		21045	synthetic_4851	-1
"SPRINKLER TIPO PENDENTE, BULBO VERMELHO DE RESPOSTA RAPIDA, 68 GRAUS CELSIUS, ACABAMENTO NATURAL, D = 20 MM (3/4"")"		21041	synthetic_4851	-1
"SPRINKLER TIPO PENDENTE, BULBO VERMELHO RESPOSTA RAPIDA, 68 GRAUS CELSIUS, ACABAMENTO NATURAL, D = 15 MM (1/2"")"		21040	synthetic_4851	-1
SUPORTE METALICO PARA CALHA PLUVIAL, ZINCADO, DOBRADO, DIAMETRO ENTRE 119 E 170 MM, PARA DRENAGEM PLUVIAL PREDIAL		12626	synthetic_4851	118
SUPORTE PARA CALHA DE 150 MM EM ACO GALVANIZADO		11033	synthetic_4851	68
TABUA APARELHADA *2,5 X 15* CM, EM MACARANDUBA/MASSARANDUBA, ANGELIM OU EQUIVALENTE DA REGIAO		3993	synthetic_4851	3
TABUA APARELHADA *2,5 X 25* CM, EM MACARANDUBA/MASSARANDUBA, ANGELIM OU EQUIVALENTE DA REGIAO		3990	synthetic_4851	3
TABUA APARELHADA *2,5 X 30* CM, EM MACARANDUBA/MASSARANDUBA, ANGELIM OU EQUIVALENTE DA REGIAO		3992	synthetic_4851	3
TABUA NAO APARELHADA *2,5 X 15* CM, EM MACARANDUBA/MASSARANDUBA, ANGELIM OU EQUIVALENTE DA REGIAO - BRUTA		43614	synthetic_4851	3
TABUA NAO APARELHADA *2,5 X 20* CM, EM MACARANDUBA/MASSARANDUBA, ANGELIM OU EQUIVALENTE DA REGIAO - BRUTA		6193	synthetic_4851	3
TABUA NAO APARELHADA *2,5 X 30* CM, EM MACARANDUBA/MASSARANDUBA, ANGELIM OU EQUIVALENTE DA REGIAO - BRUTA		6189	synthetic_4851	3
"TAMPAO / CAP, ROSCA MACHO, DN 1"", PARA TUBO PEX PARA INST. AGUA QUENTE/FRIA"		38837	synthetic_4851	120
"TAMPAO / CAP, ROSCA MACHO, DN 3/4"", PARA TUBO PEX PARA INST. AGUA QUENTE/FRIA"		38836	synthetic_4851	120
"TAMPAO / TERMINAL / PLUG, D = 1 1/4"", PARA DUTO CORRUGADO PEAD (CABEAMENTO SUBTERRANEO)"		2666	synthetic_4851	-1
"TAMPAO / TERMINAL / PLUG, D = 2"", PARA DUTO CORRUGADO PEAD (CABEAMENTO SUBTERRANEO)"		2668	synthetic_4851	-1
"TAMPAO / TERMINAL / PLUG, D = 3"", PARA DUTO CORRUGADO PEAD (CABEAMENTO SUBTERRANEO)"		2664	synthetic_4851	-1
"TAMPAO / TERMINAL / PLUG, D = 4"", PARA DUTO CORRUGADO PEAD (CABEAMENTO SUBTERRANEO)"		2662	synthetic_4851	-1
TAMPAO FOFO ARTICULADO P/ REGISTRO, COM BASE / REQUADRO, CLASSE A15 CARGA MAX 1,5 T, *200 X 200* MM (COM INSCRICAO EM RELEVO DO TIPO DE REDE)		11289	synthetic_4851	53
TAMPAO FOFO ARTICULADO P/ REGISTRO, COM BASE / REQUADRO, CLASSE A15 CARGA MAXIMA 1,5 T, *400 X 400* MM (COM INSCRICAO EM RELEVO DO TIPO DE REDE)		11241	synthetic_4851	53
TAMPAO FOFO ARTICULADO, COM BASE / REQUADRO, CLASSE B125 CARGA MAX 12,5 T, REDONDO, TAMPA 600 MM (COM INSCRICAO EM RELEVO DO TIPO DE REDE)		11301	synthetic_4851	53
TAMPAO FOFO ARTICULADO, COM BASE / REQUADRO, CLASSE D400 CARGA MAX 40 T, REDONDO, TAMPA 600 MM (COM INSCRICAO EM RELEVO DO TIPO DE REDE)		21090	synthetic_4851	53
TAMPAO FOFO SIMPLES COM BASE / REQUADRO, CLASSE A15 CARGA MAX. 1,5 T, 300 X 300 MM (COM INSCRICAO EM RELEVO DO TIPO DE REDE)		11315	synthetic_4851	53
TAMPAO FOFO SIMPLES COM BASE / REQUADRO, CLASSE A15 CARGA MAX. 1,5 T, 400 X 400 MM (COM INSCRICAO EM RELEVO DO TIPO DE REDE)		21071	synthetic_4851	53
TAMPAO FOFO SIMPLES COM BASE / REQUADRO, CLASSE A15 CARGA MAX. 1,5 T, 400 X 600 MM (COM INSCRICAO EM RELEVO DO TIPO DE REDE)		14112	synthetic_4851	53
TAMPAO FOFO SIMPLES COM BASE / REQUADRO, CLASSE B125 CARGA MAX. 12,5 T, REDONDO, TAMPA 500 MM (COM INSCRICAO EM RELEVO DO TIPO DE REDE)		11316	synthetic_4851	53
TAMPAO FOFO SIMPLES COM BASE / REQUADRO, CLASSE B125 CARGA MAX. 12,5 T, REDONDO, TAMPA 600 MM (COM INSCRICAO EM RELEVO DO TIPO DE REDE)		6243	synthetic_4851	53
TAMPAO FOFO SIMPLES COM BASE / REQUADRO, CLASSE D400 CARGA MAX. 40 T, REDONDO, TAMPA 600 MM (COM INSCRICAO EM RELEVO DO TIPO DE REDE)		6240	synthetic_4851	53
TAMPAO FOFO SIMPLES COM BASE / REQUADRO, CLASSE D400 CARGA MAX. 40 T, REDONDO, TAMPA 900 MM (COM INSCRICAO EM RELEVO DO TIPO DE REDE)		11296	synthetic_4851	53
TAMPAO FOFO SIMPLES COM BASE / REQUADRO, R-2, CLASSE A15 CARGA MAX. 1,5 T, 550 X 1100 MM (COM INSCRICAO EM RELEVO DO TIPO DE REDE)		11299	synthetic_4851	53
TARUGO DELIMITADOR DE PROFUNDIDADE EM ESPUMA DE POLIETILENO DE BAIXA DENSIDADE 10 MM, CINZA		44073	synthetic_4851	-1
TE CPVC, SOLDAVEL, 90 GRAUS, 114 MM, PARA AGUA QUENTE PREDIAL		44253	synthetic_4851	11
TE DE COBRE SEM ANEL DE SOLDA, BOLSA X BOLSA X BOLSA, 104 MM		12741	synthetic_4851	77
TE DE COBRE SEM ANEL DE SOLDA, BOLSA X BOLSA X BOLSA, 15 MM		12733	synthetic_4851	77
TE DE COBRE SEM ANEL DE SOLDA, BOLSA X BOLSA X BOLSA, 22 MM		12734	synthetic_4851	77
TE DE COBRE SEM ANEL DE SOLDA, BOLSA X BOLSA X BOLSA, 28 MM		12735	synthetic_4851	77
TE DE COBRE SEM ANEL DE SOLDA, BOLSA X BOLSA X BOLSA, 35 MM		12736	synthetic_4851	77
TE DE COBRE SEM ANEL DE SOLDA, BOLSA X BOLSA X BOLSA, 42 MM		12737	synthetic_4851	77
TE DE COBRE SEM ANEL DE SOLDA, BOLSA X BOLSA X BOLSA, 54 MM		12738	synthetic_4851	77
TE DE COBRE SEM ANEL DE SOLDA, BOLSA X BOLSA X BOLSA, 66 MM		12739	synthetic_4851	77
TE DE COBRE SEM ANEL DE SOLDA, BOLSA X BOLSA X BOLSA, 79 MM		12740	synthetic_4851	77
TE DE INSPECAO, PVC, SERIE R, 100 X 75 MM, PARA ESGOTO PREDIAL		20183	synthetic_4851	34
TE DE INSPECAO, PVC, SERIE R, 150 X 100 MM, PARA ESGOTO PREDIAL		38448	synthetic_4851	34
TE DE INSPECAO, PVC, SERIE R, 75 X 75 MM, PARA ESGOTO PREDIAL		20182	synthetic_4851	34
"TE DE REDUCAO COM ROSCA, PVC, 90 GRAUS, 1.1/2"" X 3/4"", AGUA FRIA PREDIAL"		7126	synthetic_4851	64
TE DE REDUCAO, PVC PBA, BBB, JE, DN 100 X 50 / DE 110 X 60 MM, PARA REDE DE AGUA		11378	synthetic_4851	5
TE DE REDUCAO, PVC PBA, BBB, JE, DN 100 X 75 / DE 110 X 85 MM, PARA REDE DE AGUA		11379	synthetic_4851	5
TE DE REDUCAO, PVC PBA, BBB, JE, DN 75 X 50 / DE 85 X 60 MM, PARA REDE DE AGUA		11493	synthetic_4851	5
"TE DUPLA CURVA BRONZE/LATAO SEM ANEL DE SOLDA, ROSCA F X BOLSA X ROSCA F, 1/2"" X 15 X 1/2"""		39895	synthetic_4851	-1
"TE DUPLA CURVA BRONZE/LATAO SEM ANEL DE SOLDA, ROSCA F X BOLSA X ROSCA F, 3/4"" X 22 X 3/4"""		39896	synthetic_4851	-1
TE METALICO, PARA CONEXAO COM ANEL DESLIZANTE, DN 16 MM, EM TUBO PEX PARA INST. AGUA QUENTE/FRIA		38873	synthetic_4851	60
TE METALICO, PARA CONEXAO COM ANEL DESLIZANTE, DN 20 MM, EM TUBO PEX PARA INST. AGUA QUENTE/FRIA		38874	synthetic_4851	60
TE METALICO, PARA CONEXAO COM ANEL DESLIZANTE, DN 25 MM, EM TUBO PEX PARA INST. AGUA QUENTE/FRIA		38875	synthetic_4851	60
TE METALICO, PARA CONEXAO COM ANEL DESLIZANTE, DN 32 MM, EM TUBO PEX PARA INST. AGUA QUENTE/FRIA		38876	synthetic_4851	60
TE MISTURADOR, PPR, F/M/M, DN 20 X 20 MM, PARA AGUA QUENTE PREDIAL		38454	synthetic_4851	15
TE MISTURADOR, PPR, F/M/M, DN 25 X 25 MM, PARA AGUA QUENTE PREDIAL		38455	synthetic_4851	15
TE NORMAL, PPR, F/F/F, SOLDAVEL, 90 GRAUS, DN 110 X 110 X 110 MM, PARA AGUA QUENTE PREDIAL		38462	synthetic_4851	124
TE NORMAL, PPR, F/F/F, SOLDAVEL, 90 GRAUS, DN 20 X 20 X 20 MM, PARA AGUA QUENTE PREDIAL		36362	synthetic_4851	124
TE NORMAL, PPR, F/F/F, SOLDAVEL, 90 GRAUS, DN 25 X 25 X 25 MM, PARA AGUA QUENTE PREDIAL		36298	synthetic_4851	124
TE NORMAL, PPR, F/F/F, SOLDAVEL, 90 GRAUS, DN 32 X 32 X 32 MM, PARA AGUA QUENTE PREDIAL		38456	synthetic_4851	124
TE NORMAL, PPR, F/F/F, SOLDAVEL, 90 GRAUS, DN 40 X 40 X 40 MM, PARA AGUA QUENTE PREDIAL		38457	synthetic_4851	124
TE NORMAL, PPR, F/F/F, SOLDAVEL, 90 GRAUS, DN 50 X 50 X 50 MM, PARA AGUA QUENTE PREDIAL		38458	synthetic_4851	124
TE NORMAL, PPR, F/F/F, SOLDAVEL, 90 GRAUS, DN 63 X 63 X 63 MM, PARA AGUA QUENTE PREDIAL		38459	synthetic_4851	124
TE NORMAL, PPR, F/F/F, SOLDAVEL, 90 GRAUS, DN 75 X 75 X 75 MM, PARA AGUA QUENTE PREDIAL		38460	synthetic_4851	124
TE NORMAL, PPR, F/F/F, SOLDAVEL, 90 GRAUS, DN 90 X 90 X 90 MM, PARA AGUA QUENTE PREDIAL		38461	synthetic_4851	124
"TE ROSCA FEMEA, METALICO, PARA CONEXAO COM ANEL DESLIZANTE, DN 16 MM X 1/2"", EM TUBO PEX PARA INST. AGUA QUENTE/FRIA"		38905	synthetic_4851	127
"TE ROSCA FEMEA, METALICO, PARA CONEXAO COM ANEL DESLIZANTE, DN 20 MM X 1/2"", EM TUBO PEX PARA INST. AGUA QUENTE/FRIA"		38907	synthetic_4851	127
"TE ROSCA FEMEA, METALICO, PARA CONEXAO COM ANEL DESLIZANTE, DN 25 MM X 3/4"", EM TUBO PEX PARA INST. AGUA QUENTE/FRIA"		38910	synthetic_4851	127
TE SANITARIO DE REDUCAO, PVC, DN 100 X 50 MM, SERIE NORMAL, PARA ESGOTO PREDIAL		11655	synthetic_4851	36
TE SANITARIO DE REDUCAO, PVC, DN 100 X 75 MM, SERIE NORMAL PARA ESGOTO PREDIAL		11656	synthetic_4851	36
TE, PLASTICO, DN 16 MM, PARA CONEXAO COM CRIMPAGEM, EM TUBO PEX PARA INST. AGUA QUENTE/FRIA		39322	synthetic_4851	18
TE, PLASTICO, DN 20 MM, PARA CONEXAO COM CRIMPAGEM, EM TUBO PEX PARA INST. AGUA QUENTE/FRIA		39289	synthetic_4851	18
TE, PLASTICO, DN 25 MM, PARA CONEXAO COM CRIMPAGEM, EM TUBO PEX PARA INST. AGUA QUENTE/FRIA		39290	synthetic_4851	18
TE, PLASTICO, DN 32 MM, PARA CONEXAO COM CRIMPAGEM, EM TUBO PEX PARA INST. AGUA QUENTE/FRIA		39291	synthetic_4851	18
TE, PVC PBA, BBB, 90 GRAUS, DN 100 / DE 110 MM, PARA REDE DE AGUA		41892	synthetic_4851	5
TE, PVC PBA, BBB, 90 GRAUS, DN 50 / DE 60 MM, PARA REDE DE AGUA		7048	synthetic_4851	5
TE, PVC PBA, BBB, 90 GRAUS, DN 75 / DE 85 MM, PARA REDE DE AGUA		7088	synthetic_4851	5
TE, PVC, 90 GRAUS, BBB, JE, DN 200 MM, PARA REDE COLETORA ESGOTO		7070	synthetic_4851	5
TE, PVC, SERIE R, 100 X 100 MM, PARA ESGOTO PREDIAL		20179	synthetic_4851	34
TE, PVC, SERIE R, 100 X 75 MM, PARA ESGOTO PREDIAL		20178	synthetic_4851	34
TE, PVC, SERIE R, 150 X 100 MM, PARA ESGOTO PREDIAL		20180	synthetic_4851	34
TE, PVC, SERIE R, 150 X 150 MM, PARA ESGOTO PREDIAL		20181	synthetic_4851	34
TE, PVC, SERIE R, 75 X 75 MM, PARA ESGOTO PREDIAL		20177	synthetic_4851	34
TECNICO DE EDIFICACOES (HORISTA)		40945	synthetic_4851	0
TECNICO EM LABORATORIO E CAMPO DE CONSTRUCAO CIVIL (HORISTA)		7153	synthetic_4851	0
TECNICO EM SEGURANCA DO TRABALHO (HORISTA)		40943	synthetic_4851	0
TECNICO EM SONDAGEM (HORISTA)		6175	synthetic_4851	0
TELA DE ANIAGEM (JUTA)		44529	synthetic_4851	-1
TELHA DE FIBRA DE VIDRO ONDULADA, TRANSLUCIDA / INCOLOR, E = *0,6* MM, DE *0,50 X 2,44* M (L X C)		7184	synthetic_4851	59
TELHA GALVALUME COM ISOLAMENTO TERMOACUSTICO EM ESPUMA RIGIDA DE POLIURETANO (PU) INJETADO, ESPESSURA DE 30 MM, DENSIDADE DE 35 KG/M3, REVESTIMENTO EM TELHA TRAPEZOIDAL NAS DUAS FACES COM ESPESSURA DE 0,50 MM CADA, ACABAMENTO NATURAL (NAO INCLUI ACESSORIOS DE FIXACAO)		40740	synthetic_4851	8
TELHA TERMOISOLANTE REVESTIDA EM ACO GALVALUME, FACE SUPERIOR TRAPEZOIDAL E FACE INFERIOR PLANA (NAO INCLUI ACESSORIOS DE FIXACAO), REVEST COM ESPESSURA DE 0,50 MM, COM PRE-PINTURA DE COR BRANCA NAS DUAS FACES, NUCLEO EM POLIISOCIANURATO (PIR) COM ESPESSURA DE 50 MM		43071	synthetic_4851	61
TELHADOR / TELHADISTA (HORISTA)		12869	synthetic_4851	-1
TELHADOR / TELHADISTA (MENSALISTA)		41097	synthetic_4851	0
TIJOLO CERAMICO LAMINADO DE *5,5 X 11 X 23* CM (L X A X C), COM 21 FUROS		34401	synthetic_4851	2
TIJOLO CERAMICO MACICO APARENTE 2 FUROS DE *6,5 X 10 X 20* CM (L X A X C)		7256	synthetic_4851	2
TIJOLO CERAMICO MACICO APARENTE DE *6 X 12 X 24* CM (L X A X C)		7260	synthetic_4851	2
TIJOLO CERAMICO MACICO COMUM DE *5 X 10 X 20* CM (L X A X C)		7258	synthetic_4851	2
TIJOLO CERAMICO REFRATARIO DE *2,5 X 11,4 X 22,9* CM (L X A X C)		34400	synthetic_4851	2
TIJOLO CERAMICO REFRATARIO DE *6,3 X 11,4 X 22,9* CM (L X A X C)		10617	synthetic_4851	2
TIL CONDOMINIAL, PVC, DN 100 X 100 MM, PARA REDE COLETORA DE ESGOTO		44261	synthetic_4851	5
TIL PARA LIGACAO PREDIAL, EM PVC, JE, BBB, DN 100 X 100 MM, PARA REDE COLETORA ESGOTO		7274	synthetic_4851	5
TIL RADIAL, PVC, JE, BBB, DN 300 X 200 MM, PARA REDE COLETORA DE ESGOTO (NBR 10.569)		44326	synthetic_4851	5
TINTA A BASE DE RESINA ACRILICA EMULSIONADA EM AGUA, PARA SINALIZACAO HORIZONTAL VIARIA (NBR 13699:2012)		38121	synthetic_4851	12
TINTA ACRILICA A BASE DE SOLVENTE, PARA SINALIZACAO HORIZONTAL VIARIA (NBR 11862)		7343	synthetic_4851	12
TINTA BORRACHA CLORADA, ACABAMENTO SEMIBRILHO, QUALQUER COR		7314	synthetic_4851	-1
TINTA LATEX ACRILICA PREMIUM, COR BRANCO FOSCO		7356	synthetic_4851	12
TINTA LATEX ACRILICA SUPER PREMIUM, COR BRANCO FOSCO		43624	synthetic_4851	12
TINTA/RESINA ACRILICA PREMIUM PARA CERAMICA, PEDRAS E OUTROS		7350	synthetic_4851	-1
"TIRANTE EM FERRO GALVANIZADO PARA CONTRAVENTAMENTO DE TELHA CANALETE 90, 1/4"" X 400 MM"		11060	synthetic_4851	14
TOPOGRAFO (HORISTA)		7592	synthetic_4851	0
"TORNEIRA DE BOIA BALAO METALICO, VAZAO TOTAL, PARA CAIXA D'AGUA, AGUA QUENTE, ROSCA 1/2"", COM HASTE, TORNEIRA E BALAO METALICOS"		11826	synthetic_4851	63
"TORNEIRA DE BOIA BALAO METALICO, VAZAO TOTAL, PARA CAIXA D'AGUA, AGUA QUENTE, ROSCA 3/4"", COM HASTE, TORNEIRA E BALAO METALICOS"		7606	synthetic_4851	63
"TORNEIRA DE BOIA CONVENCIONAL PARA CAIXA D'AGUA, 1"", AGUA FRIA, COM HASTE E TORNEIRA METALICOS E BALAO PLASTICO"		11825	synthetic_4851	63
"TORNEIRA DE BOIA CONVENCIONAL PARA CAIXA D'AGUA, 2"", AGUA FRIA, COM HASTE E TORNEIRA METALICOS E BALAO PLASTICO"		11767	synthetic_4851	63
"TORNEIRA DE BOIA CONVENCIONAL PARA CAIXA D'AGUA, AGUA FRIA, 1.1/2"", COM HASTE E TORNEIRA METALICOS E BALAO PLASTICO"		11763	synthetic_4851	63
"TORNEIRA DE BOIA CONVENCIONAL PARA CAIXA D'AGUA, AGUA FRIA, 1.1/4"", COM HASTE E TORNEIRA METALICOS E BALAO PLASTICO"		11764	synthetic_4851	63
"TORNEIRA DE BOIA CONVENCIONAL PARA CAIXA D'AGUA, AGUA FRIA, 1/2"", COM HASTE E TORNEIRA METALICOS E BALAO PLASTICO"		11829	synthetic_4851	63
"TORNEIRA DE BOIA CONVENCIONAL PARA CAIXA D'AGUA, AGUA FRIA, 3/4"", COM HASTE E TORNEIRA METALICOS E BALAO PLASTICO"		11830	synthetic_4851	63
"TORNEIRA DE BOIA VAZAO TOTAL PARA CAIXA D'AGUA, AGUA FRIA, BITOLA 1"", COM HASTE E TORNEIRA METALICOS E BALAO PLASTICO"		11765	synthetic_4851	63
"TORNEIRA DE BOIA VAZAO TOTAL PARA CAIXA D'AGUA, AGUA FRIA, BITOLA 1/2"", COM HASTE E TORNEIRA METALICOS E BALAO PLASTICO"		11766	synthetic_4851	63
"TORNEIRA DE BOIA VAZAO TOTAL PARA CAIXA D'AGUA, AGUA FRIA, BITOLA 3/4"", COM HASTE E TORNEIRA METALICOS E BALAO PLASTICO"		11824	synthetic_4851	63
TORNEIRA DE MESA PARA LAVATORIO, METALICA CROMADA, COM MISTURADOR MONOCOMANDO, BICA BAIXA		44045	synthetic_4851	123
TORNEIRA DE MESA PARA LAVATORIO, METALICA CROMADA, COM SENSOR DE APROXIMACAO ELETRICO, BIVOLT		39702	synthetic_4851	123
"TORNEIRA DE MESA/BANCADA, PARA LAVATORIO, FIXA, METALICA CROMADA, PADRAO POPULAR, 1/2"" OU 3/4"""		13415	synthetic_4851	70
"TORNEIRA DE METAL AMARELO, PARA TANQUE / JARDIM, DE PAREDE, COM BICO PLASTICO, CANO CURTO, AREA EXTERNA, PADRAO POPULAR / USO GERAL, 1/2"" OU 3/4"""		7602	synthetic_4851	70
"TORNEIRA DE METAL AMARELO, PARA TANQUE / JARDIM, DE PAREDE, SEM BICO, CANO CURTO, PADRAO POPULAR / USO GERAL, 1/2"" OU 3/4"""		7603	synthetic_4851	70
TORNEIRA ELETRICA DE PAREDE, PLASTICA, BICA ALTA, PARA COZINHA, 5500 W (110/220 V)		11777	synthetic_4851	14
"TORNEIRA METALICA CROMADA CANO CURTO, SEM BICO, SEM AREJADOR, DE PAREDE, PARA TANQUE E USO GERAL, 1/2"" OU 3/4"""		13417	synthetic_4851	70
TORNEIRA METALICA CROMADA DE MESA PARA LAVATORIO, BICA ALTA, COM AREJADOR		36791	synthetic_4851	123
TORNEIRA METALICA CROMADA DE MESA PARA LAVATORIO, COM SENSOR DE PRESENCA A PILHA, COM AREJADOR EMBUTIDO		36795	synthetic_4851	123
TORNEIRA METALICA CROMADA DE MESA, PARA LAVATORIO, TEMPORIZADA PRESSAO FECHAMENTO AUTOMATICO, BICA BAIXA		36796	synthetic_4851	-1
TORNEIRA METALICA CROMADA DE PAREDE LONGA PARA LAVATORIO, COM AREJADOR, ACIONAMENTO ALAVANCA, 1/4 DE VOLTA		36792	synthetic_4851	123
"TORNEIRA METALICA CROMADA DE PAREDE, PARA COZINHA, BICA MOVEL, COM AREJADOR, 1/2"" OU 3/4"""		11773	synthetic_4851	70
"TORNEIRA METALICA CROMADA PARA JARDIM / TANQUE, COM BICO PLASTICO, CANO LONGO, DE PAREDE, PADRAO POPULAR / USO GERAL, 1/2"" OU 3/4"""		11762	synthetic_4851	70
"TORNEIRA METALICA CROMADA PARA TANQUE / JARDIM, SEM BICO, CANO LONGO, DE PAREDE, PADRAO POPULAR / USO GERAL, 1/2"" OU 3/4"""		7604	synthetic_4851	70
"TORNEIRA METALICA CROMADA, CANO CURTO, COM AREJADOR, SEM BICO PLASTICO, DE PAREDE, PARA USO GERAL, 1/2"" OU 3/4"""		13984	synthetic_4851	70
"TORNEIRA METALICA CROMADA, DE MESA/BANCADA, PARA COZINHA, BICA MOVEL, COM AREJADOR, 1/2"" OU 3/4"""		11772	synthetic_4851	70
"TORNEIRA METALICA CROMADA, RETA, DE PAREDE, PARA COZINHA, COM AREJADOR, PADRAO POPULAR, 1/2"" OU 3/4"""		13983	synthetic_4851	70
"TORNEIRA METALICA CROMADA, RETA, DE PAREDE, PARA COZINHA, SEM BICO, SEM AREJADOR, PADRAO POPULAR, 1/2"" OU 3/4"""		13416	synthetic_4851	70
"TORNEIRA PLASTICA DE BOIA CONVENCIONAL PARA CAIXA DE AGUA, AGUA FRIA, 3/4"", COM HASTE METALICA E COM TORNEIRA E BALAO PLASTICOS (PADRAO POPULAR)"		40329	synthetic_4851	-1
"TORNEIRA PLASTICA DE MESA, BICA MOVEL, PARA COZINHA 1/2"""		11822	synthetic_4851	70
"TORNEIRA PLASTICA PARA TANQUE 1/2"" OU 3/4"" COM BICO PARA MANGUEIRA"		11831	synthetic_4851	70
TRANSPORTE - HORISTA (COLETADO CAIXA - ENCARGOS COMPLEMENTARES)		37371	synthetic_4851	-1
TRANSPORTE - MENSALISTA (COLETADO CAIXA - ENCARGOS COMPLEMENTARES)		40861	synthetic_4851	-1
TRILHO QUADRADO FRISADO PARA RODIZIO (VERGALHAO MACICO), EM ALUMINIO, COM DIMENSOES DE *6 X 6* MM		11580	synthetic_4851	13
"TRINCHA CERDAS GRIS 1.1/2"" (38 MM)"		38386	synthetic_4851	2
"TUBO ACO GALVANIZADO COM COSTURA, CLASSE LEVE, DN 100 MM (4""), E = 3,75 MM, *10,55* KG/M (NBR 5580)"		21016	synthetic_4851	20
"TUBO ACO GALVANIZADO COM COSTURA, CLASSE LEVE, DN 15 MM (1/2""), E = 2,25 MM, *1,2* KG/M (NBR 5580)"		21008	synthetic_4851	20
"TUBO ACO GALVANIZADO COM COSTURA, CLASSE LEVE, DN 20 MM (3/4""), E = 2,25 MM, *1,3* KG/M (NBR 5580)"		21009	synthetic_4851	20
"TUBO ACO GALVANIZADO COM COSTURA, CLASSE LEVE, DN 25 MM (1""), E = 2,65 MM, *2,11* KG/M (NBR 5580)"		21010	synthetic_4851	20
"TUBO ACO GALVANIZADO COM COSTURA, CLASSE LEVE, DN 32 MM (1 1/4""), E = 2,65 MM, *2,71* KG/M (NBR 5580)"		21011	synthetic_4851	20
"TUBO ACO GALVANIZADO COM COSTURA, CLASSE LEVE, DN 40 MM (1 1/2""), E = 3,00 MM, *3,48* KG/M (NBR 5580)"		21012	synthetic_4851	20
"TUBO ACO GALVANIZADO COM COSTURA, CLASSE LEVE, DN 50 MM (2""), E = 3,00 MM, *4,40* KG/M (NBR 5580)"		21013	synthetic_4851	20
"TUBO ACO GALVANIZADO COM COSTURA, CLASSE LEVE, DN 65 MM (2 1/2""), E = 3,35 MM, * 6,23* KG/M (NBR 5580)"		21014	synthetic_4851	20
"TUBO ACO GALVANIZADO COM COSTURA, CLASSE LEVE, DN 80 MM (3""), E = 3,35 MM, *7,32* KG/M (NBR 5580)"		21015	synthetic_4851	20
TUBO CORRUGADO PEAD, PAREDE DUPLA, INTERNA LISA, JEI DN/DI 500 MM (DRENAGEM/ESGOTO)		44812	synthetic_4851	-1
TUBO CORRUGADO PEAD, PAREDE DUPLA, INTERNA LISA, JEI, DN/DI *1000* MM, PARA SANEAMENTO (DRENAGEM/ESGOTO)		41785	synthetic_4851	-1
TUBO CORRUGADO PEAD, PAREDE DUPLA, INTERNA LISA, JEI, DN/DI *400* MM, PARA SANEAMENTO (DRENAGEM/ESGOTO)		41781	synthetic_4851	-1
TUBO CORRUGADO PEAD, PAREDE DUPLA, INTERNA LISA, JEI, DN/DI *800* MM, PARA SANEAMENTO (DRENAGEM/ESGOTO)		41783	synthetic_4851	-1
TUBO CORRUGADO PEAD, PAREDE DUPLA, INTERNA LISA, JEI, DN/DI 1200 MM, PARA SANEAMENTO (DRENAGEM/ESGOTO)		41786	synthetic_4851	-1
TUBO CORRUGADO PEAD, PAREDE DUPLA, INTERNA LISA, JEI, DN/DI 250 MM, PARA SANEAMENTO (DRENAGEM/ESGOTO)		41779	synthetic_4851	-1
TUBO CORRUGADO PEAD, PAREDE DUPLA, INTERNA LISA, JEI, DN/DI 300 MM, PARA SANEAMENTO (DRENAGEM/ESGOTO)		41780	synthetic_4851	-1
TUBO CORRUGADO PEAD, PAREDE DUPLA, INTERNA LISA, JEI, DN/DI 600 MM, PARA SANEAMENTO (DRENAGEM/ESGOTO)		41782	synthetic_4851	-1
TUBO CPVC, SOLDAVEL, 114 MM, AGUA QUENTE (NBR 15884)		44260	synthetic_4851	98
"TUBO DE COBRE CLASSE ""A"", DN = 1 1/2"" (42 MM), PARA INSTALACOES DE MEDIA PRESSAO PARA GASES COMBUSTIVEIS E MEDICINAIS"		39751	synthetic_4851	-1
"TUBO DE COBRE CLASSE ""A"", DN = 1 1/4"" (35 MM), PARA INSTALACOES DE MEDIA PRESSAO PARA GASES COMBUSTIVEIS E MEDICINAIS"		39750	synthetic_4851	-1
"TUBO DE COBRE CLASSE ""A"", DN = 1"" (28 MM), PARA INSTALACOES DE MEDIA PRESSAO PARA GASES COMBUSTIVEIS E MEDICINAIS"		39749	synthetic_4851	-1
"TUBO DE COBRE CLASSE ""A"", DN = 1/2"" (15 MM), PARA INSTALACOES DE MEDIA PRESSAO PARA GASES COMBUSTIVEIS E MEDICINAIS"		39747	synthetic_4851	-1
"TUBO DE COBRE CLASSE ""A"", DN = 2 1/2"" (66 MM), PARA INSTALACOES DE MEDIA PRESSAO PARA GASES COMBUSTIVEIS E MEDICINAIS"		39753	synthetic_4851	-1
"TUBO DE COBRE CLASSE ""A"", DN = 2"" (54 MM), PARA INSTALACOES DE MEDIA PRESSAO PARA GASES COMBUSTIVEIS E MEDICINAIS"		39752	synthetic_4851	-1
"TUBO DE COBRE CLASSE ""A"", DN = 3"" (79 MM), PARA INSTALACOES DE MEDIA PRESSAO PARA GASES COMBUSTIVEIS E MEDICINAIS"		39754	synthetic_4851	-1
"TUBO DE COBRE CLASSE ""A"", DN = 3/4"" (22 MM), PARA INSTALACOES DE MEDIA PRESSAO PARA GASES COMBUSTIVEIS E MEDICINAIS"		39748	synthetic_4851	-1
"TUBO DE COBRE CLASSE ""A"", DN = 4"" (104 MM), PARA INSTALACOES DE MEDIA PRESSAO PARA GASES COMBUSTIVEIS E MEDICINAIS"		39755	synthetic_4851	-1
"TUBO DE COBRE FLEXIVEL, D = 1/2"", E = 0,79 MM, PARA AR-CONDICIONADO/ INSTALACOES GAS RESIDENCIAIS E COMERCIAIS"		39660	synthetic_4851	31
"TUBO DE COBRE FLEXIVEL, D = 1/4"", E = 0,79 MM, PARA AR-CONDICIONADO/ INSTALACOES GAS RESIDENCIAIS E COMERCIAIS"		39662	synthetic_4851	31
"TUBO DE COBRE FLEXIVEL, D = 3/16"", E = 0,79 MM, PARA AR-CONDICIONADO/ INSTALACOES GAS RESIDENCIAIS E COMERCIAIS"		39661	synthetic_4851	31
"TUBO DE COBRE FLEXIVEL, D = 3/4"", E = 0,79 MM, PARA AR-CONDICIONADO/ INSTALACOES GAS RESIDENCIAIS E COMERCIAIS"		39666	synthetic_4851	31
"TUBO DE COBRE FLEXIVEL, D = 3/8"", E = 0,79 MM, PARA AR-CONDICIONADO/ INSTALACOES GAS RESIDENCIAIS E COMERCIAIS"		39664	synthetic_4851	31
"TUBO DE COBRE FLEXIVEL, D = 5/16"", E = 0,79 MM, PARA AR-CONDICIONADO/ INSTALACOES GAS RESIDENCIAIS E COMERCIAIS"		39663	synthetic_4851	31
"TUBO DE COBRE FLEXIVEL, D = 5/8"", E = 0,79 MM, PARA AR-CONDICIONADO/ INSTALACOES GAS RESIDENCIAIS E COMERCIAIS"		39665	synthetic_4851	31
TUBO DE CONCRETO ARMADO, PRE MOLDADO PARA AGUAS PLUVIAIS, CLASSE PA-1, COM ENCAIXE PONTA E BOLSA, DIAMETRO NOMINAL DE 500 MM		7714	synthetic_4851	97
TUBO DE DESCARGA, TIPO BENGALA, PARA LIGACAO CAIXA DE DESCARGA - EMBUTIR, PVC, 40 MM X 150 CM		12613	synthetic_4851	32
TUBO DE DESCIDA EXTERNO, DE PVC, PARA CAIXA DE DESCARGA EXTERNA ALTA - DIAMETRO DE 40 MM E ALTURA DE APROXIMADAMENTE 1,55 M		1031	synthetic_4851	32
TUBO DE POLIETILENO DE ALTA DENSIDADE, PEAD, PE-80, DE = 1000 MM X 38,5 MM PAREDE, (SDR 26 - PN 05) PARA REDE DE AGUA OU ESGOTO (NBR 15561)		44543	synthetic_4851	21
TUBO DE POLIETILENO DE ALTA DENSIDADE, PEAD, PE-80, DE = 110 MM X 10,0 MM PAREDE, (SDR 11 - PN 12,5) PARA REDE DE AGUA OU ESGOTO (NBR 15561)		44526	synthetic_4851	21
TUBO DE POLIETILENO DE ALTA DENSIDADE, PEAD, PE-80, DE = 160 MM X 14,6 MM PAREDE, (SDR 11 - PN 12,5) PARA REDE DE AGUA OU ESGOTO (NBR 15561)		44545	synthetic_4851	21
TUBO DE POLIETILENO DE ALTA DENSIDADE, PEAD, PE-80, DE = 900 MM X 34,7 MM PAREDE, (SDR 26 - PN 05) PARA REDE DE AGUA OU ESGOTO (NBR 15561)		44525	synthetic_4851	21
TUBO DE POLIETILENO DE ALTA DENSIDADE, PEAD, PE-80, DE= 200 MM X 18,2 MM PAREDE, (SDR 11 - PN 12,5) PARA REDE DE AGUA OU ESGOTO (NBR 15561)		44547	synthetic_4851	21
TUBO DE POLIETILENO DE ALTA DENSIDADE, PEAD, PE-80, DE= 315 MM X 28,7 MM PAREDE, (SDR 11 - PN 12,5) PARA REDE DE AGUA OU ESGOTO (NBR 15561)		44519	synthetic_4851	21
TUBO DE POLIETILENO DE ALTA DENSIDADE, PEAD, PE-80, DE= 400 MM X 36,4 MM PAREDE, (SDR 11 - PN 12,5) PARA REDE DE AGUA OU ESGOTO (NBR 15561)		44520	synthetic_4851	21
TUBO DE POLIETILENO DE ALTA DENSIDADE, PEAD, PE-80, DE= 50 MM X 4,6 MM PAREDE, (SDR 11 - PN 12,5) PARA REDE DE AGUA OU ESGOTO (NBR 15561)		44521	synthetic_4851	21
TUBO DE POLIETILENO DE ALTA DENSIDADE, PEAD, PE-80, DE= 500 MM X 45,5 MM PAREDE, (SDR 11 - PN 12,5) PARA REDE DE AGUA OU ESGOTO (NBR 15561)		44522	synthetic_4851	21
TUBO DE POLIETILENO DE ALTA DENSIDADE, PEAD, PE-80, DE= 630 MM X 57,3 MM PAREDE (SDR 11 - PN 12,5) PARA REDE DE AGUA OU ESGOTO (NBR 15561)		44523	synthetic_4851	21
TUBO DE POLIETILENO DE ALTA DENSIDADE, PEAD, PE-80, DE= 730 MM X 34,1 MM PAREDE, (SDR 21 - PN 06) PARA REDE DE AGUA OU ESGOTO (NBR 15561)		44527	synthetic_4851	21
TUBO DE POLIETILENO DE ALTA DENSIDADE, PEAD, PE-80, DE= 75 MM X 6,9 MM PAREDE, (SRD 11 - PN 12,5) PARA REDE DE AGUA OU ESGOTO (NBR 15561)		44524	synthetic_4851	21
TUBO DE POLIETILENO DE ALTA DENSIDADE, PEAD, PE-80, DE= 800 MM X 30,8 MM PAREDE, (SDR 26 - PN 05) PARA REDE DE AGUA OU ESGOTO (NBR 15561)		44542	synthetic_4851	21
"TUBO DE REVESTIMENTO, EM ACO, CORPO SCHEDULE 40, PONTEIRA SCHEDULE 80, ROSQUEAVEL E SEGMENTADO PARA PERFURACAO, DIAMETRO 10"" (273 MM)"		41986	synthetic_4851	-1
"TUBO DE REVESTIMENTO, EM ACO, CORPO SCHEDULE 40, PONTEIRA SCHEDULE 80, ROSQUEAVEL E SEGMENTADO PARA PERFURACAO, DIAMETRO 14"" (400 MM)"		41987	synthetic_4851	-1
"TUBO DE REVESTIMENTO, EM ACO, CORPO SCHEDULE 40, PONTEIRA SCHEDULE 80, ROSQUEAVEL E SEGMENTADO PARA PERFURACAO, DIAMETRO 16"" (450 MM)"		41988	synthetic_4851	-1
"TUBO DE REVESTIMENTO, EM ACO, CORPO SCHEDULE 40, PONTEIRA SCHEDULE 80, ROSQUEAVEL E SEGMENTADO PARA PERFURACAO, DIAMETRO 4"" (450 MM)"		41697	synthetic_4851	-1
"TUBO DE REVESTIMENTO, EM ACO, CORPO SCHEDULE 40, PONTEIRA SCHEDULE 80, ROSQUEAVEL E SEGMENTADO PARA PERFURACAO, DIAMETRO 6"" (200 MM)"		41985	synthetic_4851	-1
"TUBO DE REVESTIMENTO, EM ACO, CORPO SCHEDULE 40, PONTEIRA SCHEDULE 80, ROSQUEAVEL E SEGMENTADO PARA PERFURACAO, DIAMETRO 8"" (200 MM)"		41699	synthetic_4851	-1
TUBO MONOCAMADA PEX, DN 16 MM, PARA AGUA QUENTE E FRIA		38787	synthetic_4851	27
TUBO MONOCAMADA PEX, DN 20 MM, PARA AGUA QUENTE E FRIA		38825	synthetic_4851	27
TUBO MONOCAMADA PEX, DN 25 MM, PARA AGUA QUENTE E FRIA		38826	synthetic_4851	27
TUBO MONOCAMADA PEX, DN 32 MM, PARA AGUA QUENTE E FRIA		38827	synthetic_4851	27
TUBO MULTICAMADA PEX GAS, DN *16* MM		38828	synthetic_4851	-1
TUBO MULTICAMADA PEX GAS, DN *20* MM		38829	synthetic_4851	-1
TUBO MULTICAMADA PEX GAS, DN *26* MM		38830	synthetic_4851	-1
TUBO MULTICAMADA PEX GAS, DN *32* MM		38831	synthetic_4851	-1
TUBO PPR, CLASSE PN 20, SOLDAVEL, DN 32 MM PARA AGUA FRIA OU QUENTE PREDIAL		44176	synthetic_4851	27
TUBO PVC CORRUGADO, PAREDE DUPLA, JE, DN 150 MM/ DE 160 MM, REDE COLETORA ESGOTO		38032	synthetic_4851	32
TUBO PVC CORRUGADO, PAREDE DUPLA, JE, DN 200 MM/ DE 200 MM, REDE COLETORA ESGOTO		38033	synthetic_4851	32
TUBO PVC CORRUGADO, PAREDE DUPLA, JE, DN 250 MM/ DE 250 MM, REDE COLETORA ESGOTO		38034	synthetic_4851	32
TUBO PVC CORRUGADO, PAREDE DUPLA, JE, DN 300 MM/ DE 315 MM, REDE COLETORA ESGOTO		38035	synthetic_4851	32
TUBO PVC CORRUGADO, PAREDE DUPLA, JE, DN 350 MM/ DE 355 MM, REDE COLETORA ESGOTO		38036	synthetic_4851	32
TUBO PVC CORRUGADO, PAREDE DUPLA, JE, DN 400 MM/ DE 400 MM, REDE COLETORA ESGOTO		38037	synthetic_4851	32
TUBO PVC, RIGIDO, CORRUGADO, PERFURADO DN 100 MM, PARA DRENAGEM, SISTEMA IRRIGACAO		44315	synthetic_4851	32
TUBO PVC, SERIE R, DN 100 MM, PARA ESGOTO OU AGUAS PLUVIAIS PREDIAL (NBR 5688)		9841	synthetic_4851	32
TUBO PVC, SERIE R, DN 150 MM, PARA ESGOTO OU AGUAS PLUVIAIS PREDIAL (NBR 5688)		9840	synthetic_4851	32
TUBO PVC, SERIE R, DN 40 MM, PARA ESGOTO OU AGUAS PLUVIAIS PREDIAL (NBR 5688)		20067	synthetic_4851	32
TUBO PVC, SERIE R, DN 50 MM, PARA ESGOTO OU AGUAS PLUVIAIS PREDIAL (NBR 5688)		20068	synthetic_4851	32
TUBO PVC, SERIE R, DN 75 MM, PARA ESGOTO OU AGUAS PLUVIAIS PREDIAL (NBR 5688)		9839	synthetic_4851	32
TUBO PVC, SOLDAVEL, DE 110 MM, AGUA FRIA (NBR-5648)		9870	synthetic_4851	57
TUBO PVC, SOLDAVEL, DE 20 MM, AGUA FRIA (NBR-5648)		9867	synthetic_4851	57
TUBO PVC, SOLDAVEL, DE 25 MM, AGUA FRIA (NBR-5648)		9868	synthetic_4851	57
TUBO PVC, SOLDAVEL, DE 32 MM, AGUA FRIA (NBR-5648)		9869	synthetic_4851	57
TUBO PVC, SOLDAVEL, DE 40 MM, AGUA FRIA (NBR-5648)		9874	synthetic_4851	57
TUBO PVC, SOLDAVEL, DE 50 MM, AGUA FRIA (NBR-5648)		9875	synthetic_4851	57
TUBO PVC, SOLDAVEL, DE 60 MM, AGUA FRIA (NBR-5648)		9873	synthetic_4851	57
TUBO PVC, SOLDAVEL, DE 75 MM, AGUA FRIA (NBR-5648)		9871	synthetic_4851	57
TUBO PVC, SOLDAVEL, DE 85 MM, AGUA FRIA (NBR-5648)		9872	synthetic_4851	57
"UNIAO COM ASSENTO CONICO DE BRONZE, DIAMETRO 2"""		12428	synthetic_4851	-1
"UNIAO COM ASSENTO CONICO DE FERRO LONGO (MACHO-FEMEA), DIAMETRO 3"""		12438	synthetic_4851	-1
UNIAO COM FLANGE PPR, COM PARAFUSOS, DN 40 MM, PARA AGUA QUENTE PREDIAL		36357	synthetic_4851	15
UNIAO DUPLA PPR, DN 20 MM, PARA AGUA QUENTE PREDIAL		36313	synthetic_4851	15
"VALVULA DE DESCARGA METALICA, BASE 1 1/2"" E ACABAMENTO METALICO CROMADO"		10228	synthetic_4851	25
"VALVULA DE DESCARGA METALICA, BASE 1 1/4"" E ACABAMENTO METALICO CROMADO"		11781	synthetic_4851	25
"VALVULA DE ESCOAMENTO PARA TANQUE, EM METAL CROMADO, 1.1/2"", SEM LADRAO, COM TAMPAO PLASTICO"		37588	synthetic_4851	25
"VALVULA DE ESFERA BRUTA EM BRONZE, BITOLA 1 1/2"""		11751	synthetic_4851	-1
"VALVULA DE ESFERA BRUTA EM BRONZE, BITOLA 1 1/4"""		11750	synthetic_4851	-1
"VALVULA DE ESFERA BRUTA EM BRONZE, BITOLA 1"""		11746	synthetic_4851	-1
"VALVULA DE ESFERA BRUTA EM BRONZE, BITOLA 1/2"""		11748	synthetic_4851	-1
"VALVULA DE ESFERA BRUTA EM BRONZE, BITOLA 2"""		11747	synthetic_4851	-1
"VALVULA DE ESFERA BRUTA EM BRONZE, BITOLA 3/4"""		11749	synthetic_4851	-1
"VALVULA EM METAL CROMADO PARA LAVATORIO, 1"" SEM LADRAO"		38643	synthetic_4851	25
"VALVULA EM METAL CROMADO PARA PIA AMERICANA 3.1/2 X 1.1/2"""		6157	synthetic_4851	25
"VALVULA EM PLASTICO BRANCO PARA LAVATORIO 1"", SEM UNHO, COM LADRAO"		6158	synthetic_4851	25
"VALVULA EM PLASTICO BRANCO PARA TANQUE 1.1/4"" X 1.1/2"", SEM UNHO E SEM LADRAO"		6156	synthetic_4851	25
"VALVULA EM PLASTICO BRANCO PARA TANQUE OU LAVATORIO 1"", SEM UNHO E SEM LADRAO"		6153	synthetic_4851	25
"VALVULA EM PLASTICO CROMADO PARA LAVATORIO 1"", SEM UNHO, COM LADRAO"		6154	synthetic_4851	25
"VALVULA EM PLASTICO CROMADO TIPO AMERICANA PARA PIA DE COZINHA 3.1/2"" X 1.1/2"", SEM ADAPTADOR"		6155	synthetic_4851	25
"VERGALHAO ZINCADO ROSCA TOTAL, 1/4"" (6,3 MM)"		39996	synthetic_4851	65
VERNIZ A BASE RESINA ALQUIDICA COM POLIURETANO PARA MADEIRA, COM FILTRO SOLAR, BRILHANTE, USO INTERNO E EXTERNO		10478	synthetic_4851	-1
VERNIZ MARITIMO PREMIUM PARA MADEIRA, COM FILTRO SOLAR, BRILHANTE, USO INTERNO E EXTERNO		10481	synthetic_4851	-1
VERNIZ TIPO COPAL PARA MADEIRA, BRILHANTE, USO INTERNO		10475	synthetic_4851	-1
VEU DE POLIESTER PARA IMPERMEABILIZACAO		4030	synthetic_4851	0
VIDRACEIRO (HORISTA)		10489	synthetic_4851	0
VIDRO PLANO ARAMADO E = 7MM - SEM COLOCACAO		11185	synthetic_4851	-1
VIGA APARELHADA *6 X 12* CM, EM MACARANDUBA/MASSARANDUBA, ANGELIM OU EQUIVALENTE DA REGIAO		20213	synthetic_4851	3
VIGA APARELHADA *6 X 16* CM, EM MACARANDUBA/MASSARANDUBA, ANGELIM OU EQUIVALENTE DA REGIAO		20211	synthetic_4851	3
VIGA DE ESCORAMENTO H20, DE MADEIRA, PESO DE 5,00 A 5,20 KG/M, COM EXTREMIDADES PLASTICAS		40270	synthetic_4851	47
VIGA NAO APARELHADA *6 X 12* CM, EM MACARANDUBA/MASSARANDUBA, ANGELIM OU EQUIVALENTE DA REGIAO - BRUTA		4425	synthetic_4851	3
VIGA NAO APARELHADA *6 X 16* CM, EM MACARANDUBA/MASSARANDUBA, ANGELIM OU EQUIVALENTE DA REGIAO - BRUTA		4472	synthetic_4851	3
VIGA NAO APARELHADA *6 X 20* CM, EM MACARANDUBA/MASSARANDUBA, ANGELIM OU EQUIVALENTE DA REGIAO - BRUTA		35272	synthetic_4851	3
VIGA NAO APARELHADA *8 X 16* CM EM MACARANDUBA/MASSARANDUBA, ANGELIM OU EQUIVALENTE DA REGIAO - BRUTA		4481	synthetic_4851	3
VIGIA DIURNO (HORISTA)		34345	synthetic_4851	0
