"ID_Sup"	"ID_Prod"	"Prod_Desc"	"ID_Itm"	"Itm_Desc"
"295"	"17146"	"Splitão 10TR com condensador centrifugo"	"119965"	"AR-CONDICIONADO FRIO SPLITAO MODULAR 10 TR"
"295"	"28014"	"Arame galvanizado liso n°16, Bitóla 1,65 mm – rolo de 1kg"	"119988"	"ARAME GALVANIZADO 16 BWG, D = 1,65MM (0,0166 KG/M)"
"295"	"36363"	"TIJOLO - CERÂMICA - VERMELHA - 6 FUROS - NORMATIZADO"	"120428"	"BLOCO CERAMICO VAZADO PARA ALVENARIA DE VEDACAO, 6 FUROS, DE 9 X 14 X 19 CM (L X A X C)"
"295"	"27741"	"Bloco estrutural de concreto 14x19x39cm"	"120506"	"BLOCO ESTRUTURAL CERAMICO 14 X 19 X 39 CM, 6,0 MPA (NBR 15270)"
"295"	"27742"	"Bloco estrutural de concreto 19x19x39cm"	"120508"	"BLOCO ESTRUTURAL CERAMICO 19 X 19 X 39 CM, 6,0 MPA (NBR 15270)"
"295"	"5620"	"BUCHA DE REDUÇÃO EM COBRE DIA DN 22 MM X 15 MM CLASSE A"	"120573"	"BUCHA DE REDUCAO DE COBRE (REF 600-2) SEM ANEL DE SOLDA, PONTA X BOLSA, 22 X 15 MM"
"295"	"5618"	"BUCHA DE REDUÇÃO EM COBRE DIA DN 28 MM X 22 MM CLASSE A"	"120574"	"BUCHA DE REDUCAO DE COBRE (REF 600-2) SEM ANEL DE SOLDA, PONTA X BOLSA, 28 X 22 MM"
"295"	"5920"	"Cabo rede UTP 4 pares cat 6"	"120801"	"CABO DE PAR TRANCADO UTP, 4 PARES, CATEGORIA 6"
"295"	"7939"	"CAIXA D'AGUA / RESERVATORIO EM POLIESTER REFORCADO COM FIBRA DE VIDRO, 15000 LITROS, COM TAMPA"	"120859"	"CAIXA D'AGUA EM POLIETILENO 1500 LITROS, COM TAMPA"
"295"	"17653"	"CURVA CURTA 45° PVC OCRE DIÂMETRO 100MM COM CONEXÃO JEI"	"121622"	"CURVA PVC, 45 GRAUS, CURTA, PB, DN 100 MM, PARA ESGOTO PREDIAL"
"295"	"5915"	"Disjuntor Monopolar 32A Curva C DIN"	"121780"	"DISJUNTOR TIPO DIN/IEC, MONOPOLAR DE 6 ATE 32A"
"295"	"18476"	"Rolos fita isolante, 19mm x 20m"	"122167"	"FITA ISOLANTE ADESIVA ANTICHAMA, USO ATE 750 V, EM ROLO DE 19 MM X 20 M"
"295"	"37327"	"Joelho PVC soldável 20 x 1/2 NBR 5648"	"122463"	"JOELHO PVC, SOLDAVEL COM ROSCA, 90 GRAUS, 20 MM X 1/2"", PARA AGUA FRIA PREDIAL"
"295"	"37328"	"Joelho PVC soldável 25 x 1/2 NBR 5648"	"122464"	"JOELHO PVC, SOLDAVEL COM ROSCA, 90 GRAUS, 25 MM X 1/2"", PARA AGUA FRIA PREDIAL"
"295"	"6441"	"Lavadora de alta pressão"	"122693"	"LAVADORA DE ALTA PRESSAO (LAVA - JATO) PARA AGUA FRIA, PRESSAO DE OPERACAO ENTRE 1400 E 1900 LIB/POL2, VAZAO MAXIMA ENTRE 400 E 700 L/H, POTENCIA DE OPERACAO ENTRE 2,50 E 3,00 CV"
"295"	"42249"	"Parafuso Máquina - rosca 1,75, comprimento 45mm"	"123342"	"PARAFUSO DE ACO ZINCADO COM ROSCA SOBERBA, CABECA CHATA E FENDA SIMPLES, DIAMETRO 4,8 MM, COMPRIMENTO 45 MM"
"295"	"16718"	"PLACA CHAPA GESSO ACARTONADO RESISTENTE AO FOGO (rf) COM ROSA, E = 12,5MM, 1200X2400MM (LXC)"	"123559"	"PLACA / CHAPA DE GESSO ACARTONADO, RESISTENTE AO FOGO (RF), COR ROSA, E = 12,5 MM, 1200 X 2400 MM (L X C)"
"295"	"16677"	"Po De Pedra (Posto Pedreira/Fornecedor, Sem Frete), Incluso Frete"	"123613"	"PO DE PEDRA (POSTO PEDREIRA/FORNECEDOR, SEM FRETE)"
"295"	"17691"	"POSTE DE CONCRETO DT, 10M, 150 daN"	"123704"	"POSTE DE CONCRETO DUPLO T, TIPO B, 300 KG, H = 10 M (NBR 8451)"
"295"	"41222"	"TELA DE AÇO SOLDADA NERVURADA, CA-60, Q-196, (3,11 KG/M2), DIAMETRO DO FIO = 5,0 MM, LARGURA = 2,45 M, ESPACAMENTO DA MALHA = 10 X 10 CM"	"124369"	"TELA DE ACO SOLDADA NERVURADA, CA-60, Q-196, (3,11 KG/M2), DIAMETRO DO FIO = 5,0 MM, LARGURA = 2,45 M, ESPACAMENTO DA MALHA = 10 X 10 CM"
"295"	"6643"	"TELHA DE CONCRETO TIPO CLASSICA, COR CINZA, COMPRIMENTO DE *42* CM, RENDIMENTO DE *10* TELHAS/M2 (COLETADO CAIXA)"	"124395"	"TELHA DE CONCRETO TIPO CLASSICA, COR CINZA, COMPRIMENTO DE *42* CM, RENDIMENTO DE *10* TELHAS/M2"
"295"	"50871"	"TELHA FIBROCIMENTO FOLHA 2,44 X 1,10 6 MM"	"124409"	"TELHA DE FIBROCIMENTO ONDULADA E = 6 MM, DE 2,44 X 1,10 M (SEM AMIANTO)"
"295"	"16719"	"TELHA GALVALUME COM ISOLAMENTO TERMOACUSTICO EM ESPUMA RIGIDA DE POLIURETANO INJETADO ESPESSURA DE 30MM, DENSIDADE DE 35KG/M3 REVESTIMENTO EM TELHA TRAPEZOIDAL NAS DUAS FACES COM ESPESSURA DE 0,50MM CADA, PINTADA NA COR BRANCA"	"124433"	"TELHA GALVALUME COM ISOLAMENTO TERMOACUSTICO EM ESPUMA RIGIDA DE POLIURETANO (PU) INJETADO, ESPESSURA DE 30 MM, DENSIDADE DE 35 KG/M3, COM DUAS FACES TRAPEZOIDAIS, ACABAMENTO NATURAL (NAO INCLUI ACESSORIOS DE FIXACAO)"
"295"	"5604"	"Tinta asfáltica impermeabilizante"	"124498"	"TINTA ASFALTICA IMPERMEABILIZANTE DISPERSA EM AGUA, PARA MATERIAIS CIMENTICIOS"
"295"	"39408"	"ESTABILIZADOR - ESTABILIZADOR ELETRÔNICO TRIFÁSICO DE TENSÃO 15 KVA"	"124568"	"TRANSFORMADOR TRIFASICO DE DISTRIBUICAO, POTENCIA DE 15 KVA, TENSAO NOMINAL DE 15 KV, TENSAO SECUNDARIA DE 220/127V, EM OLEO ISOLANTE TIPO MINERAL"
"295"	"17644"	"TUBO PVC OCRE DIÂMETRO 100MM COM CONEXÃO JEI"	"124653"	"TUBO COLETOR DE ESGOTO PVC, JEI, DN 100 MM (NBR 7362)"
"295"	"35638"	"TUBO DE POLIETILENO DE ALTA DENSIDADE, PEAD, PE-80, DE = 110 MM X 10,0 MM PAREDE, (SDR 11 - PN 12,5) PARA REDE DE AGUA OU ESGOTO (NBR 15561)"	"124806"	"TUBO DE POLIETILENO DE ALTA DENSIDADE, PEAD, PE-80, DE = 110 MM X 10,0 MM PAREDE, ( SDR 11 - PN 12,5 ) PARA REDE DE AGUA OU ESGOTO (NBR 15561)"
"295"	"6183"	"TUBO DE POLIETILENO DE ALTA DENSIDADE, PEAD, PE-80, DE = 1200 MM X 37,2 MM PAREDE ( SDR 32,25 - PN 04 ) PARA REDE DE AGUA OU ESGOTO ( NBR 15561)"	"124807"	"TUBO DE POLIETILENO DE ALTA DENSIDADE, PEAD, PE-80, DE = 1200 MM X 37,2 MM PAREDE ( SDR 32,25 - PN 04 ) PARA REDE DE AGUA OU ESGOTO (NBR 15561)"
"295"	"6184"	"TUBO DE POLIETILENO DE ALTA DENSIDADE, PEAD, PE-80, DE = 1400 MM X 42,9 MM PAREDE, (SDR 32,25 - PN 04 ) PARA REDE DE AGUA OU ESGOTO ( NBR 15561)"	"124808"	"TUBO DE POLIETILENO DE ALTA DENSIDADE, PEAD, PE-80, DE = 1400 MM X 42,9 MM PAREDE, (SDR 32,25 - PN 04 ) PARA REDE DE AGUA OU ESGOTO (NBR 15561)"
"295"	"35639"	"TUBO DE POLIETILENO DE ALTA DENSIDADE, PEAD, PE-80, DE = 160 MM X 14,6 MM PAREDE, (SDR 11 - PN 12,5) PARA REDE DE AGUA OU ESGOTO (NBR 15561)"	"124809"	"TUBO DE POLIETILENO DE ALTA DENSIDADE, PEAD, PE-80, DE = 160 MM X 14,6 MM PAREDE, (SDR 11 - PN 12,5 ) PARA REDE DE AGUA OU ESGOTO (NBR 15561)"
"295"	"6186"	"TUBO DE POLIETILENO DE ALTA DENSIDADE, PEAD, PE-80, DE = 1600 MM X 49,0 MM PAREDE, ( SDR 32,25 - PN 04 ) PARA REDE DE AGUA OU ESGOTO ( NBR 15561)"	"124810"	"TUBO DE POLIETILENO DE ALTA DENSIDADE, PEAD, PE-80, DE = 1600 MM X 49,0 MM PAREDE, ( SDR 32,25 - PN 04 ) PARA REDE DE AGUA OU ESGOTO (NBR 15561)"
"295"	"35640"	"TUBO DE POLIETILENO DE ALTA DENSIDADE, PEAD, PE-80, DE = 900 MM X 34,7 MM PAREDE, (SDR 26 - PN 05) PARA REDE DE AGUA OU ESGOTO (NBR 15561)"	"124811"	"TUBO DE POLIETILENO DE ALTA DENSIDADE, PEAD, PE-80, DE = 900 MM X 34,7 MM PAREDE, ( SDR 26 - PN 05 ) PARA REDE DE AGUA OU ESGOTO (NBR 15561)"
"295"	"35642"	"TUBO DE POLIETILENO DE ALTA DENSIDADE, PEAD, PE-80, DE= 315 MM X 28,7 MM PAREDE, (SDR 11 - PN 12,5) PARA REDE DE AGUA OU ESGOTO (NBR 15561)"	"124813"	"TUBO DE POLIETILENO DE ALTA DENSIDADE, PEAD, PE-80, DE= 315 MM X 28,7 MM PAREDE, ( SDR 11 - PN 12,5 ) PARA REDE DE AGUA OU ESGOTO (NBR 15561)"
"295"	"35643"	"TUBO DE POLIETILENO DE ALTA DENSIDADE, PEAD, PE-80, DE= 400 MM X 36,4 MM PAREDE, (SDR 11 - PN 12,5) PARA REDE DE AGUA OU ESGOTO (NBR 15561)"	"124814"	"TUBO DE POLIETILENO DE ALTA DENSIDADE, PEAD, PE-80, DE= 400 MM X 36,4 MM PAREDE, ( SDR 11 - PN 12,5 ) PARA REDE DE AGUA OU ESGOTO (NBR 15561)"
"295"	"35644"	"TUBO DE POLIETILENO DE ALTA DENSIDADE, PEAD, PE-80, DE= 500 MM X 45,5 MM PAREDE, (SDR 11 - PN 12,5) PARA REDE DE AGUA OU ESGOTO (NBR 15561)"	"124816"	"TUBO DE POLIETILENO DE ALTA DENSIDADE, PEAD, PE-80, DE= 500 MM X 45,5 MM PAREDE, ( SDR 11 - PN 12,5 ) PARA REDE DE AGUA OU ESGOTO (NBR 15561)"
"295"	"35645"	"TUBO DE POLIETILENO DE ALTA DENSIDADE, PEAD, PE-80, DE= 630 MM X 57,3 MM PAREDE (SDR 11 - PN 12,5) PARA REDE DE AGUA OU ESGOTO (NBR 15561)"	"124817"	"TUBO DE POLIETILENO DE ALTA DENSIDADE, PEAD, PE-80, DE= 630 MM X 57,3 MM PAREDE (SDR 11 - PN 12,5 ) PARA REDE DE AGUA OU ESGOTO (NBR 15561)"
"295"	"35646"	"TUBO DE POLIETILENO DE ALTA DENSIDADE, PEAD, PE-80, DE= 730 MM X 34,1 MM PAREDE, (SDR 21 - PN 06) PARA REDE DE AGUA OU ESGOTO (NBR 15561)"	"124818"	"TUBO DE POLIETILENO DE ALTA DENSIDADE, PEAD, PE-80, DE= 730 MM X 34,1 MM PAREDE, ( SDR 21 - PN 06 ) PARA REDE DE AGUA OU ESGOTO (NBR 15561)"
"295"	"35647"	"TUBO DE POLIETILENO DE ALTA DENSIDADE, PEAD, PE-80, DE= 75 MM X 6,9 MM PAREDE, (SRD 11 - PN 12,5) PARA REDE DE AGUA OU ESGOTO (NBR 15561)"	"124819"	"TUBO DE POLIETILENO DE ALTA DENSIDADE, PEAD, PE-80, DE= 75 MM X 6,9 MM PAREDE, ( SRD 11 - PN 12,5 ) PARA REDE DE AGUA OU ESGOTO (NBR 15561)"
"295"	"35648"	"TUBO DE POLIETILENO DE ALTA DENSIDADE, PEAD, PE-80, DE= 800 MM X 30,8 MM PAREDE, (SDR 26 - PN 05) PARA REDE DE AGUA OU ESGOTO (NBR 15561)"	"124820"	"TUBO DE POLIETILENO DE ALTA DENSIDADE, PEAD, PE-80, DE= 800 MM X 30,8 MM PAREDE, ( SDR 26 - PN 05 ) PARA REDE DE AGUA OU ESGOTO (NBR 15561)"
"295"	"35650"	"TUBO DE REVESTIMENTO, EM ACO, CORPO SCHEDULE 40, PONTEIRA SCHEDULE 80, ROSQUEAVEL E SEGMENTADO PARA PERFURACAO, DIAMETRO 14"" (400 MM)"	"124827"	"TUBO DE REVESTIMENTO, EM ACO, CORPO SCHEDULE 40, PONTEIRA SCHEDULE 80, ROSQUEAVEL E SEGMENTADO PARA PERFURACAO, DIAMETRO 14'' (400 MM)"
"295"	"35651"	"TUBO DE REVESTIMENTO, EM ACO, CORPO SCHEDULE 40, PONTEIRA SCHEDULE 80, ROSQUEAVEL E SEGMENTADO PARA PERFURACAO, DIAMETRO 16"" (450 MM)"	"124828"	"TUBO DE REVESTIMENTO, EM ACO, CORPO SCHEDULE 40, PONTEIRA SCHEDULE 80, ROSQUEAVEL E SEGMENTADO PARA PERFURACAO, DIAMETRO 16'' (450 MM)"
"295"	"35652"	"TUBO DE REVESTIMENTO, EM ACO, CORPO SCHEDULE 40, PONTEIRA SCHEDULE 80, ROSQUEAVEL E SEGMENTADO PARA PERFURACAO, DIAMETRO 4"" (450 MM)"	"124829"	"TUBO DE REVESTIMENTO, EM ACO, CORPO SCHEDULE 40, PONTEIRA SCHEDULE 80, ROSQUEAVEL E SEGMENTADO PARA PERFURACAO, DIAMETRO 4'' (450 MM)"
"295"	"35653"	"TUBO DE REVESTIMENTO, EM ACO, CORPO SCHEDULE 40, PONTEIRA SCHEDULE 80, ROSQUEAVEL E SEGMENTADO PARA PERFURACAO, DIAMETRO 6"" (200 MM)"	"124830"	"TUBO DE REVESTIMENTO, EM ACO, CORPO SCHEDULE 40, PONTEIRA SCHEDULE 80, ROSQUEAVEL E SEGMENTADO PARA PERFURACAO, DIAMETRO 6'' (200 MM)"
"295"	"35661"	"TUBO MULTICAMADA PEX GAS, DN *26* MM"	"124840"	"TUBO MULTICAMADA PEX, DN *26* MM, PARA INSTALACOES A GAS (AMARELO)"
"295"	"35659"	"TUBO MULTICAMADA PEX GAS, DN *16* MM"	"124841"	"TUBO MULTICAMADA PEX, DN 16 MM, PARA INSTALACOES A GAS (AMARELO)"
"295"	"35660"	"TUBO MULTICAMADA PEX GAS, DN *20* MM"	"124842"	"TUBO MULTICAMADA PEX, DN 20 MM, PARA INSTALACOES A GAS (AMARELO)"
"295"	"35662"	"TUBO MULTICAMADA PEX GAS, DN *32* MM"	"124843"	"TUBO MULTICAMADA PEX, DN 32 MM, PARA INSTALACOES A GAS (AMARELO)"
"295"	"35677"	"TUBO PVC SERIE NORMAL, DN 150 MM, PARA ESGOTO PREDIAL (NBR 5688)"	"124863"	"TUBO PVC SERIE NORMAL, DN 150 MM, PARA ESGOTO PREDIAL (NBR 5688)"
"295"	"35678"	"TUBO PVC SERIE NORMAL, DN 40 MM, PARA ESGOTO PREDIAL (NBR 5688)"	"124864"	"TUBO PVC SERIE NORMAL, DN 40 MM, PARA ESGOTO PREDIAL (NBR 5688)"
"295"	"35663"	"TUBO PVC CORRUGADO, PAREDE DUPLA, JE, DN 300 MM/ DE 315 MM, REDE COLETORA ESGOTO"	"124868"	"TUBO PVC CORRUGADO, PAREDE DUPLA, JE, DN 300 MM, REDE COLETORA ESGOTO"
"295"	"14589"	"Tubo de pvc geomecânico standard, DN 154, parede de 9,5mm, seção de 2 m"	"124873"	"TUBO PVC DE REVESTIMENTO GEOMECANICO NERVURADO STANDARD, DN = 154 MM, COMPRIMENTO = 2 M"
"295"	"8617"	"Tubo PVC DEFOFO, JEI, 1 MPA, DN 100mm, para rede de água (NBR 7665)"	"124876"	"TUBO PVC DEFOFO, JEI, 1 MPA, DN 100 MM, PARA REDE DE AGUA (NBR 7665)"
"295"	"8618"	"Tubo PVC DEFOFO JEI 1 MPA DN 150mm para rede de água (NBR 7665)"	"124877"	"TUBO PVC DEFOFO, JEI, 1 MPA, DN 150 MM, PARA REDE DE AGUA (NBR 7665)"
"295"	"8619"	"Tubo PVC DEFOFO JEI 1 MPA DN 200mm para rede de água (NBR 7665)"	"124878"	"TUBO PVC DEFOFO, JEI, 1 MPA, DN 200 MM, PARA REDE DE AGUA (NBR 7665)"
"295"	"8620"	"Tubo PVC DEFOFO JEI 1 MPA DN 250mm Para Rede De Água (NBR 7665)"	"124879"	"TUBO PVC DEFOFO, JEI, 1 MPA, DN 250 MM, PARA REDE DE AGUA (NBR 7665)"
"295"	"8615"	"Tubo PVC PBA JEI Classe 12 DN 75mm para rede de água (NBR 5647)"	"124883"	"TUBO PVC PBA JEI, CLASSE 12, DN 75 MM, PARA REDE DE AGUA (NBR 5647)"
"295"	"41576"	"TUBO PVC, SERIE R, DN 100 MM, PARA ESGOTO OU AGUAS PLUVIAIS PREDIAL (NBR 5688)"	"124906"	"TUBO PVC, SERIE R, DN 100 MM, PARA ESGOTO OU AGUAS PLUVIAIS PREDIAIS (NBR 5688)"
"295"	"41575"	"TUBO PVC, SERIE R, DN 40 MM, PARA ESGOTO OU AGUAS PLUVIAIS PREDIAL (NBR 5688)"	"124908"	"TUBO PVC, SERIE R, DN 40 MM, PARA ESGOTO OU AGUAS PLUVIAIS PREDIAIS (NBR 5688)"
"295"	"41573"	"TUBO PVC, SOLDAVEL, DE 20 MM, AGUA FRIA (NBR-5648)"	"124912"	"TUBO PVC, SOLDAVEL, DN 20 MM, AGUA FRIA (NBR-5648)"
"295"	"41574"	"TUBO PVC, SOLDAVEL, DE 25 MM, AGUA FRIA (NBR-5648)"	"124913"	"TUBO PVC, SOLDAVEL, DN 25 MM, AGUA FRIA (NBR-5648)"
"295"	"37368"	"Tubo PVC soldável 60 mm NBR 5648"	"124917"	"TUBO PVC, SOLDAVEL, DN 60 MM, AGUA FRIA (NBR-5648)"
"295"	"35679"	"UNIAO COM ASSENTO CONICO DE BRONZE, DIAMETRO 2"""	"124926"	"UNIAO COM ASSENTO CONICO DE BRONZE, DIAMETRO 2'"
"295"	"8068"	"união com assento conico de ferro longo (macho-femea) Diâmetro 2"""	"124934"	"UNIAO COM ASSENTO CONICO DE FERRO LONGO (MACHO-FEMEA), DIAMETRO 2"""
"295"	"35680"	"UNIAO COM ASSENTO CONICO DE FERRO LONGO (MACHO-FEMEA), DIAMETRO 3"""	"124936"	"UNIAO COM ASSENTO CONICO DE FERRO LONGO (MACHO-FEMEA), DIAMETRO 3'"
"295"	"35681"	"UNIAO PVC, SOLDAVEL, 110 MM, PARA AGUA FRIA PREDIAL"	"124970"	"UNIAO PVC, SOLDAVEL, 110 MM, PARA AGUA FRIA PREDIAL"
"295"	"35682"	"UNIAO PVC, SOLDAVEL, 20 MM, PARA AGUA FRIA PREDIAL"	"124971"	"UNIAO PVC, SOLDAVEL, 20 MM, PARA AGUA FRIA PREDIAL"
"295"	"29044"	"UNIAO SOLDAVEL EM PVC RIGIDO PARA A LINHA DE ÁGUA FRIA 25 MM COR MARROM"	"124972"	"UNIAO PVC, SOLDAVEL, 25 MM, PARA AGUA FRIA PREDIAL"
"295"	"29849"	"UNIAO SOLDAVEL EM PVC RIGIDO PARA A LINHA DE ÁGUA FRIA 32 MM COR MARROM"	"124973"	"UNIAO PVC, SOLDAVEL, 32 MM, PARA AGUA FRIA PREDIAL"
"295"	"35683"	"UNIAO PVC, SOLDAVEL, 40 MM, PARA AGUA FRIA PREDIAL"	"124974"	"UNIAO PVC, SOLDAVEL, 40 MM, PARA AGUA FRIA PREDIAL"
"295"	"29181"	"UNIAO SOLDAVEL EM PVC RIGIDO PARA A LINHA DE ÁGUA FRIA 50 MM COR MARROM"	"124975"	"UNIAO PVC, SOLDAVEL, 50 MM, PARA AGUA FRIA PREDIAL"
"295"	"34158"	"UNIAO SOLDAVEL EM PVC RIGIDO PARA A LINHA DE ÁGUA FRIA 60 MM COR MARROM"	"124976"	"UNIAO PVC, SOLDAVEL, 60 MM, PARA AGUA FRIA PREDIAL"
"295"	"35684"	"UNIAO PVC, SOLDAVEL, 85 MM, PARA AGUA FRIA PREDIAL"	"124978"	"UNIAO PVC, SOLDAVEL, 85 MM, PARA AGUA FRIA PREDIAL"
"295"	"6197"	"USINA DE ASFALTO, GRAVIMETRICA, CAPACIDADE DE 150 T/H, POTENCIA DE 400 KW"	"124992"	"USINA DE ASFALTO, GRAVIMETRICA, CAPACIDADE DE 150 T/H, POTENCIA DE 400 KW"
"295"	"35694"	"USINA MISTURADORA DE SOLOS, DOSADORES TRIPLOS, CALHA VIBRATORIA CAPACIDADE DE 200 A 500 T/H, POTENCIA DE 75 KW"	"124999"	"USINA MISTURADORA DE SOLOS, DOSADORES TRIPLOS, CALHA VIBRATORIA CAPACIDADE DE 200 A 500 T/H, POTENCIA DE 75 KW"
"295"	"35695"	"VALVULA DE DESCARGA METALICA, BASE 1 1/2"" E ACABAMENTO METALICO CROMADO"	"125001"	"VALVULA DE DESCARGA METALICA, BASE 1 1/2 "" E ACABAMENTO METALICO CROMADO"
"295"	"35696"	"VALVULA DE DESCARGA METALICA, BASE 1 1/4"" E ACABAMENTO METALICO CROMADO"	"125002"	"VALVULA DE DESCARGA METALICA, BASE 1 1/4 "" E ACABAMENTO METALICO CROMADO"
"295"	"35697"	"VALVULA DE ESFERA BRUTA EM BRONZE, BITOLA 1 1/2"""	"125004"	"VALVULA DE ESFERA BRUTA EM BRONZE, BITOLA 1 1/2 "" (REF 1552-B)"
"295"	"35698"	"VALVULA DE ESFERA BRUTA EM BRONZE, BITOLA 1 1/4"""	"125005"	"VALVULA DE ESFERA BRUTA EM BRONZE, BITOLA 1 1/4 "" (REF 1552-B)"
"295"	"12299"	"Válvula de retenção horizontal de bronze PN25 3"" ,400 Psi,tampa de porca de união,extremidades com rosca"	"125024"	"VALVULA DE RETENCAO HORIZONTAL, DE BRONZE (PN-25), 3"", 400 PSI, TAMPA DE PORCA DE UNIAO, EXTREMIDADES COM ROSCA"
"295"	"35699"	"VALVULA EM METAL CROMADO PARA LAVATORIO, 1"" SEM LADRAO"	"125035"	"VALVULA EM METAL CROMADO PARA LAVATORIO, 1 "" SEM LADRAO"
"295"	"6198"	"VIBROACABADORA DE ASFALTO SOBRE ESTEIRAS, LARG. PAVIM. MAX. 8,00 M, POT. 100 KW/ 134 HP, CAP. 600 T/ H"	"125070"	"VIBROACABADORA DE ASFALTO SOBRE ESTEIRAS, LARG. PAVIM. MAX. 8,00 M, POT. 100 KW/ 134 HP, CAP. 600 T/ H"
"295"	"35704"	"VIDRO COMUM LAMINADO, LISO, INCOLOR, TRIPLO, ESPESSURA TOTAL 12 MM (CADA CAMADA E= 4 MM) - COLOCADO"	"125079"	"VIDRO COMUM LAMINADO, LISO, INCOLOR, TRIPLO, ESPESSURA TOTAL 12 MM (CADA CAMADA E= 4 MM) - COLOCADO"
"295"	"15552"	"Vidro liso de 4 mm, fumê"	"125085"	"VIDRO LISO FUME E = 4MM - SEM COLOCACAO"
"295"	"35705"	"VIDRO LISO INCOLOR 8MM - SEM COLOCACAO"	"125093"	"VIDRO LISO INCOLOR 8MM - SEM COLOCACAO"
"295"	"15551"	"Vidro aramado de 6 mm, transparente"	"125095"	"VIDRO PLANO ARAMADO E = 6 MM - SEM COLOCACAO"
"295"	"16700"	"Vidro temperado incolor 6 mm - material"	"125098"	"VIDRO TEMPERADO INCOLOR E = 6 MM, SEM COLOCACAO"
"295"	"12741"	"Vigota de madeira aparelhada 6 x 12 cm, em maçaranduba/massaranduba, angelim ou equivalente da região"	"125106"	"VIGA APARELHADA *6 X 12* CM, EM MACARANDUBA, ANGELIM OU EQUIVALENTE DA REGIAO"
"295"	"12740"	"Vigota de madeira aparelhada 6 x 16 cm, em maçaranduba/massaranduba, angelim ou equivalente da região"	"125107"	"VIGA APARELHADA *6 X 16* CM, EM MACARANDUBA, ANGELIM OU EQUIVALENTE DA REGIAO"
"295"	"35706"	"VIGA DE ESCORAMENTO H20, DE MADEIRA, PESO DE 5,00 A 5,20 KG/M, COM EXTREMIDADES PLASTICAS"	"125108"	"VIGA DE ESCORAMAENTO H20, DE MADEIRA, PESO DE 5,00 A 5,20 KG/M, COM EXTREMIDADES PLASTICAS"
"295"	"6024"	"AJUDANTE DE ESTRUTURAS METALICAS HORISTA"	"126721"	"AJUDANTE DE ESTRUTURAS METALICAS HORISTA [SINAPI 44499]"
"295"	"34737"	"AJUDANTE DE ESTRUTURAS METALICAS (HORISTA)"	"126721"	"AJUDANTE DE ESTRUTURAS METALICAS HORISTA [SINAPI 44499]"
"295"	"6025"	"APOIO DO PORTA DENTE PARA FRESADORA DE ASFALTO"	"126722"	"APOIO DO PORTA DENTE PARA FRESADORA DE ASFALTO [SINAPI 44473]"
"295"	"34757"	"APOIO DO PORTA DENTE PARA FRESADORA DE ASFALTO"	"126722"	"APOIO DO PORTA DENTE PARA FRESADORA DE ASFALTO [SINAPI 44473]"
"295"	"6026"	"AQUECEDOR DE OLEO BPF (FLUIDO) TERMICO, CAPACIDADE DE 300.000 KCAL/H"	"126723"	"AQUECEDOR DE OLEO BPF (FLUIDO) TERMICO, CAPACIDADE DE 300.000 KCAL/H [SINAPI 44498]"
"295"	"717"	"AQUECEDOR DE OLEO BPF (FLUIDO) TERMICO, CAPACIDADE DE 300.000 KCAL/H"	"126723"	"AQUECEDOR DE OLEO BPF (FLUIDO) TERMICO, CAPACIDADE DE 300.000 KCAL/H [SINAPI 44498]"
"295"	"6027"	"BETONEIRA CAPACIDADE NOMINAL 600 L, CAPACIDADE DE MISTURA 440 L, MOTOR A GASOLINA POTENCIA 10 HP, COM CARREGADOR"	"126724"	"BETONEIRA CAPACIDADE NOMINAL 600 L, CAPACIDADE DE MISTURA 440 L, MOTOR A GASOLINA POTENCIA 10 HP, COM CARREGADOR [SINAPI 44492]"
"295"	"923"	"BETONEIRA CAPACIDADE NOMINAL 600 L, CAPACIDADE DE MISTURA 440 L, MOTOR A GASOLINA POTENCIA 10 HP, COM CARREGADOR"	"126724"	"BETONEIRA CAPACIDADE NOMINAL 600 L, CAPACIDADE DE MISTURA 440 L, MOTOR A GASOLINA POTENCIA 10 HP, COM CARREGADOR [SINAPI 44492]"
"295"	"6028"	"BOMBA TRIPLEX COM MOTOR A DIESEL, NACIONAL, DIAMETRO DE SUCCAO DE 2 1/2''"	"126735"	"BOMBA TRIPLEX COM MOTOR A DIESEL, NACIONAL, DIAMETRO DE SUCCAO DE 2 1/2'' [SINAPI 44489]"
"295"	"34835"	"BOMBA TRIPLEX COM MOTOR A DIESEL, NACIONAL, DIAMETRO DE SUCCAO DE 2 1/2"""	"126735"	"BOMBA TRIPLEX COM MOTOR A DIESEL, NACIONAL, DIAMETRO DE SUCCAO DE 2 1/2'' [SINAPI 44489]"
"295"	"6029"	"CAIXA DE INSPECAO PARA ATERRAMENTO OU OUTRO USO, EM PVC, DN = 250 X 250 MM"	"126736"	"CAIXA DE INSPECAO PARA ATERRAMENTO OU OUTRO USO, EM PVC, DN = 250 X 250 MM [SINAPI 41480]"
"295"	"6030"	"CAIXA DE INSPECAO PARA ATERRAMENTO OU OUTRO USO, EM PVC, DN = 300 X *300* MM"	"126737"	"CAIXA DE INSPECAO PARA ATERRAMENTO OU OUTRO USO, EM PVC, DN = 300 X *300* MM [SINAPI 41474]"
"295"	"6031"	"CAIXA DE INSPECAO PARA ATERRAMENTO OU OUTRO USO, EM PVC, DN = 300 X 250 MM"	"126738"	"CAIXA DE INSPECAO PARA ATERRAMENTO OU OUTRO USO, EM PVC, DN = 300 X 250 MM [SINAPI 41475]"
"295"	"6032"	"CAIXA DE INSPECAO PARA ATERRAMENTO OU OUTRO USO, EM PVC, DN = 300 X 600 MM"	"126739"	"CAIXA DE INSPECAO PARA ATERRAMENTO OU OUTRO USO, EM PVC, DN = 300 X 600 MM [SINAPI 41476]"
"295"	"1422"	"CALCARIO DOLOMITICO A (POSTO PEDREIRA/FORNECEDOR, SEM FRETE)"	"126740"	"CALCARIO DOLOMITICO A (POSTO PEDREIRA/FORNECEDOR, SEM FRETE) [SINAPI 44479]"
"295"	"6033"	"CALCARIO DOLOMITICO A (POSTO PEDREIRA/FORNECEDOR, SEM FRETE)"	"126740"	"CALCARIO DOLOMITICO A (POSTO PEDREIRA/FORNECEDOR, SEM FRETE) [SINAPI 44479]"
"295"	"6034"	"CAPTOR FRANKLIN (4 PONTAS), EM LATAO CROMADO, H = 300 MM, DUAS DESCIDAS"	"126741"	"CAPTOR FRANKLIN (4 PONTAS), EM LATAO CROMADO, H = 300 MM, DUAS DESCIDAS [SINAPI 41410]"
"295"	"6035"	"CAPTOR FRANKLIN (4 PONTAS), EM LATAO CROMADO, H = 300 MM, UMA DESCIDA"	"126742"	"CAPTOR FRANKLIN (4 PONTAS), EM LATAO CROMADO, H = 300 MM, UMA DESCIDA [SINAPI 41411]"
"295"	"6036"	"CAPTOR FRANKLIN (4 PONTAS), EM LATAO CROMADO, H = 350 MM, DUAS DESCIDAS"	"126743"	"CAPTOR FRANKLIN (4 PONTAS), EM LATAO CROMADO, H = 350 MM, DUAS DESCIDAS [SINAPI 41412]"
"295"	"6037"	"CAPTOR FRANKLIN (4 PONTAS), EM LATAO CROMADO, H=350 MM, UMA DESCIDA"	"126744"	"CAPTOR FRANKLIN (4 PONTAS), EM LATAO CROMADO, H=350 MM, UMA DESCIDA [SINAPI 41413]"
"295"	"6038"	"CHAPA/PAINEL DE MADEIRA COMPENSADA PLASTIFICADA (MADEIRITE PLASTIFICADO) PARA FORMA DE CONCRETO, DE 2200 X 1100 MM, E = 14 MM"	"126745"	"CHAPA/PAINEL DE MADEIRA COMPENSADA PLASTIFICADA (MADEIRITE PLASTIFICADO) PARA FORMA DE CONCRETO, DE 2200 X 1100 MM, E = 14 MM [SINAPI 43678]"
"295"	"6039"	"CHAPA/PAINEL DE MADEIRA COMPENSADA PLASTIFICADA (MADEIRITE PLASTIFICADO) PARA FORMA DE CONCRETO, DE 2200 X 1100 MM, E = 20 MM"	"126746"	"CHAPA/PAINEL DE MADEIRA COMPENSADA PLASTIFICADA (MADEIRITE PLASTIFICADO) PARA FORMA DE CONCRETO, DE 2200 X 1100 MM, E = 20 MM [SINAPI 43680]"
"295"	"6040"	"CHAPA/PAINEL DE MADEIRA COMPENSADA PLASTIFICADA (MADEIRITE PLASTIFICADO) PARA FORMA DE CONCRETO, DE 2200 X 1100 MM, E = 6 MM"	"126747"	"CHAPA/PAINEL DE MADEIRA COMPENSADA PLASTIFICADA (MADEIRITE PLASTIFICADO) PARA FORMA DE CONCRETO, DE 2200 X 1100 MM, E = 6 MM [SINAPI 43679]"
"295"	"6041"	"CHAPA/PAINEL DE MADEIRA COMPENSADA RESINADA (MADEIRITE RESINADO ROSA) PARA FORMA DE CONCRETO, DE 2200 x 1100 MM, E = 8 A 12 MM"	"126748"	"CHAPA/PAINEL DE MADEIRA COMPENSADA RESINADA (MADEIRITE RESINADO ROSA) PARA FORMA DE CONCRETO, DE 2200 x 1100 MM, E = 8 A 12 MM [SINAPI 43681]"
"295"	"48090"	"CHAPA/PAINEL DE MADEIRA COMPENSADA RESINADA (MADEIRITE RESINADO ROSA) PARA FORMA DE CONCRETO, DE 2200 X 1100 MM, E = 8 A 12 MM"	"126748"	"CHAPA/PAINEL DE MADEIRA COMPENSADA RESINADA (MADEIRITE RESINADO ROSA) PARA FORMA DE CONCRETO, DE 2200 x 1100 MM, E = 8 A 12 MM [SINAPI 43681]"
"295"	"6042"	"CHAPA/PAINEL DE MADEIRA COMPENSADA RESINADA (MADEIRITE RESINADO ROSA) PARA FORMA DE CONCRETO, DE 2200 X 1100 MM, E = 20 MM"	"126749"	"CHAPA/PAINEL DE MADEIRA COMPENSADA RESINADA (MADEIRITE RESINADO ROSA) PARA FORMA DE CONCRETO, DE 2200 X 1100 MM, E = 20 MM [SINAPI 43677]"
"295"	"15653"	"CHAPA/PAINEL DE MADEIRA COMPENSADA RESINADA (MADEIRITE RESINADO ROSA) PARA FORMA DE CONCRETO, DE 2200 X 1100 MM, E = 20 MM"	"126749"	"CHAPA/PAINEL DE MADEIRA COMPENSADA RESINADA (MADEIRITE RESINADO ROSA) PARA FORMA DE CONCRETO, DE 2200 X 1100 MM, E = 20 MM [SINAPI 43677]"
"295"	"6043"	"CHAPA/PAINEL DE MADEIRA COMPENSADA RESINADA (MADEIRITE RESINADO ROSA) PARA FORMA DE CONCRETO, DE 2200 X 1100 MM, E = 6 MM"	"126750"	"CHAPA/PAINEL DE MADEIRA COMPENSADA RESINADA (MADEIRITE RESINADO ROSA) PARA FORMA DE CONCRETO, DE 2200 X 1100 MM, E = 6 MM [SINAPI 43682]"
"295"	"48089"	"CHAPA/PAINEL DE MADEIRA COMPENSADA RESINADA (MADEIRITE RESINADO ROSA) PARA FORMA DE CONCRETO, DE 2200 X 1100 MM, E = 6 MM"	"126750"	"CHAPA/PAINEL DE MADEIRA COMPENSADA RESINADA (MADEIRITE RESINADO ROSA) PARA FORMA DE CONCRETO, DE 2200 X 1100 MM, E = 6 MM [SINAPI 43682]"
"295"	"6044"	"CIMENTO PORTLAND ESTRUTURAL BRANCO CPB-32"	"126751"	"CIMENTO PORTLAND ESTRUTURAL BRANCO CPB-32 [SINAPI 44528]"
"295"	"1670"	"CIMENTO PORTLAND ESTRUTURAL BRANCO CPB-32"	"126751"	"CIMENTO PORTLAND ESTRUTURAL BRANCO CPB-32 [SINAPI 44528]"
"295"	"6045"	"COLA BRANCA BASE PVA"	"126752"	"COLA BRANCA BASE PVA [SINAPI 44396]"
"295"	"1677"	"COLA BRANCA BASE PVA"	"126752"	"COLA BRANCA BASE PVA [SINAPI 44396]"
"295"	"6046"	"COLA PARA TUBOS E MANTAS ELASTOMERICAS, A BASE DE SOLVENTE"	"126753"	"COLA PARA TUBOS E MANTAS ELASTOMERICAS, A BASE DE SOLVENTE [SINAPI 44327]"
"295"	"6047"	"CONTRAMARCO DE ALUMINIO (PERFIL 25) PARA ESQUADRIAS, TIPO CONVENCIONAL / CADEIRINHA, 60 MM (CM-060), INCLUSO CONEXOES, GRAPAS E TRAVAMENTOS"	"126754"	"CONTRAMARCO DE ALUMINIO (PERFIL 25) PARA ESQUADRIAS, TIPO CONVENCIONAL / CADEIRINHA, 60 MM (CM-060), INCLUSO CONEXOES, GRAPAS E TRAVAMENTOS [SINAPI 43657]"
"295"	"6048"	"DENTE PARA FRESADORA"	"126755"	"DENTE PARA FRESADORA [SINAPI 44472]"
"295"	"2214"	"DENTE PARA FRESADORA"	"126755"	"DENTE PARA FRESADORA [SINAPI 44472]"
"295"	"6049"	"DESINFETANTE PRONTO USO"	"126756"	"DESINFETANTE PRONTO USO [SINAPI 44330]"
"295"	"6050"	"DETERGENTE NEUTRO USO GERAL, CONCENTRADO"	"126757"	"DETERGENTE NEUTRO USO GERAL, CONCENTRADO [SINAPI 44329]"
"295"	"6051"	"DISCO DE BORRACHA PARA LIXADEIRA RIGIDO 7 "" COM ARRUELA CENTRAL"	"126758"	"DISCO DE BORRACHA PARA LIXADEIRA RIGIDO 7 "" COM ARRUELA CENTRAL [SINAPI 44532]"
"295"	"34972"	"DISCO DE BORRACHA PARA LIXADEIRA RIGIDO 7"" COM ARRUELA CENTRAL"	"126758"	"DISCO DE BORRACHA PARA LIXADEIRA RIGIDO 7 "" COM ARRUELA CENTRAL [SINAPI 44532]"
"295"	"6052"	"DISCO DE CORTE DIAMANTADO SEGMENTADO DIAMETRO DE 180 MM PARA ESMERILHADEIRA 7 """	"126759"	"DISCO DE CORTE DIAMANTADO SEGMENTADO DIAMETRO DE 180 MM PARA ESMERILHADEIRA 7 "" [SINAPI 44531]"
"295"	"34973"	"DISCO DE CORTE DIAMANTADO SEGMENTADO DIAMETRO DE 180 MM PARA ESMERILHADEIRA 7"""	"126759"	"DISCO DE CORTE DIAMANTADO SEGMENTADO DIAMETRO DE 180 MM PARA ESMERILHADEIRA 7 "" [SINAPI 44531]"
"295"	"6053"	"DISCO DE CORTE PARA METAL COM DUAS TELAS 12 X 1/8 X 3/4 "" (300 X 3,2 X 19,05 MM)"	"126760"	"DISCO DE CORTE PARA METAL COM DUAS TELAS 12 X 1/8 X 3/4 "" (300 X 3,2 X 19,05 MM) [SINAPI 44495]"
"295"	"34976"	"DISCO DE CORTE PARA METAL COM DUAS TELAS 12 X 1/8 X 3/4"" (300 X 3,2 X 19,05 MM)"	"126760"	"DISCO DE CORTE PARA METAL COM DUAS TELAS 12 X 1/8 X 3/4 "" (300 X 3,2 X 19,05 MM) [SINAPI 44495]"
"295"	"6054"	"DISCO DE DESBASTE PARA METAL FERROSO EM GERAL, COM TRES TELAS, 9 X 1/4 X 7/8 "" ( 228,6 X 6,4 X 22,2 MM)"	"126761"	"DISCO DE DESBASTE PARA METAL FERROSO EM GERAL, COM TRES TELAS, 9 X 1/4 X 7/8 "" ( 228,6 X 6,4 X 22,2 MM) [SINAPI 44533]"
"295"	"2235"	"DISCO DE DESBASTE PARA METAL FERROSO EM GERAL, COM TRES TELAS, 9 X 1/4 X 7/8 "" (228,6 X 6,4 X 22,2 MM)"	"126761"	"DISCO DE DESBASTE PARA METAL FERROSO EM GERAL, COM TRES TELAS, 9 X 1/4 X 7/8 "" ( 228,6 X 6,4 X 22,2 MM) [SINAPI 44533]"
"295"	"2236"	"DISCO DE LIXA PARA METAL, DIAMETRO = 180 MM, GRAO 120"	"126762"	"DISCO DE LIXA PARA METAL, DIAMETRO = 180 MM, GRAO 120 [SINAPI 44534]"
"295"	"6055"	"DISCO DE LIXA PARA METAL, DIAMETRO = 180 MM, GRAO 120"	"126762"	"DISCO DE LIXA PARA METAL, DIAMETRO = 180 MM, GRAO 120 [SINAPI 44534]"
"295"	"6056"	"DIVISORIA EM GRANITO, COM DUAS FACES POLIDAS, TIPO ANDORINHA/ QUARTZ/ CASTELO/ CORUMBA OU OUTROS EQUIVALENTES DA REGIAO, E= *3,0* CM"	"126763"	"DIVISORIA EM GRANITO, COM DUAS FACES POLIDAS, TIPO ANDORINHA/ QUARTZ/ CASTELO/ CORUMBA OU OUTROS EQUIVALENTES DA REGIAO, E= *3,0* CM [SINAPI 44476]"
"295"	"34997"	"DIVISORIA EM GRANITO, COM DUAS FACES POLIDAS, TIPO ANDORINHA/ QUARTZ/ CASTELO/ CORUMBA OU OUTROS EQUIVALENTES DA REGIAO, E= *3,0* CM"	"126763"	"DIVISORIA EM GRANITO, COM DUAS FACES POLIDAS, TIPO ANDORINHA/ QUARTZ/ CASTELO/ CORUMBA OU OUTROS EQUIVALENTES DA REGIAO, E= *3,0* CM [SINAPI 44476]"
"295"	"6057"	"ESCOVA CIRCULAR EM ACO LATONADO, 6 X 1 "" (DIAMETRO X ESPESSURA), FURO DE 1 1/4 "", FIO ONDULADO *0,30* MM"	"126764"	"ESCOVA CIRCULAR EM ACO LATONADO, 6 X 1 "" (DIAMETRO X ESPESSURA), FURO DE 1 1/4 "", FIO ONDULADO *0,30* MM [SINAPI 44538]"
"295"	"2477"	"ESCOVA CIRCULAR EM ACO LATONADO, 6 X 1 "" (DIAMETRO X ESPESSURA), FURO DE 1 1/4 "", FIO ONDULADO *0,30* MM"	"126764"	"ESCOVA CIRCULAR EM ACO LATONADO, 6 X 1 "" (DIAMETRO X ESPESSURA), FURO DE 1 1/4 "", FIO ONDULADO *0,30* MM [SINAPI 44538]"
"295"	"2616"	"FERTILIZANTE NPK - 10:10:10"	"126765"	"FERTILIZANTE NPK - 10:10:10 [SINAPI 44539]"
"295"	"6058"	"FERTILIZANTE NPK - 10:10:10"	"126765"	"FERTILIZANTE NPK - 10:10:10 [SINAPI 44539]"
"295"	"6059"	"FITA / CINTA AUTOADESIVA ELASTOMERICA PARA VEDACAO, L= 50 MM, E = 3 MM"	"126766"	"FITA / CINTA AUTOADESIVA ELASTOMERICA PARA VEDACAO, L= 50 MM, E = 3 MM [SINAPI 44397]"
"295"	"6060"	"FUNDO SINTETICO NIVELADOR BRANCO FOSCO PARA MADEIRA"	"126767"	"FUNDO SINTETICO NIVELADOR BRANCO FOSCO PARA MADEIRA [SINAPI 43653]"
"295"	"48078"	"FUNDO SINTETICO NIVELADOR BRANCO FOSCO PARA MADEIRA"	"126767"	"FUNDO SINTETICO NIVELADOR BRANCO FOSCO PARA MADEIRA [SINAPI 43653]"
"295"	"6061"	"GESSO COLA, EM PO, PARA FIXACAO DE MOLDURAS, SANCAS E BLOCOS DE GESSO"	"126768"	"GESSO COLA, EM PO, PARA FIXACAO DE MOLDURAS, SANCAS E BLOCOS DE GESSO [SINAPI 44324]"
"295"	"6062"	"GRANALHA DE ACO, ESFERICA (SHOT), PARA JATEAMENTO, PENEIRA 1,19 A 1,00 MM (SAE S390)"	"126769"	"GRANALHA DE ACO, ESFERICA (SHOT), PARA JATEAMENTO, PENEIRA 1,19 A 1,00 MM (SAE S390) [SINAPI 44481]"
"295"	"2764"	"GRANALHA DE ACO, ESFERICA (SHOT), PARA JATEAMENTO, PENEIRA 1,19 A 1,00 MM (SAE S390)"	"126769"	"GRANALHA DE ACO, ESFERICA (SHOT), PARA JATEAMENTO, PENEIRA 1,19 A 1,00 MM (SAE S390) [SINAPI 44481]"
"295"	"2790"	"GRUPO GERADOR ESTACIONARIO SILENCIADO, POTENCIA 50 KVA, MOTOR DIESEL"	"126770"	"GRUPO GERADOR ESTACIONARIO SILENCIADO, POTENCIA 50 KVA, MOTOR DIESEL [SINAPI 44494]"
"295"	"6063"	"GRUPO GERADOR ESTACIONARIO SILENCIADO, POTENCIA 50 KVA, MOTOR DIESEL"	"126770"	"GRUPO GERADOR ESTACIONARIO SILENCIADO, POTENCIA 50 KVA, MOTOR DIESEL [SINAPI 44494]"
"295"	"2793"	"GRUPO GERADOR ESTACIONARIO, SILENCIADO, POTENCIA 180 KVA, MOTOR DIESEL"	"126771"	"GRUPO GERADOR ESTACIONARIO, SILENCIADO, POTENCIA 180 KVA, MOTOR DIESEL [SINAPI 44493]"
"295"	"6064"	"GRUPO GERADOR ESTACIONARIO, SILENCIADO, POTENCIA 180 KVA, MOTOR DIESEL"	"126771"	"GRUPO GERADOR ESTACIONARIO, SILENCIADO, POTENCIA 180 KVA, MOTOR DIESEL [SINAPI 44493]"
"295"	"2804"	"GUINDASTE HIDRAULICO AUTOPROPELIDO, COM LANCA TELESCOPICA 28,80 M, CAPACIDADE MAXIMA 30 T, POTENCIA 97 KW, TRACAO 4 X 4"	"126772"	"GUINDASTE HIDRAULICO AUTOPROPELIDO, COM LANCA TELESCOPICA 28,80 M, CAPACIDADE MAXIMA 30 T, POTENCIA 97 KW, TRACAO 4 X 4 [SINAPI 44475]"
"295"	"6065"	"GUINDASTE HIDRAULICO AUTOPROPELIDO, COM LANCA TELESCOPICA 28,80 M, CAPACIDADE MAXIMA 30 T, POTENCIA 97 KW, TRACAO 4 X 4"	"126772"	"GUINDASTE HIDRAULICO AUTOPROPELIDO, COM LANCA TELESCOPICA 28,80 M, CAPACIDADE MAXIMA 30 T, POTENCIA 97 KW, TRACAO 4 X 4 [SINAPI 44475]"
"295"	"2805"	"GUINDASTE HIDRAULICO AUTOPROPELIDO, COM LANCA TELESCOPICA 40 M, CAPACIDADE MAXIMA 60 T, POTENCIA 260 KW, TRACAO 6 X 6"	"126773"	"GUINDASTE HIDRAULICO AUTOPROPELIDO, COM LANCA TELESCOPICA 40 M, CAPACIDADE MAXIMA 60 T, POTENCIA 260 KW, TRACAO 6 X 6 [SINAPI 44474]"
"295"	"6066"	"GUINDASTE HIDRAULICO AUTOPROPELIDO, COM LANCA TELESCOPICA 40 M, CAPACIDADE MAXIMA 60 T, POTENCIA 260 KW, TRACAO 6 X 6"	"126773"	"GUINDASTE HIDRAULICO AUTOPROPELIDO, COM LANCA TELESCOPICA 40 M, CAPACIDADE MAXIMA 60 T, POTENCIA 260 KW, TRACAO 6 X 6 [SINAPI 44474]"
"295"	"2806"	"GUINDASTE HIDRAULICO AUTOPROPELIDO, COM LANCA TELESCOPICA 50 M, CAPACIDADE MAXIMA 100 T, POTENCIA 350 KW, TRACAO 10 X 6"	"126774"	"GUINDASTE HIDRAULICO AUTOPROPELIDO, COM LANCA TELESCOPICA 50 M, CAPACIDADE MAXIMA 100 T, POTENCIA 350 KW, TRACAO 10 X 6 [SINAPI 44490]"
"295"	"6067"	"GUINDASTE HIDRAULICO AUTOPROPELIDO, COM LANCA TELESCOPICA 50 M, CAPACIDADE MAXIMA 100 T, POTENCIA 350 KW, TRACAO 10 X 6"	"126774"	"GUINDASTE HIDRAULICO AUTOPROPELIDO, COM LANCA TELESCOPICA 50 M, CAPACIDADE MAXIMA 100 T, POTENCIA 350 KW, TRACAO 10 X 6 [SINAPI 44490]"
"295"	"6068"	"JANELA INTEGRADA VENEZIANA EM ALUMINIO PERFIL 25, 120 X 120 CM (A X L), 2 FLS ( 2 VIDROS) E VENEZIANA COM ACIONAMENTO MANUAL, SEM BANDEIRA, ACABAMENTO BRILHANTE, BATENTE DE 11,50 A 12,50 CM, COM VIDRO, INCLUSO GUARNICAO"	"126775"	"JANELA INTEGRADA VENEZIANA EM ALUMINIO PERFIL 25, 120 X 120 CM (A X L), 2 FLS ( 2 VIDROS) E VENEZIANA COM ACIONAMENTO MANUAL, SEM BANDEIRA, ACABAMENTO BRILHANTE, BATENTE DE 11,50 A 12,50 CM, COM VIDRO, INCLUSO GUARNICAO [SINAPI 44053]"
"295"	"35143"	"JANELA INTEGRADA VENEZIANA EM ALUMINIO PERFIL 25, 120 X 120 CM (A X L), 2 FLS (2 VIDROS) E VENEZIANA COM ACIONAMENTO MANUAL, SEM BANDEIRA, ACABAMENTO BRILHANTE, BATENTE DE 11,50 A 12,50 CM, COM VIDRO 4 MM, INCLUSO GUARNICAO"	"126775"	"JANELA INTEGRADA VENEZIANA EM ALUMINIO PERFIL 25, 120 X 120 CM (A X L), 2 FLS ( 2 VIDROS) E VENEZIANA COM ACIONAMENTO MANUAL, SEM BANDEIRA, ACABAMENTO BRILHANTE, BATENTE DE 11,50 A 12,50 CM, COM VIDRO, INCLUSO GUARNICAO [SINAPI 44053]"
"295"	"6069"	"JANELA VENEZIANA DE CORRER, EM ALUMINIO PERFIL 25, 100 X 120 CM (A X L), 3 FLS (2 VENEZIANAS E 1 VIDRO), SEM BANDEIRA, ACABAMENTO BRANCO OU BRILHANTE, BATENTE DE 8 A 9 CM, COM VIDRO, SEM GUARNICAO/ALIZAR"	"126776"	"JANELA VENEZIANA DE CORRER, EM ALUMINIO PERFIL 25, 100 X 120 CM (A X L), 3 FLS (2 VENEZIANAS E 1 VIDRO), SEM BANDEIRA, ACABAMENTO BRANCO OU BRILHANTE, BATENTE DE 8 A 9 CM, COM VIDRO, SEM GUARNICAO/ALIZAR [SINAPI 44054]"
"295"	"41609"	"JANELA VENEZIANA DE CORRER, EM ALUMINIO PERFIL 25, 100 X 120 CM (A X L), 3 FLS (2 VENEZIANAS E 1 VIDRO), SEM BANDEIRA, ACABAMENTO BRANCO OU BRILHANTE, BATENTE DE 8 A 9 CM, COM VIDRO 4 MM, SEM GUARNICAO/ALIZAR"	"126776"	"JANELA VENEZIANA DE CORRER, EM ALUMINIO PERFIL 25, 100 X 120 CM (A X L), 3 FLS (2 VENEZIANAS E 1 VIDRO), SEM BANDEIRA, ACABAMENTO BRANCO OU BRILHANTE, BATENTE DE 8 A 9 CM, COM VIDRO, SEM GUARNICAO/ALIZAR [SINAPI 44054]"
"295"	"6070"	"JANELA VENEZIANA DE CORRER, EM ALUMINIO PERFIL 25, 100 X 150 CM (A X L), 6 FLS (4 VENEZIANAS E 2 VIDROS), SEM BANDEIRA, ACABAMENTO BRANCO OU BRILHANTE, BATENTE DE 8 A 9 CM, COM VIDRO, SEM GUARNICAO / ALIZAR"	"126777"	"JANELA VENEZIANA DE CORRER, EM ALUMINIO PERFIL 25, 100 X 150 CM (A X L), 6 FLS (4 VENEZIANAS E 2 VIDROS), SEM BANDEIRA, ACABAMENTO BRANCO OU BRILHANTE, BATENTE DE 8 A 9 CM, COM VIDRO, SEM GUARNICAO / ALIZAR [SINAPI 44399]"
"295"	"6071"	"JARDINEIRO HORISTA"	"126778"	"JARDINEIRO HORISTA [SINAPI 44503]"
"295"	"6072"	"LIMPA VIDROS COM PULVERIZADOR"	"126779"	"LIMPA VIDROS COM PULVERIZADOR [SINAPI 44331]"
"295"	"6073"	"MANTA TERMOPLASTICA, PEAD, GEOMEMBRANA LISA, E = 0,50 MM ( NBR 15352)"	"126780"	"MANTA TERMOPLASTICA, PEAD, GEOMEMBRANA LISA, E = 0,50 MM ( NBR 15352) [SINAPI 44504]"
"295"	"3540"	"MANTA TERMOPLASTICA, PEAD, GEOMEMBRANA LISA, E = 0,50 MM ( NBR 15352)"	"126780"	"MANTA TERMOPLASTICA, PEAD, GEOMEMBRANA LISA, E = 0,50 MM ( NBR 15352) [SINAPI 44504]"
"295"	"6074"	"MANTA TERMOPLASTICA, PEAD, GEOMEMBRANA LISA, E = 0,75 MM (NBR 15352)"	"126781"	"MANTA TERMOPLASTICA, PEAD, GEOMEMBRANA LISA, E = 0,75 MM (NBR 15352) [SINAPI 44505]"
"295"	"3541"	"MANTA TERMOPLASTICA, PEAD, GEOMEMBRANA LISA, E = 0,75 MM ( NBR 15352)"	"126781"	"MANTA TERMOPLASTICA, PEAD, GEOMEMBRANA LISA, E = 0,75 MM (NBR 15352) [SINAPI 44505]"
"295"	"6075"	"MANTA TERMOPLASTICA, PEAD, GEOMEMBRANA LISA, E = 0,80 MM (NBR 15352)"	"126782"	"MANTA TERMOPLASTICA, PEAD, GEOMEMBRANA LISA, E = 0,80 MM (NBR 15352) [SINAPI 44506]"
"295"	"3542"	"MANTA TERMOPLASTICA, PEAD, GEOMEMBRANA LISA, E = 0,80 MM ( NBR 15352)"	"126782"	"MANTA TERMOPLASTICA, PEAD, GEOMEMBRANA LISA, E = 0,80 MM (NBR 15352) [SINAPI 44506]"
"295"	"6076"	"MANTA TERMOPLASTICA, PEAD, GEOMEMBRANA LISA, E = 1,00 MM (NBR 15352)"	"126783"	"MANTA TERMOPLASTICA, PEAD, GEOMEMBRANA LISA, E = 1,00 MM (NBR 15352) [SINAPI 44507]"
"295"	"3543"	"MANTA TERMOPLASTICA, PEAD, GEOMEMBRANA LISA, E = 1,00 MM ( NBR 15352)"	"126783"	"MANTA TERMOPLASTICA, PEAD, GEOMEMBRANA LISA, E = 1,00 MM (NBR 15352) [SINAPI 44507]"
"295"	"6077"	"MANTA TERMOPLASTICA, PEAD, GEOMEMBRANA LISA, E = 1,50 MM (NBR 15352)"	"126784"	"MANTA TERMOPLASTICA, PEAD, GEOMEMBRANA LISA, E = 1,50 MM (NBR 15352) [SINAPI 44508]"
"295"	"3544"	"MANTA TERMOPLASTICA, PEAD, GEOMEMBRANA LISA, E = 1,50 MM ( NBR 15352)"	"126784"	"MANTA TERMOPLASTICA, PEAD, GEOMEMBRANA LISA, E = 1,50 MM (NBR 15352) [SINAPI 44508]"
"295"	"6078"	"MANTA TERMOPLASTICA, PEAD, GEOMEMBRANA LISA, E = 2,00 MM (NBR 15352)"	"126785"	"MANTA TERMOPLASTICA, PEAD, GEOMEMBRANA LISA, E = 2,00 MM (NBR 15352) [SINAPI 44509]"
"295"	"23063"	"MANTA TERMOPLASTICA, PEAD, GEOMEMBRANA LISA, E = 2,00 MM (NBR 15352)"	"126785"	"MANTA TERMOPLASTICA, PEAD, GEOMEMBRANA LISA, E = 2,00 MM (NBR 15352) [SINAPI 44509]"
"295"	"6079"	"MANTA TERMOPLASTICA, PEAD, GEOMEMBRANA LISA, E = 2,50 MM (NBR 15352)"	"126786"	"MANTA TERMOPLASTICA, PEAD, GEOMEMBRANA LISA, E = 2,50 MM (NBR 15352) [SINAPI 44510]"
"295"	"3546"	"MANTA TERMOPLASTICA, PEAD, GEOMEMBRANA LISA, E = 2,50 MM ( NBR 15352)"	"126786"	"MANTA TERMOPLASTICA, PEAD, GEOMEMBRANA LISA, E = 2,50 MM (NBR 15352) [SINAPI 44510]"
"295"	"3547"	"MANTA TERMOPLASTICA, PEAD, GEOMEMBRANA TEXTURIZADA EM AMBAS AS FACES, E = 0,50 MM (NBR 15352)"	"126787"	"MANTA TERMOPLASTICA, PEAD, GEOMEMBRANA TEXTURIZADA EM AMBAS AS FACES, E = 0,50 MM ( NBR 15352) [SINAPI 44512]"
"295"	"6080"	"MANTA TERMOPLASTICA, PEAD, GEOMEMBRANA TEXTURIZADA EM AMBAS AS FACES, E = 0,50 MM ( NBR 15352)"	"126787"	"MANTA TERMOPLASTICA, PEAD, GEOMEMBRANA TEXTURIZADA EM AMBAS AS FACES, E = 0,50 MM ( NBR 15352) [SINAPI 44512]"
"295"	"3548"	"MANTA TERMOPLASTICA, PEAD, GEOMEMBRANA TEXTURIZADA EM AMBAS AS FACES, E = 0,75 MM (NBR 15352)"	"126788"	"MANTA TERMOPLASTICA, PEAD, GEOMEMBRANA TEXTURIZADA EM AMBAS AS FACES, E = 0,75 MM ( NBR 15352) [SINAPI 44513]"
"295"	"6081"	"MANTA TERMOPLASTICA, PEAD, GEOMEMBRANA TEXTURIZADA EM AMBAS AS FACES, E = 0,75 MM ( NBR 15352)"	"126788"	"MANTA TERMOPLASTICA, PEAD, GEOMEMBRANA TEXTURIZADA EM AMBAS AS FACES, E = 0,75 MM ( NBR 15352) [SINAPI 44513]"
"295"	"3549"	"MANTA TERMOPLASTICA, PEAD, GEOMEMBRANA TEXTURIZADA EM AMBAS AS FACES, E = 0,80 MM (NBR 15352)"	"126789"	"MANTA TERMOPLASTICA, PEAD, GEOMEMBRANA TEXTURIZADA EM AMBAS AS FACES, E = 0,80 MM ( NBR 15352) [SINAPI 44514]"
"295"	"6082"	"MANTA TERMOPLASTICA, PEAD, GEOMEMBRANA TEXTURIZADA EM AMBAS AS FACES, E = 0,80 MM ( NBR 15352)"	"126789"	"MANTA TERMOPLASTICA, PEAD, GEOMEMBRANA TEXTURIZADA EM AMBAS AS FACES, E = 0,80 MM ( NBR 15352) [SINAPI 44514]"
"295"	"3550"	"MANTA TERMOPLASTICA, PEAD, GEOMEMBRANA TEXTURIZADA EM AMBAS AS FACES, E = 1,00 MM (NBR 15352)"	"126790"	"MANTA TERMOPLASTICA, PEAD, GEOMEMBRANA TEXTURIZADA EM AMBAS AS FACES, E = 1,00 MM ( NBR 15352) [SINAPI 44515]"
"295"	"6083"	"MANTA TERMOPLASTICA, PEAD, GEOMEMBRANA TEXTURIZADA EM AMBAS AS FACES, E = 1,00 MM ( NBR 15352)"	"126790"	"MANTA TERMOPLASTICA, PEAD, GEOMEMBRANA TEXTURIZADA EM AMBAS AS FACES, E = 1,00 MM ( NBR 15352) [SINAPI 44515]"
"295"	"3551"	"MANTA TERMOPLASTICA, PEAD, GEOMEMBRANA TEXTURIZADA EM AMBAS AS FACES, E = 1,50 MM (NBR 15352)"	"126791"	"MANTA TERMOPLASTICA, PEAD, GEOMEMBRANA TEXTURIZADA EM AMBAS AS FACES, E = 1,50 MM ( NBR 15352) [SINAPI 44511]"
"295"	"6084"	"MANTA TERMOPLASTICA, PEAD, GEOMEMBRANA TEXTURIZADA EM AMBAS AS FACES, E = 1,50 MM ( NBR 15352)"	"126791"	"MANTA TERMOPLASTICA, PEAD, GEOMEMBRANA TEXTURIZADA EM AMBAS AS FACES, E = 1,50 MM ( NBR 15352) [SINAPI 44511]"
"295"	"3552"	"MANTA TERMOPLASTICA, PEAD, GEOMEMBRANA TEXTURIZADA EM AMBAS AS FACES, E = 2,00 MM (NBR 15352)"	"126792"	"MANTA TERMOPLASTICA, PEAD, GEOMEMBRANA TEXTURIZADA EM AMBAS AS FACES, E = 2,00 MM ( NBR 15352) [SINAPI 44516]"
"295"	"6085"	"MANTA TERMOPLASTICA, PEAD, GEOMEMBRANA TEXTURIZADA EM AMBAS AS FACES, E = 2,00 MM ( NBR 15352)"	"126792"	"MANTA TERMOPLASTICA, PEAD, GEOMEMBRANA TEXTURIZADA EM AMBAS AS FACES, E = 2,00 MM ( NBR 15352) [SINAPI 44516]"
"295"	"3553"	"MANTA TERMOPLASTICA, PEAD, GEOMEMBRANA TEXTURIZADA EM AMBAS AS FACES, E = 2,50 MM (NBR 15352)"	"126793"	"MANTA TERMOPLASTICA, PEAD, GEOMEMBRANA TEXTURIZADA EM AMBAS AS FACES, E = 2,50 MM ( NBR 15352) [SINAPI 44517]"
"295"	"6086"	"MANTA TERMOPLASTICA, PEAD, GEOMEMBRANA TEXTURIZADA EM AMBAS AS FACES, E = 2,50 MM ( NBR 15352)"	"126793"	"MANTA TERMOPLASTICA, PEAD, GEOMEMBRANA TEXTURIZADA EM AMBAS AS FACES, E = 2,50 MM ( NBR 15352) [SINAPI 44517]"
"295"	"6087"	"MASSA ACRILICA PARA SUPERFICIES INTERNAS E EXTERNAS"	"126794"	"MASSA ACRILICA PARA SUPERFICIES INTERNAS E EXTERNAS [SINAPI 43651]"
"295"	"47089"	"MASSA ACRÍLICA, PARA EXTERIOR E INTERIOR, LATA/BALDE DE 25 KG. CONFORME NORMAS ABNT/NBR, INMETRO VIGENTES."	"126794"	"MASSA ACRILICA PARA SUPERFICIES INTERNAS E EXTERNAS [SINAPI 43651]"
"295"	"6088"	"MASSA CORRIDA PARA SUPERFICIES DE AMBIENTES INTERNOS"	"126795"	"MASSA CORRIDA PARA SUPERFICIES DE AMBIENTES INTERNOS [SINAPI 43626]"
"295"	"6089"	"MASSA PARA MADEIRA - INTERIOR E EXTERIOR"	"126796"	"MASSA PARA MADEIRA - INTERIOR E EXTERIOR [SINAPI 43652]"
"295"	"6090"	"MASTRO SIMPLES GALVANIZADO DIAMETRO NOMINAL 1 1/2"""	"126797"	"MASTRO SIMPLES GALVANIZADO DIAMETRO NOMINAL 1 1/2"" [SINAPI 41387]"
"295"	"6091"	"MASTRO SIMPLES GALVANIZADO DIAMETRO NOMINAL 2"""	"126798"	"MASTRO SIMPLES GALVANIZADO DIAMETRO NOMINAL 2"" [SINAPI 41388]"
"295"	"6092"	"MASTRO TELESCOPICO DE 4 METROS (3 M X DN= 2"" + 1 M X DN= 1 1/2"")"	"126799"	"MASTRO TELESCOPICO DE 4 METROS (3 M X DN= 2"" + 1 M X DN= 1 1/2"") [SINAPI 41380]"
"295"	"6093"	"MASTRO TELESCOPICO GALVANIZADO 5 METROS (3 M X DN= 2"" + 2 M X DN= 1 1/2"")"	"126800"	"MASTRO TELESCOPICO GALVANIZADO 5 METROS (3 M X DN= 2"" + 2 M X DN= 1 1/2"") [SINAPI 41381]"
"295"	"6094"	"MASTRO TELESCOPICO GALVANIZADO 6 METROS (3 M X DN= 2"" + 3 M X DN= 1Â½"")"	"126801"	"MASTRO TELESCOPICO GALVANIZADO 6 METROS (3 M X DN= 2"" + 3 M X DN= 1Â½"") [SINAPI 41382]"
"295"	"35267"	"MASTRO TELESCOPICO GALVANIZADO 6 METROS (3 M X DN= 2"" + 3 M X DN= 1 1/2"")"	"126801"	"MASTRO TELESCOPICO GALVANIZADO 6 METROS (3 M X DN= 2"" + 3 M X DN= 1Â½"") [SINAPI 41382]"
"295"	"6095"	"MASTRO TELESCOPICO GALVANIZADO 7 METROS (6 M X DN= 2"" + 1 M X DN= 1 1/2"")"	"126802"	"MASTRO TELESCOPICO GALVANIZADO 7 METROS (6 M X DN= 2"" + 1 M X DN= 1 1/2"") [SINAPI 41383]"
"295"	"6096"	"MASTRO TELESCOPICO GALVANIZADO 9 METROS (6 M X DN= 2"" + 3 M X DN= 1 1/2"")"	"126803"	"MASTRO TELESCOPICO GALVANIZADO 9 METROS (6 M X DN= 2"" + 3 M X DN= 1 1/2"") [SINAPI 41385]"
"295"	"3632"	"MICROESFERAS DE VIDRO PARA SINALIZACAO HORIZONTAL VIARIA, TIPO I-B (PREMIX) - NBR 16184"	"126804"	"MICROESFERAS DE VIDRO PARA SINALIZACAO HORIZONTAL VIARIA, TIPO I-B (PREMIX) - NBR 16184 [SINAPI 44478]"
"295"	"6097"	"MICROESFERAS DE VIDRO PARA SINALIZACAO HORIZONTAL VIARIA, TIPO I-B (PREMIX) - NBR 16184"	"126804"	"MICROESFERAS DE VIDRO PARA SINALIZACAO HORIZONTAL VIARIA, TIPO I-B (PREMIX) - NBR 16184 [SINAPI 44478]"
"295"	"3633"	"MICROESFERAS DE VIDRO PARA SINALIZACAO HORIZONTAL VIARIA, TIPO II-A (DROP-ON) - NBR 16184"	"126805"	"MICROESFERAS DE VIDRO PARA SINALIZACAO HORIZONTAL VIARIA, TIPO II-A (DROP-ON) - NBR 16184 [SINAPI 44477]"
"295"	"6098"	"MICROESFERAS DE VIDRO PARA SINALIZACAO HORIZONTAL VIARIA, TIPO II-A (DROP-ON) - NBR 16184"	"126805"	"MICROESFERAS DE VIDRO PARA SINALIZACAO HORIZONTAL VIARIA, TIPO II-A (DROP-ON) - NBR 16184 [SINAPI 44477]"
"295"	"6099"	"MINICAPTOR, EM ACO GALVANIZADO A FOGO, FIXACAO COM ROSCA SOBERBA OU MECANICA, H=600 MM X DN=10 MM"	"126806"	"MINICAPTOR, EM ACO GALVANIZADO A FOGO, FIXACAO COM ROSCA SOBERBA OU MECANICA, H=600 MM X DN=10 MM [SINAPI 41420]"
"295"	"6100"	"MINICAPTOR, EM ACO GALVANIZADO A FOGO, FIXACAO HORIZONTAL COM BANDEIRA A 20 CM, H=600 MM E X DN=10 MM"	"126807"	"MINICAPTOR, EM ACO GALVANIZADO A FOGO, FIXACAO HORIZONTAL COM BANDEIRA A 20 CM, H=600 MM E X DN=10 MM [SINAPI 41422]"
"295"	"6101"	"MINICAPTOR, EM ACO GALVANIZADO A FOGO, FIXACAO HORIZONTAL DE 1 FUROS, SEM BANDEIRA, H=300 MM X DN=10 MM"	"126808"	"MINICAPTOR, EM ACO GALVANIZADO A FOGO, FIXACAO HORIZONTAL DE 1 FUROS, SEM BANDEIRA, H=300 MM X DN=10 MM [SINAPI 41425]"
"295"	"32830"	"MINICAPTOR, EM ACO GALVANIZADO A FOGO, FIXACAO HORIZONTAL DE 1 FUROS, SEM BANDEIRA, H=300MM X DN=10MM"	"126808"	"MINICAPTOR, EM ACO GALVANIZADO A FOGO, FIXACAO HORIZONTAL DE 1 FUROS, SEM BANDEIRA, H=300 MM X DN=10 MM [SINAPI 41425]"
"295"	"6102"	"MINICAPTOR, EM ACO GALVANIZADO A FOGO, FIXACAO HORIZONTAL DE 2 FUROS, SEM BANDEIRA, H=600 MM X DN=10 MM"	"126809"	"MINICAPTOR, EM ACO GALVANIZADO A FOGO, FIXACAO HORIZONTAL DE 2 FUROS, SEM BANDEIRA, H=600 MM X DN=10 MM [SINAPI 41426]"
"295"	"6103"	"MINICAPTOR, EM ACO GALVANIZADO A FOGO,Â FIXACAO COM ROSCA SOBERBA OU MECANICA, H=300 MM X DN=10 MM"	"126810"	"MINICAPTOR, EM ACO GALVANIZADO A FOGO,Â FIXACAO COM ROSCA SOBERBA OU MECANICA, H=300 MM X DN=10 MM [SINAPI 41419]"
"295"	"35275"	"MINICAPTOR, EM ACO GALVANIZADO A FOGO, FIXACAO COM ROSCA SOBERBA OU MECANICA, H=300 MM X DN=10 MM"	"126810"	"MINICAPTOR, EM ACO GALVANIZADO A FOGO,Â FIXACAO COM ROSCA SOBERBA OU MECANICA, H=300 MM X DN=10 MM [SINAPI 41419]"
"295"	"6104"	"MINICAPTOR, EM ACO GALVANIZADO A FOGO,Â FIXACAO HORIZONTAL COM BANDEIRA A 20 CM, H=300 MM E X DN=10 MM"	"126811"	"MINICAPTOR, EM ACO GALVANIZADO A FOGO,Â FIXACAO HORIZONTAL COM BANDEIRA A 20 CM, H=300 MM E X DN=10 MM [SINAPI 41421]"
"295"	"35276"	"MINICAPTOR, EM ACO GALVANIZADO A FOGO, FIXACAO HORIZONTAL COM BANDEIRA A 20 CM, H=300 MM E X DN=10 MM"	"126811"	"MINICAPTOR, EM ACO GALVANIZADO A FOGO,Â FIXACAO HORIZONTAL COM BANDEIRA A 20 CM, H=300 MM E X DN=10 MM [SINAPI 41421]"
"295"	"6105"	"MINICAPTORES DE INSERCAO, EM ACO GALVANIZADO A FOGO, H=300 MM X DN=10 MM"	"126812"	"MINICAPTORES DE INSERCAO, EM ACO GALVANIZADO A FOGO, H=300 MM X DN=10 MM [SINAPI 41414]"
"295"	"6106"	"MINICAPTORES DE INSERCAO, EM ACO GALVANIZADO A FOGO, H=600,MM X DN=10,MM"	"126813"	"MINICAPTORES DE INSERCAO, EM ACO GALVANIZADO A FOGO, H=600,MM X DN=10,MM [SINAPI 41415]"
"295"	"6107"	"MONTADOR DE ESTRUTURAS METALICAS HORISTA"	"126814"	"MONTADOR DE ESTRUTURAS METALICAS HORISTA [SINAPI 44497]"
"295"	"6108"	"OPERADOR DE DEMARCADORA DE FAIXAS DE TRAFEGO HORISTA"	"126815"	"OPERADOR DE DEMARCADORA DE FAIXAS DE TRAFEGO HORISTA [SINAPI 44501]"
"295"	"35294"	"OPERADOR DE DEMARCADORA DE FAIXAS DE TRAFEGO (HORISTA)"	"126815"	"OPERADOR DE DEMARCADORA DE FAIXAS DE TRAFEGO HORISTA [SINAPI 44501]"
"295"	"6109"	"OPERADOR DE PAVIMENTADORA / MESA VIBROACABADORA HORISTA"	"126816"	"OPERADOR DE PAVIMENTADORA / MESA VIBROACABADORA HORISTA [SINAPI 44500]"
"295"	"35304"	"OPERADOR DE PAVIMENTADORA / MESA VIBROACABADORA (HORISTA)"	"126816"	"OPERADOR DE PAVIMENTADORA / MESA VIBROACABADORA HORISTA [SINAPI 44500]"
"295"	"6110"	"PISO EM GRANITO, POLIDO, TIPO MARFIM, DALLAS, CARAVELAS OU OUTROS EQUIVALENTES DA REGIAO, FORMATO MENOR OU IGUAL A 3025 CM2, E= *2*CM"	"126817"	"PISO EM GRANITO, POLIDO, TIPO MARFIM, DALLAS, CARAVELAS OU OUTROS EQUIVALENTES DA REGIAO, FORMATO MENOR OU IGUAL A 3025 CM2, E= *2*CM [SINAPI 44540]"
"295"	"4015"	"PISO EM GRANITO, POLIDO, TIPO MARFIM, DALLAS, CARAVELAS OU OUTROS EQUIVALENTES DA REGIAO, FORMATO MENOR OU IGUAL A 3025 CM2, E= *2* CM"	"126817"	"PISO EM GRANITO, POLIDO, TIPO MARFIM, DALLAS, CARAVELAS OU OUTROS EQUIVALENTES DA REGIAO, FORMATO MENOR OU IGUAL A 3025 CM2, E= *2*CM [SINAPI 44540]"
"295"	"6111"	"PISO/ REVESTIMENTO EM GRANITO, POLIDO, TIPO ANDORINHA/ QUARTZ/ CASTELO/ CORUMBA OU OUTROS EQUIVALENTES DA REGIAO, FORMATO MAIOR OU IGUAL A 3025 CM2, E = *2*CM"	"126818"	"PISO/ REVESTIMENTO EM GRANITO, POLIDO, TIPO ANDORINHA/ QUARTZ/ CASTELO/ CORUMBA OU OUTROS EQUIVALENTES DA REGIAO, FORMATO MAIOR OU IGUAL A 3025 CM2, E = *2*CM [SINAPI 44541]"
"295"	"4033"	"PISO/ REVESTIMENTO EM GRANITO, POLIDO, TIPO ANDORINHA/ QUARTZ/ CASTELO/ CORUMBA OU OUTROS EQUIVALENTES DA REGIAO, FORMATO MAIOR OU IGUAL A 3025 CM2, E = *2* CM"	"126818"	"PISO/ REVESTIMENTO EM GRANITO, POLIDO, TIPO ANDORINHA/ QUARTZ/ CASTELO/ CORUMBA OU OUTROS EQUIVALENTES DA REGIAO, FORMATO MAIOR OU IGUAL A 3025 CM2, E = *2*CM [SINAPI 44541]"
"295"	"6112"	"PLACA / CHAPA DE GESSO ACARTONADO, RESISTENTE A UMIDADE (RU), COR VERDE, E = 15 MM, 1200 X 2400 MM (L X C)"	"126819"	"PLACA / CHAPA DE GESSO ACARTONADO, RESISTENTE A UMIDADE (RU), COR VERDE, E = 15 MM, 1200 X 2400 MM (L X C) [SINAPI 43742]"
"295"	"6113"	"PLACA / CHAPA DE GESSO ACARTONADO, RESISTENTE AO FOGO (RF), COR ROSA, E = 15 MM, 1200 X 2400 MM (L X C)"	"126820"	"PLACA / CHAPA DE GESSO ACARTONADO, RESISTENTE AO FOGO (RF), COR ROSA, E = 15 MM, 1200 X 2400 MM (L X C) [SINAPI 43740]"
"295"	"6114"	"PLACA / CHAPA DE GESSO ACARTONADO, STANDARD (ST), COR BRANCA, E = 15 MM, 1200 X 2400 MM (L X C)"	"126821"	"PLACA / CHAPA DE GESSO ACARTONADO, STANDARD (ST), COR BRANCA, E = 15 MM, 1200 X 2400 MM (L X C) [SINAPI 43741]"
"295"	"4108"	"PONTEIRO PARA MARTELO ROMPEDOR, DIAMETRO = *28* MM, COMPRIMENTO = *520* MM, ENCAIXE SEXTAVADO"	"126822"	"PONTEIRO PARA MARTELO ROMPEDOR, DIAMETRO = *28* MM, COMPRIMENTO = *520* MM, ENCAIXE SEXTAVADO [SINAPI 44496]"
"295"	"6115"	"PONTEIRO PARA MARTELO ROMPEDOR, DIAMETRO = *28* MM, COMPRIMENTO = *520* MM, ENCAIXE SEXTAVADO"	"126822"	"PONTEIRO PARA MARTELO ROMPEDOR, DIAMETRO = *28* MM, COMPRIMENTO = *520* MM, ENCAIXE SEXTAVADO [SINAPI 44496]"
"295"	"6116"	"PORTA DENTE PARA FRESADORA"	"126823"	"PORTA DENTE PARA FRESADORA [SINAPI 44471]"
"295"	"4160"	"PORTA DENTE PARA FRESADORA"	"126823"	"PORTA DENTE PARA FRESADORA [SINAPI 44471]"
"295"	"6117"	"POSTE DE CONCRETO ARMADO DE SECAO CIRCULAR, EXTENSAO DE 13,00 M, RESISTENCIA DE 1000 DAN, TIPO C-23"	"126824"	"POSTE DE CONCRETO ARMADO DE SECAO CIRCULAR, EXTENSAO DE 13,00 M, RESISTENCIA DE 1000 DAN, TIPO C-23 [SINAPI 41180]"
"295"	"6118"	"POSTE DE CONCRETO ARMADO DE SECAO CIRCULAR, EXTENSAO DE 13,00 M, RESISTENCIA DE 1500 DAN, TIPO C-29"	"126825"	"POSTE DE CONCRETO ARMADO DE SECAO CIRCULAR, EXTENSAO DE 13,00 M, RESISTENCIA DE 1500 DAN, TIPO C-29 [SINAPI 41181]"
"295"	"6119"	"POSTE DE CONCRETO ARMADO DE SECAO CIRCULAR, EXTENSAO DE 13,00 M, RESISTENCIA DE 2000 DAN, TIPO C-29"	"126826"	"POSTE DE CONCRETO ARMADO DE SECAO CIRCULAR, EXTENSAO DE 13,00 M, RESISTENCIA DE 2000 DAN, TIPO C-29 [SINAPI 41182]"
"295"	"6120"	"POSTE DE CONCRETO ARMADO DE SECAO CIRCULAR, EXTENSAO DE 13,00 M, RESISTENCIA DE 2500 DAN, TIPO C-29"	"126827"	"POSTE DE CONCRETO ARMADO DE SECAO CIRCULAR, EXTENSAO DE 13,00 M, RESISTENCIA DE 2500 DAN, TIPO C-29 [SINAPI 41183]"
"295"	"6121"	"POSTE DE CONCRETO ARMADO DE SECAO CIRCULAR, EXTENSAO DE 13,00 M, RESISTENCIA DE 3000 DAN, TIPO C-29"	"126828"	"POSTE DE CONCRETO ARMADO DE SECAO CIRCULAR, EXTENSAO DE 13,00 M, RESISTENCIA DE 3000 DAN, TIPO C-29 [SINAPI 41184]"
"295"	"6122"	"POSTE DE CONCRETO ARMADO DE SECAO CIRCULAR, EXTENSAO DE 14,00 M, RESISTENCIA DE 1000 DAN, TIPO C-23"	"126829"	"POSTE DE CONCRETO ARMADO DE SECAO CIRCULAR, EXTENSAO DE 14,00 M, RESISTENCIA DE 1000 DAN, TIPO C-23 [SINAPI 41185]"
"295"	"6123"	"POSTE DE CONCRETO ARMADO DE SECAO CIRCULAR, EXTENSAO DE 14,00 M, RESISTENCIA DE 1500 DAN, TIPO C-29"	"126830"	"POSTE DE CONCRETO ARMADO DE SECAO CIRCULAR, EXTENSAO DE 14,00 M, RESISTENCIA DE 1500 DAN, TIPO C-29 [SINAPI 41186]"
"295"	"6124"	"POSTE DE CONCRETO ARMADO DE SECAO CIRCULAR, EXTENSAO DE 14,00 M, RESISTENCIA DE 2000 DAN, TIPO C-29"	"126831"	"POSTE DE CONCRETO ARMADO DE SECAO CIRCULAR, EXTENSAO DE 14,00 M, RESISTENCIA DE 2000 DAN, TIPO C-29 [SINAPI 41187]"
"295"	"6125"	"POSTE DE CONCRETO ARMADO DE SECAO CIRCULAR, EXTENSAO DE 14,00 M, RESISTENCIA DE 2500 DAN, TIPO C-29"	"126832"	"POSTE DE CONCRETO ARMADO DE SECAO CIRCULAR, EXTENSAO DE 14,00 M, RESISTENCIA DE 2500 DAN, TIPO C-29 [SINAPI 41188]"
"295"	"6126"	"POSTE DE CONCRETO ARMADO DE SECAO CIRCULAR, EXTENSAO DE 14,00 M, RESISTENCIA DE 3000 DAN, TIPO C-29"	"126833"	"POSTE DE CONCRETO ARMADO DE SECAO CIRCULAR, EXTENSAO DE 14,00 M, RESISTENCIA DE 3000 DAN, TIPO C-29 [SINAPI 41189]"
"295"	"6127"	"POSTE DE CONCRETO ARMADO DE SECAO CIRCULAR, EXTENSAO DE 15,00 M, RESISTENCIA DE 1000 DAN, TIPO C-23"	"126834"	"POSTE DE CONCRETO ARMADO DE SECAO CIRCULAR, EXTENSAO DE 15,00 M, RESISTENCIA DE 1000 DAN, TIPO C-23 [SINAPI 41190]"
"295"	"6128"	"POSTE DE CONCRETO ARMADO DE SECAO CIRCULAR, EXTENSAO DE 15,00 M, RESISTENCIA DE 1500 DAN, TIPO C-29"	"126835"	"POSTE DE CONCRETO ARMADO DE SECAO CIRCULAR, EXTENSAO DE 15,00 M, RESISTENCIA DE 1500 DAN, TIPO C-29 [SINAPI 41191]"
"295"	"6129"	"POSTE DE CONCRETO ARMADO DE SECAO CIRCULAR, EXTENSAO DE 15,00 M, RESISTENCIA DE 2000 DAN, TIPO C-29"	"126836"	"POSTE DE CONCRETO ARMADO DE SECAO CIRCULAR, EXTENSAO DE 15,00 M, RESISTENCIA DE 2000 DAN, TIPO C-29 [SINAPI 41192]"
"295"	"6130"	"POSTE DE CONCRETO ARMADO DE SECAO CIRCULAR, EXTENSAO DE 15,00 M, RESISTENCIA DE 2500 DAN, TIPO C-29"	"126837"	"POSTE DE CONCRETO ARMADO DE SECAO CIRCULAR, EXTENSAO DE 15,00 M, RESISTENCIA DE 2500 DAN, TIPO C-29 [SINAPI 41193]"
"295"	"6131"	"POSTE DE CONCRETO ARMADO DE SECAO CIRCULAR, EXTENSAO DE 15,00 M, RESISTENCIA DE 3000 DAN, TIPO C-29"	"126838"	"POSTE DE CONCRETO ARMADO DE SECAO CIRCULAR, EXTENSAO DE 15,00 M, RESISTENCIA DE 3000 DAN, TIPO C-29 [SINAPI 41194]"
"295"	"6132"	"POSTE DE CONCRETO ARMADO DE SECAO DUPLO T, EXTENSAO DE 10,00 M, RESISTENCIA DE 1000 DAN, TIPO B-1,5"	"126839"	"POSTE DE CONCRETO ARMADO DE SECAO DUPLO T, EXTENSAO DE 10,00 M, RESISTENCIA DE 1000 DAN, TIPO B-1,5 [SINAPI 41201]"
"295"	"6133"	"POSTE DE CONCRETO ARMADO DE SECAO DUPLO T, EXTENSAO DE 10,00 M, RESISTENCIA DE 150 DAN, TIPO D"	"126840"	"POSTE DE CONCRETO ARMADO DE SECAO DUPLO T, EXTENSAO DE 10,00 M, RESISTENCIA DE 150 DAN, TIPO D [SINAPI 41199]"
"295"	"6134"	"POSTE DE CONCRETO ARMADO DE SECAO DUPLO T, EXTENSAO DE 10,00 M, RESISTENCIA DE 600 DAN, TIPO B"	"126841"	"POSTE DE CONCRETO ARMADO DE SECAO DUPLO T, EXTENSAO DE 10,00 M, RESISTENCIA DE 600 DAN, TIPO B [SINAPI 41200]"
"295"	"6135"	"POSTE DE CONCRETO ARMADO DE SECAO DUPLO T, EXTENSAO DE 11,00 M, RESISTENCIA DE 1000 DAN, TIPO B-1,5"	"126842"	"POSTE DE CONCRETO ARMADO DE SECAO DUPLO T, EXTENSAO DE 11,00 M, RESISTENCIA DE 1000 DAN, TIPO B-1,5 [SINAPI 41205]"
"295"	"6136"	"POSTE DE CONCRETO ARMADO DE SECAO DUPLO T, EXTENSAO DE 11,00 M, RESISTENCIA DE 150 DAN, TIPO D"	"126843"	"POSTE DE CONCRETO ARMADO DE SECAO DUPLO T, EXTENSAO DE 11,00 M, RESISTENCIA DE 150 DAN, TIPO D [SINAPI 41202]"
"295"	"6137"	"POSTE DE CONCRETO ARMADO DE SECAO DUPLO T, EXTENSAO DE 11,00 M, RESISTENCIA DE 1500 DAN, TIPO B-3,0"	"126844"	"POSTE DE CONCRETO ARMADO DE SECAO DUPLO T, EXTENSAO DE 11,00 M, RESISTENCIA DE 1500 DAN, TIPO B-3,0 [SINAPI 41206]"
"295"	"39016"	"POSTE DE CONCRETO ARMADO DE SECAO DUPLO T, EXTENSAO DE 11,00 M, RESISTENCIA DE 1500 DAN, TIPO B-3,0"	"126844"	"POSTE DE CONCRETO ARMADO DE SECAO DUPLO T, EXTENSAO DE 11,00 M, RESISTENCIA DE 1500 DAN, TIPO B-3,0 [SINAPI 41206]"
"295"	"6138"	"POSTE DE CONCRETO ARMADO DE SECAO DUPLO T, EXTENSAO DE 11,00 M, RESISTENCIA DE 2000 DAN, TIPO B-4,5"	"126845"	"POSTE DE CONCRETO ARMADO DE SECAO DUPLO T, EXTENSAO DE 11,00 M, RESISTENCIA DE 2000 DAN, TIPO B-4,5 [SINAPI 41207]"
"295"	"6139"	"POSTE DE CONCRETO ARMADO DE SECAO DUPLO T, EXTENSAO DE 11,00 M, RESISTENCIA DE 300 DAN, TIPO B"	"126846"	"POSTE DE CONCRETO ARMADO DE SECAO DUPLO T, EXTENSAO DE 11,00 M, RESISTENCIA DE 300 DAN, TIPO B [SINAPI 41203]"
"295"	"21562"	"POSTE DE CONCRETO ARMADO DE SECAO DUPLO T, EXTENSAO DE 11,00 M, RESISTENCIA DE 300 DAN, TIPO B"	"126846"	"POSTE DE CONCRETO ARMADO DE SECAO DUPLO T, EXTENSAO DE 11,00 M, RESISTENCIA DE 300 DAN, TIPO B [SINAPI 41203]"
"295"	"6140"	"POSTE DE CONCRETO ARMADO DE SECAO DUPLO T, EXTENSAO DE 11,00 M, RESISTENCIA DE 600 DAN, TIPO B"	"126847"	"POSTE DE CONCRETO ARMADO DE SECAO DUPLO T, EXTENSAO DE 11,00 M, RESISTENCIA DE 600 DAN, TIPO B [SINAPI 41204]"
"295"	"23778"	"POSTE DE CONCRETO ARMADO DE SECAO DUPLO T (11/600), EXTENSAO DE 11,00 M, RESISTENCIA DE 600 DAN, TIPO B - FABRICADO E PADRONIZADO CONFORME NBR-8451"	"126847"	"POSTE DE CONCRETO ARMADO DE SECAO DUPLO T, EXTENSAO DE 11,00 M, RESISTENCIA DE 600 DAN, TIPO B [SINAPI 41204]"
"295"	"6141"	"POSTE DE CONCRETO ARMADO DE SECAO DUPLO T, EXTENSAO DE 12,00 M, RESISTENCIA DE 1000 DAN, TIPO B-1,5"	"126848"	"POSTE DE CONCRETO ARMADO DE SECAO DUPLO T, EXTENSAO DE 12,00 M, RESISTENCIA DE 1000 DAN, TIPO B-1,5 [SINAPI 41210]"
"295"	"6142"	"POSTE DE CONCRETO ARMADO DE SECAO DUPLO T, EXTENSAO DE 12,00 M, RESISTENCIA DE 150 DAN, TIPO D"	"126849"	"POSTE DE CONCRETO ARMADO DE SECAO DUPLO T, EXTENSAO DE 12,00 M, RESISTENCIA DE 150 DAN, TIPO D [SINAPI 41208]"
"295"	"6143"	"POSTE DE CONCRETO ARMADO DE SECAO DUPLO T, EXTENSAO DE 12,00 M, RESISTENCIA DE 1500 DAN, TIPO B-3,0"	"126850"	"POSTE DE CONCRETO ARMADO DE SECAO DUPLO T, EXTENSAO DE 12,00 M, RESISTENCIA DE 1500 DAN, TIPO B-3,0 [SINAPI 41211]"
"295"	"24316"	"Poste de Concreto- B e BT 12,00m tipo B-3,0 1500DaN"	"126850"	"POSTE DE CONCRETO ARMADO DE SECAO DUPLO T, EXTENSAO DE 12,00 M, RESISTENCIA DE 1500 DAN, TIPO B-3,0 [SINAPI 41211]"
"295"	"6144"	"POSTE DE CONCRETO ARMADO DE SECAO DUPLO T, EXTENSAO DE 12,00 M, RESISTENCIA DE 3000 DAN, TIPO B-6,0"	"126851"	"POSTE DE CONCRETO ARMADO DE SECAO DUPLO T, EXTENSAO DE 12,00 M, RESISTENCIA DE 3000 DAN, TIPO B-6,0 [SINAPI 41213]"
"295"	"24318"	"Poste de Concreto- B e BT 12,00m tipo B-6,0 ,3000DaN"	"126851"	"POSTE DE CONCRETO ARMADO DE SECAO DUPLO T, EXTENSAO DE 12,00 M, RESISTENCIA DE 3000 DAN, TIPO B-6,0 [SINAPI 41213]"
"295"	"6145"	"POSTE DE CONCRETO ARMADO DE SECAO DUPLO T, EXTENSAO DE 12,00 M, RESISTENCIA DE 600 DAN, TIPO B"	"126852"	"POSTE DE CONCRETO ARMADO DE SECAO DUPLO T, EXTENSAO DE 12,00 M, RESISTENCIA DE 600 DAN, TIPO B [SINAPI 41209]"
"295"	"24312"	"Poste de Concreto- B e BT 12,00m tipo B 600DaN"	"126852"	"POSTE DE CONCRETO ARMADO DE SECAO DUPLO T, EXTENSAO DE 12,00 M, RESISTENCIA DE 600 DAN, TIPO B [SINAPI 41209]"
"295"	"6146"	"POSTE DE CONCRETO ARMADO DE SECAO DUPLO T, EXTENSAO DE 13,00 M, RESISTENCIA DE 1000 DAN, TIPO B-1,5"	"126853"	"POSTE DE CONCRETO ARMADO DE SECAO DUPLO T, EXTENSAO DE 13,00 M, RESISTENCIA DE 1000 DAN, TIPO B-1,5 [SINAPI 41216]"
"295"	"24323"	"Poste de Concreto- B e BT 13,00m tipo B-1,5 1000DaN"	"126853"	"POSTE DE CONCRETO ARMADO DE SECAO DUPLO T, EXTENSAO DE 13,00 M, RESISTENCIA DE 1000 DAN, TIPO B-1,5 [SINAPI 41216]"
"295"	"6147"	"POSTE DE CONCRETO ARMADO DE SECAO DUPLO T, EXTENSAO DE 13,00 M, RESISTENCIA DE 1500 DAN, TIPO B-3,0"	"126854"	"POSTE DE CONCRETO ARMADO DE SECAO DUPLO T, EXTENSAO DE 13,00 M, RESISTENCIA DE 1500 DAN, TIPO B-3,0 [SINAPI 41217]"
"295"	"24325"	"Poste de Concreto- B e BT 13,00m tipo B-3,0 1500DaN"	"126854"	"POSTE DE CONCRETO ARMADO DE SECAO DUPLO T, EXTENSAO DE 13,00 M, RESISTENCIA DE 1500 DAN, TIPO B-3,0 [SINAPI 41217]"
"295"	"6148"	"POSTE DE CONCRETO ARMADO DE SECAO DUPLO T, EXTENSAO DE 13,00 M, RESISTENCIA DE 2000 DAN, TIPO B-4,5"	"126855"	"POSTE DE CONCRETO ARMADO DE SECAO DUPLO T, EXTENSAO DE 13,00 M, RESISTENCIA DE 2000 DAN, TIPO B-4,5 [SINAPI 41218]"
"295"	"24326"	"Poste de Concreto- B e BT 13,00m tipo B-4,5 2000DaN"	"126855"	"POSTE DE CONCRETO ARMADO DE SECAO DUPLO T, EXTENSAO DE 13,00 M, RESISTENCIA DE 2000 DAN, TIPO B-4,5 [SINAPI 41218]"
"295"	"6149"	"POSTE DE CONCRETO ARMADO DE SECAO DUPLO T, EXTENSAO DE 13,00 M, RESISTENCIA DE 300 DAN, TIPO B"	"126856"	"POSTE DE CONCRETO ARMADO DE SECAO DUPLO T, EXTENSAO DE 13,00 M, RESISTENCIA DE 300 DAN, TIPO B [SINAPI 41214]"
"295"	"24319"	"Poste de Concreto- B e BT 13,00m tipo B 300DaN"	"126856"	"POSTE DE CONCRETO ARMADO DE SECAO DUPLO T, EXTENSAO DE 13,00 M, RESISTENCIA DE 300 DAN, TIPO B [SINAPI 41214]"
"295"	"6150"	"POSTE DE CONCRETO ARMADO DE SECAO DUPLO T, EXTENSAO DE 13,00 M, RESISTENCIA DE 600 DAN, TIPO B"	"126857"	"POSTE DE CONCRETO ARMADO DE SECAO DUPLO T, EXTENSAO DE 13,00 M, RESISTENCIA DE 600 DAN, TIPO B [SINAPI 41215]"
"295"	"24321"	"Poste de Concreto- B e BT 13,00m tipo B 600DaN"	"126857"	"POSTE DE CONCRETO ARMADO DE SECAO DUPLO T, EXTENSAO DE 13,00 M, RESISTENCIA DE 600 DAN, TIPO B [SINAPI 41215]"
"295"	"6151"	"POSTE DE CONCRETO ARMADO DE SECAO DUPLO T, EXTENSAO DE 15,00 M, RESISTENCIA DE 1500 DAN, TIPO B-3,0"	"126858"	"POSTE DE CONCRETO ARMADO DE SECAO DUPLO T, EXTENSAO DE 15,00 M, RESISTENCIA DE 1500 DAN, TIPO B-3,0 [SINAPI 41221]"
"295"	"24343"	"Poste de Concreto- B e BT 15,00m tipo B-3,0 1500DaN"	"126858"	"POSTE DE CONCRETO ARMADO DE SECAO DUPLO T, EXTENSAO DE 15,00 M, RESISTENCIA DE 1500 DAN, TIPO B-3,0 [SINAPI 41221]"
"295"	"6152"	"POSTE DE CONCRETO ARMADO DE SECAO DUPLO T, EXTENSAO DE 15,00 M, RESISTENCIA DE 2000 DAN, TIPO B-4,5"	"126859"	"POSTE DE CONCRETO ARMADO DE SECAO DUPLO T, EXTENSAO DE 15,00 M, RESISTENCIA DE 2000 DAN, TIPO B-4,5 [SINAPI 41222]"
"295"	"24344"	"Poste de Concreto- B e BT 15,00m tipo B-4,5 2000DaN"	"126859"	"POSTE DE CONCRETO ARMADO DE SECAO DUPLO T, EXTENSAO DE 15,00 M, RESISTENCIA DE 2000 DAN, TIPO B-4,5 [SINAPI 41222]"
"295"	"6153"	"POSTE DE CONCRETO ARMADO DE SECAO DUPLO T, EXTENSAO DE 8,00 M, RESISTENCIA DE 150 DAN, TIPO D"	"126860"	"POSTE DE CONCRETO ARMADO DE SECAO DUPLO T, EXTENSAO DE 8,00 M, RESISTENCIA DE 150 DAN, TIPO D [SINAPI 41195]"
"295"	"23626"	"Poste de concreto armado de seção duplo T, extensão de 8,00 m, resistência de 150 dan, tipo D"	"126860"	"POSTE DE CONCRETO ARMADO DE SECAO DUPLO T, EXTENSAO DE 8,00 M, RESISTENCIA DE 150 DAN, TIPO D [SINAPI 41195]"
"295"	"11922"	"Poste de concreto armado de secao duplo t, extensão de 8,00m, resistência de 150 dan tipo D"	"126860"	"POSTE DE CONCRETO ARMADO DE SECAO DUPLO T, EXTENSAO DE 8,00 M, RESISTENCIA DE 150 DAN, TIPO D [SINAPI 41195]"
"295"	"6154"	"POSTE DE CONCRETO ARMADO DE SECAO DUPLO T, EXTENSAO DE 9,00 M, RESISTENCIA DE 1000 DAN, TIPO B-1,5"	"126861"	"POSTE DE CONCRETO ARMADO DE SECAO DUPLO T, EXTENSAO DE 9,00 M, RESISTENCIA DE 1000 DAN, TIPO B-1,5 [SINAPI 41198]"
"295"	"24287"	"Poste de Concreto- B e BT 9,00m tipo B-1,5 1000DaN"	"126861"	"POSTE DE CONCRETO ARMADO DE SECAO DUPLO T, EXTENSAO DE 9,00 M, RESISTENCIA DE 1000 DAN, TIPO B-1,5 [SINAPI 41198]"
"295"	"6155"	"POSTE DE CONCRETO ARMADO DE SECAO DUPLO T, EXTENSAO DE 9,00 M, RESISTENCIA DE 150 DAN, TIPO D"	"126862"	"POSTE DE CONCRETO ARMADO DE SECAO DUPLO T, EXTENSAO DE 9,00 M, RESISTENCIA DE 150 DAN, TIPO D [SINAPI 41196]"
"295"	"13500"	"POSTE DE CONCRETO ARMADO DE SECAO DUPLO T, EXTENSÃO DE 9,00 M, RESISTENCIA DE 150 DAN, TIPO D"	"126862"	"POSTE DE CONCRETO ARMADO DE SECAO DUPLO T, EXTENSAO DE 9,00 M, RESISTENCIA DE 150 DAN, TIPO D [SINAPI 41196]"
"295"	"6156"	"POSTE DE CONCRETO ARMADO DE SECAO DUPLO T, EXTENSAO DE 9,00 M, RESISTENCIA DE 600 DAN, TIPO B"	"126863"	"POSTE DE CONCRETO ARMADO DE SECAO DUPLO T, EXTENSAO DE 9,00 M, RESISTENCIA DE 600 DAN, TIPO B [SINAPI 41197]"
"295"	"24285"	"Poste de Concreto- B e BT 9,00m tipo B 600DaN"	"126863"	"POSTE DE CONCRETO ARMADO DE SECAO DUPLO T, EXTENSAO DE 9,00 M, RESISTENCIA DE 600 DAN, TIPO B [SINAPI 41197]"
"295"	"6157"	"POSTES METALICOS AUTOPORTANTES, CONICO OU TELESCOPICO, PARA SPDA, ALTURA 10 METROS LIVRES"	"126864"	"POSTES METALICOS AUTOPORTANTES, CONICO OU TELESCOPICO, PARA SPDA, ALTURA 10 METROS LIVRES [SINAPI 41457]"
"295"	"6158"	"POSTES METALICOS AUTOPORTANTES, CONICO OU TELESCOPICO, PARA SPDA, ALTURA 12 METROS LIVRES"	"126865"	"POSTES METALICOS AUTOPORTANTES, CONICO OU TELESCOPICO, PARA SPDA, ALTURA 12 METROS LIVRES [SINAPI 41458]"
"295"	"21414"	"Poste metálico poligonal, engastado, altura 12m"	"126865"	"POSTES METALICOS AUTOPORTANTES, CONICO OU TELESCOPICO, PARA SPDA, ALTURA 12 METROS LIVRES [SINAPI 41458]"
"295"	"18956"	"Poste telecônico reto de 12 m com suporte de fixação para luminárias"	"126865"	"POSTES METALICOS AUTOPORTANTES, CONICO OU TELESCOPICO, PARA SPDA, ALTURA 12 METROS LIVRES [SINAPI 41458]"
"295"	"6159"	"POSTES METALICOS AUTOPORTANTES, CONICO OU TELESCOPICO, PARA SPDA, ALTURA 15 METROS LIVRES"	"126866"	"POSTES METALICOS AUTOPORTANTES, CONICO OU TELESCOPICO, PARA SPDA, ALTURA 15 METROS LIVRES [SINAPI 41459]"
"295"	"21415"	"Poste metálico poligonal, engastado, altura 15m"	"126866"	"POSTES METALICOS AUTOPORTANTES, CONICO OU TELESCOPICO, PARA SPDA, ALTURA 15 METROS LIVRES [SINAPI 41459]"
"295"	"10242"	"poste 15 metros"	"126866"	"POSTES METALICOS AUTOPORTANTES, CONICO OU TELESCOPICO, PARA SPDA, ALTURA 15 METROS LIVRES [SINAPI 41459]"
"295"	"8180"	"Poste Reto Cônico de aço altura 15m com cruzeta para 2 luminárias"	"126866"	"POSTES METALICOS AUTOPORTANTES, CONICO OU TELESCOPICO, PARA SPDA, ALTURA 15 METROS LIVRES [SINAPI 41459]"
"295"	"8179"	"Poste Reto Cônico de aço altura 15m para 1 luminária Led"	"126866"	"POSTES METALICOS AUTOPORTANTES, CONICO OU TELESCOPICO, PARA SPDA, ALTURA 15 METROS LIVRES [SINAPI 41459]"
"295"	"6160"	"POSTES METALICOS AUTOPORTANTES, CONICO OU TELESCOPICO, PARA SPDA, ALTURA 20 METROS LIVRES"	"126867"	"POSTES METALICOS AUTOPORTANTES, CONICO OU TELESCOPICO, PARA SPDA, ALTURA 20 METROS LIVRES [SINAPI 41461]"
"295"	"17084"	"POSTE TELESCÓPICO AUTO SUPORTADO PARA SPDA 20 METROS"	"126867"	"POSTES METALICOS AUTOPORTANTES, CONICO OU TELESCOPICO, PARA SPDA, ALTURA 20 METROS LIVRES [SINAPI 41461]"
"295"	"4196"	"POZOLANA DE CLASSE C"	"126868"	"POZOLANA DE CLASSE C [SINAPI 44537]"
"295"	"6161"	"POZOLANA DE CLASSE C"	"126868"	"POZOLANA DE CLASSE C [SINAPI 44537]"
"295"	"4196"	"POZOLANA DE CLASSE C"	"126868"	"POZOLANA DE CLASSE C [SINAPI 44537]"
"295"	"6162"	"PRIMER DE POLIURETANO"	"126869"	"PRIMER DE POLIURETANO [SINAPI 44074]"
"295"	"6163"	"PRIMER EPOXI / EPOXIDICO"	"126870"	"PRIMER EPOXI / EPOXIDICO [SINAPI 44072]"
"295"	"4226"	"PRIMER EPOXI"	"126870"	"PRIMER EPOXI / EPOXIDICO [SINAPI 44072]"
"295"	"6164"	"RASTELEIRO HORISTA"	"126871"	"RASTELEIRO HORISTA [SINAPI 44502]"
"295"	"6165"	"REBOLO ABRASIVO RETO DE USO GERAL GRAO 36, DE 6 X 1 "" ( DIAMETRO X ALTURA)"	"126872"	"REBOLO ABRASIVO RETO DE USO GERAL GRAO 36, DE 6 X 1 "" ( DIAMETRO X ALTURA) [SINAPI 44530]"
"295"	"4310"	"REBOLO ABRASIVO RETO DE USO GERAL GRAO 36, DE 6 X 1 "" (DIAMETRO X ALTURA)"	"126872"	"REBOLO ABRASIVO RETO DE USO GERAL GRAO 36, DE 6 X 1 "" ( DIAMETRO X ALTURA) [SINAPI 44530]"
"295"	"35436"	"REBOLO ABRASIVO RETO DE USO GERAL GRAO 36, DE 6 X 1"" (DIAMETRO X ESPESSURA)"	"126872"	"REBOLO ABRASIVO RETO DE USO GERAL GRAO 36, DE 6 X 1 "" ( DIAMETRO X ALTURA) [SINAPI 44530]"
"295"	"6166"	"SERVICO DE BOMBEAMENTO DE CONCRETO COM CONSUMO MINIMO DE 40 M3"	"126873"	"SERVICO DE BOMBEAMENTO DE CONCRETO COM CONSUMO MINIMO DE 40 M3 [SINAPI 44535]"
"295"	"4478"	"SERVICO DE BOMBEAMENTO DE CONCRETO COM CONSUMO MINIMO DE 40 M3"	"126873"	"SERVICO DE BOMBEAMENTO DE CONCRETO COM CONSUMO MINIMO DE 40 M3 [SINAPI 44535]"
"295"	"4488"	"SILICA ATIVA PARA ADICAO EM CONCRETO E ARGAMASSA"	"126874"	"SILICA ATIVA PARA ADICAO EM CONCRETO E ARGAMASSA [SINAPI 44536]"
"295"	"6174"	"SILICA ATIVA PARA ADICAO EM CONCRETO E ARGAMASSA"	"126874"	"SILICA ATIVA PARA ADICAO EM CONCRETO E ARGAMASSA [SINAPI 44536]"
"295"	"4488"	"SILICA ATIVA PARA ADICAO EM CONCRETO E ARGAMASSA"	"126874"	"SILICA ATIVA PARA ADICAO EM CONCRETO E ARGAMASSA [SINAPI 44536]"
"295"	"6175"	"TARIFA ""A"" ENTRE 0 E 20M3 FORNECIMENTO D'AGUA"	"126875"	"TARIFA ""A"" ENTRE 0 E 20M3 FORNECIMENTO D'AGUA [SINAPI 44480]"
"295"	"4619"	"TARIFA ""A"" ENTRE 0 E 20M3 FORNECIMENTO D'AGUA"	"126875"	"TARIFA ""A"" ENTRE 0 E 20M3 FORNECIMENTO D'AGUA [SINAPI 44480]"
"295"	"35561"	"TARIFA ""A"" ENTRE 0 E 20M3 FORNECIMENTO D'AGUA"	"126875"	"TARIFA ""A"" ENTRE 0 E 20M3 FORNECIMENTO D'AGUA [SINAPI 44480]"
"295"	"6176"	"TARUGO DELIMITADOR DE PROFUNDIDADE EM ESPUMA DE POLIETILENO DE BAIXA DENSIDADE 10 MM, CINZA"	"126876"	"TARUGO DELIMITADOR DE PROFUNDIDADE EM ESPUMA DE POLIETILENO DE BAIXA DENSIDADE 10 MM, CINZA [SINAPI 44073]"
"295"	"48269"	"Tarugo Branco, 10mm de espessura, baixa densidade em polietileno"	"126876"	"TARUGO DELIMITADOR DE PROFUNDIDADE EM ESPUMA DE POLIETILENO DE BAIXA DENSIDADE 10 MM, CINZA [SINAPI 44073]"
"295"	"4856"	"TELA DE ANIAGEM (JUTA)"	"126877"	"TELA DE ANIAGEM ( JUTA) [SINAPI 44529]"
"295"	"6177"	"TELA DE ANIAGEM ( JUTA)"	"126877"	"TELA DE ANIAGEM ( JUTA) [SINAPI 44529]"
"295"	"10240"	"tela de aniagem"	"126877"	"TELA DE ANIAGEM ( JUTA) [SINAPI 44529]"
"295"	"4856"	"TELA DE ANIAGEM (JUTA)"	"126877"	"TELA DE ANIAGEM ( JUTA) [SINAPI 44529]"
"295"	"6178"	"TINTA LATEX ACRILICA SUPER PREMIUM, COR BRANCO FOSCO"	"126878"	"TINTA LATEX ACRILICA SUPER PREMIUM, COR BRANCO FOSCO [SINAPI 43624]"
"295"	"6910"	"Tinta acrílica branco fosco"	"126878"	"TINTA LATEX ACRILICA SUPER PREMIUM, COR BRANCO FOSCO [SINAPI 43624]"
"295"	"6908"	"Tinta acrílica branco fosco"	"126878"	"TINTA LATEX ACRILICA SUPER PREMIUM, COR BRANCO FOSCO [SINAPI 43624]"
"295"	"6912"	"Tinta acrílica branco fosco"	"126878"	"TINTA LATEX ACRILICA SUPER PREMIUM, COR BRANCO FOSCO [SINAPI 43624]"
"295"	"6179"	"TORNEIRA CROMADA DE MESA PARA LAVATORIO, MISTURADOR MONOCOMANDO, BICA BAIXA (REF 2875)"	"126879"	"TORNEIRA CROMADA DE MESA PARA LAVATORIO, MISTURADOR MONOCOMANDO, BICA BAIXA (REF 2875) [SINAPI 44045]"
"295"	"3646"	"MISTURADOR CROMADO DE MESA BICA BAIXA PARA LAVATORIO (REF 1875)"	"126879"	"TORNEIRA CROMADA DE MESA PARA LAVATORIO, MISTURADOR MONOCOMANDO, BICA BAIXA (REF 2875) [SINAPI 44045]"
"295"	"5022"	"TORNEIRA CROMADA DE MESA PARA LAVATORIO, BICA ALTA (REF 1195)"	"126879"	"TORNEIRA CROMADA DE MESA PARA LAVATORIO, MISTURADOR MONOCOMANDO, BICA BAIXA (REF 2875) [SINAPI 44045]"
"295"	"6180"	"TORNEIRA DE MESA CROMADA PARA LAVATORIO COM SENSOR DE APROXIMACAO ELETRICO, BIVOLT"	"126880"	"TORNEIRA DE MESA CROMADA PARA LAVATORIO COM SENSOR DE APROXIMACAO ELETRICO, BIVOLT [SINAPI 39702]"
"295"	"6179"	"TORNEIRA CROMADA DE MESA PARA LAVATORIO, MISTURADOR MONOCOMANDO, BICA BAIXA (REF 2875)"	"126880"	"TORNEIRA DE MESA CROMADA PARA LAVATORIO COM SENSOR DE APROXIMACAO ELETRICO, BIVOLT [SINAPI 39702]"
"295"	"5020"	"TORNEIRA CROMADA DE MESA PARA LAVATORIO COM SENSOR DE PRESENCA"	"126880"	"TORNEIRA DE MESA CROMADA PARA LAVATORIO COM SENSOR DE APROXIMACAO ELETRICO, BIVOLT [SINAPI 39702]"
"295"	"6181"	"TUBO DE POLIETILENO DE ALTA DENSIDADE, PEAD, PE-80, DE = 1000 MM X 38,5 MM PAREDE, ( SDR 26 - PN 05 ) PARA REDE DE AGUA OU ESGOTO ( NBR 15561)"	"126881"	"TUBO DE POLIETILENO DE ALTA DENSIDADE, PEAD, PE-80, DE = 1000 MM X 38,5 MM PAREDE, ( SDR 26 - PN 05 ) PARA REDE DE AGUA OU ESGOTO ( NBR 15561) [SINAPI 44543]"
"295"	"5287"	"TUBO DE POLIETILENO DE ALTA DENSIDADE, PEAD, PE-80, DE = 1000 MM X 38,5 MM PAREDE, ( SDR 26 - PN 05 ) PARA REDE DE AGUA OU ESGOTO (NBR 15561)"	"126881"	"TUBO DE POLIETILENO DE ALTA DENSIDADE, PEAD, PE-80, DE = 1000 MM X 38,5 MM PAREDE, ( SDR 26 - PN 05 ) PARA REDE DE AGUA OU ESGOTO ( NBR 15561) [SINAPI 44543]"
"295"	"35637"	"TUBO DE POLIETILENO DE ALTA DENSIDADE, PEAD, PE-80, DE = 1000 MM X 38,5 MM PAREDE, (SDR 26 - PN 05) PARA REDE DE AGUA OU ESGOTO (NBR 15561)"	"126881"	"TUBO DE POLIETILENO DE ALTA DENSIDADE, PEAD, PE-80, DE = 1000 MM X 38,5 MM PAREDE, ( SDR 26 - PN 05 ) PARA REDE DE AGUA OU ESGOTO ( NBR 15561) [SINAPI 44543]"
"295"	"6182"	"TUBO DE POLIETILENO DE ALTA DENSIDADE, PEAD, PE-80, DE = 110 MM X 10,0 MM PAREDE, ( SDR 11 - PN 12,5 ) PARA REDE DE AGUA OU ESGOTO ( NBR 15561)"	"126882"	"TUBO DE POLIETILENO DE ALTA DENSIDADE, PEAD, PE-80, DE = 110 MM X 10,0 MM PAREDE, ( SDR 11 - PN 12,5 ) PARA REDE DE AGUA OU ESGOTO ( NBR 15561) [SINAPI 44526]"
"295"	"48551"	"TUBO POLIETILENO PE-80, DE = 110 MM X 10,0 MM PAREDE"	"126882"	"TUBO DE POLIETILENO DE ALTA DENSIDADE, PEAD, PE-80, DE = 110 MM X 10,0 MM PAREDE, ( SDR 11 - PN 12,5 ) PARA REDE DE AGUA OU ESGOTO ( NBR 15561) [SINAPI 44526]"
"295"	"6183"	"TUBO DE POLIETILENO DE ALTA DENSIDADE, PEAD, PE-80, DE = 1200 MM X 37,2 MM PAREDE ( SDR 32,25 - PN 04 ) PARA REDE DE AGUA OU ESGOTO ( NBR 15561)"	"126883"	"TUBO DE POLIETILENO DE ALTA DENSIDADE, PEAD, PE-80, DE = 1200 MM X 37,2 MM PAREDE ( SDR 32,25 - PN 04 ) PARA REDE DE AGUA OU ESGOTO ( NBR 15561) [SINAPI 44518]"
"295"	"5289"	"TUBO DE POLIETILENO DE ALTA DENSIDADE, PEAD, PE-80, DE = 1200 MM X 37,2 MM PAREDE ( SDR 32,25 - PN 04 ) PARA REDE DE AGUA OU ESGOTO (NBR 15561)"	"126883"	"TUBO DE POLIETILENO DE ALTA DENSIDADE, PEAD, PE-80, DE = 1200 MM X 37,2 MM PAREDE ( SDR 32,25 - PN 04 ) PARA REDE DE AGUA OU ESGOTO ( NBR 15561) [SINAPI 44518]"
"295"	"6184"	"TUBO DE POLIETILENO DE ALTA DENSIDADE, PEAD, PE-80, DE = 1400 MM X 42,9 MM PAREDE, (SDR 32,25 - PN 04 ) PARA REDE DE AGUA OU ESGOTO ( NBR 15561)"	"126884"	"TUBO DE POLIETILENO DE ALTA DENSIDADE, PEAD, PE-80, DE = 1400 MM X 42,9 MM PAREDE, (SDR 32,25 - PN 04 ) PARA REDE DE AGUA OU ESGOTO ( NBR 15561) [SINAPI 44544]"
"295"	"5290"	"TUBO DE POLIETILENO DE ALTA DENSIDADE, PEAD, PE-80, DE = 1400 MM X 42,9 MM PAREDE, (SDR 32,25 - PN 04 ) PARA REDE DE AGUA OU ESGOTO (NBR 15561)"	"126884"	"TUBO DE POLIETILENO DE ALTA DENSIDADE, PEAD, PE-80, DE = 1400 MM X 42,9 MM PAREDE, (SDR 32,25 - PN 04 ) PARA REDE DE AGUA OU ESGOTO ( NBR 15561) [SINAPI 44544]"
"295"	"6185"	"TUBO DE POLIETILENO DE ALTA DENSIDADE, PEAD, PE-80, DE = 160 MM X 14,6 MM PAREDE, (SDR 11 - PN 12,5 ) PARA REDE DE AGUA OU ESGOTO ( NBR 15561)"	"126885"	"TUBO DE POLIETILENO DE ALTA DENSIDADE, PEAD, PE-80, DE = 160 MM X 14,6 MM PAREDE, (SDR 11 - PN 12,5 ) PARA REDE DE AGUA OU ESGOTO ( NBR 15561) [SINAPI 44545]"
"295"	"35639"	"TUBO DE POLIETILENO DE ALTA DENSIDADE, PEAD, PE-80, DE = 160 MM X 14,6 MM PAREDE, (SDR 11 - PN 12,5) PARA REDE DE AGUA OU ESGOTO (NBR 15561)"	"126885"	"TUBO DE POLIETILENO DE ALTA DENSIDADE, PEAD, PE-80, DE = 160 MM X 14,6 MM PAREDE, (SDR 11 - PN 12,5 ) PARA REDE DE AGUA OU ESGOTO ( NBR 15561) [SINAPI 44545]"
"295"	"48550"	"TUBO POLIETILENO PE-80, DE = 160 MM X 14,6 MM PAREDE"	"126885"	"TUBO DE POLIETILENO DE ALTA DENSIDADE, PEAD, PE-80, DE = 160 MM X 14,6 MM PAREDE, (SDR 11 - PN 12,5 ) PARA REDE DE AGUA OU ESGOTO ( NBR 15561) [SINAPI 44545]"
"295"	"6186"	"TUBO DE POLIETILENO DE ALTA DENSIDADE, PEAD, PE-80, DE = 1600 MM X 49,0 MM PAREDE, ( SDR 32,25 - PN 04 ) PARA REDE DE AGUA OU ESGOTO ( NBR 15561)"	"126886"	"TUBO DE POLIETILENO DE ALTA DENSIDADE, PEAD, PE-80, DE = 1600 MM X 49,0 MM PAREDE, ( SDR 32,25 - PN 04 ) PARA REDE DE AGUA OU ESGOTO ( NBR 15561) [SINAPI 44546]"
"295"	"5292"	"TUBO DE POLIETILENO DE ALTA DENSIDADE, PEAD, PE-80, DE = 1600 MM X 49,0 MM PAREDE, ( SDR 32,25 - PN 04 ) PARA REDE DE AGUA OU ESGOTO (NBR 15561)"	"126886"	"TUBO DE POLIETILENO DE ALTA DENSIDADE, PEAD, PE-80, DE = 1600 MM X 49,0 MM PAREDE, ( SDR 32,25 - PN 04 ) PARA REDE DE AGUA OU ESGOTO ( NBR 15561) [SINAPI 44546]"
"295"	"6187"	"TUBO DE POLIETILENO DE ALTA DENSIDADE, PEAD, PE-80, DE = 900 MM X 34,7 MM PAREDE, ( SDR 26 - PN 05 ) PARA REDE DE AGUA OU ESGOTO ( NBR 15561)"	"126887"	"TUBO DE POLIETILENO DE ALTA DENSIDADE, PEAD, PE-80, DE = 900 MM X 34,7 MM PAREDE, ( SDR 26 - PN 05 ) PARA REDE DE AGUA OU ESGOTO ( NBR 15561) [SINAPI 44525]"
"295"	"5293"	"TUBO DE POLIETILENO DE ALTA DENSIDADE, PEAD, PE-80, DE = 900 MM X 34,7 MM PAREDE, ( SDR 26 - PN 05 ) PARA REDE DE AGUA OU ESGOTO (NBR 15561)"	"126887"	"TUBO DE POLIETILENO DE ALTA DENSIDADE, PEAD, PE-80, DE = 900 MM X 34,7 MM PAREDE, ( SDR 26 - PN 05 ) PARA REDE DE AGUA OU ESGOTO ( NBR 15561) [SINAPI 44525]"
"295"	"35640"	"TUBO DE POLIETILENO DE ALTA DENSIDADE, PEAD, PE-80, DE = 900 MM X 34,7 MM PAREDE, (SDR 26 - PN 05) PARA REDE DE AGUA OU ESGOTO (NBR 15561)"	"126887"	"TUBO DE POLIETILENO DE ALTA DENSIDADE, PEAD, PE-80, DE = 900 MM X 34,7 MM PAREDE, ( SDR 26 - PN 05 ) PARA REDE DE AGUA OU ESGOTO ( NBR 15561) [SINAPI 44525]"
"295"	"6188"	"TUBO DE POLIETILENO DE ALTA DENSIDADE, PEAD, PE-80, DE= 200 MM X 18,2 MM PAREDE, ( SDR 11 - PN 12,5 ) PARA REDE DE AGUA OU ESGOTO ( NBR 15561)"	"126888"	"TUBO DE POLIETILENO DE ALTA DENSIDADE, PEAD, PE-80, DE= 200 MM X 18,2 MM PAREDE, ( SDR 11 - PN 12,5 ) PARA REDE DE AGUA OU ESGOTO ( NBR 15561) [SINAPI 44547]"
"295"	"5294"	"TUBO DE POLIETILENO DE ALTA DENSIDADE, PEAD, PE-80, DE= 200 MM X 18,2 MM PAREDE, ( SDR 11 - PN 12,5 ) PARA REDE DE AGUA OU ESGOTO (NBR 15561)"	"126888"	"TUBO DE POLIETILENO DE ALTA DENSIDADE, PEAD, PE-80, DE= 200 MM X 18,2 MM PAREDE, ( SDR 11 - PN 12,5 ) PARA REDE DE AGUA OU ESGOTO ( NBR 15561) [SINAPI 44547]"
"295"	"35641"	"TUBO DE POLIETILENO DE ALTA DENSIDADE, PEAD, PE-80, DE= 200 MM X 18,2 MM PAREDE, (SDR 11 - PN 12,5) PARA REDE DE AGUA OU ESGOTO (NBR 15561)"	"126888"	"TUBO DE POLIETILENO DE ALTA DENSIDADE, PEAD, PE-80, DE= 200 MM X 18,2 MM PAREDE, ( SDR 11 - PN 12,5 ) PARA REDE DE AGUA OU ESGOTO ( NBR 15561) [SINAPI 44547]"
"295"	"6189"	"TUBO DE POLIETILENO DE ALTA DENSIDADE, PEAD, PE-80, DE= 315 MM X 28,7 MM PAREDE, ( SDR 11 - PN 12,5 ) PARA REDE DE AGUA OU ESGOTO ( NBR 15561)"	"126889"	"TUBO DE POLIETILENO DE ALTA DENSIDADE, PEAD, PE-80, DE= 315 MM X 28,7 MM PAREDE, ( SDR 11 - PN 12,5 ) PARA REDE DE AGUA OU ESGOTO ( NBR 15561) [SINAPI 44519]"
"295"	"5295"	"TUBO DE POLIETILENO DE ALTA DENSIDADE, PEAD, PE-80, DE= 315 MM X 28,7 MM PAREDE, ( SDR 11 - PN 12,5 ) PARA REDE DE AGUA OU ESGOTO (NBR 15561)"	"126889"	"TUBO DE POLIETILENO DE ALTA DENSIDADE, PEAD, PE-80, DE= 315 MM X 28,7 MM PAREDE, ( SDR 11 - PN 12,5 ) PARA REDE DE AGUA OU ESGOTO ( NBR 15561) [SINAPI 44519]"
"295"	"35642"	"TUBO DE POLIETILENO DE ALTA DENSIDADE, PEAD, PE-80, DE= 315 MM X 28,7 MM PAREDE, (SDR 11 - PN 12,5) PARA REDE DE AGUA OU ESGOTO (NBR 15561)"	"126889"	"TUBO DE POLIETILENO DE ALTA DENSIDADE, PEAD, PE-80, DE= 315 MM X 28,7 MM PAREDE, ( SDR 11 - PN 12,5 ) PARA REDE DE AGUA OU ESGOTO ( NBR 15561) [SINAPI 44519]"
"295"	"6190"	"TUBO DE POLIETILENO DE ALTA DENSIDADE, PEAD, PE-80, DE= 400 MM X 36,4 MM PAREDE, ( SDR 11 - PN 12,5 ) PARA REDE DE AGUA OU ESGOTO ( NBR 15561)"	"126890"	"TUBO DE POLIETILENO DE ALTA DENSIDADE, PEAD, PE-80, DE= 400 MM X 36,4 MM PAREDE, ( SDR 11 - PN 12,5 ) PARA REDE DE AGUA OU ESGOTO ( NBR 15561) [SINAPI 44520]"
"295"	"5296"	"TUBO DE POLIETILENO DE ALTA DENSIDADE, PEAD, PE-80, DE= 400 MM X 36,4 MM PAREDE, ( SDR 11 - PN 12,5 ) PARA REDE DE AGUA OU ESGOTO (NBR 15561)"	"126890"	"TUBO DE POLIETILENO DE ALTA DENSIDADE, PEAD, PE-80, DE= 400 MM X 36,4 MM PAREDE, ( SDR 11 - PN 12,5 ) PARA REDE DE AGUA OU ESGOTO ( NBR 15561) [SINAPI 44520]"
"295"	"35643"	"TUBO DE POLIETILENO DE ALTA DENSIDADE, PEAD, PE-80, DE= 400 MM X 36,4 MM PAREDE, (SDR 11 - PN 12,5) PARA REDE DE AGUA OU ESGOTO (NBR 15561)"	"126890"	"TUBO DE POLIETILENO DE ALTA DENSIDADE, PEAD, PE-80, DE= 400 MM X 36,4 MM PAREDE, ( SDR 11 - PN 12,5 ) PARA REDE DE AGUA OU ESGOTO ( NBR 15561) [SINAPI 44520]"
"295"	"5297"	"TUBO DE POLIETILENO DE ALTA DENSIDADE, PEAD, PE-80, DE= 50 MM X 4,6 MM PAREDE, (SDR 11 - PN 12,5) PARA REDE DE AGUA OU ESGOTO (NBR 15561)"	"126891"	"TUBO DE POLIETILENO DE ALTA DENSIDADE, PEAD, PE-80, DE= 50 MM X 4,6 MM PAREDE, (SDR 11 - PN 12,5) PARA REDE DE AGUA OU ESGOTO ( NBR 15561) [SINAPI 44521]"
"295"	"6191"	"TUBO DE POLIETILENO DE ALTA DENSIDADE, PEAD, PE-80, DE= 50 MM X 4,6 MM PAREDE, (SDR 11 - PN 12,5) PARA REDE DE AGUA OU ESGOTO ( NBR 15561)"	"126891"	"TUBO DE POLIETILENO DE ALTA DENSIDADE, PEAD, PE-80, DE= 50 MM X 4,6 MM PAREDE, (SDR 11 - PN 12,5) PARA REDE DE AGUA OU ESGOTO ( NBR 15561) [SINAPI 44521]"
"295"	"5297"	"TUBO DE POLIETILENO DE ALTA DENSIDADE, PEAD, PE-80, DE= 50 MM X 4,6 MM PAREDE, (SDR 11 - PN 12,5) PARA REDE DE AGUA OU ESGOTO (NBR 15561)"	"126891"	"TUBO DE POLIETILENO DE ALTA DENSIDADE, PEAD, PE-80, DE= 50 MM X 4,6 MM PAREDE, (SDR 11 - PN 12,5) PARA REDE DE AGUA OU ESGOTO ( NBR 15561) [SINAPI 44521]"
"295"	"38612"	"Tubo de polietileno de alta densidade, PEAD, PE-80, DE= 50 mm x 4,6 mm parede, (SDR 11 - PN 12,5) para rede de água ou esgoto (NBR 15561)"	"126891"	"TUBO DE POLIETILENO DE ALTA DENSIDADE, PEAD, PE-80, DE= 50 MM X 4,6 MM PAREDE, (SDR 11 - PN 12,5) PARA REDE DE AGUA OU ESGOTO ( NBR 15561) [SINAPI 44521]"
"295"	"25272"	"TUBO DE POLIETILENO DE ALTA DENSIDADE, PEAD, PE-80, DE= 50 MM X 4,6 MM PAREDE, (SDR 11 - PN 12,5) PARA REDE DE AGUA OU ESGOTO (NBR 15561)"	"126891"	"TUBO DE POLIETILENO DE ALTA DENSIDADE, PEAD, PE-80, DE= 50 MM X 4,6 MM PAREDE, (SDR 11 - PN 12,5) PARA REDE DE AGUA OU ESGOTO ( NBR 15561) [SINAPI 44521]"
"295"	"6192"	"TUBO DE POLIETILENO DE ALTA DENSIDADE, PEAD, PE-80, DE= 500 MM X 45,5 MM PAREDE, ( SDR 11 - PN 12,5 ) PARA REDE DE AGUA OU ESGOTO ( NBR 15561)"	"126892"	"TUBO DE POLIETILENO DE ALTA DENSIDADE, PEAD, PE-80, DE= 500 MM X 45,5 MM PAREDE, ( SDR 11 - PN 12,5 ) PARA REDE DE AGUA OU ESGOTO ( NBR 15561) [SINAPI 44522]"
"295"	"5298"	"TUBO DE POLIETILENO DE ALTA DENSIDADE, PEAD, PE-80, DE= 500 MM X 45,5 MM PAREDE, ( SDR 11 - PN 12,5 ) PARA REDE DE AGUA OU ESGOTO (NBR 15561)"	"126892"	"TUBO DE POLIETILENO DE ALTA DENSIDADE, PEAD, PE-80, DE= 500 MM X 45,5 MM PAREDE, ( SDR 11 - PN 12,5 ) PARA REDE DE AGUA OU ESGOTO ( NBR 15561) [SINAPI 44522]"
"295"	"35644"	"TUBO DE POLIETILENO DE ALTA DENSIDADE, PEAD, PE-80, DE= 500 MM X 45,5 MM PAREDE, (SDR 11 - PN 12,5) PARA REDE DE AGUA OU ESGOTO (NBR 15561)"	"126892"	"TUBO DE POLIETILENO DE ALTA DENSIDADE, PEAD, PE-80, DE= 500 MM X 45,5 MM PAREDE, ( SDR 11 - PN 12,5 ) PARA REDE DE AGUA OU ESGOTO ( NBR 15561) [SINAPI 44522]"
"295"	"6193"	"TUBO DE POLIETILENO DE ALTA DENSIDADE, PEAD, PE-80, DE= 630 MM X 57,3 MM PAREDE (SDR 11 - PN 12,5 ) PARA REDE DE AGUA OU ESGOTO ( NBR 15561)"	"126893"	"TUBO DE POLIETILENO DE ALTA DENSIDADE, PEAD, PE-80, DE= 630 MM X 57,3 MM PAREDE (SDR 11 - PN 12,5 ) PARA REDE DE AGUA OU ESGOTO ( NBR 15561) [SINAPI 44523]"
"295"	"5299"	"TUBO DE POLIETILENO DE ALTA DENSIDADE, PEAD, PE-80, DE= 630 MM X 57,3 MM PAREDE (SDR 11 - PN 12,5 ) PARA REDE DE AGUA OU ESGOTO (NBR 15561)"	"126893"	"TUBO DE POLIETILENO DE ALTA DENSIDADE, PEAD, PE-80, DE= 630 MM X 57,3 MM PAREDE (SDR 11 - PN 12,5 ) PARA REDE DE AGUA OU ESGOTO ( NBR 15561) [SINAPI 44523]"
"295"	"35645"	"TUBO DE POLIETILENO DE ALTA DENSIDADE, PEAD, PE-80, DE= 630 MM X 57,3 MM PAREDE (SDR 11 - PN 12,5) PARA REDE DE AGUA OU ESGOTO (NBR 15561)"	"126893"	"TUBO DE POLIETILENO DE ALTA DENSIDADE, PEAD, PE-80, DE= 630 MM X 57,3 MM PAREDE (SDR 11 - PN 12,5 ) PARA REDE DE AGUA OU ESGOTO ( NBR 15561) [SINAPI 44523]"
"295"	"6194"	"TUBO DE POLIETILENO DE ALTA DENSIDADE, PEAD, PE-80, DE= 730 MM X 34,1 MM PAREDE, ( SDR 21 - PN 06 ) PARA REDE DE AGUA OU ESGOTO ( NBR 15561)"	"126894"	"TUBO DE POLIETILENO DE ALTA DENSIDADE, PEAD, PE-80, DE= 730 MM X 34,1 MM PAREDE, ( SDR 21 - PN 06 ) PARA REDE DE AGUA OU ESGOTO ( NBR 15561) [SINAPI 44527]"
"295"	"5300"	"TUBO DE POLIETILENO DE ALTA DENSIDADE, PEAD, PE-80, DE= 730 MM X 34,1 MM PAREDE, ( SDR 21 - PN 06 ) PARA REDE DE AGUA OU ESGOTO (NBR 15561)"	"126894"	"TUBO DE POLIETILENO DE ALTA DENSIDADE, PEAD, PE-80, DE= 730 MM X 34,1 MM PAREDE, ( SDR 21 - PN 06 ) PARA REDE DE AGUA OU ESGOTO ( NBR 15561) [SINAPI 44527]"
"295"	"35646"	"TUBO DE POLIETILENO DE ALTA DENSIDADE, PEAD, PE-80, DE= 730 MM X 34,1 MM PAREDE, (SDR 21 - PN 06) PARA REDE DE AGUA OU ESGOTO (NBR 15561)"	"126894"	"TUBO DE POLIETILENO DE ALTA DENSIDADE, PEAD, PE-80, DE= 730 MM X 34,1 MM PAREDE, ( SDR 21 - PN 06 ) PARA REDE DE AGUA OU ESGOTO ( NBR 15561) [SINAPI 44527]"
"295"	"6195"	"TUBO DE POLIETILENO DE ALTA DENSIDADE, PEAD, PE-80, DE= 75 MM X 6,9 MM PAREDE, ( SRD 11 - PN 12,5 ) PARA REDE DE AGUA OU ESGOTO ( NBR 15561)"	"126895"	"TUBO DE POLIETILENO DE ALTA DENSIDADE, PEAD, PE-80, DE= 75 MM X 6,9 MM PAREDE, ( SRD 11 - PN 12,5 ) PARA REDE DE AGUA OU ESGOTO ( NBR 15561) [SINAPI 44524]"
"295"	"25273"	"TUBO DE POLIETILENO DE ALTA DENSIDADE, PEAD, PE-80, DE= 75 MM X 6,9 MM PAREDE, ( SDR 11 - PN 12,5 ) PARA REDE DE AGUA OU ESGOTO (NBR 15561)"	"126895"	"TUBO DE POLIETILENO DE ALTA DENSIDADE, PEAD, PE-80, DE= 75 MM X 6,9 MM PAREDE, ( SRD 11 - PN 12,5 ) PARA REDE DE AGUA OU ESGOTO ( NBR 15561) [SINAPI 44524]"
"295"	"35647"	"TUBO DE POLIETILENO DE ALTA DENSIDADE, PEAD, PE-80, DE= 75 MM X 6,9 MM PAREDE, (SRD 11 - PN 12,5) PARA REDE DE AGUA OU ESGOTO (NBR 15561)"	"126895"	"TUBO DE POLIETILENO DE ALTA DENSIDADE, PEAD, PE-80, DE= 75 MM X 6,9 MM PAREDE, ( SRD 11 - PN 12,5 ) PARA REDE DE AGUA OU ESGOTO ( NBR 15561) [SINAPI 44524]"
"295"	"5301"	"TUBO DE POLIETILENO DE ALTA DENSIDADE, PEAD, PE-80, DE= 75 MM X 6,9 MM PAREDE, ( SRD 11 - PN 12,5 ) PARA REDE DE AGUA OU ESGOTO (NBR 15561)"	"126895"	"TUBO DE POLIETILENO DE ALTA DENSIDADE, PEAD, PE-80, DE= 75 MM X 6,9 MM PAREDE, ( SRD 11 - PN 12,5 ) PARA REDE DE AGUA OU ESGOTO ( NBR 15561) [SINAPI 44524]"
"295"	"11767"	"Tubo de polietileno de alta densidade, pead, pe-80, de= 75 mm x 6,9 mm parede, (srd 11 - pn 12,5 ) para rede de agua ou esgoto."	"126895"	"TUBO DE POLIETILENO DE ALTA DENSIDADE, PEAD, PE-80, DE= 75 MM X 6,9 MM PAREDE, ( SRD 11 - PN 12,5 ) PARA REDE DE AGUA OU ESGOTO ( NBR 15561) [SINAPI 44524]"
"295"	"6196"	"TUBO DE POLIETILENO DE ALTA DENSIDADE, PEAD, PE-80, DE= 800 MM X 30,8 MM PAREDE, ( SDR 26 - PN 05 ) PARA REDE DE AGUA OU ESGOTO ( NBR 15561)"	"126896"	"TUBO DE POLIETILENO DE ALTA DENSIDADE, PEAD, PE-80, DE= 800 MM X 30,8 MM PAREDE, ( SDR 26 - PN 05 ) PARA REDE DE AGUA OU ESGOTO ( NBR 15561) [SINAPI 44542]"
"295"	"5302"	"TUBO DE POLIETILENO DE ALTA DENSIDADE, PEAD, PE-80, DE= 800 MM X 30,8 MM PAREDE, ( SDR 26 - PN 05 ) PARA REDE DE AGUA OU ESGOTO (NBR 15561)"	"126896"	"TUBO DE POLIETILENO DE ALTA DENSIDADE, PEAD, PE-80, DE= 800 MM X 30,8 MM PAREDE, ( SDR 26 - PN 05 ) PARA REDE DE AGUA OU ESGOTO ( NBR 15561) [SINAPI 44542]"
"295"	"35648"	"TUBO DE POLIETILENO DE ALTA DENSIDADE, PEAD, PE-80, DE= 800 MM X 30,8 MM PAREDE, (SDR 26 - PN 05) PARA REDE DE AGUA OU ESGOTO (NBR 15561)"	"126896"	"TUBO DE POLIETILENO DE ALTA DENSIDADE, PEAD, PE-80, DE= 800 MM X 30,8 MM PAREDE, ( SDR 26 - PN 05 ) PARA REDE DE AGUA OU ESGOTO ( NBR 15561) [SINAPI 44542]"
"295"	"6197"	"USINA DE ASFALTO, GRAVIMETRICA, CAPACIDADE DE 150 T/H, POTENCIA DE 400 KW"	"126897"	"USINA DE ASFALTO, GRAVIMETRICA, CAPACIDADE DE 150 T/H, POTENCIA DE 400 KW [SINAPI 44469]"
"295"	"35688"	"USINA DE ASFALTO, GRAVIMETRICA, CAPACIDADE DE 150 T/H, POTENCIA DE 400 KW"	"126897"	"USINA DE ASFALTO, GRAVIMETRICA, CAPACIDADE DE 150 T/H, POTENCIA DE 400 KW [SINAPI 44469]"
"295"	"5474"	"USINA DE ASFALTO, GRAVIMETRICA, CAPACIDADE DE 150 T/H, POTENCIA DE 400 KW"	"126897"	"USINA DE ASFALTO, GRAVIMETRICA, CAPACIDADE DE 150 T/H, POTENCIA DE 400 KW [SINAPI 44469]"
"295"	"6198"	"VIBROACABADORA DE ASFALTO SOBRE ESTEIRAS, LARG. PAVIM. MAX. 8,00 M, POT. 100 KW/ 134 HP, CAP. 600 T/ H"	"126898"	"VIBROACABADORA DE ASFALTO SOBRE ESTEIRAS, LARG. PAVIM. MAX. 8,00 M, POT. 100 KW/ 134 HP, CAP. 600 T/ H [SINAPI 44491]"
"295"	"6199"	"VIBROACABADORA DE ASFALTO SOBRE ESTEIRAS, LARG. PAVIM. 2,13 M A 4,55 M, POT. 74 KW/ 100 HP, CAP. 400 T/ H"	"126899"	"VIBROACABADORA DE ASFALTO SOBRE ESTEIRAS, LARG. PAVIM. 2,13 M A 4,55 M, POT. 74 KW/ 100 HP, CAP. 400 T/ H [SINAPI 44470]"
"295"	"35700"	"VIBROACABADORA DE ASFALTO SOBRE ESTEIRAS, LARG. PAVIM. 2,13 M A 4,55 M, POT. 74 KW/ 100 HP, CAP. 400 T/ H"	"126899"	"VIBROACABADORA DE ASFALTO SOBRE ESTEIRAS, LARG. PAVIM. 2,13 M A 4,55 M, POT. 74 KW/ 100 HP, CAP. 400 T/ H [SINAPI 44470]"
"295"	"5553"	"VIBROACABADORA DE ASFALTO SOBRE ESTEIRAS, LARG. PAVIM. 2,13 M A 4,55 M, POT. 74 KW/ 100 HP, CAP. 400 T/ H"	"126899"	"VIBROACABADORA DE ASFALTO SOBRE ESTEIRAS, LARG. PAVIM. 2,13 M A 4,55 M, POT. 74 KW/ 100 HP, CAP. 400 T/ H [SINAPI 44470]"
"295"	"6214"	"DOBRADICA EM ACO/FERRO, 3"" X 2 1/2"", E= 1,2 A 1,8 MM, SEM ANEL, CROMADO OU ZINCADO, TAMPA BOLA, COM PARAFUSOS"	"126900"	"DOBRADICA EM ACO/FERRO, 3"" X 2 1/2"", E= 1,2 A 1,8 MM, SEM ANEL, CROMADO OU ZINCADO, TAMPA BOLA, COM PARAFUSOS [SINAPI 2418]"
"295"	"2318"	"DOBRADICA EM ACO/FERRO, 3"" X 2 1/2"", E= 1,2 A 1,8 MM, SEM ANEL, CROMADO OU ZINCADO, TAMPA CHATA, COM PARAFUSOS"	"126900"	"DOBRADICA EM ACO/FERRO, 3"" X 2 1/2"", E= 1,2 A 1,8 MM, SEM ANEL, CROMADO OU ZINCADO, TAMPA BOLA, COM PARAFUSOS [SINAPI 2418]"
"295"	"6215"	"HASTE DE ATERRAMENTO EM ACO COM 3,00 M DE COMPRIMENTO E DN = 3/4"", REVESTIDA COM BAIXA CAMADA DE COBRE, SEM CONECTOR"	"126901"	"HASTE DE ATERRAMENTO EM ACO COM 3,00 M DE COMPRIMENTO E DN = 3/4"", REVESTIDA COM BAIXA CAMADA DE COBRE, SEM CONECTOR [SINAPI 3378]"
"295"	"6216"	"HASTE DE ATERRAMENTO EM ACO COM 3,00 M DE COMPRIMENTO E DN = 5/8"", REVESTIDA COM BAIXA CAMADA DE COBRE, COM CONECTOR TIPO GRAMPO"	"126902"	"HASTE DE ATERRAMENTO EM ACO COM 3,00 M DE COMPRIMENTO E DN = 5/8"", REVESTIDA COM BAIXA CAMADA DE COBRE, COM CONECTOR TIPO GRAMPO [SINAPI 3380]"
"295"	"6217"	"HASTE DE ATERRAMENTO EM ACO COM 3,00 M DE COMPRIMENTO E DN = 5/8"", REVESTIDA COM BAIXA CAMADA DE COBRE, SEM CONECTOR"	"126902"	"HASTE DE ATERRAMENTO EM ACO COM 3,00 M DE COMPRIMENTO E DN = 5/8"", REVESTIDA COM BAIXA CAMADA DE COBRE, COM CONECTOR TIPO GRAMPO [SINAPI 3380]"
"295"	"19971"	"Haste de aterramento tipo copperweld, Ø=5/8""x3.000mm, com conector de bronze para cabos 25 mm2,cobertura de cobre 0,254mm"	"126902"	"HASTE DE ATERRAMENTO EM ACO COM 3,00 M DE COMPRIMENTO E DN = 5/8"", REVESTIDA COM BAIXA CAMADA DE COBRE, COM CONECTOR TIPO GRAMPO [SINAPI 3380]"
"295"	"45473"	"HASTE DE ATERRAMENTO EM ACO COM 3,00 M DE COMPRIMENTO E DN = 5/8"", REVESTIDA COM BAIXA CAMADA DE COBRE, SEM CONECTOR"	"126902"	"HASTE DE ATERRAMENTO EM ACO COM 3,00 M DE COMPRIMENTO E DN = 5/8"", REVESTIDA COM BAIXA CAMADA DE COBRE, COM CONECTOR TIPO GRAMPO [SINAPI 3380]"
"295"	"12811"	"""HASTE DE TERRA 5/8"""" X 3M - Haste de Aterramento Cobreada – Alta Camada, Seção circular de Ø 5/8” x 3,00m (Ø 14,3mm - efetivo), com núcleo de aço SAE 1010/1020 e com revestimento de Cobre eletrolítico de pureza mínima de 95% sem traços de Zinco. A camada de Cobre que constitui o revestimento do aço deverá ser obtida através do processo de eletrodeposição anódica de modo a assegurar uma união inseparável e homogênea entre os dois metais, Conforme NBR 13571 / UL 467. """	"126902"	"HASTE DE ATERRAMENTO EM ACO COM 3,00 M DE COMPRIMENTO E DN = 5/8"", REVESTIDA COM BAIXA CAMADA DE COBRE, COM CONECTOR TIPO GRAMPO [SINAPI 3380]"
"295"	"6217"	"HASTE DE ATERRAMENTO EM ACO COM 3,00 M DE COMPRIMENTO E DN = 5/8"", REVESTIDA COM BAIXA CAMADA DE COBRE, SEM CONECTOR"	"126903"	"HASTE DE ATERRAMENTO EM ACO COM 3,00 M DE COMPRIMENTO E DN = 5/8"", REVESTIDA COM BAIXA CAMADA DE COBRE, SEM CONECTOR [SINAPI 3379]"
"295"	"6216"	"HASTE DE ATERRAMENTO EM ACO COM 3,00 M DE COMPRIMENTO E DN = 5/8"", REVESTIDA COM BAIXA CAMADA DE COBRE, COM CONECTOR TIPO GRAMPO"	"126903"	"HASTE DE ATERRAMENTO EM ACO COM 3,00 M DE COMPRIMENTO E DN = 5/8"", REVESTIDA COM BAIXA CAMADA DE COBRE, SEM CONECTOR [SINAPI 3379]"
"295"	"12811"	"""HASTE DE TERRA 5/8"""" X 3M - Haste de Aterramento Cobreada – Alta Camada, Seção circular de Ø 5/8” x 3,00m (Ø 14,3mm - efetivo), com núcleo de aço SAE 1010/1020 e com revestimento de Cobre eletrolítico de pureza mínima de 95% sem traços de Zinco. A camada de Cobre que constitui o revestimento do aço deverá ser obtida através do processo de eletrodeposição anódica de modo a assegurar uma união inseparável e homogênea entre os dois metais, Conforme NBR 13571 / UL 467. """	"126903"	"HASTE DE ATERRAMENTO EM ACO COM 3,00 M DE COMPRIMENTO E DN = 5/8"", REVESTIDA COM BAIXA CAMADA DE COBRE, SEM CONECTOR [SINAPI 3379]"
"295"	"45473"	"HASTE DE ATERRAMENTO EM ACO COM 3,00 M DE COMPRIMENTO E DN = 5/8"", REVESTIDA COM BAIXA CAMADA DE COBRE, SEM CONECTOR"	"126903"	"HASTE DE ATERRAMENTO EM ACO COM 3,00 M DE COMPRIMENTO E DN = 5/8"", REVESTIDA COM BAIXA CAMADA DE COBRE, SEM CONECTOR [SINAPI 3379]"
"295"	"19971"	"Haste de aterramento tipo copperweld, Ø=5/8""x3.000mm, com conector de bronze para cabos 25 mm2,cobertura de cobre 0,254mm"	"126903"	"HASTE DE ATERRAMENTO EM ACO COM 3,00 M DE COMPRIMENTO E DN = 5/8"", REVESTIDA COM BAIXA CAMADA DE COBRE, SEM CONECTOR [SINAPI 3379]"
"295"	"6218"	"JANELA BASCULANTE, ACO, COM BATENTE/REQUADRO, 60 X 80 CM (SEM VIDROS)"	"126904"	"JANELA BASCULANTE, ACO, COM BATENTE/REQUADRO, 60 X 80 CM (SEM VIDROS) [SINAPI 615]"
"295"	"6219"	"JANELA DE CORRER, ACO, BATENTE/REQUADRO DE 6 A 14 CM, QUADRICULADA, PINTURA ANTICORROSIVA, SEM VIDRO, BANDEIRA COM BASCULA, 4 FLS, 120 X 150 CM (A X L)"	"126905"	"JANELA DE CORRER, ACO, BATENTE/REQUADRO DE 6 A 14 CM, QUADRICULADA, PINTURA ANTICORROSIVA, SEM VIDRO, BANDEIRA COM BASCULA, 4 FLS, 120 X 150 CM (A X L) [SINAPI 606]"
"295"	"39234"	"Janela de correr, aco, batente/requadro de 6 a 14 cm, com divisao horiz, pint anticorrosiva, sem vidro, bandeira com bascula, 4 fls, 120 x 150 cm (a x l)"	"126905"	"JANELA DE CORRER, ACO, BATENTE/REQUADRO DE 6 A 14 CM, QUADRICULADA, PINTURA ANTICORROSIVA, SEM VIDRO, BANDEIRA COM BASCULA, 4 FLS, 120 X 150 CM (A X L) [SINAPI 606]"
"295"	"39524"	"Janela de correr, aco, batente/requadro de 6 a 14 cm, com divisao horiz, pint anticorrosiva, sem vidro, bandeira com bascula, 4 fls, 120 x 150 cm (a x l)"	"126905"	"JANELA DE CORRER, ACO, BATENTE/REQUADRO DE 6 A 14 CM, QUADRICULADA, PINTURA ANTICORROSIVA, SEM VIDRO, BANDEIRA COM BASCULA, 4 FLS, 120 X 150 CM (A X L) [SINAPI 606]"
"295"	"6221"	"!EM PROCESSO DE DESATIVACAO!JANELA DE CORRER, ACO, BATENTE/REQUADRO DE 6 A 14 CM, COM DIVISAO HORIZ , PINT ANTICORROSIVA, SEM VIDRO, BANDEIRA COM BASCULA, 4 FLS, 120 X 150 CM (A X L)"	"126905"	"JANELA DE CORRER, ACO, BATENTE/REQUADRO DE 6 A 14 CM, QUADRICULADA, PINTURA ANTICORROSIVA, SEM VIDRO, BANDEIRA COM BASCULA, 4 FLS, 120 X 150 CM (A X L) [SINAPI 606]"
"295"	"39652"	"Janela de correr, aco, batente/requadro de 6 a 14 cm, com divisao horiz, pint anticorrosiva, sem vidro, bandeira com bascula, 4 fls, 120 x 150 cm (a x l)"	"126905"	"JANELA DE CORRER, ACO, BATENTE/REQUADRO DE 6 A 14 CM, QUADRICULADA, PINTURA ANTICORROSIVA, SEM VIDRO, BANDEIRA COM BASCULA, 4 FLS, 120 X 150 CM (A X L) [SINAPI 606]"
"295"	"35140"	"JANELA DE CORRER, ACO, BATENTE/REQUADRO DE 6 A 14 CM, COM DIVISAO HORIZ, PINT ANTICORROSIVA, SEM VIDRO, BANDEIRA COM BASCULA, 4 FLS, 120 X 150 CM (A X L)"	"126905"	"JANELA DE CORRER, ACO, BATENTE/REQUADRO DE 6 A 14 CM, QUADRICULADA, PINTURA ANTICORROSIVA, SEM VIDRO, BANDEIRA COM BASCULA, 4 FLS, 120 X 150 CM (A X L) [SINAPI 606]"
"295"	"6220"	"LUMINARIA FECHADA P/ ILUMINACAO PUBLICA, TIPO ABL 50/F OU EQUIV, P/ LAMPADA A VAPOR DE MERCURIO 400W"	"126906"	"LUMINARIA FECHADA P/ ILUMINACAO PUBLICA, TIPO ABL 50/F OU EQUIV, P/ LAMPADA A VAPOR DE MERCURIO 400W [SINAPI 13382]"
"295"	"6221"	"!EM PROCESSO DE DESATIVACAO!JANELA DE CORRER, ACO, BATENTE/REQUADRO DE 6 A 14 CM, COM DIVISAO HORIZ , PINT ANTICORROSIVA, SEM VIDRO, BANDEIRA COM BASCULA, 4 FLS, 120 X 150 CM (A X L)"	"126907"	"!EM PROCESSO DE DESATIVACAO!JANELA DE CORRER, ACO, BATENTE/REQUADRO DE 6 A 14 CM, COM DIVISAO HORIZ , PINT ANTICORROSIVA, SEM VIDRO, BANDEIRA COM BASCULA, 4 FLS, 120 X 150 CM (A X L) [SINAPI 11199]"
"295"	"39524"	"Janela de correr, aco, batente/requadro de 6 a 14 cm, com divisao horiz, pint anticorrosiva, sem vidro, bandeira com bascula, 4 fls, 120 x 150 cm (a x l)"	"126907"	"!EM PROCESSO DE DESATIVACAO!JANELA DE CORRER, ACO, BATENTE/REQUADRO DE 6 A 14 CM, COM DIVISAO HORIZ , PINT ANTICORROSIVA, SEM VIDRO, BANDEIRA COM BASCULA, 4 FLS, 120 X 150 CM (A X L) [SINAPI 11199]"
"295"	"6222"	"!EM PROCESSO DESATIVACAO! ELETRODUTO EM ACO GALVANIZADO ELETROLITICO, LEVE, DIAMETRO 1"", PAREDE DE 0,90 MM"	"126908"	"!EM PROCESSO DESATIVACAO! ELETRODUTO EM ACO GALVANIZADO ELETROLITICO, LEVE, DIAMETRO 1"", PAREDE DE 0,90 MM [SINAPI 21136]"
"295"	"6223"	"!EM PROCESSO DESATIVACAO! ELETRODUTO EM ACO GALVANIZADO ELETROLITICO, LEVE, DIAMETRO 3/4"", PAREDE DE 0,90 MM"	"126909"	"!EM PROCESSO DESATIVACAO! ELETRODUTO EM ACO GALVANIZADO ELETROLITICO, LEVE, DIAMETRO 3/4"", PAREDE DE 0,90 MM [SINAPI 21128]"
"295"	"6224"	"!EM PROCESSO DESATIVACAO! ELETRODUTO EM ACO GALVANIZADO ELETROLITICO, SEMI-PESADO, DIAMETRO 1 1/2"", PAREDE DE 1,20 MM"	"126910"	"!EM PROCESSO DESATIVACAO! ELETRODUTO EM ACO GALVANIZADO ELETROLITICO, SEMI-PESADO, DIAMETRO 1 1/2"", PAREDE DE 1,20 MM [SINAPI 21130]"
"295"	"6225"	"!EM PROCESSO DESATIVACAO! ELETRODUTO EM ACO GALVANIZADO ELETROLITICO, SEMI-PESADO, DIAMETRO 1 1/4"", PAREDE DE 1,20 MM"	"126911"	"!EM PROCESSO DESATIVACAO! ELETRODUTO EM ACO GALVANIZADO ELETROLITICO, SEMI-PESADO, DIAMETRO 1 1/4"", PAREDE DE 1,20 MM [SINAPI 21135]"
"295"	"6444"	"CAMINHAO TOCO, PESO BRUTO TOTAL 13200 KG, CARGA UTIL MAXIMA 9200 KG, DISTANCIA ENTRE EIXOS 3,31 M, POTENCIA 175 CV (INCLUI CABINE E CHASSI, NAO INCLUI CARROCERIA)"	"127625"	"CAMINHAO TOCO, PESO BRUTO TOTAL 13200 KG, CARGA UTIL MAXIMA 9200 KG, DISTANCIA ENTRE EIXOS 3,31 M, POTENCIA 175 CV (INCLUI CABINE E CHASSI, NAO INCLUI CARROCERIA) [SINAPI 44057]"
"295"	"6443"	"BENTONITA, ARGILA CONSTITUIDA POR MONTMORILONITA"	"127626"	"BENTONITA, ARGILA CONSTITUIDA POR MONTMORILONITA [SINAPI 43366]"
"295"	"6451"	"CADEADO EM ACO INOX, LARGURA DE *50* MM, COM HASTE EM ACO TEMPERADO, SEM MOLA - CHAVES INCLUIDAS"	"127634"	"CADEADO EM ACO INOX, LARGURA DE *50* MM, COM HASTE EM ACO TEMPERADO, SEM MOLA - CHAVES INCLUIDAS [SINAPI 41758]"
"295"	"6452"	"CHAPA DE MADEIRA COMPENSADA DE PINUS, VIROLA OU EQUIVALENTE, DE *2,2 X 1,6* M, E = 6 MM"	"127635"	"CHAPA DE MADEIRA COMPENSADA DE PINUS, VIROLA OU EQUIVALENTE, DE *2,2 X 1,6* M, E = 6 MM [SINAPI 1363]"
"295"	"6459"	"CHAPA DE MADEIRA COMPENSADA RESINADA PARA FORMA DE CONCRETO, DE *2,2 X 1,1* M, E = 6 MM"	"127635"	"CHAPA DE MADEIRA COMPENSADA DE PINUS, VIROLA OU EQUIVALENTE, DE *2,2 X 1,6* M, E = 6 MM [SINAPI 1363]"
"295"	"6453"	"CHAPA DE MADEIRA COMPENSADA PLASTIFICADA PARA FORMA DE CONCRETO, DE 2,20 x 1,10 M, E = 6 MM"	"127636"	"CHAPA DE MADEIRA COMPENSADA PLASTIFICADA PARA FORMA DE CONCRETO, DE 2,20 x 1,10 M, E = 6 MM [SINAPI 1344]"
"295"	"6040"	"CHAPA/PAINEL DE MADEIRA COMPENSADA PLASTIFICADA (MADEIRITE PLASTIFICADO) PARA FORMA DE CONCRETO, DE 2200 X 1100 MM, E = 6 MM"	"127636"	"CHAPA DE MADEIRA COMPENSADA PLASTIFICADA PARA FORMA DE CONCRETO, DE 2,20 x 1,10 M, E = 6 MM [SINAPI 1344]"
"295"	"6459"	"CHAPA DE MADEIRA COMPENSADA RESINADA PARA FORMA DE CONCRETO, DE *2,2 X 1,1* M, E = 6 MM"	"127636"	"CHAPA DE MADEIRA COMPENSADA PLASTIFICADA PARA FORMA DE CONCRETO, DE 2,20 x 1,10 M, E = 6 MM [SINAPI 1344]"
"295"	"6454"	"CHAPA DE MADEIRA COMPENSADA PLASTIFICADA PARA FORMA DE CONCRETO, DE 2,20 X 1,10 m, E = 14 MM"	"127637"	"CHAPA DE MADEIRA COMPENSADA PLASTIFICADA PARA FORMA DE CONCRETO, DE 2,20 X 1,10 m, E = 14 MM [SINAPI 1342]"
"295"	"1621"	"CHAPA DE MADEIRA COMPENSADA RESINADA PARA FORMA DE CONCRETO, DE *2,2 X 1,1* M, E = 14 MM"	"127637"	"CHAPA DE MADEIRA COMPENSADA PLASTIFICADA PARA FORMA DE CONCRETO, DE 2,20 X 1,10 m, E = 14 MM [SINAPI 1342]"
"295"	"6455"	"CHAPA DE MADEIRA COMPENSADA PLASTIFICADA PARA FORMA DE CONCRETO, DE 2,20 X 1,10 M, E = 20 MM"	"127638"	"CHAPA DE MADEIRA COMPENSADA PLASTIFICADA PARA FORMA DE CONCRETO, DE 2,20 X 1,10 M, E = 20 MM [SINAPI 1349]"
"295"	"6458"	"CHAPA DE MADEIRA COMPENSADA RESINADA PARA FORMA DE CONCRETO, DE *2,2 X 1,1* M, E = 20 MM"	"127638"	"CHAPA DE MADEIRA COMPENSADA PLASTIFICADA PARA FORMA DE CONCRETO, DE 2,20 X 1,10 M, E = 20 MM [SINAPI 1349]"
"295"	"6456"	"CHAPA DE MADEIRA COMPENSADA RESINADA PARA FORMA DE CONCRETO, DE *2,2 X 1,1* M, E = 10 MM"	"127639"	"CHAPA DE MADEIRA COMPENSADA RESINADA PARA FORMA DE CONCRETO, DE *2,2 X 1,1* M, E = 10 MM [SINAPI 1350]"
"295"	"1618"	"CHAPA DE MADEIRA COMPENSADA PLASTIFICADA PARA FORMA DE CONCRETO, DE 2,20 x 1,10 M, E = 10 MM"	"127639"	"CHAPA DE MADEIRA COMPENSADA RESINADA PARA FORMA DE CONCRETO, DE *2,2 X 1,1* M, E = 10 MM [SINAPI 1350]"
"295"	"16554"	"Chapa ou painel de madeira compensada resinada para forma de concreto, dimensões 2200 x 1100 mm, espessura 8 a 12 mm"	"127639"	"CHAPA DE MADEIRA COMPENSADA RESINADA PARA FORMA DE CONCRETO, DE *2,2 X 1,1* M, E = 10 MM [SINAPI 1350]"
"295"	"6457"	"CHAPA DE MADEIRA COMPENSADA RESINADA PARA FORMA DE CONCRETO, DE *2,2 X 1,1* M, E = 12 MM"	"127640"	"CHAPA DE MADEIRA COMPENSADA RESINADA PARA FORMA DE CONCRETO, DE *2,2 X 1,1* M, E = 12 MM [SINAPI 1357]"
"295"	"16554"	"Chapa ou painel de madeira compensada resinada para forma de concreto, dimensões 2200 x 1100 mm, espessura 8 a 12 mm"	"127640"	"CHAPA DE MADEIRA COMPENSADA RESINADA PARA FORMA DE CONCRETO, DE *2,2 X 1,1* M, E = 12 MM [SINAPI 1357]"
"295"	"6041"	"CHAPA/PAINEL DE MADEIRA COMPENSADA RESINADA (MADEIRITE RESINADO ROSA) PARA FORMA DE CONCRETO, DE 2200 x 1100 MM, E = 8 A 12 MM"	"127640"	"CHAPA DE MADEIRA COMPENSADA RESINADA PARA FORMA DE CONCRETO, DE *2,2 X 1,1* M, E = 12 MM [SINAPI 1357]"
"295"	"6458"	"CHAPA DE MADEIRA COMPENSADA RESINADA PARA FORMA DE CONCRETO, DE *2,2 X 1,1* M, E = 20 MM"	"127641"	"CHAPA DE MADEIRA COMPENSADA RESINADA PARA FORMA DE CONCRETO, DE *2,2 X 1,1* M, E = 20 MM [SINAPI 1359]"
"295"	"6042"	"CHAPA/PAINEL DE MADEIRA COMPENSADA RESINADA (MADEIRITE RESINADO ROSA) PARA FORMA DE CONCRETO, DE 2200 X 1100 MM, E = 20 MM"	"127641"	"CHAPA DE MADEIRA COMPENSADA RESINADA PARA FORMA DE CONCRETO, DE *2,2 X 1,1* M, E = 20 MM [SINAPI 1359]"
"295"	"15653"	"CHAPA/PAINEL DE MADEIRA COMPENSADA RESINADA (MADEIRITE RESINADO ROSA) PARA FORMA DE CONCRETO, DE 2200 X 1100 MM, E = 20 MM"	"127641"	"CHAPA DE MADEIRA COMPENSADA RESINADA PARA FORMA DE CONCRETO, DE *2,2 X 1,1* M, E = 20 MM [SINAPI 1359]"
"295"	"6459"	"CHAPA DE MADEIRA COMPENSADA RESINADA PARA FORMA DE CONCRETO, DE *2,2 X 1,1* M, E = 6 MM"	"127642"	"CHAPA DE MADEIRA COMPENSADA RESINADA PARA FORMA DE CONCRETO, DE *2,2 X 1,1* M, E = 6 MM [SINAPI 1351]"
"295"	"48089"	"CHAPA/PAINEL DE MADEIRA COMPENSADA RESINADA (MADEIRITE RESINADO ROSA) PARA FORMA DE CONCRETO, DE 2200 X 1100 MM, E = 6 MM"	"127642"	"CHAPA DE MADEIRA COMPENSADA RESINADA PARA FORMA DE CONCRETO, DE *2,2 X 1,1* M, E = 6 MM [SINAPI 1351]"
"295"	"6460"	"CREMONA COM CASTANHA BIPARTIDA, COM VARA DE 1.50 M, EM LATAO CROMADO, PARA PORTAS E JANELAS - COMPLETA"	"127643"	"CREMONA COM CASTANHA BIPARTIDA, COM VARA DE 1.50 M, EM LATAO CROMADO, PARA PORTAS E JANELAS - COMPLETA [SINAPI 3113]"
"295"	"6461"	"DIVISORIA COLMEIA CEGA COM MONTANTE E RODAPE DE ALUMINIO ANODIZADO SIMPLES (SEM COLOCACAO)"	"127644"	"DIVISORIA COLMEIA CEGA COM MONTANTE E RODAPE DE ALUMINIO ANODIZADO SIMPLES (SEM COLOCACAO) [SINAPI 2404]"
"295"	"6462"	"ESCAVADEIRA DRAGA DE ARRASTE, CAP. 3/4 JC 140HP (INCL MANUTENCAO/OPERACAO)"	"127645"	"ESCAVADEIRA DRAGA DE ARRASTE, CAP. 3/4 JC 140HP (INCL MANUTENCAO/OPERACAO) [SINAPI 2720]"
"295"	"6463"	"ESCAVADEIRA HIDRAULICA SOBRE ESTEIRAS DE 99 HP, PESO OPERACIONAL DE *16* T E CAPACIDADE DE 0,85 A 1,00 M3 (LOCACAO COM OPERADOR, COMBUSTIVEL E MANUTENCAO)"	"127646"	"ESCAVADEIRA HIDRAULICA SOBRE ESTEIRAS DE 99 HP, PESO OPERACIONAL DE *16* T E CAPACIDADE DE 0,85 A 1,00 M3 (LOCACAO COM OPERADOR, COMBUSTIVEL E MANUTENCAO) [SINAPI 2719]"
"295"	"6464"	"FUNDO SINTETICO NIVELADOR BRANCO FOSCO PARA MADEIRA"	"127647"	"FUNDO SINTETICO NIVELADOR BRANCO FOSCO PARA MADEIRA [SINAPI 6086]"
"295"	"48078"	"FUNDO SINTETICO NIVELADOR BRANCO FOSCO PARA MADEIRA"	"127647"	"FUNDO SINTETICO NIVELADOR BRANCO FOSCO PARA MADEIRA [SINAPI 6086]"
"295"	"46211"	"Fundo branco fosco nivelador, galão com 3,6 l, composição básica: resina alquídica, pigmentos inorgânicos, cargas inertes, aditivos, hidrocarbonetos aromáticos e alifáticos. Rendimento: aprox. 30-40 m²/galão*/demão. Aplicação interna e externa. Conforme A"	"127647"	"FUNDO SINTETICO NIVELADOR BRANCO FOSCO PARA MADEIRA [SINAPI 6086]"
"295"	"6060"	"FUNDO SINTETICO NIVELADOR BRANCO FOSCO PARA MADEIRA"	"127647"	"FUNDO SINTETICO NIVELADOR BRANCO FOSCO PARA MADEIRA [SINAPI 6086]"
"295"	"6465"	"GRADIL *1320 X 2170* MM (A X L) EM BARRA DE ACO CHATA *25 MM X 2* MM, ENTRELACADA COM BARRA ACO REDONDA *5* MM, MALHA *65 X 132* MM, GALVANIZADO E PINTURA ELETROSTATICA, COR PRETO"	"127648"	"GRADIL *1320 X 2170* MM (A X L) EM BARRA DE ACO CHATA *25 MM X 2* MM, ENTRELACADA COM BARRA ACO REDONDA *5* MM, MALHA *65 X 132* MM, GALVANIZADO E PINTURA ELETROSTATICA, COR PRETO [SINAPI 38968]"
"295"	"6466"	"JANELA DE CORRER, ACO, BATENTE/REQUADRO DE 6 A 14 CM, VENEZIANA, PINT ANTICORROSIVA, PINT ACABAMENTO, COM VIDRO, 6 FLS, 120 X 150 CM (A X L)"	"127649"	"JANELA DE CORRER, ACO, BATENTE/REQUADRO DE 6 A 14 CM, VENEZIANA, PINT ANTICORROSIVA, PINT ACABAMENTO, COM VIDRO, 6 FLS, 120 X 150 CM (A X L) [SINAPI 11193]"
"295"	"6467"	"JANELA DE CORRER, ACO, COM BATENTE/REQUADRO DE 6 A 14 CM, SEM DIVISAO, PINT ANTICORROSIVA, PINT ACABAMENTO, COM VIDRO, SEM BANDEIRA, 2 FLS, 120 X 150 CM (A X L)"	"127650"	"JANELA DE CORRER, ACO, COM BATENTE/REQUADRO DE 6 A 14 CM, SEM DIVISAO, PINT ANTICORROSIVA, PINT ACABAMENTO, COM VIDRO, SEM BANDEIRA, 2 FLS, 120 X 150 CM (A X L) [SINAPI 11197]"
"295"	"6468"	"LOCACAO DE GRUPO GERADOR ACIMA DE * 20 A 80* KVA, MOTOR DIESEL, REBOCAVEL, ACIONAMENTO MANUAL"	"127651"	"LOCACAO DE GRUPO GERADOR ACIMA DE * 20 A 80* KVA, MOTOR DIESEL, REBOCAVEL, ACIONAMENTO MANUAL [SINAPI 3345]"
"295"	"6469"	"LOCACAO DE GRUPO GERADOR DE *400* KVA, DIESEL REBOCAVEL, ACIONAMENTO MANUAL"	"127652"	"LOCACAO DE GRUPO GERADOR DE *400* KVA, DIESEL REBOCAVEL, ACIONAMENTO MANUAL [SINAPI 39834]"
"295"	"6470"	"LOCACAO DE GRUPO GERADOR DE *550* KVA, DIESEL REBOCAVEL, ACIONAMENTO MANUAL"	"127653"	"LOCACAO DE GRUPO GERADOR DE *550* KVA, DIESEL REBOCAVEL, ACIONAMENTO MANUAL [SINAPI 39835]"
"295"	"6471"	"LONA PLASTICA, PRETA, LARGURA 8 M, E= 150 MICRA"	"127654"	"LONA PLASTICA, PRETA, LARGURA 8 M, E= 150 MICRA [SINAPI 3779]"
"295"	"3234"	"LONA PLASTICA PESADA PRETA, E = 150 MICRA"	"127654"	"LONA PLASTICA, PRETA, LARGURA 8 M, E= 150 MICRA [SINAPI 3779]"
"295"	"6472"	"MASSA CORRIDA PVA PARA PAREDES INTERNAS"	"127655"	"MASSA CORRIDA PVA PARA PAREDES INTERNAS [SINAPI 4051]"
"295"	"6473"	"MASSA CORRIDA PVA PARA PAREDES INTERNAS"	"127655"	"MASSA CORRIDA PVA PARA PAREDES INTERNAS [SINAPI 4051]"
"295"	"6088"	"MASSA CORRIDA PARA SUPERFICIES DE AMBIENTES INTERNOS"	"127655"	"MASSA CORRIDA PVA PARA PAREDES INTERNAS [SINAPI 4051]"
"295"	"46152"	"Massa corrida, balde 29 kg, tipo Premium, massa acrílica branca para nivelamento de paredes internas, conforme ABNT NBR 11702:2010 tipo 4.7.1, ABNT NBR 15348:2006 do tipo massa para exterior."	"127655"	"MASSA CORRIDA PVA PARA PAREDES INTERNAS [SINAPI 4051]"
"295"	"6473"	"MASSA CORRIDA PVA PARA PAREDES INTERNAS"	"127656"	"MASSA CORRIDA PVA PARA PAREDES INTERNAS [SINAPI 4047]"
"295"	"6472"	"MASSA CORRIDA PVA PARA PAREDES INTERNAS"	"127656"	"MASSA CORRIDA PVA PARA PAREDES INTERNAS [SINAPI 4047]"
"295"	"6088"	"MASSA CORRIDA PARA SUPERFICIES DE AMBIENTES INTERNOS"	"127656"	"MASSA CORRIDA PVA PARA PAREDES INTERNAS [SINAPI 4047]"
"295"	"46153"	"Massa corrida, gl 6 kg, tipo Premium, massa acrílica branca para nivelamento de paredes internas, conforme ABNT NBR 11702:2010 tipo 4.7.1, ABNT NBR 15348:2006 do tipo massa para exterior."	"127656"	"MASSA CORRIDA PVA PARA PAREDES INTERNAS [SINAPI 4047]"
"295"	"46152"	"Massa corrida, balde 29 kg, tipo Premium, massa acrílica branca para nivelamento de paredes internas, conforme ABNT NBR 11702:2010 tipo 4.7.1, ABNT NBR 15348:2006 do tipo massa para exterior."	"127656"	"MASSA CORRIDA PVA PARA PAREDES INTERNAS [SINAPI 4047]"
"295"	"6474"	"PORTA DE MADEIRA, FOLHA LEVE (NBR 15930), E = 35 MM, NUCLEO COLMEIA, CAPA LISA EM HDF, ACABAMENTO MELAMINICO EM PADRAO MADEIRA"	"127657"	"PORTA DE MADEIRA, FOLHA LEVE (NBR 15930), E = 35 MM, NUCLEO COLMEIA, CAPA LISA EM HDF, ACABAMENTO MELAMINICO EM PADRAO MADEIRA [SINAPI 11367]"
"295"	"4149"	"PORTA DE MADEIRA, FOLHA LEVE (NBR 15930), DE 600 X 2100 MM, E = 35 MM, NUCLEO COLMEIA, CAPA LISA EM HDF, ACABAMENTO MELAMINICO EM PADRAO MADEIRA"	"127657"	"PORTA DE MADEIRA, FOLHA LEVE (NBR 15930), E = 35 MM, NUCLEO COLMEIA, CAPA LISA EM HDF, ACABAMENTO MELAMINICO EM PADRAO MADEIRA [SINAPI 11367]"
"295"	"4147"	"PORTA DE MADEIRA, FOLHA LEVE (NBR 15930) DE 700 X 2100 MM, DE 35 MM A 40 MM DE ESPESSURA, NUCLEO COLMEIA, CAPA LISA EM HDF, ACABAMENTO EM PRIMER PARA PINTURA"	"127657"	"PORTA DE MADEIRA, FOLHA LEVE (NBR 15930), E = 35 MM, NUCLEO COLMEIA, CAPA LISA EM HDF, ACABAMENTO MELAMINICO EM PADRAO MADEIRA [SINAPI 11367]"
"295"	"4148"	"PORTA DE MADEIRA, FOLHA LEVE (NBR 15930) DE 800 X 2100 MM, DE 35 MM A 40 MM DE ESPESSURA, NUCLEO COLMEIA, CAPA LISA EM HDF, ACABAMENTO EM PRIMER PARA PINTURA"	"127657"	"PORTA DE MADEIRA, FOLHA LEVE (NBR 15930), E = 35 MM, NUCLEO COLMEIA, CAPA LISA EM HDF, ACABAMENTO MELAMINICO EM PADRAO MADEIRA [SINAPI 11367]"
"295"	"4146"	"PORTA DE MADEIRA, FOLHA LEVE (NBR 15930) DE 600 X 2100 MM, DE 35 MM A 40 MM DE ESPESSURA, NUCLEO COLMEIA, CAPA LISA EM HDF, ACABAMENTO EM PRIMER PARA PINTURA"	"127657"	"PORTA DE MADEIRA, FOLHA LEVE (NBR 15930), E = 35 MM, NUCLEO COLMEIA, CAPA LISA EM HDF, ACABAMENTO MELAMINICO EM PADRAO MADEIRA [SINAPI 11367]"
"295"	"4152"	"PORTA DE MADEIRA, FOLHA MEDIA (NBR 15930) DE 600 X 2100 MM, DE 35 MM A 40 MM DE ESPESSURA, NUCLEO SEMI-SOLIDO (SARRAFEADO), CAPA LISA EM HDF, ACABAMENTO LAMINADO NATURAL PARA VERNIZ"	"127657"	"PORTA DE MADEIRA, FOLHA LEVE (NBR 15930), E = 35 MM, NUCLEO COLMEIA, CAPA LISA EM HDF, ACABAMENTO MELAMINICO EM PADRAO MADEIRA [SINAPI 11367]"
"295"	"4150"	"PORTA DE MADEIRA, FOLHA MEDIA (NBR 15930) DE 600 X 2100 MM, DE 35 MM A 40 MM DE ESPESSURA, NUCLEO SEMI-SOLIDO (SARRAFEADO), CAPA FRISADA EM HDF, ACABAMENTO MELAMINICO EM PADRAO MADEIRA"	"127657"	"PORTA DE MADEIRA, FOLHA LEVE (NBR 15930), E = 35 MM, NUCLEO COLMEIA, CAPA LISA EM HDF, ACABAMENTO MELAMINICO EM PADRAO MADEIRA [SINAPI 11367]"
"295"	"6475"	"PUXADOR CONCHA DE EMBUTIR, EM LATAO CROMADO, PARA PORTA / JANELA DE CORRER, LISO, SEM FURO PARA CHAVE, COM FUROS PARA FIXAR PARAFUSOS, *30 X 90* MM (LARGURA X ALTURA)"	"127658"	"PUXADOR CONCHA DE EMBUTIR, EM LATAO CROMADO, PARA PORTA / JANELA DE CORRER, LISO, SEM FURO PARA CHAVE, COM FUROS PARA FIXAR PARAFUSOS, *30 X 90* MM (LARGURA X ALTURA) [SINAPI 11523]"
"295"	"4246"	"PUXADOR DE EMBUTIR TIPO CONCHA, COM FURO PARA CHAVE, EM LATAO CROMADO, COMPRIMENTO DE APROX *100* MM E LARGURA DE APROX *40* MM"	"127658"	"PUXADOR CONCHA DE EMBUTIR, EM LATAO CROMADO, PARA PORTA / JANELA DE CORRER, LISO, SEM FURO PARA CHAVE, COM FUROS PARA FIXAR PARAFUSOS, *30 X 90* MM (LARGURA X ALTURA) [SINAPI 11523]"
"295"	"35423"	"PUXADOR DE EMBUTIR TIPO CONCHA, COM FURO PARA CHAVE, EM LATAO CROMADO, COMPRIMENTO DE APROX *100* MM E LARGURA DE APROX *40* MM"	"127658"	"PUXADOR CONCHA DE EMBUTIR, EM LATAO CROMADO, PARA PORTA / JANELA DE CORRER, LISO, SEM FURO PARA CHAVE, COM FUROS PARA FIXAR PARAFUSOS, *30 X 90* MM (LARGURA X ALTURA) [SINAPI 11523]"
"295"	"6476"	"SARRAFO DE MADEIRA NAO APARELHADA *2,5 X 15* CM, MACARANDUBA, ANGELIM OU EQUIVALENTE DA REGIAO"	"127659"	"SARRAFO DE MADEIRA NAO APARELHADA *2,5 X 15* CM, MACARANDUBA, ANGELIM OU EQUIVALENTE DA REGIAO [SINAPI 6204]"
"295"	"6477"	"TABUA DE MADEIRA NAO APARELHADA *2,5 X 30 CM (1 X 12 "") PINUS, MISTA OU EQUIVALENTE DA REGIAO"	"127660"	"TABUA DE MADEIRA NAO APARELHADA *2,5 X 30 CM (1 X 12 "") PINUS, MISTA OU EQUIVALENTE DA REGIAO [SINAPI 6188]"
"295"	"16560"	"Tábua não aparelhada de 2,5 x 30 cm, madeira bruta"	"127660"	"TABUA DE MADEIRA NAO APARELHADA *2,5 X 30 CM (1 X 12 "") PINUS, MISTA OU EQUIVALENTE DA REGIAO [SINAPI 6188]"
"295"	"6478"	"TERMINAL DE PORCELANA (MUFLA) UNIPOLAR, USO EXTERNO, TENSAO 3,6/6 KV, PARA CABO DE 10/16 MM2, COM ISOLAMENTO EPR"	"127661"	"TERMINAL DE PORCELANA (MUFLA) UNIPOLAR, USO EXTERNO, TENSAO 3,6/6 KV, PARA CABO DE 10/16 MM2, COM ISOLAMENTO EPR [SINAPI 4126]"
"295"	"6479"	"TINTA A OLEO BRILHANTE PARA MADEIRA E METAIS"	"127662"	"TINTA A OLEO BRILHANTE PARA MADEIRA E METAIS [SINAPI 7287]"
"295"	"48065"	"TINTA A OLEO BRILHANTE PARA MADEIRA E METAIS, DIVERSAS CORES - EMBALAGEM 3,6L"	"127662"	"TINTA A OLEO BRILHANTE PARA MADEIRA E METAIS [SINAPI 7287]"
"295"	"6480"	"TINTA ACRILICA PREMIUM PARA PISO"	"127663"	"TINTA ACRILICA PREMIUM PARA PISO [SINAPI 7347]"
"295"	"4977"	"TINTA ACRILICA PREMIUM PARA PISO"	"127663"	"TINTA ACRILICA PREMIUM PARA PISO [SINAPI 7347]"
"295"	"41647"	"TINTA ACRILICA PREMIUM PARA PISO"	"127663"	"TINTA ACRILICA PREMIUM PARA PISO [SINAPI 7347]"
"295"	"46466"	"TINTA ACRILICA PREMIUM PARA PISO"	"127663"	"TINTA ACRILICA PREMIUM PARA PISO [SINAPI 7347]"
"295"	"6481"	"TINTA LATEX PVA PREMIUM, COR BRANCA"	"127664"	"TINTA LATEX PVA PREMIUM, COR BRANCA [SINAPI 7345]"
"295"	"25143"	"TINTA LATEX PVA, A BASE DE ÁGUA, COR BRANCO, EMBALAGEM DE 18L"	"127664"	"TINTA LATEX PVA PREMIUM, COR BRANCA [SINAPI 7345]"
"295"	"4984"	"TINTA EPOXI BASE AGUA PREMIUM, BRANCA"	"127664"	"TINTA LATEX PVA PREMIUM, COR BRANCA [SINAPI 7345]"
"295"	"6482"	"TINTA LATEX PVA PREMIUM, COR BRANCA"	"127664"	"TINTA LATEX PVA PREMIUM, COR BRANCA [SINAPI 7345]"
"295"	"6482"	"TINTA LATEX PVA PREMIUM, COR BRANCA"	"127665"	"TINTA LATEX PVA PREMIUM, COR BRANCA [SINAPI 7344]"
"295"	"4984"	"TINTA EPOXI BASE AGUA PREMIUM, BRANCA"	"127665"	"TINTA LATEX PVA PREMIUM, COR BRANCA [SINAPI 7344]"
"295"	"25143"	"TINTA LATEX PVA, A BASE DE ÁGUA, COR BRANCO, EMBALAGEM DE 18L"	"127665"	"TINTA LATEX PVA PREMIUM, COR BRANCA [SINAPI 7344]"
"295"	"6481"	"TINTA LATEX PVA PREMIUM, COR BRANCA"	"127665"	"TINTA LATEX PVA PREMIUM, COR BRANCA [SINAPI 7344]"
"295"	"6483"	"VERNIZ POLIURETANO BRILHANTE PARA MADEIRA, SEM FILTRO SOLAR, USO INTERNO E EXTERNO"	"127666"	"VERNIZ POLIURETANO BRILHANTE PARA MADEIRA, SEM FILTRO SOLAR, USO INTERNO E EXTERNO [SINAPI 40514]"
"295"	"15501"	"Verniz poliuretano brilhante para madeira, sem filtro solar, uso interno e externo. COD. 6483"	"127666"	"VERNIZ POLIURETANO BRILHANTE PARA MADEIRA, SEM FILTRO SOLAR, USO INTERNO E EXTERNO [SINAPI 40514]"
"295"	"6484"	"VIGOTA DE MADEIRA NAO APARELHADA *5 X 10* CM, MACARANDUBA, ANGELIM OU EQUIVALENTE DA REGIAO"	"127667"	"VIGOTA DE MADEIRA NAO APARELHADA *5 X 10* CM, MACARANDUBA, ANGELIM OU EQUIVALENTE DA REGIAO [SINAPI 4487]"
"295"	"6485"	"!EM PROCESSO DE DESATIVACAO!MASSA A OLEO PARA MADEIRA"	"127668"	"!EM PROCESSO DE DESATIVACAO!MASSA A OLEO PARA MADEIRA [SINAPI 4053]"
"295"	"6486"	"!EM PROCESSO DE DESATIVACAO!MASSA ACRILICA PARA PAREDES INTERIOR/EXTERIOR"	"127669"	"!EM PROCESSO DE DESATIVACAO!MASSA ACRILICA PARA PAREDES INTERIOR/EXTERIOR [SINAPI 4056]"
"295"	"6087"	"MASSA ACRILICA PARA SUPERFICIES INTERNAS E EXTERNAS"	"127669"	"!EM PROCESSO DE DESATIVACAO!MASSA ACRILICA PARA PAREDES INTERIOR/EXTERIOR [SINAPI 4056]"
"295"	"12852"	"Massa acrílica . Composição: Resina à base de dispersão aquosa de copolímero estireno acrílico, cargas minerais inertes, glicóis e tensoativos etoxilados. Cor : Branco. Indicação : Indicada para nivelar e corrigir imperfeições rasas em pintura e repintura de superfícies em ambientes internos e externos de reboco, gesso, fibrocimento, concreto aparente, blocos de concreto e paredes pintadas com PVA ou Acrílico. Rendimento teórico mínimo 60 a 80 m2/ demão.Produto conforme normas NBR 11702:2021 e NBR 15348. Lata de 18 l. Ref. Suvinil Massa Acrílica ou produto de qualidade equivalente ou superior."	"127669"	"!EM PROCESSO DE DESATIVACAO!MASSA ACRILICA PARA PAREDES INTERIOR/EXTERIOR [SINAPI 4056]"
"295"	"3585"	"MASSA PARA TEXTURA LISA DE BASE ACRILICA, USO INTERNO E EXTERNO"	"127669"	"!EM PROCESSO DE DESATIVACAO!MASSA ACRILICA PARA PAREDES INTERIOR/EXTERIOR [SINAPI 4056]"
"295"	"6487"	"AGUA SANITARIA"	"127670"	"AGUA SANITARIA [SINAPI 13003]"
"295"	"25486"	"Água sanitária"	"127670"	"AGUA SANITARIA [SINAPI 13003]"
"295"	"6488"	"ANEL BORRACHA, PARA TUBO PVC, REDE COLETOR ESGOTO, DN 125 MM (NBR 7362)"	"127671"	"ANEL BORRACHA, PARA TUBO PVC, REDE COLETOR ESGOTO, DN 125 MM (NBR 7362) [SINAPI 304]"
"295"	"6489"	"ANEL DE CONCRETO ARMADO, D = *1,10* M, H = 0,30 M"	"127672"	"ANEL DE CONCRETO ARMADO, D = *1,10* M, H = 0,30 M [SINAPI 12548]"
"295"	"6490"	"ANEL DE CONCRETO ARMADO, D = 0,60 M, H = 0,10 M"	"127673"	"ANEL DE CONCRETO ARMADO, D = 0,60 M, H = 0,10 M [SINAPI 13113]"
"295"	"11873"	"""ANEL EM CONCRETO PRÉ MOLDADO (DI 0,60M X H 0,50M X ESP 0,10M) anel em concreto armado pré-moldado com bolsa de encaixe para pv - diametro interno de 0,60m - parede com 10cm de espessura, altura de 50cm e armação com ferro de 3/16 com espaçamento de 10cm. resistência de 20 fck = 20mpa, traço: com areia lavada, brita (sem impurezas) e cimento. de acordo com croqui em anexo."""	"127673"	"ANEL DE CONCRETO ARMADO, D = 0,60 M, H = 0,10 M [SINAPI 13113]"
"295"	"6491"	"ANEL DE CONCRETO ARMADO, D = 0,60 M, H = 0,15 M"	"127674"	"ANEL DE CONCRETO ARMADO, D = 0,60 M, H = 0,15 M [SINAPI 13114]"
"295"	"17672"	"ANEL DE CONCRETO ARMADO, D = 0,60 M, H = 0,15 M"	"127674"	"ANEL DE CONCRETO ARMADO, D = 0,60 M, H = 0,15 M [SINAPI 13114]"
"295"	"6492"	"ANEL DE CONCRETO ARMADO, D = 0,60 M, H = 0,30 M"	"127675"	"ANEL DE CONCRETO ARMADO, D = 0,60 M, H = 0,30 M [SINAPI 12530]"
"295"	"17673"	"ANEL DE CONCRETO ARMADO, D = 0,60 M, H = 0,30 M"	"127675"	"ANEL DE CONCRETO ARMADO, D = 0,60 M, H = 0,30 M [SINAPI 12530]"
"295"	"11874"	"""ANEL EM CONCRETO ARMADO PRÉ-MOLDADO (DI 0,60M X ESP 0,10M X A 0,30M) anel em concreto armado pré-moldado com bolsa de encaixe para pv - diametro interno de 0,60m - parede com 10cm de espessura, altura de 30cm e armação com ferro de 3/16 com espaçamento de 10cm. resistência de 20 fck = 20mpa, traço: com areia lavada, brita (sem impurezas) e cimento. de acordo com croqui em anexo."""	"127675"	"ANEL DE CONCRETO ARMADO, D = 0,60 M, H = 0,30 M [SINAPI 12530]"
"295"	"6493"	"ANEL DE CONCRETO ARMADO, D = 0,60 M, H = 0,40 M"	"127676"	"ANEL DE CONCRETO ARMADO, D = 0,60 M, H = 0,40 M [SINAPI 12531]"
"295"	"44898"	"ANEL OU ADUELA CONCRETO ARMADO D = 0,60M, H = 0,40M"	"127676"	"ANEL DE CONCRETO ARMADO, D = 0,60 M, H = 0,40 M [SINAPI 12531]"
"295"	"45236"	"ANEL OU ADUELA CONCRETO ARMADO D = 0,60M, H = 0,40M"	"127676"	"ANEL DE CONCRETO ARMADO, D = 0,60 M, H = 0,40 M [SINAPI 12531]"
"295"	"44899"	"ANEL OU ADUELA CONCRETO ARMADO D = 0,60M, H = 0,40M ADAPTADO PARA PADRÃO ANTIGO DO DEMAE"	"127676"	"ANEL DE CONCRETO ARMADO, D = 0,60 M, H = 0,40 M [SINAPI 12531]"
"295"	"6494"	"ANEL DE CONCRETO ARMADO, D = 0,80 M, H = 0,30 M"	"127677"	"ANEL DE CONCRETO ARMADO, D = 0,80 M, H = 0,30 M [SINAPI 12533]"
"295"	"11872"	"""ANEL EM CONCRETO ARMADO PRÉ-MOLDADO (DI 0,80M X ESP 0,10M X H 0,30M) anel em concreto armado pré-moldado com bolsa de encaixe para pv - diametro interno de 0,80m - parede com 10cm de espessura, altura de 30cm e armação com ferro de 3/16 com espaçamento de 10cm. resistência de 20 fck = 20mpa, traço: com areia lavada, brita (sem impurezas) e cimento. de acordo com croqui em anexo."""	"127677"	"ANEL DE CONCRETO ARMADO, D = 0,80 M, H = 0,30 M [SINAPI 12533]"
"295"	"6495"	"ANEL DE CONCRETO ARMADO, D = 1,00 M, H = 0,40 M"	"127678"	"ANEL DE CONCRETO ARMADO, D = 1,00 M, H = 0,40 M [SINAPI 12546]"
"295"	"12567"	"Anel cônico de concreto ø 1,00 metro"	"127678"	"ANEL DE CONCRETO ARMADO, D = 1,00 M, H = 0,40 M [SINAPI 12546]"
"295"	"6496"	"AREIA AMARELA, AREIA BARRADA OU ARENOSO (RETIRADA NO AREAL, SEM TRANSPORTE)"	"127679"	"AREIA AMARELA, AREIA BARRADA OU ARENOSO (RETIRADA NO AREAL, SEM TRANSPORTE) [SINAPI 369]"
"295"	"6497"	"AREIA PRETA PARA EMBOCO - POSTO JAZIDA/FORNECEDOR (RETIRADO NA JAZIDA, SEM TRANSPORTE)"	"127680"	"AREIA PRETA PARA EMBOCO - POSTO JAZIDA/FORNECEDOR (RETIRADO NA JAZIDA, SEM TRANSPORTE) [SINAPI 11076]"
"295"	"6498"	"ARGAMASSA PRONTA PARA REVESTIMENTO INTERNO EM PAREDES"	"127681"	"ARGAMASSA PRONTA PARA REVESTIMENTO INTERNO EM PAREDES [SINAPI 374]"
"295"	"42035"	"Argamassa para uso interno, embalagem de 20Kg."	"127681"	"ARGAMASSA PRONTA PARA REVESTIMENTO INTERNO EM PAREDES [SINAPI 374]"
"295"	"780"	"ARGAMASSA INDUSTRIALIZADA MULTIUSO, PARA REVESTIMENTO INTERNO E EXTERNO E ASSENTAMENTO DE BLOCOS DIVERSOS"	"127681"	"ARGAMASSA PRONTA PARA REVESTIMENTO INTERNO EM PAREDES [SINAPI 374]"
"295"	"6499"	"ASFALTO DILUIDO DE PETROLEO CM-30 (COLETADO CAIXA NA ANP ACRESCIDO DE ICMS)"	"127682"	"ASFALTO DILUIDO DE PETROLEO CM-30 (COLETADO CAIXA NA ANP ACRESCIDO DE ICMS) [SINAPI 41901]"
"295"	"10799"	"Asfalto Diluído De Petróleo (ADP) Tipo CM-30"	"127682"	"ASFALTO DILUIDO DE PETROLEO CM-30 (COLETADO CAIXA NA ANP ACRESCIDO DE ICMS) [SINAPI 41901]"
"295"	"11214"	"ASFALTO DILUÍDO DE PETRÓLEO CM-30"	"127682"	"ASFALTO DILUIDO DE PETROLEO CM-30 (COLETADO CAIXA NA ANP ACRESCIDO DE ICMS) [SINAPI 41901]"
"295"	"44888"	"ASFALTO DILUÍDO DE PETRÓLEO CM-30"	"127682"	"ASFALTO DILUIDO DE PETROLEO CM-30 (COLETADO CAIXA NA ANP ACRESCIDO DE ICMS) [SINAPI 41901]"
"295"	"8252"	"asfalto Diluído de Petróleo (ADP) tipo CM-30"	"127682"	"ASFALTO DILUIDO DE PETROLEO CM-30 (COLETADO CAIXA NA ANP ACRESCIDO DE ICMS) [SINAPI 41901]"
"295"	"6500"	"BACIA SANITARIA TURCA DE LOUCA BRANCA"	"127683"	"BACIA SANITARIA TURCA DE LOUCA BRANCA [SINAPI 11784]"
"295"	"28111"	"BACIA DE LOUÇA (VASO SANITÁRIO) COR BRANCA"	"127683"	"BACIA SANITARIA TURCA DE LOUCA BRANCA [SINAPI 11784]"
"295"	"28524"	"BACIA DE LOUÇA (VASO SANITÁRIO) COR BRANCA"	"127683"	"BACIA SANITARIA TURCA DE LOUCA BRANCA [SINAPI 11784]"
"295"	"861"	"BACIA SANITARIA (VASO) INFANTIL, SIFONADO, DE LOUCA BRANCA, (SEM ASSENTO)"	"127683"	"BACIA SANITARIA TURCA DE LOUCA BRANCA [SINAPI 11784]"
"295"	"28819"	"BACIA DE LOUÇA (VASO SANITÁRIO) COR BRANCA"	"127683"	"BACIA SANITARIA TURCA DE LOUCA BRANCA [SINAPI 11784]"
"295"	"6501"	"BATENTE/ PORTAL/ ADUELA/ MARCO MACICO, E= *3* CM, L= *7* CM, *60 CM A 120* CM X *210* CM, EM CEDRINHO/ ANGELIM COMERCIAL/ EUCALIPTO/ CURUPIXA/ PEROBA/ CUMARU OU EQUIVALENTE DA REGIAO (NAO INCLUI ALIZARES)"	"127684"	"BATENTE/ PORTAL/ ADUELA/ MARCO MACICO, E= *3* CM, L= *7* CM, *60 CM A 120* CM X *210* CM, EM CEDRINHO/ ANGELIM COMERCIAL/ EUCALIPTO/ CURUPIXA/ PEROBA/ CUMARU OU EQUIVALENTE DA REGIAO (NAO INCLUI ALIZARES) [SINAPI 195]"
"295"	"6502"	"BATENTE/ PORTAL/ ADUELA/ MARCO MACICO, E= *3* CM, L= *7* CM, *60 CM A 120* CM X *210* CM, EM PINUS/ TAUARI/ VIROLA OU EQUIVALENTE DA REGIAO (NAO INCLUI ALIZARES)"	"127684"	"BATENTE/ PORTAL/ ADUELA/ MARCO MACICO, E= *3* CM, L= *7* CM, *60 CM A 120* CM X *210* CM, EM CEDRINHO/ ANGELIM COMERCIAL/ EUCALIPTO/ CURUPIXA/ PEROBA/ CUMARU OU EQUIVALENTE DA REGIAO (NAO INCLUI ALIZARES) [SINAPI 195]"
"295"	"6502"	"BATENTE/ PORTAL/ ADUELA/ MARCO MACICO, E= *3* CM, L= *7* CM, *60 CM A 120* CM X *210* CM, EM PINUS/ TAUARI/ VIROLA OU EQUIVALENTE DA REGIAO (NAO INCLUI ALIZARES)"	"127685"	"BATENTE/ PORTAL/ ADUELA/ MARCO MACICO, E= *3* CM, L= *7* CM, *60 CM A 120* CM X *210* CM, EM PINUS/ TAUARI/ VIROLA OU EQUIVALENTE DA REGIAO (NAO INCLUI ALIZARES) [SINAPI 194]"
"295"	"6501"	"BATENTE/ PORTAL/ ADUELA/ MARCO MACICO, E= *3* CM, L= *7* CM, *60 CM A 120* CM X *210* CM, EM CEDRINHO/ ANGELIM COMERCIAL/ EUCALIPTO/ CURUPIXA/ PEROBA/ CUMARU OU EQUIVALENTE DA REGIAO (NAO INCLUI ALIZARES)"	"127685"	"BATENTE/ PORTAL/ ADUELA/ MARCO MACICO, E= *3* CM, L= *7* CM, *60 CM A 120* CM X *210* CM, EM PINUS/ TAUARI/ VIROLA OU EQUIVALENTE DA REGIAO (NAO INCLUI ALIZARES) [SINAPI 194]"
"295"	"6503"	"BLOCO ESTRUTURAL CERAMICO - 14 X 19 X 29 CM - 4,0 MPA - NBR 15270"	"127686"	"BLOCO ESTRUTURAL CERAMICO - 14 X 19 X 29 CM - 4,0 MPA - NBR 15270 [SINAPI 10610]"
"295"	"6517"	"CANALETA ESTRUTURAL CERAMICA, 14 X 19 X 29 CM, 4,0 MPA (NBR 15270)"	"127686"	"BLOCO ESTRUTURAL CERAMICO - 14 X 19 X 29 CM - 4,0 MPA - NBR 15270 [SINAPI 10610]"
"295"	"6504"	"BLOCO ESTRUTURAL CERAMICO 14 X 19 X 29 CM, 3,0 MPA (NBR 15270)"	"127687"	"BLOCO ESTRUTURAL CERAMICO 14 X 19 X 29 CM, 3,0 MPA (NBR 15270) [SINAPI 34585]"
"295"	"6505"	"BLOQUETE/PISO DE CONCRETO - MODELO BLOCO PISOGRAMA/CONCREGRAMA 2 FUROS, *35 CM X 15* CM, E = *8* CM, COR NATURAL"	"127688"	"BLOQUETE/PISO DE CONCRETO - MODELO BLOCO PISOGRAMA/CONCREGRAMA 2 FUROS, *35 CM X 15* CM, E = *8* CM, COR NATURAL [SINAPI 40520]"
"295"	"6506"	"BLOQUETE/PISO DE CONCRETO - MODELO PISOGRAMA/CONCREGRAMA/PAVI-GRADE/GRAMEIRO, *60 CM X 45* CM, E = *9* CM, COR NATURAL"	"127689"	"BLOQUETE/PISO DE CONCRETO - MODELO PISOGRAMA/CONCREGRAMA/PAVI-GRADE/GRAMEIRO, *60 CM X 45* CM, E = *9* CM, COR NATURAL [SINAPI 40516]"
"295"	"6507"	"BORBOLETA EM LATAO FUNDIDO CROMADO, PARA TRAVAR JANELA TIPO GUILHOTINA"	"127690"	"BORBOLETA EM LATAO FUNDIDO CROMADO, PARA TRAVAR JANELA TIPO GUILHOTINA [SINAPI 5081]"
"295"	"6508"	"CAIBRO DE MADEIRA NAO APARELHADA 5 X 5 CM, CEDRINHO OU EQUIVALENTE DA REGIAO"	"127691"	"CAIBRO DE MADEIRA NAO APARELHADA 5 X 5 CM, CEDRINHO OU EQUIVALENTE DA REGIAO [SINAPI 4496]"
"295"	"1331"	"CAIBRO 5 X 5 CM EM PINUS, MISTA OU EQUIVALENTE DA REGIAO - BRUTA"	"127691"	"CAIBRO DE MADEIRA NAO APARELHADA 5 X 5 CM, CEDRINHO OU EQUIVALENTE DA REGIAO [SINAPI 4496]"
"295"	"6509"	"CAIXA GORDURA DUPLA, CONCRETO PRE MOLDADO, CIRCULAR, COM TAMPA, D = 60* CM"	"127692"	"CAIXA GORDURA DUPLA, CONCRETO PRE MOLDADO, CIRCULAR, COM TAMPA, D = 60* CM [SINAPI 3280]"
"295"	"6510"	"CAIXA INSPECAO, CONCRETO PRE MOLDADO, CIRCULAR, COM TAMPA, D = 40* CM"	"127693"	"CAIXA INSPECAO, CONCRETO PRE MOLDADO, CIRCULAR, COM TAMPA, D = 40* CM [SINAPI 3278]"
"295"	"6511"	"CAIXA INSPECAO, CONCRETO PRE MOLDADO, CIRCULAR, COM TAMPA, D = 60* CM, H= 60* CM"	"127694"	"CAIXA INSPECAO, CONCRETO PRE MOLDADO, CIRCULAR, COM TAMPA, D = 60* CM, H= 60* CM [SINAPI 3279]"
"295"	"6512"	"CAIXA SIFONADA PVC 150 X 150 X 50MM COM TAMPA CEGA QUADRADA BRANCA"	"127695"	"CAIXA SIFONADA PVC 150 X 150 X 50MM COM TAMPA CEGA QUADRADA BRANCA [SINAPI 11713]"
"295"	"6513"	"CAIXA SIFONADA PVC, 100 X 100 X 40 MM, COM GRELHA REDONDA BRANCA"	"127696"	"CAIXA SIFONADA PVC, 100 X 100 X 40 MM, COM GRELHA REDONDA BRANCA [SINAPI 11716]"
"295"	"6514"	"CAIXA SIFONADA PVC, 150 X 185 X 75 MM, COM TAMPA CEGA QUADRADA BRANCA"	"127697"	"CAIXA SIFONADA PVC, 150 X 185 X 75 MM, COM TAMPA CEGA QUADRADA BRANCA [SINAPI 11715]"
"295"	"6515"	"CALAFETADOR / CALAFATE"	"127698"	"CALAFETADOR / CALAFATE [SINAPI 4758]"
"295"	"6516"	"CALAFETADOR / CALAFATE (MENSALISTA)"	"127698"	"CALAFETADOR / CALAFATE [SINAPI 4758]"
"295"	"6516"	"CALAFETADOR / CALAFATE (MENSALISTA)"	"127699"	"CALAFETADOR / CALAFATE (MENSALISTA) [SINAPI 41080]"
"295"	"6515"	"CALAFETADOR / CALAFATE"	"127699"	"CALAFETADOR / CALAFATE (MENSALISTA) [SINAPI 41080]"
"295"	"6517"	"CANALETA ESTRUTURAL CERAMICA, 14 X 19 X 29 CM, 4,0 MPA (NBR 15270)"	"127700"	"CANALETA ESTRUTURAL CERAMICA, 14 X 19 X 29 CM, 4,0 MPA (NBR 15270) [SINAPI 34647]"
"295"	"6503"	"BLOCO ESTRUTURAL CERAMICO - 14 X 19 X 29 CM - 4,0 MPA - NBR 15270"	"127700"	"CANALETA ESTRUTURAL CERAMICA, 14 X 19 X 29 CM, 4,0 MPA (NBR 15270) [SINAPI 34647]"
"295"	"6518"	"CANALETA ESTRUTURAL CERAMICA, 14 X 19 X 39 CM, 4,0 MPA (NBR 15270)"	"127701"	"CANALETA ESTRUTURAL CERAMICA, 14 X 19 X 39 CM, 4,0 MPA (NBR 15270) [SINAPI 34652]"
"295"	"6519"	"CANTONEIRA FERRO GALVANIZADO DE ABAS IGUAIS, 3/4"" X 1/8"" (L X E)"	"127702"	"CANTONEIRA FERRO GALVANIZADO DE ABAS IGUAIS, 3/4"" X 1/8"" (L X E) [SINAPI 569]"
"295"	"6520"	"CIMENTO ASFALTICO DE PETROLEO A GRANEL (CAP) 30/45 (COLETADO CAIXA NA ANP ACRESCIDO DE ICMS)"	"127703"	"CIMENTO ASFALTICO DE PETROLEO A GRANEL (CAP) 30/45 (COLETADO CAIXA NA ANP ACRESCIDO DE ICMS) [SINAPI 41900]"
"295"	"11703"	"CIMENTO ASFALTICO DE PETROLEO, CAP 30/45, A GRANEL"	"127703"	"CIMENTO ASFALTICO DE PETROLEO A GRANEL (CAP) 30/45 (COLETADO CAIXA NA ANP ACRESCIDO DE ICMS) [SINAPI 41900]"
"295"	"6521"	"CIMENTO PORTLAND COMPOSTO CP II-32 (SACO DE 50 KG)"	"127704"	"CIMENTO PORTLAND COMPOSTO CP II-32 (SACO DE 50 KG) [SINAPI 10511]"
"295"	"47189"	"Saco cimento Portland CP II-32 - saco 50 kg"	"127704"	"CIMENTO PORTLAND COMPOSTO CP II-32 (SACO DE 50 KG) [SINAPI 10511]"
"295"	"47965"	"CIMENTO PORTLAND CP II-32 - SACO 50 KG"	"127704"	"CIMENTO PORTLAND COMPOSTO CP II-32 (SACO DE 50 KG) [SINAPI 10511]"
"295"	"6522"	"CIMENTO PORTLAND POZOLANICO CP IV- 32"	"127705"	"CIMENTO PORTLAND POZOLANICO CP IV- 32 [SINAPI 1382]"
"295"	"1671"	"CIMENTO PORTLAND POZOLANICO CP IV-32"	"127705"	"CIMENTO PORTLAND POZOLANICO CP IV- 32 [SINAPI 1382]"
"295"	"6523"	"COMPRESSOR DE AR, VAZAO DE 10 PCM, RESERVATORIO 100 L, PRESSAO DE TRABALHO ENTRE 6,9 E 9,7 BAR, POTENCIA 2 HP, TENSAO 110/220 V (COLETADO CAIXA)"	"127706"	"COMPRESSOR DE AR, VAZAO DE 10 PCM, RESERVATORIO 100 L, PRESSAO DE TRABALHO ENTRE 6,9 E 9,7 BAR, POTENCIA 2 HP, TENSAO 110/220 V (COLETADO CAIXA) [SINAPI 41991]"
"295"	"6524"	"CONCRETO USINADO BOMBEAVEL, CLASSE DE RESISTENCIA C80, COM BRITA 0 E 1, SLUMP = 100 +/- 20 MM, EXCLUI SERVICO DE BOMBEAMENTO (NBR 8953)"	"127707"	"CONCRETO USINADO BOMBEAVEL, CLASSE DE RESISTENCIA C80, COM BRITA 0 E 1, SLUMP = 100 +/- 20 MM, EXCLUI SERVICO DE BOMBEAMENTO (NBR 8953) [SINAPI 34497]"
"295"	"6525"	"CORANTE LIQUIDO PARA TINTA PVA, BISNAGA 50 ML"	"127708"	"CORANTE LIQUIDO PARA TINTA PVA, BISNAGA 50 ML [SINAPI 5328]"
"295"	"6526"	"CUMEEIRA PARA TELHA DE CONCRETO, PARA 2 AGUAS DE TELHADO, COR CINZA, RENDIMENTO DE *3* TELHAS/M (COLETADO CAIXA)"	"127709"	"CUMEEIRA PARA TELHA DE CONCRETO, PARA 2 AGUAS DE TELHADO, COR CINZA, RENDIMENTO DE *3* TELHAS/M (COLETADO CAIXA) [SINAPI 40866]"
"295"	"2017"	"CUMEEIRA PARA TELHA DE CONCRETO, PARA 2 AGUAS DE TELHADO, COR CINZA, RENDIMENTO DE *3* TELHAS/M"	"127709"	"CUMEEIRA PARA TELHA DE CONCRETO, PARA 2 AGUAS DE TELHADO, COR CINZA, RENDIMENTO DE *3* TELHAS/M (COLETADO CAIXA) [SINAPI 40866]"
"295"	"6527"	"DETERGENTE AMONIACO (AMONIA DILUIDA)"	"127710"	"DETERGENTE AMONIACO (AMONIA DILUIDA) [SINAPI 6]"
"295"	"6528"	"DIVISORIA (N2) PAINEL/VIDRO - PAINEL C/ MSO/COMEIA E=35MM - MONTANTE/RODAPE DUPLO ACO GALV PINTADO - COLOCADA"	"127711"	"DIVISORIA (N2) PAINEL/VIDRO - PAINEL C/ MSO/COMEIA E=35MM - MONTANTE/RODAPE DUPLO ACO GALV PINTADO - COLOCADA [SINAPI 2414]"
"295"	"6529"	"DIVISORIA (N2) PAINEL/VIDRO - PAINEL C/ MSO/COMEIA E=35MM - PERFIS SIMPLES ACO GALV PINTADO - COLOCADA"	"127712"	"DIVISORIA (N2) PAINEL/VIDRO - PAINEL C/ MSO/COMEIA E=35MM - PERFIS SIMPLES ACO GALV PINTADO - COLOCADA [SINAPI 2413]"
"295"	"6530"	"DIVISORIA (N2) PAINEL/VIDRO - PAINEL MSO/COMEIA E=35MM - MONTANTE/RODAPE DUPLO ALUMINIO ANOD NAT - COLOCADA"	"127713"	"DIVISORIA (N2) PAINEL/VIDRO - PAINEL MSO/COMEIA E=35MM - MONTANTE/RODAPE DUPLO ALUMINIO ANOD NAT - COLOCADA [SINAPI 2405]"
"295"	"11361"	"Divisoria (N2) Painel/Vidro - Painel Mso/Comeia E=35mm - Montante/Rodape Duplo Aluminio Anod Nat – Colocada"	"127713"	"DIVISORIA (N2) PAINEL/VIDRO - PAINEL MSO/COMEIA E=35MM - MONTANTE/RODAPE DUPLO ALUMINIO ANOD NAT - COLOCADA [SINAPI 2405]"
"295"	"6531"	"DIVISORIA (N2) PAINEL/VIDRO - PAINEL MSO/COMEIA E=35MM - PERFIS SIMPLES ALUMINIO ANOD NAT - COLOCADA"	"127714"	"DIVISORIA (N2) PAINEL/VIDRO - PAINEL MSO/COMEIA E=35MM - PERFIS SIMPLES ALUMINIO ANOD NAT - COLOCADA [SINAPI 13361]"
"295"	"6532"	"DIVISORIA (N2) PAINEL/VIDRO - PAINEL VERMICULITA E=35MM - PERFIS SIMPLES ALUMINIO ANOD NATURAL - COLOCADA"	"127715"	"DIVISORIA (N2) PAINEL/VIDRO - PAINEL VERMICULITA E=35MM - PERFIS SIMPLES ALUMINIO ANOD NATURAL - COLOCADA [SINAPI 11987]"
"295"	"6533"	"DIVISORIA (N3) PAINEL/VIDRO/PAINEL MSO/COMEIA E=35MM - MONTANTE/RODAPE DUPLO ACO GALV PINTADO - COLOCADA"	"127716"	"DIVISORIA (N3) PAINEL/VIDRO/PAINEL MSO/COMEIA E=35MM - MONTANTE/RODAPE DUPLO ACO GALV PINTADO - COLOCADA [SINAPI 2416]"
"295"	"6534"	"DIVISORIA (N3) PAINEL/VIDRO/PAINEL MSO/COMEIA E=35MM - MONTANTE/RODAPE DUPLO ALUMINIO ANOD NAT - COLOCADA"	"127717"	"DIVISORIA (N3) PAINEL/VIDRO/PAINEL MSO/COMEIA E=35MM - MONTANTE/RODAPE DUPLO ALUMINIO ANOD NAT - COLOCADA [SINAPI 2412]"
"295"	"6535"	"DIVISORIA (N3) PAINEL/VIDRO/PAINEL MSO/COMEIA E=35MM - PERFIS SIMPLES ACO GALV PINTADO - COLOCADA"	"127718"	"DIVISORIA (N3) PAINEL/VIDRO/PAINEL MSO/COMEIA E=35MM - PERFIS SIMPLES ACO GALV PINTADO - COLOCADA [SINAPI 2411]"
"295"	"6536"	"DIVISORIA (N3) PAINEL/VIDRO/PAINEL MSO/COMEIA E=35MM - PERFIS SIMPLES ALUMINIO ANOD NAT - COLOCADA"	"127719"	"DIVISORIA (N3) PAINEL/VIDRO/PAINEL MSO/COMEIA E=35MM - PERFIS SIMPLES ALUMINIO ANOD NAT - COLOCADA [SINAPI 2406]"
"295"	"6537"	"DIVISORIA (N3) PAINEL/VIDRO/PAINEL VERMICULITA E=35MM - MONTANTE/RODAPE DUPLO ALUMINIO ANOD NATURAL - COLOCADA"	"127720"	"DIVISORIA (N3) PAINEL/VIDRO/PAINEL VERMICULITA E=35MM - MONTANTE/RODAPE DUPLO ALUMINIO ANOD NATURAL - COLOCADA [SINAPI 10571]"
"295"	"6538"	"DIVISORIA (N3) PAINEL/VIDRO/PAINEL VERMICULITA E=35MM - MONTANTE/RODAPE PERFIL DUPLO ACO GALV PINTADO - COLOCADA"	"127721"	"DIVISORIA (N3) PAINEL/VIDRO/PAINEL VERMICULITA E=35MM - MONTANTE/RODAPE PERFIL DUPLO ACO GALV PINTADO - COLOCADA [SINAPI 11985]"
"295"	"6539"	"DIVISORIA CEGA (N1) - PAINEL MSO/COMEIA E=35MM - MONTANTE/RODAPE DUPLO ACO GALV PINTADO - COLOCADA"	"127722"	"DIVISORIA CEGA (N1) - PAINEL MSO/COMEIA E=35MM - MONTANTE/RODAPE DUPLO ACO GALV PINTADO - COLOCADA [SINAPI 2410]"
"295"	"6540"	"DIVISORIA CEGA (N1) - PAINEL MSO/COMEIA E=35MM - MONTANTE/RODAPE DUPLO ALUMINIO ANOD NAT - COLOCADA"	"127723"	"DIVISORIA CEGA (N1) - PAINEL MSO/COMEIA E=35MM - MONTANTE/RODAPE DUPLO ALUMINIO ANOD NAT - COLOCADA [SINAPI 2417]"
"295"	"6541"	"DIVISORIA CEGA (N1) - PAINEL MSO/COMEIA E=35MM - PERFIS SIMPLES ACO GALV PINTADO - COLOCADA"	"127724"	"DIVISORIA CEGA (N1) - PAINEL MSO/COMEIA E=35MM - PERFIS SIMPLES ACO GALV PINTADO - COLOCADA [SINAPI 2415]"
"295"	"6542"	"DIVISORIA CEGA (N1) - PAINEL MSO/COMEIA E=35MM - PERFIS SIMPLES ALUMINIO ANOD NAT - COLOCADA"	"127725"	"DIVISORIA CEGA (N1) - PAINEL MSO/COMEIA E=35MM - PERFIS SIMPLES ALUMINIO ANOD NAT - COLOCADA [SINAPI 13360]"
"295"	"6543"	"DIVISORIA CEGA (N1) - PAINEL VERMICULITA E=35MM - MONTANTE/RODAPE PERFIS SIMPLES ACO GALV PINTADO - COLOCADA"	"127726"	"DIVISORIA CEGA (N1) - PAINEL VERMICULITA E=35MM - MONTANTE/RODAPE PERFIS SIMPLES ACO GALV PINTADO - COLOCADA [SINAPI 11983]"
"295"	"6544"	"DIVISORIA CEGA (N1) - PAINEL VERMICULITA E=35MM - PERFIS SIMPLES ALUMINIO ANOD NATURAL - COLOCADA"	"127727"	"DIVISORIA CEGA (N1) - PAINEL VERMICULITA E=35MM - PERFIS SIMPLES ALUMINIO ANOD NATURAL - COLOCADA [SINAPI 11986]"
"295"	"6545"	"ELEMENTO VAZADO CERAMICO 7 X 20 X 20 CM"	"127728"	"ELEMENTO VAZADO CERAMICO 7 X 20 X 20 CM [SINAPI 7273]"
"295"	"6546"	"EMPILHADEIRA SOBRE PNEUS COM TORRE DE TRES ESTAGIOS, 4,70M DE ELEVACAO, C/ DESLOCADOR LATERAL DOS GARFOS, MOTOR GLP 4.3L, CAPACIDADE NOMINAL DE CARGA DE 6T"	"127729"	"EMPILHADEIRA SOBRE PNEUS COM TORRE DE TRES ESTAGIOS, 4,70M DE ELEVACAO, C/ DESLOCADOR LATERAL DOS GARFOS, MOTOR GLP 4.3L, CAPACIDADE NOMINAL DE CARGA DE 6T [SINAPI 10638]"
"295"	"6547"	"EMPILHADEIRA SOBRE PNEUS COM TORRE DE TRES ESTAGIOS, 4,80M DE ELEVACAO, C/ DESLOCADOR LATERAL DOS GARFOS, MOTOR GLP 2.2L, CAPACIDADE NOMINAL DE CARGA DE 3T"	"127730"	"EMPILHADEIRA SOBRE PNEUS COM TORRE DE TRES ESTAGIOS, 4,80M DE ELEVACAO, C/ DESLOCADOR LATERAL DOS GARFOS, MOTOR GLP 2.2L, CAPACIDADE NOMINAL DE CARGA DE 3T [SINAPI 10635]"
"295"	"6548"	"EMPILHADEIRA SOBRE PNEUS COM TORRE DE TRES ESTAGIOS, 4,80M DE ELEVACAO, C/ DESLOCADOR LATERAL DOS GARFOS, MOTOR GLP 2.4L, CAPACIDADE NOMINAL DE CARGA DE 2,5T"	"127731"	"EMPILHADEIRA SOBRE PNEUS COM TORRE DE TRES ESTAGIOS, 4,80M DE ELEVACAO, C/ DESLOCADOR LATERAL DOS GARFOS, MOTOR GLP 2.4L, CAPACIDADE NOMINAL DE CARGA DE 2,5T [SINAPI 10634]"
"295"	"6549"	"EMPILHADEIRA SOBRE PNEUS COM TORRE DE TRES ESTAGIOS, 4,80M DE ELEVACAO, C/ DESLOCADOR LATERAL DOS GARFOS, MOTOR GLP 4.3L, CAPACIDADE NOMINAL DE CARGA DE 4T"	"127732"	"EMPILHADEIRA SOBRE PNEUS COM TORRE DE TRES ESTAGIOS, 4,80M DE ELEVACAO, C/ DESLOCADOR LATERAL DOS GARFOS, MOTOR GLP 4.3L, CAPACIDADE NOMINAL DE CARGA DE 4T [SINAPI 10636]"
"295"	"6550"	"EMPILHADEIRA SOBRE PNEUS COM TORRE DE TRES ESTAGIOS, 4,80M DE ELEVACAO, C/ DESLOCADOR LATERAL DOS GARFOS, MOTOR GLP 4.3L, CAPACIDADE NOMINAL DE CARGA DE 5T"	"127733"	"EMPILHADEIRA SOBRE PNEUS COM TORRE DE TRES ESTAGIOS, 4,80M DE ELEVACAO, C/ DESLOCADOR LATERAL DOS GARFOS, MOTOR GLP 4.3L, CAPACIDADE NOMINAL DE CARGA DE 5T [SINAPI 10637]"
"295"	"6551"	"EMULSAO ASFALTICA CATIONICA RR-1C PARA USO EM PAVIMENTACAO ASFALTICA (COLETADO CAIXA NA ANP ACRESCIDO DE ICMS)"	"127734"	"EMULSAO ASFALTICA CATIONICA RR-1C PARA USO EM PAVIMENTACAO ASFALTICA (COLETADO CAIXA NA ANP ACRESCIDO DE ICMS) [SINAPI 41905]"
"295"	"6552"	"ESTUCADOR"	"127735"	"ESTUCADOR [SINAPI 12865]"
"295"	"6553"	"ESTUCADOR (MENSALISTA)"	"127736"	"ESTUCADOR (MENSALISTA) [SINAPI 41074]"
"295"	"6554"	"FAIXA / FILETE / LISTELO EM CERAMICA, DECORADA, *8 X 30* CM (L X C)"	"127737"	"FAIXA / FILETE / LISTELO EM CERAMICA, DECORADA, *8 X 30* CM (L X C) [SINAPI 34795]"
"295"	"6555"	"FAIXA / FILETE / LISTELO EM CERAMICA, LISO OU CORDAO, BRANCO, *2 X 30* CM (L X C)"	"127738"	"FAIXA / FILETE / LISTELO EM CERAMICA, LISO OU CORDAO, BRANCO, *2 X 30* CM (L X C) [SINAPI 34796]"
"295"	"6556"	"FELTRO EM LA DE ROCHA, 1 FACE REVESTIDA COM PAPEL ALUMINIZADO, EM ROLO, DENSIDADE = 32 KG/M3, E=*50* MM (COLETADO CAIXA)"	"127739"	"FELTRO EM LA DE ROCHA, 1 FACE REVESTIDA COM PAPEL ALUMINIZADO, EM ROLO, DENSIDADE = 32 KG/M3, E=*50* MM (COLETADO CAIXA) [SINAPI 42481]"
"295"	"6557"	"FILTRO ANAEROBIO CILINDRICO CONCRETO PRE MOLDADO 1,20 X 1,50 (DIAMETROXALTURA) PARA 4 A 5 CONTRIBUINTES (NBR 13969)"	"127740"	"FILTRO ANAEROBIO CILINDRICO CONCRETO PRE MOLDADO 1,20 X 1,50 (DIAMETROXALTURA) PARA 4 A 5 CONTRIBUINTES (NBR 13969) [SINAPI 11894]"
"295"	"25130"	"Filtro anaeróbio cilíndrico concreto pré moldado 1,20 x 1,50 para 4 a 5 contribuintes (NBR 13969)"	"127740"	"FILTRO ANAEROBIO CILINDRICO CONCRETO PRE MOLDADO 1,20 X 1,50 (DIAMETROXALTURA) PARA 4 A 5 CONTRIBUINTES (NBR 13969) [SINAPI 11894]"
"295"	"6558"	"FITA PLASTICA ZEBRADA PARA DEMARCACAO DE AREAS, LARGURA = 7 CM, SEM ADESIVO (COLETADO CAIXA)"	"127741"	"FITA PLASTICA ZEBRADA PARA DEMARCACAO DE AREAS, LARGURA = 7 CM, SEM ADESIVO (COLETADO CAIXA) [SINAPI 42015]"
"295"	"12644"	"FITA ZEBRADA SEM ADESIVO 870 (PRETA E AMARELA): CONFECCIONADO EM FILME DE POLIETILENO DE BAIXA DENSIDADE SEM ADESIVO, COM ES- PESSURA DE 0,03MM OU 30 MICRA, IMPRESSO EM DUAS CORES (PRETO E AMARELO). ROLO DE 200M E 7 CM DE LARGURA. QUANTITATIVOS SERÃO INFORMADOS APÓS A EMISSÃO DA NOTA DE EMPENHO EM FORMULÁRIO PRÓPRIO, SE ELETRÔNICO, EXTENSÃO PDF. O MATERIAL DEVERÁ TER COMO MARCA DE REFERÊNCIA DE QUALIDADE IGUAL OU SUPERIOR A ADERE (REF. FITA ZEBRADA SEM ADESIVO 870 (PRETA E AMARELA)."	"127741"	"FITA PLASTICA ZEBRADA PARA DEMARCACAO DE AREAS, LARGURA = 7 CM, SEM ADESIVO (COLETADO CAIXA) [SINAPI 42015]"
"295"	"6559"	"FIXADOR DE CAL (SACHE 150 ML)"	"127742"	"FIXADOR DE CAL (SACHE 150 ML) [SINAPI 11162]"
"295"	"6560"	"FOSSA SEPTICA CILINDRICA TIPO ""IMHOFF"", COM TAMPA, PARA 50 CONTRIBUINTES"	"127743"	"FOSSA SEPTICA CILINDRICA TIPO ""IMHOFF"", COM TAMPA, PARA 50 CONTRIBUINTES [SINAPI 11887]"
"295"	"6561"	"FOSSA SEPTICA CILINDRICA, TIPO ""IMHOFF"", COM TAMPA, PARA 100 CONTRIBUINTES"	"127744"	"FOSSA SEPTICA CILINDRICA, TIPO ""IMHOFF"", COM TAMPA, PARA 100 CONTRIBUINTES [SINAPI 11883]"
"295"	"6562"	"FOSSA SEPTICA CILINDRICA, TIPO ""IMHOFF"", COM TAMPA, PARA 150 CONTRIBUINTES"	"127745"	"FOSSA SEPTICA CILINDRICA, TIPO ""IMHOFF"", COM TAMPA, PARA 150 CONTRIBUINTES [SINAPI 11884]"
"295"	"6563"	"FOSSA SEPTICA CILINDRICA, TIPO ""IMHOFF"", COM TAMPA, PARA 200 CONTRIBUINTES"	"127746"	"FOSSA SEPTICA CILINDRICA, TIPO ""IMHOFF"", COM TAMPA, PARA 200 CONTRIBUINTES [SINAPI 11885]"
"295"	"6564"	"FOSSA SEPTICA CILINDRICA, TIPO ""IMHOFF"", COM TAMPA, PARA 30 CONTRIBUINTES"	"127747"	"FOSSA SEPTICA CILINDRICA, TIPO ""IMHOFF"", COM TAMPA, PARA 30 CONTRIBUINTES [SINAPI 11886]"
"295"	"6565"	"FOSSA SEPTICA CILINDRICA, TIPO ""IMHOFF"", COM TAMPA, PARA 75 CONTRIBUINTES"	"127748"	"FOSSA SEPTICA CILINDRICA, TIPO ""IMHOFF"", COM TAMPA, PARA 75 CONTRIBUINTES [SINAPI 11888]"
"295"	"6566"	"FOSSA SEPTICA CONCRETO PRE MOLDADO PARA 10 CONTRIBUINTES - *90 X 90* CM"	"127749"	"FOSSA SEPTICA CONCRETO PRE MOLDADO PARA 10 CONTRIBUINTES - *90 X 90* CM [SINAPI 3277]"
"295"	"6567"	"FOSSA SEPTICA CONCRETO PRE MOLDADO PARA 5 CONTRIBUINTES *90 X 70* CM"	"127750"	"FOSSA SEPTICA CONCRETO PRE MOLDADO PARA 5 CONTRIBUINTES *90 X 70* CM [SINAPI 3281]"
"295"	"6568"	"GANCHO L COM ROSCA, PARA FIXAR TELHA EM MADEIRA, 1/4"" X 350 MM (COLETADO CAIXA)"	"127751"	"GANCHO L COM ROSCA, PARA FIXAR TELHA EM MADEIRA, 1/4"" X 350 MM (COLETADO CAIXA) [SINAPI 42482]"
"295"	"6569"	"HEXAMETAFOSFATO DE SODIO"	"127752"	"HEXAMETAFOSFATO DE SODIO [SINAPI 10561]"
"295"	"6570"	"JANELA BASCULANTE EM ALUMINIO, 100 X 100 CM (A X L), ACABAMENTO ACET OU BRILHANTE, BATENTE/REQUADRO DE 3 A 14 CM, COM VIDRO, SEM GUARNICAO/ALIZAR"	"127753"	"JANELA BASCULANTE EM ALUMINIO, 100 X 100 CM (A X L), ACABAMENTO ACET OU BRILHANTE, BATENTE/REQUADRO DE 3 A 14 CM, COM VIDRO, SEM GUARNICAO/ALIZAR [SINAPI 34379]"
"295"	"6571"	"JANELA BASCULANTE EM ALUMINIO, 100 X 80 CM (A X L), ACABAMENTO ACET OU BRILHANTE, BATENTE/REQUADRO DE 3 A 14 CM, COM VIDRO, SEM GUARNICAO/ALIZAR"	"127754"	"JANELA BASCULANTE EM ALUMINIO, 100 X 80 CM (A X L), ACABAMENTO ACET OU BRILHANTE, BATENTE/REQUADRO DE 3 A 14 CM, COM VIDRO, SEM GUARNICAO/ALIZAR [SINAPI 34378]"
"295"	"6572"	"JANELA BASCULANTE EM ALUMINIO, 80 X 60 CM (A X L), BATENTE/REQUADRO DE 3 A 14 CM, COM VIDRO, SEM GUARNICAO/ALIZAR"	"127755"	"JANELA BASCULANTE EM ALUMINIO, 80 X 60 CM (A X L), BATENTE/REQUADRO DE 3 A 14 CM, COM VIDRO, SEM GUARNICAO/ALIZAR [SINAPI 581]"
"295"	"6573"	"JANELA DE CORRER EM ALUMINIO, VENEZIANA, 120 X 150 CM (A X L), 3 FLS (2 VENEZIANAS E 1 VIDRO), SEM BANDEIRA, ACABAMENTO ACET OU BRILHANTE, BATENTE/REQUADRO DE 6 A 14 CM, COM VIDRO, SEM GUARNICAO/ALIZAR"	"127756"	"JANELA DE CORRER EM ALUMINIO, VENEZIANA, 120 X 150 CM (A X L), 3 FLS (2 VENEZIANAS E 1 VIDRO), SEM BANDEIRA, ACABAMENTO ACET OU BRILHANTE, BATENTE/REQUADRO DE 6 A 14 CM, COM VIDRO, SEM GUARNICAO/ALIZAR [SINAPI 34371]"
"295"	"6574"	"JANELA DE CORRER EM ALUMINIO, VENEZIANA, 120 X 200 CM (A X L), 6 FLS (4 VENEZIANAS E 2 VIDROS), SEM BANDEIRA, ACABAMENTO ACET OU BRILHANTE, BATENTE/REQUADRO DE 6 A 14 CM, COM VIDRO, SEM GUARNICAO/ALIZAR"	"127757"	"JANELA DE CORRER EM ALUMINIO, VENEZIANA, 120 X 200 CM (A X L), 6 FLS (4 VENEZIANAS E 2 VIDROS), SEM BANDEIRA, ACABAMENTO ACET OU BRILHANTE, BATENTE/REQUADRO DE 6 A 14 CM, COM VIDRO, SEM GUARNICAO/ALIZAR [SINAPI 34373]"
"295"	"2888"	"JANELA DE CORRER EM ALUMINIO, VENEZIANA, 120 X 150 CM (A X L), 6 FLS (4 VENEZIANAS E 2 VIDROS), SEM BANDEIRA, ACABAMENTO ACET OU BRILHANTE, BATENTE/REQUADRO DE 6 A 14 CM, COM VIDRO, SEM GUARNICAO/ALIZAR"	"127757"	"JANELA DE CORRER EM ALUMINIO, VENEZIANA, 120 X 200 CM (A X L), 6 FLS (4 VENEZIANAS E 2 VIDROS), SEM BANDEIRA, ACABAMENTO ACET OU BRILHANTE, BATENTE/REQUADRO DE 6 A 14 CM, COM VIDRO, SEM GUARNICAO/ALIZAR [SINAPI 34373]"
"295"	"6579"	"JANELA DE CORRER EM ALUMINIO, 120 X 200 CM (A X L), 4 FLS, BANDEIRA COM BASCULA, ACABAMENTO ACET OU BRILHANTE, BATENTE/REQUADRO DE 6 A 14 CM, COM VIDRO, SEM GUARNICAO/ALIZAR"	"127757"	"JANELA DE CORRER EM ALUMINIO, VENEZIANA, 120 X 200 CM (A X L), 6 FLS (4 VENEZIANAS E 2 VIDROS), SEM BANDEIRA, ACABAMENTO ACET OU BRILHANTE, BATENTE/REQUADRO DE 6 A 14 CM, COM VIDRO, SEM GUARNICAO/ALIZAR [SINAPI 34373]"
"295"	"6575"	"JANELA DE CORRER EM ALUMINIO, 100 X 150 CM (A X L), 4 FLS, SEM BANDEIRA, ACABAMENTO ACET OU BRILHANTE, BATENTE/REQUADRO DE 6 A 14 CM, COM VIDRO, SEM GUARNICAO/ALIZAR"	"127758"	"JANELA DE CORRER EM ALUMINIO, 100 X 150 CM (A X L), 4 FLS, SEM BANDEIRA, ACABAMENTO ACET OU BRILHANTE, BATENTE/REQUADRO DE 6 A 14 CM, COM VIDRO, SEM GUARNICAO/ALIZAR [SINAPI 36884]"
"295"	"2891"	"JANELA DE CORRER EM ALUMINIO, 100 X 150 CM (A X L), 4 FLS, SEM BANDEIRA, ACABAMENTO ACET OU BRILHANTE, BATENTE/REQUADRO DE 6 A 14 CM, COM VIDRO, SEM GUARNICAO/ALIZAR"	"127758"	"JANELA DE CORRER EM ALUMINIO, 100 X 150 CM (A X L), 4 FLS, SEM BANDEIRA, ACABAMENTO ACET OU BRILHANTE, BATENTE/REQUADRO DE 6 A 14 CM, COM VIDRO, SEM GUARNICAO/ALIZAR [SINAPI 36884]"
"295"	"6576"	"JANELA DE CORRER EM ALUMINIO, 100 X 150 CM (A X L), 4 FLS, SEM BANDEIRA, ACABAMENTO ACET OU BRILHANTE, COM VIDRO, COM GUARNICAO PARA 1 FACE"	"127759"	"JANELA DE CORRER EM ALUMINIO, 100 X 150 CM (A X L), 4 FLS, SEM BANDEIRA, ACABAMENTO ACET OU BRILHANTE, COM VIDRO, COM GUARNICAO PARA 1 FACE [SINAPI 597]"
"295"	"2891"	"JANELA DE CORRER EM ALUMINIO, 100 X 150 CM (A X L), 4 FLS, SEM BANDEIRA, ACABAMENTO ACET OU BRILHANTE, BATENTE/REQUADRO DE 6 A 14 CM, COM VIDRO, SEM GUARNICAO/ALIZAR"	"127759"	"JANELA DE CORRER EM ALUMINIO, 100 X 150 CM (A X L), 4 FLS, SEM BANDEIRA, ACABAMENTO ACET OU BRILHANTE, COM VIDRO, COM GUARNICAO PARA 1 FACE [SINAPI 597]"
"295"	"6575"	"JANELA DE CORRER EM ALUMINIO, 100 X 150 CM (A X L), 4 FLS, SEM BANDEIRA, ACABAMENTO ACET OU BRILHANTE, BATENTE/REQUADRO DE 6 A 14 CM, COM VIDRO, SEM GUARNICAO/ALIZAR"	"127759"	"JANELA DE CORRER EM ALUMINIO, 100 X 150 CM (A X L), 4 FLS, SEM BANDEIRA, ACABAMENTO ACET OU BRILHANTE, COM VIDRO, COM GUARNICAO PARA 1 FACE [SINAPI 597]"
"295"	"6577"	"JANELA DE CORRER EM ALUMINIO, 120 X 120 CM (A X L), 2 FLS, SEM BANDEIRA, ACABAMENTO ACET OU BRILHANTE, BATENTE/REQUADRO DE 6 A 14 CM, COM VIDRO, SEM GUARNICAO/ALIZAR"	"127760"	"JANELA DE CORRER EM ALUMINIO, 120 X 120 CM (A X L), 2 FLS, SEM BANDEIRA, ACABAMENTO ACET OU BRILHANTE, BATENTE/REQUADRO DE 6 A 14 CM, COM VIDRO, SEM GUARNICAO/ALIZAR [SINAPI 34362]"
"295"	"6578"	"JANELA DE CORRER EM ALUMINIO, 120 X 150 CM (A X L), 2 FLS, SEM BANDEIRA, ACABAMENTO ACET OU BRILHANTE, BATENTE/REQUADRO DE 6 A 14 CM, COM VIDRO, SEM GUARNICAO/ALIZAR"	"127761"	"JANELA DE CORRER EM ALUMINIO, 120 X 150 CM (A X L), 2 FLS, SEM BANDEIRA, ACABAMENTO ACET OU BRILHANTE, BATENTE/REQUADRO DE 6 A 14 CM, COM VIDRO, SEM GUARNICAO/ALIZAR [SINAPI 34363]"
"295"	"6579"	"JANELA DE CORRER EM ALUMINIO, 120 X 200 CM (A X L), 4 FLS, BANDEIRA COM BASCULA, ACABAMENTO ACET OU BRILHANTE, BATENTE/REQUADRO DE 6 A 14 CM, COM VIDRO, SEM GUARNICAO/ALIZAR"	"127762"	"JANELA DE CORRER EM ALUMINIO, 120 X 200 CM (A X L), 4 FLS, BANDEIRA COM BASCULA, ACABAMENTO ACET OU BRILHANTE, BATENTE/REQUADRO DE 6 A 14 CM, COM VIDRO, SEM GUARNICAO/ALIZAR [SINAPI 34365]"
"295"	"6580"	"JANELA FIXA EM ALUMINIO, 60 X 80 CM (A X L), BATENTE/REQUADRO DE 3 A 14 CM, COM VIDRO, SEM GUARNICAO/ALIZAR"	"127763"	"JANELA FIXA EM ALUMINIO, 60 X 80 CM (A X L), BATENTE/REQUADRO DE 3 A 14 CM, COM VIDRO, SEM GUARNICAO/ALIZAR [SINAPI 34380]"
"295"	"2898"	"JANELA FIXA EM ALUMINIO, 60 X 80 CM (A X L), BATENTE/REQUADRO DE 3 A 14 CM, COM VIDRO, SEM GUARNICAO/ALIZAR"	"127763"	"JANELA FIXA EM ALUMINIO, 60 X 80 CM (A X L), BATENTE/REQUADRO DE 3 A 14 CM, COM VIDRO, SEM GUARNICAO/ALIZAR [SINAPI 34380]"
"295"	"6581"	"JANELA MAXIM AR EM ALUMINIO, 80 X 60 CM (A X L), BATENTE/REQUADRO DE 4 A 14 CM, COM VIDRO, SEM GUARNICAO/ALIZAR"	"127764"	"JANELA MAXIM AR EM ALUMINIO, 80 X 60 CM (A X L), BATENTE/REQUADRO DE 4 A 14 CM, COM VIDRO, SEM GUARNICAO/ALIZAR [SINAPI 601]"
"295"	"6572"	"JANELA BASCULANTE EM ALUMINIO, 80 X 60 CM (A X L), BATENTE/REQUADRO DE 3 A 14 CM, COM VIDRO, SEM GUARNICAO/ALIZAR"	"127764"	"JANELA MAXIM AR EM ALUMINIO, 80 X 60 CM (A X L), BATENTE/REQUADRO DE 4 A 14 CM, COM VIDRO, SEM GUARNICAO/ALIZAR [SINAPI 601]"
"295"	"2881"	"JANELA BASCULANTE EM ALUMINIO, 80 X 60 CM (A X L), ACABAMENTO ACET OU BRILHANTE, BATENTE/REQUADRO DE 3 A 14 CM, COM VIDRO, SEM GUARNICAO/ALIZAR"	"127764"	"JANELA MAXIM AR EM ALUMINIO, 80 X 60 CM (A X L), BATENTE/REQUADRO DE 4 A 14 CM, COM VIDRO, SEM GUARNICAO/ALIZAR [SINAPI 601]"
"295"	"6582"	"KIT PORTA PRONTA DE MADEIRA, FOLHA LEVE (NBR 15930) DE 70 X 210 CM, E = *35* MM, COM MARCO EM ACO, NUCLEO COLMEIA, CAPA LISA EM HDF, ACABAMENTO MELAMINICO BRANCO (INCLUI MARCO, ALIZARES, DOBRADICAS E FECHADURA)"	"127765"	"KIT PORTA PRONTA DE MADEIRA, FOLHA LEVE (NBR 15930) DE 70 X 210 CM, E = *35* MM, COM MARCO EM ACO, NUCLEO COLMEIA, CAPA LISA EM HDF, ACABAMENTO MELAMINICO BRANCO (INCLUI MARCO, ALIZARES, DOBRADICAS E FECHADURA) [SINAPI 39483]"
"295"	"6584"	"KIT PORTA PRONTA DE MADEIRA, FOLHA MEDIA (NBR 15930) DE 70 X 210 CM, E = 35 MM, NUCLEO SARRAFEADO, ESTRUTURA USINADA PARA FECHADURA, CAPA LISA EM HDF, ACABAMENTO MELAMINICO BRANCO (INCLUI MARCO, ALIZARES E DOBRADICAS)"	"127765"	"KIT PORTA PRONTA DE MADEIRA, FOLHA LEVE (NBR 15930) DE 70 X 210 CM, E = *35* MM, COM MARCO EM ACO, NUCLEO COLMEIA, CAPA LISA EM HDF, ACABAMENTO MELAMINICO BRANCO (INCLUI MARCO, ALIZARES, DOBRADICAS E FECHADURA) [SINAPI 39483]"
"295"	"6583"	"KIT PORTA PRONTA DE MADEIRA, FOLHA LEVE (NBR 15930) DE 70 X 210 CM, E = 35 MM, NUCLEO COLMEIA, ESTRUTURA USINADA PARA FECHADURA, CAPA LISA EM HDF, ACABAMENTO EM PRIMER PARA PINTURA (INCLUI MARCO, ALIZARES E DOBRADICAS)"	"127765"	"KIT PORTA PRONTA DE MADEIRA, FOLHA LEVE (NBR 15930) DE 70 X 210 CM, E = *35* MM, COM MARCO EM ACO, NUCLEO COLMEIA, CAPA LISA EM HDF, ACABAMENTO MELAMINICO BRANCO (INCLUI MARCO, ALIZARES, DOBRADICAS E FECHADURA) [SINAPI 39483]"
"295"	"6583"	"KIT PORTA PRONTA DE MADEIRA, FOLHA LEVE (NBR 15930) DE 70 X 210 CM, E = 35 MM, NUCLEO COLMEIA, ESTRUTURA USINADA PARA FECHADURA, CAPA LISA EM HDF, ACABAMENTO EM PRIMER PARA PINTURA (INCLUI MARCO, ALIZARES E DOBRADICAS)"	"127766"	"KIT PORTA PRONTA DE MADEIRA, FOLHA LEVE (NBR 15930) DE 70 X 210 CM, E = 35 MM, NUCLEO COLMEIA, ESTRUTURA USINADA PARA FECHADURA, CAPA LISA EM HDF, ACABAMENTO EM PRIMER PARA PINTURA (INCLUI MARCO, ALIZARES E DOBRADICAS) [SINAPI 39487]"
"295"	"6582"	"KIT PORTA PRONTA DE MADEIRA, FOLHA LEVE (NBR 15930) DE 70 X 210 CM, E = *35* MM, COM MARCO EM ACO, NUCLEO COLMEIA, CAPA LISA EM HDF, ACABAMENTO MELAMINICO BRANCO (INCLUI MARCO, ALIZARES, DOBRADICAS E FECHADURA)"	"127766"	"KIT PORTA PRONTA DE MADEIRA, FOLHA LEVE (NBR 15930) DE 70 X 210 CM, E = 35 MM, NUCLEO COLMEIA, ESTRUTURA USINADA PARA FECHADURA, CAPA LISA EM HDF, ACABAMENTO EM PRIMER PARA PINTURA (INCLUI MARCO, ALIZARES E DOBRADICAS) [SINAPI 39487]"
"295"	"6584"	"KIT PORTA PRONTA DE MADEIRA, FOLHA MEDIA (NBR 15930) DE 70 X 210 CM, E = 35 MM, NUCLEO SARRAFEADO, ESTRUTURA USINADA PARA FECHADURA, CAPA LISA EM HDF, ACABAMENTO MELAMINICO BRANCO (INCLUI MARCO, ALIZARES E DOBRADICAS)"	"127767"	"KIT PORTA PRONTA DE MADEIRA, FOLHA MEDIA (NBR 15930) DE 70 X 210 CM, E = 35 MM, NUCLEO SARRAFEADO, ESTRUTURA USINADA PARA FECHADURA, CAPA LISA EM HDF, ACABAMENTO MELAMINICO BRANCO (INCLUI MARCO, ALIZARES E DOBRADICAS) [SINAPI 39491]"
"295"	"6583"	"KIT PORTA PRONTA DE MADEIRA, FOLHA LEVE (NBR 15930) DE 70 X 210 CM, E = 35 MM, NUCLEO COLMEIA, ESTRUTURA USINADA PARA FECHADURA, CAPA LISA EM HDF, ACABAMENTO EM PRIMER PARA PINTURA (INCLUI MARCO, ALIZARES E DOBRADICAS)"	"127767"	"KIT PORTA PRONTA DE MADEIRA, FOLHA MEDIA (NBR 15930) DE 70 X 210 CM, E = 35 MM, NUCLEO SARRAFEADO, ESTRUTURA USINADA PARA FECHADURA, CAPA LISA EM HDF, ACABAMENTO MELAMINICO BRANCO (INCLUI MARCO, ALIZARES E DOBRADICAS) [SINAPI 39491]"
"295"	"6582"	"KIT PORTA PRONTA DE MADEIRA, FOLHA LEVE (NBR 15930) DE 70 X 210 CM, E = *35* MM, COM MARCO EM ACO, NUCLEO COLMEIA, CAPA LISA EM HDF, ACABAMENTO MELAMINICO BRANCO (INCLUI MARCO, ALIZARES, DOBRADICAS E FECHADURA)"	"127767"	"KIT PORTA PRONTA DE MADEIRA, FOLHA MEDIA (NBR 15930) DE 70 X 210 CM, E = 35 MM, NUCLEO SARRAFEADO, ESTRUTURA USINADA PARA FECHADURA, CAPA LISA EM HDF, ACABAMENTO MELAMINICO BRANCO (INCLUI MARCO, ALIZARES E DOBRADICAS) [SINAPI 39491]"
"295"	"6585"	"LIQUIDO PARA BRILHO PAREDES INTERNAS"	"127768"	"LIQUIDO PARA BRILHO PAREDES INTERNAS [SINAPI 6091]"
"295"	"6586"	"LOCACAO DE ELEVADOR DE CARGA A CABO, CABINE SEMI FECHADA *2,0* X *1,5* X *2,0* M, CAPACIDADE DE CARGA 1000 KG, TORRE *2,38* X *2,21* X 15 M, GUINCHO DE EMBREAGEM, FREIO DE SEGURANCA, LIMITADOR DE VELOCIDADE E CANCELA"	"127769"	"LOCACAO DE ELEVADOR DE CARGA A CABO, CABINE SEMI FECHADA *2,0* X *1,5* X *2,0* M, CAPACIDADE DE CARGA 1000 KG, TORRE *2,38* X *2,21* X 15 M, GUINCHO DE EMBREAGEM, FREIO DE SEGURANCA, LIMITADOR DE VELOCIDADE E CANCELA [SINAPI 3355]"
"295"	"35019"	"ELEVADOR DE CARGA A CABO, CABINE SEMI FECHADA 2,0 X 1,5 X 2,0 M, CAPACIDADE DE CARGA 1000 KG, TORRE 2,38 X 2,21 X 15 M, GUINCHO DE EMBREAGEM, FREIO DE SEGURANCA, LIMITADOR DE VELOCIDADE E CANCELA"	"127769"	"LOCACAO DE ELEVADOR DE CARGA A CABO, CABINE SEMI FECHADA *2,0* X *1,5* X *2,0* M, CAPACIDADE DE CARGA 1000 KG, TORRE *2,38* X *2,21* X 15 M, GUINCHO DE EMBREAGEM, FREIO DE SEGURANCA, LIMITADOR DE VELOCIDADE E CANCELA [SINAPI 3355]"
"295"	"2398"	"ELEVADOR DE CARGA A CABO, CABINE SEMI FECHADA 2,0 X 1,5 X 2,0 M, CAPACIDADE DE CARGA 1000 KG, TORRE 2,38 X 2,21 X 15 M, GUINCHO DE EMBREAGEM, FREIO DE SEGURANCA, LIMITADOR DE VELOCIDADE E CANCELA"	"127769"	"LOCACAO DE ELEVADOR DE CARGA A CABO, CABINE SEMI FECHADA *2,0* X *1,5* X *2,0* M, CAPACIDADE DE CARGA 1000 KG, TORRE *2,38* X *2,21* X 15 M, GUINCHO DE EMBREAGEM, FREIO DE SEGURANCA, LIMITADOR DE VELOCIDADE E CANCELA [SINAPI 3355]"
"295"	"6587"	"LOCACAO DE ELEVADOR DE CREMALHEIRA CABINE SIMPLES FECHADA 1,5 X 2,5 X 2,35 M (UMA POR TORRE), CAPACIDADE DE CARGA *1200* KG (15 PESSOAS), TORRE DE 24 M (16 MODULOS), 16 PARADAS, FREIO DE SEGURANCA, LIMITADOR DE CARGA"	"127770"	"LOCACAO DE ELEVADOR DE CREMALHEIRA CABINE SIMPLES FECHADA 1,5 X 2,5 X 2,35 M (UMA POR TORRE), CAPACIDADE DE CARGA *1200* KG (15 PESSOAS), TORRE DE 24 M (16 MODULOS), 16 PARADAS, FREIO DE SEGURANCA, LIMITADOR DE CARGA [SINAPI 39814]"
"295"	"2399"	"ELEVADOR DE CREMALHEIRA CABINE FECHADA 1,5 X 2,5 X 2,35 M (UMA POR TORRE), CAPACIDADE DE CARGA 1200 KG (15 PESSOAS), TORRE 24 M (16 MODULOS), FREIO DE SEGURANCA, LIMITADOR DE CARGA"	"127770"	"LOCACAO DE ELEVADOR DE CREMALHEIRA CABINE SIMPLES FECHADA 1,5 X 2,5 X 2,35 M (UMA POR TORRE), CAPACIDADE DE CARGA *1200* KG (15 PESSOAS), TORRE DE 24 M (16 MODULOS), 16 PARADAS, FREIO DE SEGURANCA, LIMITADOR DE CARGA [SINAPI 39814]"
"295"	"35020"	"ELEVADOR DE CREMALHEIRA CABINE FECHADA 1,5 X 2,5 X 2,35 M (UMA POR TORRE), CAPACIDADE DE CARGA 1200 KG (15 PESSOAS), TORRE 24 M (16 MODULOS), FREIO DE SEGURANCA, LIMITADOR DE CARGA"	"127770"	"LOCACAO DE ELEVADOR DE CREMALHEIRA CABINE SIMPLES FECHADA 1,5 X 2,5 X 2,35 M (UMA POR TORRE), CAPACIDADE DE CARGA *1200* KG (15 PESSOAS), TORRE DE 24 M (16 MODULOS), 16 PARADAS, FREIO DE SEGURANCA, LIMITADOR DE CARGA [SINAPI 39814]"
"295"	"6588"	"LUMINARIA DE LED PARA ILUMINACAO PUBLICA, DE 98 W ATE 137 W, INVOLUCRO EM ALUMINIO OU ACO INOX (COLETADO CAIXA)"	"127771"	"LUMINARIA DE LED PARA ILUMINACAO PUBLICA, DE 98 W ATE 137 W, INVOLUCRO EM ALUMINIO OU ACO INOX (COLETADO CAIXA) [SINAPI 42977]"
"295"	"7062"	"[cópia] LUMINARIA DE LED PARA ILUMINACAO PUBLICA, DE 98 W ATE 137 W, INVOLUCRO EM ALUMINIO OU ACO INOX (COLETADO CAIXA)"	"127771"	"LUMINARIA DE LED PARA ILUMINACAO PUBLICA, DE 98 W ATE 137 W, INVOLUCRO EM ALUMINIO OU ACO INOX (COLETADO CAIXA) [SINAPI 42977]"
"295"	"7074"	"[cópia] LUMINARIA DE LED PARA ILUMINACAO PUBLICA, DE 98 W ATE 137 W, INVOLUCRO EM ALUMINIO OU ACO INOX (COLETADO CAIXA)"	"127771"	"LUMINARIA DE LED PARA ILUMINACAO PUBLICA, DE 98 W ATE 137 W, INVOLUCRO EM ALUMINIO OU ACO INOX (COLETADO CAIXA) [SINAPI 42977]"
"295"	"11478"	"LUMINARIA DE LED PARA ILUMINAÇÃO PUBLICA, DE 98W ATE 137W, INVOLUCRO EM ALUMINIO OU AÇO INOX."	"127771"	"LUMINARIA DE LED PARA ILUMINACAO PUBLICA, DE 98 W ATE 137 W, INVOLUCRO EM ALUMINIO OU ACO INOX (COLETADO CAIXA) [SINAPI 42977]"
"295"	"16756"	"Luminária de led para iluminação publica, potencia 98w a 137w, temperatura de cor 5000k involucro em aluminio ou aço inox"	"127771"	"LUMINARIA DE LED PARA ILUMINACAO PUBLICA, DE 98 W ATE 137 W, INVOLUCRO EM ALUMINIO OU ACO INOX (COLETADO CAIXA) [SINAPI 42977]"
"295"	"3246"	"LUMINARIA DE LED PARA ILUMINACAO PUBLICA, DE 98 W ATE 137 W, INVOLUCRO EM ALUMINIO OU ACO INOX"	"127771"	"LUMINARIA DE LED PARA ILUMINACAO PUBLICA, DE 98 W ATE 137 W, INVOLUCRO EM ALUMINIO OU ACO INOX (COLETADO CAIXA) [SINAPI 42977]"
"295"	"6589"	"MADEIRA ROLICA SEM TRATAMENTO, EUCALIPTO OU EQUIVALENTE DA REGIAO, H = 3 M, D = 12 A 15 CM (PARA ESCORAMENTO)"	"127772"	"MADEIRA ROLICA SEM TRATAMENTO, EUCALIPTO OU EQUIVALENTE DA REGIAO, H = 3 M, D = 12 A 15 CM (PARA ESCORAMENTO) [SINAPI 2742]"
"295"	"6590"	"MADEIRA ROLICA SEM TRATAMENTO, EUCALIPTO OU EQUIVALENTE DA REGIAO, H = 3 M, D = 16 A 19 CM (PARA ESCORAMENTO)"	"127773"	"MADEIRA ROLICA SEM TRATAMENTO, EUCALIPTO OU EQUIVALENTE DA REGIAO, H = 3 M, D = 16 A 19 CM (PARA ESCORAMENTO) [SINAPI 2748]"
"295"	"6591"	"MADEIRA ROLICA SEM TRATAMENTO, EUCALIPTO OU EQUIVALENTE DA REGIAO, H = 3 M, D = 20 A 24 CM (PARA ESCORAMENTO)"	"127774"	"MADEIRA ROLICA SEM TRATAMENTO, EUCALIPTO OU EQUIVALENTE DA REGIAO, H = 3 M, D = 20 A 24 CM (PARA ESCORAMENTO) [SINAPI 2736]"
"295"	"6592"	"MADEIRA ROLICA SEM TRATAMENTO, EUCALIPTO OU EQUIVALENTE DA REGIAO, H = 6 M, D = 12 A 15 CM (PARA ESCORAMENTO)"	"127775"	"MADEIRA ROLICA SEM TRATAMENTO, EUCALIPTO OU EQUIVALENTE DA REGIAO, H = 6 M, D = 12 A 15 CM (PARA ESCORAMENTO) [SINAPI 2751]"
"295"	"6593"	"MEIO BLOCO ESTRUTURAL CERAMICO 14 X 19 X 14 CM, 4,0 MPA (NBR 15270)"	"127776"	"MEIO BLOCO ESTRUTURAL CERAMICO 14 X 19 X 14 CM, 4,0 MPA (NBR 15270) [SINAPI 34787]"
"295"	"3613"	"MEIO BLOCO ESTRUTURAL CERAMICO 14 X 19 X 14 CM, 6,0 MPA (NBR 15270)"	"127776"	"MEIO BLOCO ESTRUTURAL CERAMICO 14 X 19 X 14 CM, 4,0 MPA (NBR 15270) [SINAPI 34787]"
"295"	"6594"	"MEIO BLOCO ESTRUTURAL CERAMICO 14 X 19 X 19 CM, 4,0 MPA (NBR 15270)"	"127777"	"MEIO BLOCO ESTRUTURAL CERAMICO 14 X 19 X 19 CM, 4,0 MPA (NBR 15270) [SINAPI 34784]"
"295"	"3614"	"MEIO BLOCO ESTRUTURAL CERAMICO 14 X 19 X 19 CM, 6,0 MPA (NBR 15270)"	"127777"	"MEIO BLOCO ESTRUTURAL CERAMICO 14 X 19 X 19 CM, 4,0 MPA (NBR 15270) [SINAPI 34784]"
"295"	"6595"	"MICTORIO SIFONADO LOUCA COR SEM COMPLEMENTOS"	"127778"	"MICTORIO SIFONADO LOUCA COR SEM COMPLEMENTOS [SINAPI 10430]"
"295"	"23234"	"Mourão de concreto reto, 10 x 10 cm, H = 2,00 m"	"127779"	"MOURAO DE CONCRETO RETO, 10 X 10 CM, H= 2,00 M [SINAPI 4108]"
"295"	"6596"	"MOURAO DE CONCRETO RETO, 10 X 10 CM, H= 2,00 M"	"127779"	"MOURAO DE CONCRETO RETO, 10 X 10 CM, H= 2,00 M [SINAPI 4108]"
"295"	"6597"	"MUFLA TERMINAL PRIMARIA UNIPOLAR USO EXTERNO PARA CABO 25/70MM2 ISOL, 3,6/6KV EM EPR - BORRACHA DE SILICONE"	"127780"	"MUFLA TERMINAL PRIMARIA UNIPOLAR USO EXTERNO PARA CABO 25/70MM2 ISOL, 3,6/6KV EM EPR - BORRACHA DE SILICONE [SINAPI 4127]"
"295"	"6598"	"MUFLA TERMINAL PRIMARIA UNIPOLAR USO INTERNO PARA CABO 25/70MM2 ISOL 6/10KV EM EPR- BORRACHA DE SILICONE"	"127781"	"MUFLA TERMINAL PRIMARIA UNIPOLAR USO INTERNO PARA CABO 25/70MM2 ISOL 6/10KV EM EPR- BORRACHA DE SILICONE [SINAPI 4154]"
"295"	"6599"	"MUFLA TERMINAL PRIMARIA UNIPOLAR USO INTERNO PARA CABO 35/120MM2 ISOLACAO 15/25KV EM EPR - BORRACHA DE SILICONE"	"127782"	"MUFLA TERMINAL PRIMARIA UNIPOLAR USO INTERNO PARA CABO 35/120MM2 ISOLACAO 15/25KV EM EPR - BORRACHA DE SILICONE [SINAPI 4168]"
"295"	"6600"	"MUFLA TERMINAL PRIMARIA UNIPOLAR USO INTERNO PARA CABO 35/70MM2 ISOLACAO 8,7/15KV EM EPR - BORRACHA DE SILICONE"	"127783"	"MUFLA TERMINAL PRIMARIA UNIPOLAR USO INTERNO PARA CABO 35/70MM2 ISOLACAO 8,7/15KV EM EPR - BORRACHA DE SILICONE [SINAPI 4161]"
"295"	"6601"	"OLEO DE LINHACA"	"127784"	"OLEO DE LINHACA [SINAPI 5333]"
"295"	"6602"	"PARA-RAIOS DE BAIXA TENSAO, TENSAO DE OPERACAO *280* V , CORRENTE MAXIMA *20* KA"	"127785"	"PARA-RAIOS DE BAIXA TENSAO, TENSAO DE OPERACAO *280* V , CORRENTE MAXIMA *20* KA [SINAPI 4272]"
"295"	"6603"	"PASTA DESENGRAXANTE PARA MAOS"	"127786"	"PASTA DESENGRAXANTE PARA MAOS [SINAPI 38397]"
"295"	"34521"	"Sabão em pasta desengraxante"	"127786"	"PASTA DESENGRAXANTE PARA MAOS [SINAPI 38397]"
"295"	"6604"	"PASTA LUBRIFICANTE PARA TUBOS E CONEXOES COM JUNTA ELASTICA (USO EM PVC, ACO, POLIETILENO E OUTROS) (POTE DE 3.500* G)"	"127787"	"PASTA LUBRIFICANTE PARA TUBOS E CONEXOES COM JUNTA ELASTICA (USO EM PVC, ACO, POLIETILENO E OUTROS) (POTE DE 3.500* G) [SINAPI 20079]"
"295"	"6605"	"PASTILHA DE VIDRO CRISTAL, NACIONAL, REVEST INT/EXT E PISCINA, TODAS AS CORES, E MAIOR OU IGUAL A 5 MM *2,0 X 2,0* CM"	"127788"	"PASTILHA DE VIDRO CRISTAL, NACIONAL, REVEST INT/EXT E PISCINA, TODAS AS CORES, E MAIOR OU IGUAL A 5 MM *2,0 X 2,0* CM [SINAPI 34754]"
"295"	"6607"	"PASTILHA DE VIDRO PIGMENTADA, NACIONAL, REVEST INT/EXT E PISCINA, CORES QUENTES, ESPESSURA MAIOR OU IGUAL A 5 MM *2,0 X 2,0* CM"	"127788"	"PASTILHA DE VIDRO CRISTAL, NACIONAL, REVEST INT/EXT E PISCINA, TODAS AS CORES, E MAIOR OU IGUAL A 5 MM *2,0 X 2,0* CM [SINAPI 34754]"
"295"	"6606"	"PASTILHA DE VIDRO PIGMENTADA *2,0 X 2,0* CM, NACIONAL, PARA REVESTIMENTO INTERNO/EXTERNO E PISCINA, BRANCA OU CORES FRIAS, ESPESSURA MAIOR OU IGUAL A 5 MM"	"127788"	"PASTILHA DE VIDRO CRISTAL, NACIONAL, REVEST INT/EXT E PISCINA, TODAS AS CORES, E MAIOR OU IGUAL A 5 MM *2,0 X 2,0* CM [SINAPI 34754]"
"295"	"6606"	"PASTILHA DE VIDRO PIGMENTADA *2,0 X 2,0* CM, NACIONAL, PARA REVESTIMENTO INTERNO/EXTERNO E PISCINA, BRANCA OU CORES FRIAS, ESPESSURA MAIOR OU IGUAL A 5 MM"	"127789"	"PASTILHA DE VIDRO PIGMENTADA *2,0 X 2,0* CM, NACIONAL, PARA REVESTIMENTO INTERNO/EXTERNO E PISCINA, BRANCA OU CORES FRIAS, ESPESSURA MAIOR OU IGUAL A 5 MM [SINAPI 25962]"
"295"	"6607"	"PASTILHA DE VIDRO PIGMENTADA, NACIONAL, REVEST INT/EXT E PISCINA, CORES QUENTES, ESPESSURA MAIOR OU IGUAL A 5 MM *2,0 X 2,0* CM"	"127789"	"PASTILHA DE VIDRO PIGMENTADA *2,0 X 2,0* CM, NACIONAL, PARA REVESTIMENTO INTERNO/EXTERNO E PISCINA, BRANCA OU CORES FRIAS, ESPESSURA MAIOR OU IGUAL A 5 MM [SINAPI 25962]"
"295"	"6605"	"PASTILHA DE VIDRO CRISTAL, NACIONAL, REVEST INT/EXT E PISCINA, TODAS AS CORES, E MAIOR OU IGUAL A 5 MM *2,0 X 2,0* CM"	"127789"	"PASTILHA DE VIDRO PIGMENTADA *2,0 X 2,0* CM, NACIONAL, PARA REVESTIMENTO INTERNO/EXTERNO E PISCINA, BRANCA OU CORES FRIAS, ESPESSURA MAIOR OU IGUAL A 5 MM [SINAPI 25962]"
"295"	"6607"	"PASTILHA DE VIDRO PIGMENTADA, NACIONAL, REVEST INT/EXT E PISCINA, CORES QUENTES, ESPESSURA MAIOR OU IGUAL A 5 MM *2,0 X 2,0* CM"	"127790"	"PASTILHA DE VIDRO PIGMENTADA, NACIONAL, REVEST INT/EXT E PISCINA, CORES QUENTES, ESPESSURA MAIOR OU IGUAL A 5 MM *2,0 X 2,0* CM [SINAPI 34752]"
"295"	"6606"	"PASTILHA DE VIDRO PIGMENTADA *2,0 X 2,0* CM, NACIONAL, PARA REVESTIMENTO INTERNO/EXTERNO E PISCINA, BRANCA OU CORES FRIAS, ESPESSURA MAIOR OU IGUAL A 5 MM"	"127790"	"PASTILHA DE VIDRO PIGMENTADA, NACIONAL, REVEST INT/EXT E PISCINA, CORES QUENTES, ESPESSURA MAIOR OU IGUAL A 5 MM *2,0 X 2,0* CM [SINAPI 34752]"
"295"	"6605"	"PASTILHA DE VIDRO CRISTAL, NACIONAL, REVEST INT/EXT E PISCINA, TODAS AS CORES, E MAIOR OU IGUAL A 5 MM *2,0 X 2,0* CM"	"127790"	"PASTILHA DE VIDRO PIGMENTADA, NACIONAL, REVEST INT/EXT E PISCINA, CORES QUENTES, ESPESSURA MAIOR OU IGUAL A 5 MM *2,0 X 2,0* CM [SINAPI 34752]"
"295"	"6608"	"PERFURATRIZ ROTATIVA SOBRE ESTEIRA, TORQUE MAXIMO 2500 KGM, POTENCIA 110 HP, MOTOR DIESEL (COLETADO CAIXA)"	"127791"	"PERFURATRIZ ROTATIVA SOBRE ESTEIRA, TORQUE MAXIMO 2500 KGM, POTENCIA 110 HP, MOTOR DIESEL (COLETADO CAIXA) [SINAPI 42002]"
"295"	"6609"	"PIGMENTO EM PO PARA ARGAMASSAS, CIMENTOS E OUTROS"	"127792"	"PIGMENTO EM PO PARA ARGAMASSAS, CIMENTOS E OUTROS [SINAPI 5327]"
"295"	"6610"	"PORTA DE MADEIRA, FOLHA MEDIA (NBR 15930), E = 35 MM, NUCLEO SARRAFEADO, CAPA FRISADA EM HDF, ACABAMENTO MELAMINICO EM PADRAO MADEIRA"	"127793"	"PORTA DE MADEIRA, FOLHA MEDIA (NBR 15930), E = 35 MM, NUCLEO SARRAFEADO, CAPA FRISADA EM HDF, ACABAMENTO MELAMINICO EM PADRAO MADEIRA [SINAPI 4958]"
"295"	"4155"	"PORTA DE MADEIRA, FOLHA MEDIA (NBR 15930) DE 900 X 2100 MM, DE 35 MM A 40 MM DE ESPESSURA, NUCLEO SEMI-SOLIDO (SARRAFEADO), CAPA LISA EM HDF, ACABAMENTO EM PRIMER PARA PINTURA"	"127793"	"PORTA DE MADEIRA, FOLHA MEDIA (NBR 15930), E = 35 MM, NUCLEO SARRAFEADO, CAPA FRISADA EM HDF, ACABAMENTO MELAMINICO EM PADRAO MADEIRA [SINAPI 4958]"
"295"	"4151"	"PORTA DE MADEIRA, FOLHA MEDIA (NBR 15930) DE 600 X 2100 MM, DE 35 MM A 40 MM DE ESPESSURA, NUCLEO SEMI-SOLIDO (SARRAFEADO), CAPA LISA EM HDF, ACABAMENTO EM PRIMER PARA PINTURA"	"127793"	"PORTA DE MADEIRA, FOLHA MEDIA (NBR 15930), E = 35 MM, NUCLEO SARRAFEADO, CAPA FRISADA EM HDF, ACABAMENTO MELAMINICO EM PADRAO MADEIRA [SINAPI 4958]"
"295"	"4152"	"PORTA DE MADEIRA, FOLHA MEDIA (NBR 15930) DE 600 X 2100 MM, DE 35 MM A 40 MM DE ESPESSURA, NUCLEO SEMI-SOLIDO (SARRAFEADO), CAPA LISA EM HDF, ACABAMENTO LAMINADO NATURAL PARA VERNIZ"	"127793"	"PORTA DE MADEIRA, FOLHA MEDIA (NBR 15930), E = 35 MM, NUCLEO SARRAFEADO, CAPA FRISADA EM HDF, ACABAMENTO MELAMINICO EM PADRAO MADEIRA [SINAPI 4958]"
"295"	"4150"	"PORTA DE MADEIRA, FOLHA MEDIA (NBR 15930) DE 600 X 2100 MM, DE 35 MM A 40 MM DE ESPESSURA, NUCLEO SEMI-SOLIDO (SARRAFEADO), CAPA FRISADA EM HDF, ACABAMENTO MELAMINICO EM PADRAO MADEIRA"	"127793"	"PORTA DE MADEIRA, FOLHA MEDIA (NBR 15930), E = 35 MM, NUCLEO SARRAFEADO, CAPA FRISADA EM HDF, ACABAMENTO MELAMINICO EM PADRAO MADEIRA [SINAPI 4958]"
"295"	"4126"	"PORTA DE ABRIR / GIRO, DE MADEIRA FOLHA MEDIA (NBR 15930) DE 800 X 2100 MM, DE 35 MM A 40 MM DE ESPESSURA, NUCLEO SEMI-SOLIDO (SARRAFEADO), CAPA FRISADA EM HDF, ACABAMENTO MELAMINICO EM PADRAO MADEIRA"	"127793"	"PORTA DE MADEIRA, FOLHA MEDIA (NBR 15930), E = 35 MM, NUCLEO SARRAFEADO, CAPA FRISADA EM HDF, ACABAMENTO MELAMINICO EM PADRAO MADEIRA [SINAPI 4958]"
"295"	"4124"	"PORTA DE ABRIR / GIRO, DE MADEIRA FOLHA MEDIA (NBR 15930) DE 700 X 2100 MM, DE 35 MM A 40 MM DE ESPESSURA, NUCLEO SEMI-SOLIDO (SARRAFEADO), CAPA FRISADA EM HDF, ACABAMENTO MELAMINICO EM PADRAO MADEIRA"	"127793"	"PORTA DE MADEIRA, FOLHA MEDIA (NBR 15930), E = 35 MM, NUCLEO SARRAFEADO, CAPA FRISADA EM HDF, ACABAMENTO MELAMINICO EM PADRAO MADEIRA [SINAPI 4958]"
"295"	"6611"	"PORTINHOLA DE ABRIR EM ALUMINIO DE 60 X 80 CM, VENEZIANA VENTILADA 1 FOLHA, ACABAMENTO ANODIZADO NATURAL"	"127794"	"PORTINHOLA DE ABRIR EM ALUMINIO DE 60 X 80 CM, VENEZIANA VENTILADA 1 FOLHA, ACABAMENTO ANODIZADO NATURAL [SINAPI 37585]"
"295"	"32825"	"POSTE CONICO CONTINUO EM ACO GALVANIZADO, RETO, FLANGEADO, H = 6 M, DIAMETRO INFERIOR = 90 CM"	"127795"	"POSTE CONICO CONTINUO EM ACO GALVANIZADO, RETO, FLANGEADO, H = 6 M, DIAMETRO INFERIOR = *90* CM [SINAPI 12378]"
"295"	"32831"	"POSTE CONICO CONTINUO EM ACO GALVANIZADO, RETO, FLANGEADO, H = 6 M, DIAMETRO INFERIOR = 90 CM"	"127795"	"POSTE CONICO CONTINUO EM ACO GALVANIZADO, RETO, FLANGEADO, H = 6 M, DIAMETRO INFERIOR = *90* CM [SINAPI 12378]"
"295"	"6612"	"POSTE CONICO CONTINUO EM ACO GALVANIZADO, RETO, FLANGEADO, H = 6 M, DIAMETRO INFERIOR = *90* CM"	"127795"	"POSTE CONICO CONTINUO EM ACO GALVANIZADO, RETO, FLANGEADO, H = 6 M, DIAMETRO INFERIOR = *90* CM [SINAPI 12378]"
"295"	"6613"	"POSTE DE CONCRETO CIRCULAR, 600 KG, H = 10 M (NBR 8451)"	"127796"	"POSTE DE CONCRETO CIRCULAR, 600 KG, H = 10 M (NBR 8451) [SINAPI 5034]"
"295"	"6614"	"POSTE DE CONCRETO DUPLO T ,TIPO B, 500 KG, H = 9 M (NBR 8451)"	"127797"	"POSTE DE CONCRETO DUPLO T ,TIPO B, 500 KG, H = 9 M (NBR 8451) [SINAPI 5056]"
"295"	"6615"	"PRIMER UNIVERSAL, FUNDO ANTICORROSIVO TIPO ZARCAO"	"127798"	"PRIMER UNIVERSAL, FUNDO ANTICORROSIVO TIPO ZARCAO [SINAPI 11174]"
"295"	"6616"	"PROLONGAMENTO PVC PARA CAIXA SIFONADA 100 MM X 100 MM (NBR 5688)"	"127799"	"PROLONGAMENTO PVC PARA CAIXA SIFONADA 100 MM X 100 MM (NBR 5688) [SINAPI 11733]"
"295"	"6617"	"PROLONGAMENTO PVC PARA CAIXA SIFONADA, 100 MM X 150 MM (NBR 5688)"	"127800"	"PROLONGAMENTO PVC PARA CAIXA SIFONADA, 100 MM X 150 MM (NBR 5688) [SINAPI 11734]"
"295"	"6618"	"PULVERIZADOR DE TINTA ELETRICO / MAQUINA DE PINTURA AIRLESS, VAZAO *2* L/MIN (COLETADO CAIXA)"	"127801"	"PULVERIZADOR DE TINTA ELETRICO / MAQUINA DE PINTURA AIRLESS, VAZAO *2* L/MIN (COLETADO CAIXA) [SINAPI 41757]"
"295"	"6619"	"QUEROSENE"	"127802"	"QUEROSENE [SINAPI 4224]"
"295"	"6620"	"REDUTOR TIPO THINNER PARA ACABAMENTO"	"127803"	"REDUTOR TIPO THINNER PARA ACABAMENTO [SINAPI 25966]"
"295"	"6621"	"REJUNTE BRANCO, CIMENTICIO"	"127804"	"REJUNTE BRANCO, CIMENTICIO [SINAPI 34356]"
"295"	"6622"	"REJUNTE EPOXI COR"	"127805"	"REJUNTE EPOXI COR [SINAPI 37398]"
"295"	"4374"	"REJUNTE EPOXI, QUALQUER COR"	"127805"	"REJUNTE EPOXI COR [SINAPI 37398]"
"295"	"6623"	"REMOVEDOR DE TINTA OLEO/ESMALTE VERNIZ"	"127806"	"REMOVEDOR DE TINTA OLEO/ESMALTE VERNIZ [SINAPI 5320]"
"295"	"6624"	"RIPA DE MADEIRA NAO APARELHADA *2 X 7* CM, PINUS, MISTA OU EQUIVALENTE DA REGIAO"	"127807"	"RIPA DE MADEIRA NAO APARELHADA *2 X 7* CM, PINUS, MISTA OU EQUIVALENTE DA REGIAO [SINAPI 4505]"
"295"	"6625"	"SABAO EM PO"	"127808"	"SABAO EM PO [SINAPI 16]"
"295"	"25488"	"Sabão em pó"	"127808"	"SABAO EM PO [SINAPI 16]"
"295"	"14195"	"Sabão em pó"	"127808"	"SABAO EM PO [SINAPI 16]"
"295"	"6626"	"SELADOR PVA PAREDES INTERNAS"	"127809"	"SELADOR PVA PAREDES INTERNAS [SINAPI 6090]"
"295"	"6627"	"SELANTE A BASE DE RESINAS ACRILICAS PARA TRINCAS"	"127810"	"SELANTE A BASE DE RESINAS ACRILICAS PARA TRINCAS [SINAPI 6094]"
"295"	"6628"	"SISTEMA DE FORMAS MANUSEAVEIS DE ALUMINIO, PARA BLOCO RESID. COM PAREDES DE CONCRETO MOLDADAS IN LOCO, BLOCO COM 4 PAV. E 4 UNIDADES POR PAV., UNIDADE HABITACIONALCOM 48 M2 E 2 QUARTOS; TELHA DE FIBROCIMENTO (COLETADO CAIXA)"	"127811"	"SISTEMA DE FORMAS MANUSEAVEIS DE ALUMINIO, PARA BLOCO RESID. COM PAREDES DE CONCRETO MOLDADAS IN LOCO, BLOCO COM 4 PAV. E 4 UNIDADES POR PAV., UNIDADE HABITACIONALCOM 48 M2 E 2 QUARTOS; TELHA DE FIBROCIMENTO (COLETADO CAIXA) [SINAPI 39965]"
"295"	"6629"	"SISTEMA DE FORMAS MANUSEAVEIS DE ALUMINIO, PARA EDIF. RESID. UNIFAMILIAR COM PAREDES DE CONCRETO MOLDADAS IN LOCO, UNIDADE HABITACIONAL TERREA COM 38 M2, COM SALA, CIRCULACAO, 2 QUARTOS, BANHEIRO, COZINHA E TANQUE EXTERNO (SEM COBERTURA) (COLETADO CAIXA)"	"127812"	"SISTEMA DE FORMAS MANUSEAVEIS DE ALUMINIO, PARA EDIF. RESID. UNIFAMILIAR COM PAREDES DE CONCRETO MOLDADAS IN LOCO, UNIDADE HABITACIONAL TERREA COM 38 M2, COM SALA, CIRCULACAO, 2 QUARTOS, BANHEIRO, COZINHA E TANQUE EXTERNO (SEM COBERTURA) (COLETADO CAIXA) [SINAPI 39964]"
"295"	"6630"	"SODA CAUSTICA EM ESCAMAS"	"127813"	"SODA CAUSTICA EM ESCAMAS [SINAPI 7]"
"295"	"6631"	"SOLUCAO LIMPADORA PARA PVC, FRASCO COM 200 CM3"	"127814"	"SOLUCAO LIMPADORA PARA PVC, FRASCO COM 200 CM3 [SINAPI 20082]"
"295"	"6632"	"SUMIDOURO CONCRETO PRE MOLDADO, COMPLETO, PARA 10 CONTRIBUINTES"	"127815"	"SUMIDOURO CONCRETO PRE MOLDADO, COMPLETO, PARA 10 CONTRIBUINTES [SINAPI 11895]"
"295"	"6633"	"SUMIDOURO CONCRETO PRE MOLDADO, COMPLETO, PARA 100 CONTRIBUINTES"	"127816"	"SUMIDOURO CONCRETO PRE MOLDADO, COMPLETO, PARA 100 CONTRIBUINTES [SINAPI 11896]"
"295"	"6634"	"SUMIDOURO CONCRETO PRE MOLDADO, COMPLETO, PARA 150 CONTRIBUINTES"	"127817"	"SUMIDOURO CONCRETO PRE MOLDADO, COMPLETO, PARA 150 CONTRIBUINTES [SINAPI 11897]"
"295"	"6635"	"SUMIDOURO CONCRETO PRE MOLDADO, COMPLETO, PARA 200 CONTRIBUINTES"	"127818"	"SUMIDOURO CONCRETO PRE MOLDADO, COMPLETO, PARA 200 CONTRIBUINTES [SINAPI 11898]"
"295"	"6636"	"SUMIDOURO CONCRETO PRE MOLDADO, COMPLETO, PARA 5 CONTRIBUINTES"	"127819"	"SUMIDOURO CONCRETO PRE MOLDADO, COMPLETO, PARA 5 CONTRIBUINTES [SINAPI 3282]"
"295"	"6637"	"SUMIDOURO CONCRETO PRE MOLDADO, COMPLETO, PARA 50 CONTRIBUINTES"	"127820"	"SUMIDOURO CONCRETO PRE MOLDADO, COMPLETO, PARA 50 CONTRIBUINTES [SINAPI 11899]"
"295"	"6638"	"SUMIDOURO CONCRETO PRE MOLDADO, COMPLETO, PARA 75 CONTRIBUINTES"	"127821"	"SUMIDOURO CONCRETO PRE MOLDADO, COMPLETO, PARA 75 CONTRIBUINTES [SINAPI 11900]"
"295"	"6639"	"TAMPA DE CONCRETO PARA PV OU CAIXA DE INSPECAO, DIMENSOES 600 X 600 X 50 MM"	"127822"	"TAMPA DE CONCRETO PARA PV OU CAIXA DE INSPECAO, DIMENSOES 600 X 600 X 50 MM [SINAPI 13255]"
"295"	"6640"	"TAMPAO FOFO SIMPLES COM BASE, CLASSE A15 CARGA MAX 1,5 T, 300 X 400 MM"	"127823"	"TAMPAO FOFO SIMPLES COM BASE, CLASSE A15 CARGA MAX 1,5 T, 300 X 400 MM [SINAPI 11292]"
"295"	"6641"	"TAMPAO FOFO SIMPLES COM BASE, CLASSE A15 CARGA MAX 1,5 T, 400 X 500 MM, COM INSCRICAO INCENDIO"	"127824"	"TAMPAO FOFO SIMPLES COM BASE, CLASSE A15 CARGA MAX 1,5 T, 400 X 500 MM, COM INSCRICAO INCENDIO [SINAPI 11293]"
"295"	"6642"	"TAMPAO FOFO SIMPLES COM BASE, CLASSE D400 CARGA MAX 40 T, REDONDO TAMPA 500 MM, REDE PLUVIAL/ESGOTO"	"127825"	"TAMPAO FOFO SIMPLES COM BASE, CLASSE D400 CARGA MAX 40 T, REDONDO TAMPA 500 MM, REDE PLUVIAL/ESGOTO [SINAPI 21079]"
"295"	"6644"	"TELHA DE FIBROCIMENTO ONDULADA E = 4 MM, DE 2,44 X 0,50 M (SEM AMIANTO)"	"127827"	"TELHA DE FIBROCIMENTO ONDULADA E = 4 MM, DE 2,44 X 0,50 M (SEM AMIANTO) [SINAPI 7191]"
"295"	"48004"	"TELHA DE FIBROCIMENTO ONDULADA E = 4 MM, DE 2,44 X 0,50 M (SEM AMIANTO)"	"127827"	"TELHA DE FIBROCIMENTO ONDULADA E = 4 MM, DE 2,44 X 0,50 M (SEM AMIANTO) [SINAPI 7191]"
"295"	"4888"	"TELHA DE FIBROCIMENTO ONDULADA E = 4 MM, DE 2,44 X 0,50 M (SEM AMIANTO)"	"127827"	"TELHA DE FIBROCIMENTO ONDULADA E = 4 MM, DE 2,44 X 0,50 M (SEM AMIANTO) [SINAPI 7191]"
"295"	"41627"	"TELHA DE FIBROCIMENTO ONDULADA E = 4 MM, DE 2,44 X 0,50 M (SEM AMIANTO)"	"127827"	"TELHA DE FIBROCIMENTO ONDULADA E = 4 MM, DE 2,44 X 0,50 M (SEM AMIANTO) [SINAPI 7191]"
"295"	"31784"	"Telha de Fibrocimento Imbralit Sem Amianto 4mm 2,44x0,50m"	"127827"	"TELHA DE FIBROCIMENTO ONDULADA E = 4 MM, DE 2,44 X 0,50 M (SEM AMIANTO) [SINAPI 7191]"
"295"	"6645"	"TELHA DE FIBROCIMENTO ONDULADA E = 6 MM, DE 2,44 X 1,10 M (SEM AMIANTO)"	"127828"	"TELHA DE FIBROCIMENTO ONDULADA E = 6 MM, DE 2,44 X 1,10 M (SEM AMIANTO) [SINAPI 7207]"
"295"	"31785"	"Telha Fibrocimento ondulada, 6mm, 2,44 x 1,10 metros"	"127828"	"TELHA DE FIBROCIMENTO ONDULADA E = 6 MM, DE 2,44 X 1,10 M (SEM AMIANTO) [SINAPI 7207]"
"295"	"34670"	"TELHA DE FIBROCIMENTO ONDULADA E=6 MM, DE 2,44 X 1,10M (SEM AMIANTO)"	"127828"	"TELHA DE FIBROCIMENTO ONDULADA E = 6 MM, DE 2,44 X 1,10 M (SEM AMIANTO) [SINAPI 7207]"
"295"	"41628"	"TELHA DE FIBROCIMENTO ONDULADA E = 6 MM, DE 2,44 X 1,10 M (SEM AMIANTO)"	"127828"	"TELHA DE FIBROCIMENTO ONDULADA E = 6 MM, DE 2,44 X 1,10 M (SEM AMIANTO) [SINAPI 7207]"
"295"	"6646"	"TELHA ESTRUTURAL DE FIBROCIMENTO 1 ABA, DE 0,52 X 4,50 M (SEM AMIANTO)"	"127829"	"TELHA ESTRUTURAL DE FIBROCIMENTO 1 ABA, DE 0,52 X 4,50 M (SEM AMIANTO) [SINAPI 7210]"
"295"	"4903"	"TELHA ESTRUTURAL DE FIBROCIMENTO 1 ABA, DE 0,52 X 4,50 M (SEM AMIANTO)"	"127829"	"TELHA ESTRUTURAL DE FIBROCIMENTO 1 ABA, DE 0,52 X 4,50 M (SEM AMIANTO) [SINAPI 7210]"
"295"	"6647"	"TERMINAL AEREO EM ACO GALVANIZADO DN 5/16"", COMPRIMENTO DE 350MM, COM BASE DE FIXACAO HORIZONTAL"	"127830"	"TERMINAL AEREO EM ACO GALVANIZADO DN 5/16"", COMPRIMENTO DE 350MM, COM BASE DE FIXACAO HORIZONTAL [SINAPI 7571]"
"295"	"6648"	"TORNEIRA CROMADA CURTA SEM BICO PARA TANQUE, PADRAO POPULAR, 1/2 "" OU 3/4 "" (REF 1140)"	"127831"	"TORNEIRA CROMADA CURTA SEM BICO PARA TANQUE, PADRAO POPULAR, 1/2 "" OU 3/4 "" (REF 1140) [SINAPI 13418]"
"295"	"5028"	"TORNEIRA CROMADA SEM BICO PARA TANQUE 1/2 "" OU 3/4 "" (REF 1143)"	"127831"	"TORNEIRA CROMADA CURTA SEM BICO PARA TANQUE, PADRAO POPULAR, 1/2 "" OU 3/4 "" (REF 1140) [SINAPI 13418]"
"295"	"5041"	"TORNEIRA METAL AMARELO CURTA SEM BICO PARA TANQUE, PADRAO POPULAR, 1/2 "" OU 3/4 "" (REF 1120)"	"127831"	"TORNEIRA CROMADA CURTA SEM BICO PARA TANQUE, PADRAO POPULAR, 1/2 "" OU 3/4 "" (REF 1140) [SINAPI 13418]"
"295"	"5029"	"TORNEIRA CROMADA SEM BICO PARA TANQUE, PADRAO POPULAR, 1/2 "" OU 3/4 "" (REF 1126)"	"127831"	"TORNEIRA CROMADA CURTA SEM BICO PARA TANQUE, PADRAO POPULAR, 1/2 "" OU 3/4 "" (REF 1140) [SINAPI 13418]"
"295"	"5027"	"TORNEIRA CROMADA DE PAREDE PARA COZINHA SEM AREJADOR, PADRAO POPULAR, 1/2 "" OU 3/4 "" (REF 1158)"	"127831"	"TORNEIRA CROMADA CURTA SEM BICO PARA TANQUE, PADRAO POPULAR, 1/2 "" OU 3/4 "" (REF 1140) [SINAPI 13418]"
"295"	"5018"	"TORNEIRA CROMADA CURTA SEM BICO PARA USO GERAL 1/2 "" OU 3/4 "" (REF 1152)"	"127831"	"TORNEIRA CROMADA CURTA SEM BICO PARA TANQUE, PADRAO POPULAR, 1/2 "" OU 3/4 "" (REF 1140) [SINAPI 13418]"
"295"	"6649"	"TORNEIRA CROMADA DE PAREDE PARA COZINHA COM AREJADOR 1/2 "" OU 3/4 "" (REF 1157)"	"127832"	"TORNEIRA CROMADA DE PAREDE PARA COZINHA COM AREJADOR 1/2 "" OU 3/4 "" (REF 1157) [SINAPI 11775]"
"295"	"35613"	"TORNEIRA METALICA CROMADA, DE MESA/BANCADA, PARA COZINHA, BICA MOVEL, COM AREJADOR, 1/2"" OU 3/4"""	"127832"	"TORNEIRA CROMADA DE PAREDE PARA COZINHA COM AREJADOR 1/2 "" OU 3/4 "" (REF 1157) [SINAPI 11775]"
"295"	"5026"	"TORNEIRA CROMADA DE PAREDE PARA COZINHA COM AREJADOR, PADRAO POPULAR, 1/2 "" OU 3/4 "" (REF 1159)"	"127832"	"TORNEIRA CROMADA DE PAREDE PARA COZINHA COM AREJADOR 1/2 "" OU 3/4 "" (REF 1157) [SINAPI 11775]"
"295"	"5019"	"TORNEIRA CROMADA DE MESA PARA COZINHA BICA MOVEL COM AREJADOR 1/2 "" OU 3/4 "" (REF 1167)"	"127832"	"TORNEIRA CROMADA DE PAREDE PARA COZINHA COM AREJADOR 1/2 "" OU 3/4 "" (REF 1157) [SINAPI 11775]"
"295"	"35614"	"TORNEIRA METALICA CROMADA, RETA, DE PAREDE, PARA COZINHA, COM AREJADOR, PADRAO POPULAR, 1/2"" OU 3/4"""	"127832"	"TORNEIRA CROMADA DE PAREDE PARA COZINHA COM AREJADOR 1/2 "" OU 3/4 "" (REF 1157) [SINAPI 11775]"
"295"	"35612"	"TORNEIRA METALICA CROMADA, CANO CURTO, COM AREJADOR, SEM BICO PLASTICO, DE PAREDE, PARA USO GERAL, 1/2"" OU 3/4"""	"127832"	"TORNEIRA CROMADA DE PAREDE PARA COZINHA COM AREJADOR 1/2 "" OU 3/4 "" (REF 1157) [SINAPI 11775]"
"295"	"5025"	"TORNEIRA CROMADA DE PAREDE PARA COZINHA BICA MOVEL COM AREJADOR 1/2 "" OU 3/4 "" (REF 1168)"	"127832"	"TORNEIRA CROMADA DE PAREDE PARA COZINHA COM AREJADOR 1/2 "" OU 3/4 "" (REF 1157) [SINAPI 11775]"
"295"	"6650"	"TUBO DE REVESTIMENTO, EM ACO, CORPO SCHEDULE 40, PONTEIRA SCHEDULE 80, ROSQUEAVEL E SEGMENTADO PARA PERFURACAO, DIAMETRO 6'' (200 MM) (COLETADO CAIXA)"	"127833"	"TUBO DE REVESTIMENTO, EM ACO, CORPO SCHEDULE 40, PONTEIRA SCHEDULE 80, ROSQUEAVEL E SEGMENTADO PARA PERFURACAO, DIAMETRO 6'' (200 MM) (COLETADO CAIXA) [SINAPI 42001]"
"295"	"5312"	"TUBO DE REVESTIMENTO, EM ACO, CORPO SCHEDULE 40, PONTEIRA SCHEDULE 80, ROSQUEAVEL E SEGMENTADO PARA PERFURACAO, DIAMETRO 6'' (200 MM)"	"127833"	"TUBO DE REVESTIMENTO, EM ACO, CORPO SCHEDULE 40, PONTEIRA SCHEDULE 80, ROSQUEAVEL E SEGMENTADO PARA PERFURACAO, DIAMETRO 6'' (200 MM) (COLETADO CAIXA) [SINAPI 42001]"
"295"	"35653"	"TUBO DE REVESTIMENTO, EM ACO, CORPO SCHEDULE 40, PONTEIRA SCHEDULE 80, ROSQUEAVEL E SEGMENTADO PARA PERFURACAO, DIAMETRO 6"" (200 MM)"	"127833"	"TUBO DE REVESTIMENTO, EM ACO, CORPO SCHEDULE 40, PONTEIRA SCHEDULE 80, ROSQUEAVEL E SEGMENTADO PARA PERFURACAO, DIAMETRO 6'' (200 MM) (COLETADO CAIXA) [SINAPI 42001]"
"295"	"6651"	"TUBO DE REVESTIMENTO, EM ACO, CORPO SCHEDULE 40, PONTEIRA SCHEDULE 80, ROSQUEAVEL E SEGMENTADO PARA PERFURACAO, DIAMETRO 10'' (310 MM) (COLETADO CAIXA)"	"127834"	"TUBO DE REVESTIMENTO, EM ACO, CORPO SCHEDULE 40, PONTEIRA SCHEDULE 80, ROSQUEAVEL E SEGMENTADO PARA PERFURACAO, DIAMETRO 10'' (310 MM) (COLETADO CAIXA) [SINAPI 41998]"
"295"	"35649"	"TUBO DE REVESTIMENTO, EM ACO, CORPO SCHEDULE 40, PONTEIRA SCHEDULE 80, ROSQUEAVEL E SEGMENTADO PARA PERFURACAO, DIAMETRO 10"" (273 MM)"	"127834"	"TUBO DE REVESTIMENTO, EM ACO, CORPO SCHEDULE 40, PONTEIRA SCHEDULE 80, ROSQUEAVEL E SEGMENTADO PARA PERFURACAO, DIAMETRO 10'' (310 MM) (COLETADO CAIXA) [SINAPI 41998]"
"295"	"5307"	"TUBO DE REVESTIMENTO, EM ACO, CORPO SCHEDULE 40, PONTEIRA SCHEDULE 80, ROSQUEAVEL E SEGMENTADO PARA PERFURACAO, DIAMETRO 10'' (310 MM)"	"127834"	"TUBO DE REVESTIMENTO, EM ACO, CORPO SCHEDULE 40, PONTEIRA SCHEDULE 80, ROSQUEAVEL E SEGMENTADO PARA PERFURACAO, DIAMETRO 10'' (310 MM) (COLETADO CAIXA) [SINAPI 41998]"
"295"	"6652"	"TUBO DE REVESTIMENTO, EM ACO, CORPO SCHEDULE 40, PONTEIRA SCHEDULE 80, ROSQUEAVEL E SEGMENTADO PARA PERFURACAO, DIAMETRO 14'' (400 MM) (COLETADO CAIXA)"	"127835"	"TUBO DE REVESTIMENTO, EM ACO, CORPO SCHEDULE 40, PONTEIRA SCHEDULE 80, ROSQUEAVEL E SEGMENTADO PARA PERFURACAO, DIAMETRO 14'' (400 MM) (COLETADO CAIXA) [SINAPI 41999]"
"295"	"5309"	"TUBO DE REVESTIMENTO, EM ACO, CORPO SCHEDULE 40, PONTEIRA SCHEDULE 80, ROSQUEAVEL E SEGMENTADO PARA PERFURACAO, DIAMETRO 14'' (400 MM)"	"127835"	"TUBO DE REVESTIMENTO, EM ACO, CORPO SCHEDULE 40, PONTEIRA SCHEDULE 80, ROSQUEAVEL E SEGMENTADO PARA PERFURACAO, DIAMETRO 14'' (400 MM) (COLETADO CAIXA) [SINAPI 41999]"
"295"	"35650"	"TUBO DE REVESTIMENTO, EM ACO, CORPO SCHEDULE 40, PONTEIRA SCHEDULE 80, ROSQUEAVEL E SEGMENTADO PARA PERFURACAO, DIAMETRO 14"" (400 MM)"	"127835"	"TUBO DE REVESTIMENTO, EM ACO, CORPO SCHEDULE 40, PONTEIRA SCHEDULE 80, ROSQUEAVEL E SEGMENTADO PARA PERFURACAO, DIAMETRO 14'' (400 MM) (COLETADO CAIXA) [SINAPI 41999]"
"295"	"6653"	"TUBO DE REVESTIMENTO, EM ACO, CORPO SCHEDULE 40, PONTEIRA SCHEDULE 80, ROSQUEAVEL E SEGMENTADO PARA PERFURACAO, DIAMETRO 16'' (450 MM) (COLETADO CAIXA)"	"127836"	"TUBO DE REVESTIMENTO, EM ACO, CORPO SCHEDULE 40, PONTEIRA SCHEDULE 80, ROSQUEAVEL E SEGMENTADO PARA PERFURACAO, DIAMETRO 16'' (450 MM) (COLETADO CAIXA) [SINAPI 42000]"
"295"	"5310"	"TUBO DE REVESTIMENTO, EM ACO, CORPO SCHEDULE 40, PONTEIRA SCHEDULE 80, ROSQUEAVEL E SEGMENTADO PARA PERFURACAO, DIAMETRO 16'' (450 MM)"	"127836"	"TUBO DE REVESTIMENTO, EM ACO, CORPO SCHEDULE 40, PONTEIRA SCHEDULE 80, ROSQUEAVEL E SEGMENTADO PARA PERFURACAO, DIAMETRO 16'' (450 MM) (COLETADO CAIXA) [SINAPI 42000]"
"295"	"35651"	"TUBO DE REVESTIMENTO, EM ACO, CORPO SCHEDULE 40, PONTEIRA SCHEDULE 80, ROSQUEAVEL E SEGMENTADO PARA PERFURACAO, DIAMETRO 16"" (450 MM)"	"127836"	"TUBO DE REVESTIMENTO, EM ACO, CORPO SCHEDULE 40, PONTEIRA SCHEDULE 80, ROSQUEAVEL E SEGMENTADO PARA PERFURACAO, DIAMETRO 16'' (450 MM) (COLETADO CAIXA) [SINAPI 42000]"
"295"	"6654"	"WASH PRIMER PARA TINTA AUTOMOTIVA"	"127837"	"WASH PRIMER PARA TINTA AUTOMOTIVA [SINAPI 11157]"
"295"	"6694"	"BASTIDOR PARA BLOCO M10"	"128113"	"BASTIDOR PARA BLOCO M10 [SINAPI 44172]"
"295"	"6695"	"BLOCO DE ENGATE RAPIDO PARA BASTIDOR TIPO M10"	"128114"	"BLOCO DE ENGATE RAPIDO PARA BASTIDOR TIPO M10 [SINAPI 44171]"
"295"	"6696"	"CABO DE REDE, PAR TRANCADO U/UTP, 4 PARES, CATEGORIA 5E (CAT 5E), ISOLAMENTO PVC (CM)"	"128115"	"CABO DE REDE, PAR TRANCADO U/UTP, 4 PARES, CATEGORIA 5E (CAT 5E), ISOLAMENTO PVC (CM) [SINAPI 43972]"
"295"	"6697"	"CABO DE REDE, PAR TRANCADO U/UTP, 4 PARES, CATEGORIA 5E (CAT 5E), ISOLAMENTO PVC (CMX)"	"128115"	"CABO DE REDE, PAR TRANCADO U/UTP, 4 PARES, CATEGORIA 5E (CAT 5E), ISOLAMENTO PVC (CM) [SINAPI 43972]"
"295"	"1275"	"CABO DE PAR TRANCADO UTP, 4 PARES, CATEGORIA 5E"	"128115"	"CABO DE REDE, PAR TRANCADO U/UTP, 4 PARES, CATEGORIA 5E (CAT 5E), ISOLAMENTO PVC (CM) [SINAPI 43972]"
"295"	"41721"	"Cabo De Rede Utp Cat-5e ,Cabo De 4 Pares Trançados, Não Blindado (Utp);Material Do Condutor: 100% Cobre E Bitola 24 Awg (Não Será Aceito Alumínio Cobreado, Cca);Suporte A Transmissão De Dados De 1 Gbps Em Até 100 Metros, Frequência De 100 Mhz;Capa Externa"	"128115"	"CABO DE REDE, PAR TRANCADO U/UTP, 4 PARES, CATEGORIA 5E (CAT 5E), ISOLAMENTO PVC (CM) [SINAPI 43972]"
"295"	"40451"	"Cabo De Rede Utp Cat-5e ,Cabo De 4 Pares Trançados, Não Blindado (Utp);Material Do Condutor: 100% Cobre E Bitola 24 Awg (Não Será Aceito Alumínio Cobreado, Cca);Suporte A Transmissão De Dados De 1 Gbps Em Até 100 Metros, Frequência De 100 Mhz;Capa Externa"	"128115"	"CABO DE REDE, PAR TRANCADO U/UTP, 4 PARES, CATEGORIA 5E (CAT 5E), ISOLAMENTO PVC (CM) [SINAPI 43972]"
"295"	"6697"	"CABO DE REDE, PAR TRANCADO U/UTP, 4 PARES, CATEGORIA 5E (CAT 5E), ISOLAMENTO PVC (CMX)"	"128116"	"CABO DE REDE, PAR TRANCADO U/UTP, 4 PARES, CATEGORIA 5E (CAT 5E), ISOLAMENTO PVC (CMX) [SINAPI 43971]"
"295"	"40451"	"Cabo De Rede Utp Cat-5e ,Cabo De 4 Pares Trançados, Não Blindado (Utp);Material Do Condutor: 100% Cobre E Bitola 24 Awg (Não Será Aceito Alumínio Cobreado, Cca);Suporte A Transmissão De Dados De 1 Gbps Em Até 100 Metros, Frequência De 100 Mhz;Capa Externa"	"128116"	"CABO DE REDE, PAR TRANCADO U/UTP, 4 PARES, CATEGORIA 5E (CAT 5E), ISOLAMENTO PVC (CMX) [SINAPI 43971]"
"295"	"6696"	"CABO DE REDE, PAR TRANCADO U/UTP, 4 PARES, CATEGORIA 5E (CAT 5E), ISOLAMENTO PVC (CM)"	"128116"	"CABO DE REDE, PAR TRANCADO U/UTP, 4 PARES, CATEGORIA 5E (CAT 5E), ISOLAMENTO PVC (CMX) [SINAPI 43971]"
"295"	"1275"	"CABO DE PAR TRANCADO UTP, 4 PARES, CATEGORIA 5E"	"128116"	"CABO DE REDE, PAR TRANCADO U/UTP, 4 PARES, CATEGORIA 5E (CAT 5E), ISOLAMENTO PVC (CMX) [SINAPI 43971]"
"295"	"41721"	"Cabo De Rede Utp Cat-5e ,Cabo De 4 Pares Trançados, Não Blindado (Utp);Material Do Condutor: 100% Cobre E Bitola 24 Awg (Não Será Aceito Alumínio Cobreado, Cca);Suporte A Transmissão De Dados De 1 Gbps Em Até 100 Metros, Frequência De 100 Mhz;Capa Externa"	"128116"	"CABO DE REDE, PAR TRANCADO U/UTP, 4 PARES, CATEGORIA 5E (CAT 5E), ISOLAMENTO PVC (CMX) [SINAPI 43971]"
"295"	"6698"	"CAMINHAO TOCO, PESO BRUTO TOTAL 10700 KG, CARGA UTIL MAXIMA 7400 KG, DISTANCIA ENTRE EIXOS 4,00 M, POTENCIA 175 CV (INCLUI CABINE E CHASSI, NAO INCLUI CARROCERIA)"	"128117"	"CAMINHAO TOCO, PESO BRUTO TOTAL 10700 KG, CARGA UTIL MAXIMA 7400 KG, DISTANCIA ENTRE EIXOS 4,00 M, POTENCIA 175 CV (INCLUI CABINE E CHASSI, NAO INCLUI CARROCERIA) [SINAPI 44056]"
"295"	"6699"	"CAMINHAO TOCO, PESO BRUTO TOTAL 16000 KG, CARGA UTIL MAXIMA 10830 KG, DISTANCIA ENTRE EIXOS 3,56 M, POTENCIA 226 CV (INCLUI CABINE E CHASSI, NAO INCLUI CARROCERIA)"	"128118"	"CAMINHAO TOCO, PESO BRUTO TOTAL 16000 KG, CARGA UTIL MAXIMA 10830 KG, DISTANCIA ENTRE EIXOS 3,56 M, POTENCIA 226 CV (INCLUI CABINE E CHASSI, NAO INCLUI CARROCERIA) [SINAPI 44058]"
"295"	"1448"	"CAMINHAO TOCO, PESO BRUTO TOTAL 16000 KG, CARGA UTIL MAXIMA 11030 KG, DISTANCIA ENTRE EIXOS 3,56M, POTENCIA 186 CV (INCLUI CABINE E CHASSI, NAO INCLUI CARROCERIA)"	"128118"	"CAMINHAO TOCO, PESO BRUTO TOTAL 16000 KG, CARGA UTIL MAXIMA 10830 KG, DISTANCIA ENTRE EIXOS 3,56 M, POTENCIA 226 CV (INCLUI CABINE E CHASSI, NAO INCLUI CARROCERIA) [SINAPI 44058]"
"295"	"1447"	"CAMINHAO TOCO, PESO BRUTO TOTAL 16000 KG, CARGA UTIL MAXIMA 10780 KG, DISTANCIA ENTRE EIXOS 3,56 M, POTENCIA 275 CV (INCLUI CABINE E CHASSI, NAO INCLUI CARROCERIA)"	"128118"	"CAMINHAO TOCO, PESO BRUTO TOTAL 16000 KG, CARGA UTIL MAXIMA 10830 KG, DISTANCIA ENTRE EIXOS 3,56 M, POTENCIA 226 CV (INCLUI CABINE E CHASSI, NAO INCLUI CARROCERIA) [SINAPI 44058]"
"295"	"6700"	"CAMINHAO TOCO, PESO BRUTO TOTAL 8500 KG, CARGA UTIL MAXIMA 5600 KG, DISTANCIA ENTRE EIXOS 3,40 M, POTENCIA 167 CV (INCLUI CABINE E CHASSI, NAO INCLUI CARROCERIA)"	"128119"	"CAMINHAO TOCO, PESO BRUTO TOTAL 8500 KG, CARGA UTIL MAXIMA 5600 KG, DISTANCIA ENTRE EIXOS 3,40 M, POTENCIA 167 CV (INCLUI CABINE E CHASSI, NAO INCLUI CARROCERIA) [SINAPI 44059]"
"295"	"6701"	"CAMINHAO TRUCADO, PESO BRUTO TOTAL 23000 KG, CARGA UTIL MAXIMA 15460 KG, DISTANCIA ENTRE EIXOS 4,80 M, POTENCIA 286 CV (INCLUI CABINE E CHASSI, NAO INCLUI CARROCERIA)"	"128120"	"CAMINHAO TRUCADO, PESO BRUTO TOTAL 23000 KG, CARGA UTIL MAXIMA 15460 KG, DISTANCIA ENTRE EIXOS 4,80 M, POTENCIA 286 CV (INCLUI CABINE E CHASSI, NAO INCLUI CARROCERIA) [SINAPI 44060]"
"295"	"1457"	"CAMINHAO TRUCADO, PESO BRUTO TOTAL 23000 KG, CARGA UTIL MAXIMA 15378 KG, DISTANCIA ENTRE EIXOS 4,80 M, POTENCIA 326 CV (INCLUI CABINE E CHASSI, NAO INCLUI CARROCERIA)"	"128120"	"CAMINHAO TRUCADO, PESO BRUTO TOTAL 23000 KG, CARGA UTIL MAXIMA 15460 KG, DISTANCIA ENTRE EIXOS 4,80 M, POTENCIA 286 CV (INCLUI CABINE E CHASSI, NAO INCLUI CARROCERIA) [SINAPI 44060]"
"295"	"14452"	"Caminhão trucado - Peso bruto total 23000 kg, carga útil máxima 15378 kg, distância entre eixos 4,80 m, potência 326 CV"	"128120"	"CAMINHAO TRUCADO, PESO BRUTO TOTAL 23000 KG, CARGA UTIL MAXIMA 15460 KG, DISTANCIA ENTRE EIXOS 4,80 M, POTENCIA 286 CV (INCLUI CABINE E CHASSI, NAO INCLUI CARROCERIA) [SINAPI 44060]"
"295"	"1458"	"CAMINHAO TRUCADO, PESO BRUTO TOTAL 23000 KG, CARGA UTIL MAXIMA 15935 KG, DISTANCIA ENTRE EIXOS 4,80 M, POTENCIA 230 CV (INCLUI CABINE E CHASSI, NAO INCLUI CARROCERIA)"	"128120"	"CAMINHAO TRUCADO, PESO BRUTO TOTAL 23000 KG, CARGA UTIL MAXIMA 15460 KG, DISTANCIA ENTRE EIXOS 4,80 M, POTENCIA 286 CV (INCLUI CABINE E CHASSI, NAO INCLUI CARROCERIA) [SINAPI 44060]"
"295"	"6702"	"CAMINHAO TRUCADO, PESO BRUTO TOTAL 23000 KG, CARGA UTIL MAXIMA 16540 KG, DISTANCIA ENTRE EIXOS 4,80 M, POTENCIA 256 CV (INCLUI CABINE E CHASSI, NAO INCLUI CARROCERIA)"	"128121"	"CAMINHAO TRUCADO, PESO BRUTO TOTAL 23000 KG, CARGA UTIL MAXIMA 16540 KG, DISTANCIA ENTRE EIXOS 4,80 M, POTENCIA 256 CV (INCLUI CABINE E CHASSI, NAO INCLUI CARROCERIA) [SINAPI 44061]"
"295"	"1458"	"CAMINHAO TRUCADO, PESO BRUTO TOTAL 23000 KG, CARGA UTIL MAXIMA 15935 KG, DISTANCIA ENTRE EIXOS 4,80 M, POTENCIA 230 CV (INCLUI CABINE E CHASSI, NAO INCLUI CARROCERIA)"	"128121"	"CAMINHAO TRUCADO, PESO BRUTO TOTAL 23000 KG, CARGA UTIL MAXIMA 16540 KG, DISTANCIA ENTRE EIXOS 4,80 M, POTENCIA 256 CV (INCLUI CABINE E CHASSI, NAO INCLUI CARROCERIA) [SINAPI 44061]"
"295"	"1457"	"CAMINHAO TRUCADO, PESO BRUTO TOTAL 23000 KG, CARGA UTIL MAXIMA 15378 KG, DISTANCIA ENTRE EIXOS 4,80 M, POTENCIA 326 CV (INCLUI CABINE E CHASSI, NAO INCLUI CARROCERIA)"	"128121"	"CAMINHAO TRUCADO, PESO BRUTO TOTAL 23000 KG, CARGA UTIL MAXIMA 16540 KG, DISTANCIA ENTRE EIXOS 4,80 M, POTENCIA 256 CV (INCLUI CABINE E CHASSI, NAO INCLUI CARROCERIA) [SINAPI 44061]"
"295"	"6701"	"CAMINHAO TRUCADO, PESO BRUTO TOTAL 23000 KG, CARGA UTIL MAXIMA 15460 KG, DISTANCIA ENTRE EIXOS 4,80 M, POTENCIA 286 CV (INCLUI CABINE E CHASSI, NAO INCLUI CARROCERIA)"	"128121"	"CAMINHAO TRUCADO, PESO BRUTO TOTAL 23000 KG, CARGA UTIL MAXIMA 16540 KG, DISTANCIA ENTRE EIXOS 4,80 M, POTENCIA 256 CV (INCLUI CABINE E CHASSI, NAO INCLUI CARROCERIA) [SINAPI 44061]"
"295"	"14452"	"Caminhão trucado - Peso bruto total 23000 kg, carga útil máxima 15378 kg, distância entre eixos 4,80 m, potência 326 CV"	"128121"	"CAMINHAO TRUCADO, PESO BRUTO TOTAL 23000 KG, CARGA UTIL MAXIMA 16540 KG, DISTANCIA ENTRE EIXOS 4,80 M, POTENCIA 256 CV (INCLUI CABINE E CHASSI, NAO INCLUI CARROCERIA) [SINAPI 44061]"
"295"	"6703"	"RACK DE PISO PARA SERVIDOR, ABERTO, EM COLUNA, 44U X *570* MM"	"128122"	"RACK DE PISO PARA SERVIDOR, ABERTO, EM COLUNA, 44U X *570* MM [SINAPI 43837]"
"295"	"6704"	"RACK DE PISO PARA SERVIDOR, FECHADO, 44U, COM PORTA, 44U X *570* MM"	"128122"	"RACK DE PISO PARA SERVIDOR, ABERTO, EM COLUNA, 44U X *570* MM [SINAPI 43837]"
"295"	"6704"	"RACK DE PISO PARA SERVIDOR, FECHADO, 44U, COM PORTA, 44U X *570* MM"	"128123"	"RACK DE PISO PARA SERVIDOR, FECHADO, 44U, COM PORTA, 44U X *570* MM [SINAPI 43836]"
"295"	"6703"	"RACK DE PISO PARA SERVIDOR, ABERTO, EM COLUNA, 44U X *570* MM"	"128123"	"RACK DE PISO PARA SERVIDOR, FECHADO, 44U, COM PORTA, 44U X *570* MM [SINAPI 43836]"
"295"	"6705"	"TUBO CORRUGADO PEAD, PAREDE DUPLA, INTERNA LISA, JEI DN/DI 500 MM (DRENAGEM/ESGOTO)"	"128124"	"TUBO CORRUGADO PEAD, PAREDE DUPLA, INTERNA LISA, JEI DN/DI 500 MM (DRENAGEM/ESGOTO) [SINAPI 44812]"
"295"	"11225"	"TUBO COM CORRUGAÇÃO ANELAR EXTERNA E PAREDE INTERNA LISA, SISTEMA PONTA/BOLSA, EM POLIETILENO DE ALTA RESISTENCIA, COR PRETA, CONFORME NORMAS ABNT NBR ISO 21138-1 E 21138-3, CLASSE DE RIGIDEZ SN4, COM DIAMETRO NOMINAL DE 500MM, BARRA 6MT"	"128124"	"TUBO CORRUGADO PEAD, PAREDE DUPLA, INTERNA LISA, JEI DN/DI 500 MM (DRENAGEM/ESGOTO) [SINAPI 44812]"
"295"	"9758"	"Tubo PEAD DN/DI / DN/DE 500 corrugado parede dupla, liso internamente e corrugado externamente, DN/DI / DN/DE 500 mm e com diâmetro interno mínimo igual ou maior a 418mm, classe de rigidez minima SN4. Atendimento integral às normas ABNT NBR ISO 21138-1 e ISO 21138-3. Fornecido embarras de 6 m de comprimento com anel de vedação."	"128124"	"TUBO CORRUGADO PEAD, PAREDE DUPLA, INTERNA LISA, JEI DN/DI 500 MM (DRENAGEM/ESGOTO) [SINAPI 44812]"
"295"	"11726"	"TUBO CORRUGADO PEAD PARA DRENAGEM 500MM"	"128124"	"TUBO CORRUGADO PEAD, PAREDE DUPLA, INTERNA LISA, JEI DN/DI 500 MM (DRENAGEM/ESGOTO) [SINAPI 44812]"
"295"	"6713"	"ESPACADOR/SEPARADOR /CENTRALIZADOR DE BARRA DE ACO, PLASTICO, DIAMETRO INTERNO ENTRE 25 A 32 MM, TIPO CARAMBOLA - CB, PARA TIRANTES E OUTROS SERVICOS(CHUMBADOR TIPO CARAMBOLA)"	"128165"	"ESPACADOR/SEPARADOR /CENTRALIZADOR DE BARRA DE ACO, PLASTICO, DIAMETRO INTERNO ENTRE 25 A 32 MM, TIPO CARAMBOLA - CB, PARA TIRANTES E OUTROS SERVICOS(CHUMBADOR TIPO CARAMBOLA) [SINAPI 44919]"
"295"	"6825"	"SIFAO / TUBO SINFONADO EXTENSIVEL/SANFONADO, UNIVERSAL/ SIMPLES, ENTRE *50 A 70* CM, DE PLASTICO BRANCO"	"128344"	"SIFAO / TUBO SINFONADO EXTENSIVEL/SANFONADO, UNIVERSAL/ SIMPLES, ENTRE *50 A 70* CM, DE PLASTICO BRANCO [SINAPI 44945]"
"295"	"20212"	"Sifão extensível universal PVC branco, 70 cm"	"128344"	"SIFAO / TUBO SINFONADO EXTENSIVEL/SANFONADO, UNIVERSAL/ SIMPLES, ENTRE *50 A 70* CM, DE PLASTICO BRANCO [SINAPI 44945]"
"295"	"6826"	"CABO DE COBRE FLEXIVEL NAO HALOGENADO, SEM EMISSAO DE FUMACA, 750V, SECAO NOMINAL 120 MM"	"128345"	"CABO DE COBRE FLEXIVEL NAO HALOGENADO, SEM EMISSAO DE FUMACA, 750V, SECAO NOMINAL 120 MM [SINAPI 44391]"
"295"	"6827"	"CABO DE COBRE FLEXIVEL NAO HALOGENADO, SEM EMISSAO DE FUMACA, 750V, SECAO NOMINAL 2,5 MM"	"128346"	"CABO DE COBRE FLEXIVEL NAO HALOGENADO, SEM EMISSAO DE FUMACA, 750V, SECAO NOMINAL 2,5 MM [SINAPI 44388]"
"295"	"6828"	"CABO DE COBRE FLEXIVEL NAO HALOGENADO, SEM EMISSAO DE FUMACA, 750V, SECAO NOMINAL 240 MM"	"128347"	"CABO DE COBRE FLEXIVEL NAO HALOGENADO, SEM EMISSAO DE FUMACA, 750V, SECAO NOMINAL 240 MM [SINAPI 44392]"
"295"	"6829"	"CABO DE COBRE FLEXIVEL NAO HALOGENADO, SEM EMISSAO DE FUMACA, 750V, SECAO NOMINAL 50 MM"	"128348"	"CABO DE COBRE FLEXIVEL NAO HALOGENADO, SEM EMISSAO DE FUMACA, 750V, SECAO NOMINAL 50 MM [SINAPI 44390]"
"295"	"6830"	"CABO DE COBRE FLEXIVEL NAO HALOGENADO, SEM EMISSAO DE FUMACA, 750V, SECAO NOMINAL 6,0 MM"	"128349"	"CABO DE COBRE FLEXIVEL NAO HALOGENADO, SEM EMISSAO DE FUMACA, 750V, SECAO NOMINAL 6,0 MM [SINAPI 44389]"
"295"	"6831"	"CABO DE REDE, PAR TRANCADO U/UTP, 4 PARES, CATEGORIA 6 (CAT 6), ISOLAMENTO PVC (CM)"	"128350"	"CABO DE REDE, PAR TRANCADO U/UTP, 4 PARES, CATEGORIA 6 (CAT 6), ISOLAMENTO PVC (CM) [SINAPI 43973]"
"295"	"1276"	"CABO DE PAR TRANCADO UTP, 4 PARES, CATEGORIA 6"	"128350"	"CABO DE REDE, PAR TRANCADO U/UTP, 4 PARES, CATEGORIA 6 (CAT 6), ISOLAMENTO PVC (CM) [SINAPI 43973]"
"295"	"6832"	"CABO ELETRONICO CATEGORIA 6A U/UTP 23AWG X 4P"	"128351"	"CABO ELETRONICO CATEGORIA 6A U/UTP 23AWG X 4P [SINAPI 43832]"
"295"	"9151"	"Cabo para rede U/UTP 23 AWG com 4 pares - categoria 6A"	"128351"	"CABO ELETRONICO CATEGORIA 6A U/UTP 23AWG X 4P [SINAPI 43832]"
"295"	"7796"	"ADAPTADOR CPVC, ROSCAVEL, COM FLANGES E ANEL DE VEDACAO, 15 MM, CAIXA D'AGUA PARA AGUA QUENTE"	"129288"	"ADAPTADOR CPVC, ROSCAVEL, COM FLANGES E ANEL DE VEDACAO, 15 MM, CAIXA D'AGUA PARA AGUA QUENTE [SINAPI 44254]"
"295"	"562"	"ADAPTADOR, CPVC, SOLDAVEL, 15 MM, PARA AGUA QUENTE"	"129288"	"ADAPTADOR CPVC, ROSCAVEL, COM FLANGES E ANEL DE VEDACAO, 15 MM, CAIXA D'AGUA PARA AGUA QUENTE [SINAPI 44254]"
"295"	"7797"	"ADAPTADOR CPVC, ROSCAVEL, COM FLANGES E ANEL DE VEDACAO, 22 MM, CAIXA D'AGUA PARA AGUA QUENTE"	"129289"	"ADAPTADOR CPVC, ROSCAVEL, COM FLANGES E ANEL DE VEDACAO, 22 MM, CAIXA D'AGUA PARA AGUA QUENTE [SINAPI 44255]"
"295"	"7798"	"ADAPTADOR CPVC, ROSCAVEL, COM FLANGES E ANEL DE VEDACAO, 28 MM, CAIXA D'AGUA PARA AGUA QUENTE"	"129290"	"ADAPTADOR CPVC, ROSCAVEL, COM FLANGES E ANEL DE VEDACAO, 28 MM, CAIXA D'AGUA PARA AGUA QUENTE [SINAPI 44256]"
"295"	"7799"	"ADAPTADOR CPVC, ROSCAVEL, COM FLANGES E ANEL DE VEDACAO, 35 MM, CAIXA D'AGUA PARA AGUA QUENTE"	"129291"	"ADAPTADOR CPVC, ROSCAVEL, COM FLANGES E ANEL DE VEDACAO, 35 MM, CAIXA D'AGUA PARA AGUA QUENTE [SINAPI 44257]"
"295"	"7804"	"ADAPTADOR CPVC, ROSCAVEL, COM FLANGES E ANEL DE VEDACAO, 54 MM, CAIXA D'AGUA PARA AGUA QUENTE"	"129307"	"ADAPTADOR CPVC, ROSCAVEL, COM FLANGES E ANEL DE VEDACAO, 54 MM, CAIXA D'AGUA PARA AGUA QUENTE [SINAPI 44259]"
"295"	"7805"	"BUCHA DE REDUCAO CPVC, SOLDAVEL, 54 X 28 MM, PARA AGUA QUENTE"	"129308"	"BUCHA DE REDUCAO CPVC, SOLDAVEL, 54 X 28 MM, PARA AGUA QUENTE [SINAPI 44400]"
"295"	"7806"	"BUCHA DE REDUCAO, CPVC, SOLDAVEL, 54 X 35 MM, PARA AGUA QUENTE"	"129309"	"BUCHA DE REDUCAO, CPVC, SOLDAVEL, 54 X 35 MM, PARA AGUA QUENTE [SINAPI 44263]"
"295"	"7807"	"BUCHA DE REDUCAO, PPR, DN 50 X 25 MM, PARA AGUA QUENTE E FRIA PREDIAL"	"129310"	"BUCHA DE REDUCAO, PPR, DN 50 X 25 MM, PARA AGUA QUENTE E FRIA PREDIAL [SINAPI 44175]"
"295"	"1097"	"BUCHA DE REDUCAO DE PVC, SOLDAVEL, LONGA, COM 50 X 25 MM, PARA AGUA FRIA PREDIAL"	"129310"	"BUCHA DE REDUCAO, PPR, DN 50 X 25 MM, PARA AGUA QUENTE E FRIA PREDIAL [SINAPI 44175]"
"295"	"7808"	"BUCHA DE REDUCAO, PPR, DN 50 X 32 MM, PARA AGUA QUENTE E FRIA PREDIAL"	"129311"	"BUCHA DE REDUCAO, PPR, DN 50 X 32 MM, PARA AGUA QUENTE E FRIA PREDIAL [SINAPI 44177]"
"295"	"1098"	"BUCHA DE REDUCAO DE PVC, SOLDAVEL, LONGA, COM 50 X 32 MM, PARA AGUA FRIA PREDIAL"	"129311"	"BUCHA DE REDUCAO, PPR, DN 50 X 32 MM, PARA AGUA QUENTE E FRIA PREDIAL [SINAPI 44177]"
"295"	"7809"	"CABO COAXIAL RG11 95% DE MALHA"	"129312"	"CABO COAXIAL RG11 95% DE MALHA [SINAPI 43834]"
"295"	"7810"	"CABO COAXIAL RG59 95% DE MALHA"	"129313"	"CABO COAXIAL RG59 95% DE MALHA [SINAPI 43835]"
"295"	"7811"	"CABO COAXIAL RG6 95% DE MALHA"	"129314"	"CABO COAXIAL RG6 95% DE MALHA [SINAPI 43833]"
"295"	"7810"	"CABO COAXIAL RG59 95% DE MALHA"	"129314"	"CABO COAXIAL RG6 95% DE MALHA [SINAPI 43833]"
"295"	"21733"	"Cabo coaxial RG06 750hms malha 95%"	"129314"	"CABO COAXIAL RG6 95% DE MALHA [SINAPI 43833]"
"295"	"7809"	"CABO COAXIAL RG11 95% DE MALHA"	"129314"	"CABO COAXIAL RG6 95% DE MALHA [SINAPI 43833]"
"295"	"7812"	"CONECTOR / ADAPTADOR F/M, COM INSERTO METALICO, PPR, DN 25 MM X 3/4"", PARA AGUA QUENTE E FRIA PREDIAL"	"129315"	"CONECTOR / ADAPTADOR F/M, COM INSERTO METALICO, PPR, DN 25 MM X 3/4"", PARA AGUA QUENTE E FRIA PREDIAL [SINAPI 44173]"
"295"	"7813"	"CONECTOR / ADAPTADOR F/M, COM INSERTO METALICO, PPR, DN 32 MM X 1"", PARA AGUA QUENTE E FRIA PREDIAL"	"129316"	"CONECTOR / ADAPTADOR F/M, COM INSERTO METALICO, PPR, DN 32 MM X 1"", PARA AGUA QUENTE E FRIA PREDIAL [SINAPI 44174]"
"295"	"7814"	"CONECTOR, CPVC, SOLDAVEL, 114 MM X 4""â, PARA AGUA QUENTE"	"129317"	"CONECTOR, CPVC, SOLDAVEL, 114 MM X 4""â, PARA AGUA QUENTE [SINAPI 44247]"
"295"	"7815"	"CONECTOR, CPVC, SOLDAVEL, 54 MM X 2""â, PARA AGUA QUENTE"	"129318"	"CONECTOR, CPVC, SOLDAVEL, 54 MM X 2""â, PARA AGUA QUENTE [SINAPI 44248]"
"295"	"7816"	"CONECTOR, CPVC, SOLDAVEL, 73 MM X 2 1/2""â, PARA AGUA QUENTE"	"129319"	"CONECTOR, CPVC, SOLDAVEL, 73 MM X 2 1/2""â, PARA AGUA QUENTE [SINAPI 44249]"
"295"	"7817"	"CONECTOR, CPVC, SOLDAVEL, 89 MM X 3""â, PARA AGUA QUENTE"	"129320"	"CONECTOR, CPVC, SOLDAVEL, 89 MM X 3""â, PARA AGUA QUENTE [SINAPI 44250]"
"295"	"7818"	"JOELHO CPVC, SOLDAVEL, 90 GRAUS, 114 MM, PARA AGUA QUENTE"	"129321"	"JOELHO CPVC, SOLDAVEL, 90 GRAUS, 114 MM, PARA AGUA QUENTE [SINAPI 44251]"
"295"	"7819"	"LUVA CPVC, SOLDAVEL, 114 MM, PARA AGUA QUENTE PREDIAL"	"129322"	"LUVA CPVC, SOLDAVEL, 114 MM, PARA AGUA QUENTE PREDIAL [SINAPI 44252]"
"295"	"7820"	"LUVA DE CORRER PARA TUBO SOLDAVEL, PVC, 40 MM, PARA AGUA FRIA PREDIAL"	"129323"	"LUVA DE CORRER PARA TUBO SOLDAVEL, PVC, 40 MM, PARA AGUA FRIA PREDIAL [SINAPI 43838]"
"295"	"19895"	"Luva de correr PVC soldável 40 mm"	"129323"	"LUVA DE CORRER PARA TUBO SOLDAVEL, PVC, 40 MM, PARA AGUA FRIA PREDIAL [SINAPI 43838]"
"295"	"38492"	"Luva de correr para tubo de PVC soldável 40mm"	"129323"	"LUVA DE CORRER PARA TUBO SOLDAVEL, PVC, 40 MM, PARA AGUA FRIA PREDIAL [SINAPI 43838]"
"295"	"3445"	"LUVA PVC SOLDAVEL, 40 MM, PARA AGUA FRIA PREDIAL"	"129323"	"LUVA DE CORRER PARA TUBO SOLDAVEL, PVC, 40 MM, PARA AGUA FRIA PREDIAL [SINAPI 43838]"
"295"	"7821"	"TE CPVC, SOLDAVEL, 90 GRAUS, 114 MM, PARA AGUA QUENTE PREDIAL"	"129324"	"TE CPVC, SOLDAVEL, 90 GRAUS, 114 MM, PARA AGUA QUENTE PREDIAL [SINAPI 44253]"
"295"	"7822"	"TIL CONDOMINIAL, PVC, DN 100 X 100 MM, PARA REDE COLETORA DE ESGOTO"	"129325"	"TIL CONDOMINIAL, PVC, DN 100 X 100 MM, PARA REDE COLETORA DE ESGOTO [SINAPI 44261]"
"295"	"4970"	"TIL PARA LIGACAO PREDIAL, EM PVC, JE, BBB, DN 100 X 100 MM, PARA REDE COLETORA ESGOTO (NBR 10569)"	"129325"	"TIL CONDOMINIAL, PVC, DN 100 X 100 MM, PARA REDE COLETORA DE ESGOTO [SINAPI 44261]"
"295"	"7823"	"TIL RADIAL, PVC, JE, BBB, DN 300 X 200 MM, PARA REDE COLETORA DE ESGOTO (NBR 10.569)"	"129326"	"TIL RADIAL, PVC, JE, BBB, DN 300 X 200 MM, PARA REDE COLETORA DE ESGOTO (NBR 10.569) [SINAPI 44326]"
"295"	"7824"	"TUBO CPVC, SOLDAVEL, 114 MM, AGUA QUENTE (NBR 15884)"	"129327"	"TUBO CPVC, SOLDAVEL, 114 MM, AGUA QUENTE (NBR 15884) [SINAPI 44260]"
"295"	"7825"	"TUBO PPR, CLASSE PN 20, SOLDAVEL, DN 32 MM PARA AGUA FRIA OU QUENTE PREDIAL"	"129328"	"TUBO PPR, CLASSE PN 20, SOLDAVEL, DN 32 MM PARA AGUA FRIA OU QUENTE PREDIAL [SINAPI 44176]"
"295"	"5338"	"TUBO PPR, CLASSE PN 25, DN 32 MM, PARA AGUA QUENTE E FRIA PREDIAL"	"129328"	"TUBO PPR, CLASSE PN 20, SOLDAVEL, DN 32 MM PARA AGUA FRIA OU QUENTE PREDIAL [SINAPI 44176]"
"295"	"7826"	"TUBO PVC, RIGIDO, CORRUGADO, PERFURADO DN 100 MM, PARA DRENAGEM, SISTEMA IRRIGACAO"	"129329"	"TUBO PVC, RIGIDO, CORRUGADO, PERFURADO DN 100 MM, PARA DRENAGEM, SISTEMA IRRIGACAO [SINAPI 44315]"
"295"	"14547"	"Tubo PVC corrugado rígido perfurado, DN 100 mm, para dreno"	"129329"	"TUBO PVC, RIGIDO, CORRUGADO, PERFURADO DN 100 MM, PARA DRENAGEM, SISTEMA IRRIGACAO [SINAPI 44315]"
"295"	"7800"	"ADAPTADOR CPVC, ROSCAVEL, COM FLANGES E ANEL DE VEDACAO, 42 MM, CAIXA D'AGUA PARA AGUA QUENTE"	"129332"	"ADAPTADOR CPVC, ROSCAVEL, COM FLANGES E ANEL DE VEDACAO, 42 MM, CAIXA D'AGUA PARA AGUA QUENTE [SINAPI 44258]"
"295"	"7939"	"CAIXA D'AGUA / RESERVATORIO EM POLIESTER REFORCADO COM FIBRA DE VIDRO, 15000 LITROS, COM TAMPA"	"129333"	"CAIXA D'AGUA / RESERVATORIO EM POLIESTER REFORCADO COM FIBRA DE VIDRO, 15000 LITROS, COM TAMPA [SINAPI 43981]"
"295"	"7940"	"CAIXA D'AGUA / RESERVATORIO EM POLIESTER REFORCADO COM FIBRA DE VIDRO, 20000 LITROS, COM TAMPA"	"129334"	"CAIXA D'AGUA / RESERVATORIO EM POLIESTER REFORCADO COM FIBRA DE VIDRO, 20000 LITROS, COM TAMPA [SINAPI 43982]"
"295"	"11828"	"CAIXA D'AGUA / RESERVATORIO EM POLIESTER REFORCADO COM FIBRA DE VIDRO, 20.000 LITROS, COM TAMPA"	"129334"	"CAIXA D'AGUA / RESERVATORIO EM POLIESTER REFORCADO COM FIBRA DE VIDRO, 20000 LITROS, COM TAMPA [SINAPI 43982]"
"295"	"7941"	"CAIXA D'AGUA / RESERVATORIO EM POLIESTER REFORCADO COM FIBRA DE VIDRO, 3000 LITROS, COM TAMPA"	"129335"	"CAIXA D'AGUA / RESERVATORIO EM POLIESTER REFORCADO COM FIBRA DE VIDRO, 3000 LITROS, COM TAMPA [SINAPI 43978]"
"295"	"7942"	"CAIXA D'AGUA / RESERVATORIO EM POLIESTER REFORCADO COM FIBRA DE VIDRO, 7000 LITROS, COM TAMPA"	"129336"	"CAIXA D'AGUA / RESERVATORIO EM POLIESTER REFORCADO COM FIBRA DE VIDRO, 7000 LITROS, COM TAMPA [SINAPI 43980]"
"295"	"7943"	"CAIXA D'AGUA / RESERVATORIO EM POLIESTER REFORCADO COM FIBRA DE VIDRO, 750 LITROS, COM TAMPA"	"129337"	"CAIXA D'AGUA / RESERVATORIO EM POLIESTER REFORCADO COM FIBRA DE VIDRO, 750 LITROS, COM TAMPA [SINAPI 43979]"
"295"	"7944"	"CAIXA D'AGUA / RESERVATORIO EM POLIETILENO, 3000 LITROS, COM TAMPA"	"129338"	"CAIXA D'AGUA / RESERVATORIO EM POLIETILENO, 3000 LITROS, COM TAMPA [SINAPI 43977]"
"295"	"8461"	"LUBRIFICANTE REDUTOR DE TORQUE E ARRASTO DE ALTO DESEMPENHO, PARA PERFURACAO HORIZONTAL DIRECIONAL, HDD"	"129447"	"LUBRIFICANTE REDUTOR DE TORQUE E ARRASTO DE ALTO DESEMPENHO, PARA PERFURACAO HORIZONTAL DIRECIONAL, HDD [SINAPI 44699]"
"295"	"22964"	"Aduela/Galeria de Concreto Armado 2,00 x 1,00 m (Apenas Fornecimento)"	"134873"	"ADUELA/GALERIA DE CONCRETO ARMADO, SECAO RETANGULAR 2.00 X 1.00 M (L X A), C = 1.00 M, E = 20 CM [SINAPI 41632]"
"295"	"11269"	"ADITIVO IMPERMEABILIZANTE CRISTALIZANTE PARA CONCRETO"	"135213"	"ADITIVO IMPERMEABILIZANTE CRISTALIZANTE PARA CONCRETO [SINAPI 45146]"
"295"	"11414"	"ADITIVO IMPERMEABILIZANTE CRISTALIZANTE PARA CONCRETO (LÃ DE VIDRO - IMPERMEABILIZANTE PV)"	"135213"	"ADITIVO IMPERMEABILIZANTE CRISTALIZANTE PARA CONCRETO [SINAPI 45146]"
"295"	"34631"	"18 KG DE ADITIVO IMPERMEABILIZANTE CRISTALIZANTE PARA CONCRETO"	"135213"	"ADITIVO IMPERMEABILIZANTE CRISTALIZANTE PARA CONCRETO [SINAPI 45146]"
"295"	"46125"	"Aditivo impermeabilizante para argamassa e concreto. GI 3.6 l"	"135213"	"ADITIVO IMPERMEABILIZANTE CRISTALIZANTE PARA CONCRETO [SINAPI 45146]"
"295"	"14792"	"BLOCO CERAMICO / TIJOLO VAZADO PARA ALVENARIA DE VEDACAO, FUROS NA VERTICAL, 11,5 X 19 X 29 CM (L X A X C)"	"138371"	"BLOCO CERAMICO / TIJOLO VAZADO PARA ALVENARIA DE VEDACAO, FUROS NA VERTICAL, 11,5 X 19 X 29 CM (L X A X C) [SINAPI 44466]"
"295"	"34799"	"BLOCO CERAMICO / TIJOLO VAZADO PARA ALVENARIA DE VEDACAO, 6 FUROS NA HORIZONTAL DE 11,5 X 19 X 29 CM (L X A X C)"	"138371"	"BLOCO CERAMICO / TIJOLO VAZADO PARA ALVENARIA DE VEDACAO, FUROS NA VERTICAL, 11,5 X 19 X 29 CM (L X A X C) [SINAPI 44466]"
"295"	"34810"	"BLOCO CERAMICO / TIJOLO VAZADO PARA ALVENARIA DE VEDACAO, FUROS NA VERTICAL DE 11,5 X 19 X 29 CM (L X A X C)"	"138371"	"BLOCO CERAMICO / TIJOLO VAZADO PARA ALVENARIA DE VEDACAO, FUROS NA VERTICAL, 11,5 X 19 X 29 CM (L X A X C) [SINAPI 44466]"
"295"	"41632"	"BLOCO CERAMICO / TIJOLO VAZADO PARA ALVENARIA DE VEDACAO, 6 FUROS NA HORIZONTAL DE 11,5 X 19 X 29 CM (L X A X C)"	"138371"	"BLOCO CERAMICO / TIJOLO VAZADO PARA ALVENARIA DE VEDACAO, FUROS NA VERTICAL, 11,5 X 19 X 29 CM (L X A X C) [SINAPI 44466]"
"295"	"34811"	"BLOCO CERAMICO / TIJOLO VAZADO PARA ALVENARIA DE VEDACAO, FUROS NA VERTICAL DE 11,5 X 19 X 39 CM (L X A X C)"	"138372"	"BLOCO CERAMICO / TIJOLO VAZADO PARA ALVENARIA DE VEDACAO, FUROS NA VERTICAL, 11,5 X 19 X 39 CM (L X A X C) [SINAPI 44467]"
"295"	"14793"	"BLOCO CERAMICO / TIJOLO VAZADO PARA ALVENARIA DE VEDACAO, FUROS NA VERTICAL, 11,5 X 19 X 39 CM (L X A X C)"	"138372"	"BLOCO CERAMICO / TIJOLO VAZADO PARA ALVENARIA DE VEDACAO, FUROS NA VERTICAL, 11,5 X 19 X 39 CM (L X A X C) [SINAPI 44467]"
"295"	"34800"	"BLOCO CERAMICO / TIJOLO VAZADO PARA ALVENARIA DE VEDACAO, 6 FUROS NA HORIZONTAL DE 11,5 X 19 X 39 CM (L X A X C)"	"138372"	"BLOCO CERAMICO / TIJOLO VAZADO PARA ALVENARIA DE VEDACAO, FUROS NA VERTICAL, 11,5 X 19 X 39 CM (L X A X C) [SINAPI 44467]"
"295"	"34805"	"BLOCO CERAMICO / TIJOLO VAZADO PARA ALVENARIA DE VEDACAO, 9 FUROS NA HORIZONTAL DE 14 X 19 X 29 CM (L X A X C)"	"138564"	"BLOCO CERAMICO / TIJOLO VAZADO PARA ALVENARIA DE VEDACAO, FUROS NA VERTICAL, 14 X 19 X 29 CM (L X A X C) [SINAPI 44468]"
"295"	"34812"	"BLOCO CERAMICO / TIJOLO VAZADO PARA ALVENARIA DE VEDACAO, FUROS NA VERTICAL DE 14 X 19 X 29 CM (L X A X C)"	"138564"	"BLOCO CERAMICO / TIJOLO VAZADO PARA ALVENARIA DE VEDACAO, FUROS NA VERTICAL, 14 X 19 X 29 CM (L X A X C) [SINAPI 44468]"
"295"	"15048"	"BLOCO CERAMICO / TIJOLO VAZADO PARA ALVENARIA DE VEDACAO, FUROS NA VERTICAL, 14 X 19 X 29 CM (L X A X C)"	"138564"	"BLOCO CERAMICO / TIJOLO VAZADO PARA ALVENARIA DE VEDACAO, FUROS NA VERTICAL, 14 X 19 X 29 CM (L X A X C) [SINAPI 44468]"
"295"	"43524"	"ALICATE AMPERÍMETRO 1000 AMPERES, CORRENTE CA/DC, ET 3367C, TENSÃO AC 750V E DC 1000V, MEDIÇÃO CAPACITANCIA/ DIODO/ TEMP, (TIPO FLUKE / MINIPA)"	"152140"	"ALICATE AMPERIMETRO, TENSAO AC/DC, CAPACIDADE MAXIMA 1000 A"
"295"	"42671"	"ALICATE AMPERÍMETRO 1000 AMPERES, CORRENTE CA/DC, ET 3367C, TENSÃO AC 750V E DC 1000V, MEDIÇÃO CAPACITANCIA/ DIODO/ TEMP, (TIPO FLUKE / MINIPA)"	"152140"	"ALICATE AMPERIMETRO, TENSAO AC/DC, CAPACIDADE MAXIMA 1000 A"
"295"	"47243"	"Chave inglesa ajustável 10"" aço cromo vanádio"	"152155"	"CHAVE AJUSTAVEL (INGLESA) 10"""
"295"	"13380"	"CHAVE, INGLESA, AJUSTÁVEL (PORCA), MATERIAL AÇO CARBONO, TAMANHO 15 POLEGADAS"	"152156"	"CHAVE AJUSTAVEL (INGLESA) 15"""
"295"	"21117"	"Chave grifo 24”"	"152158"	"CHAVE DE GRIFO DE 24"""
"295"	"6523"	"COMPRESSOR DE AR, VAZAO DE 10 PCM, RESERVATORIO 100 L, PRESSAO DE TRABALHO ENTRE 6,9 E 9,7 BAR, POTENCIA 2 HP, TENSAO 110/220 V (COLETADO CAIXA)"	"152163"	"COMPRESSOR DE AR PROFISSIONAL 10 PCM, *110* L, 140 PSI, 110/220 VOLTS, MONOFASICO"
"295"	"44710"	"Cartucho para respirador semifacial marca 3M série 7000, para vapores orgânicos e gases ácidos."	"152231"	"FILTRO QUIMICO PARA RESPIRADOR SEMI FACIAL, PROTECAO CONTRA VAPORES ORGANICOS E GASES ACIDOS"
"295"	"22510"	"Cartucho para respirador semifacial marca 3M série 7000, para vapores orgânicos e gases ácidos."	"152231"	"FILTRO QUIMICO PARA RESPIRADOR SEMI FACIAL, PROTECAO CONTRA VAPORES ORGANICOS E GASES ACIDOS"
"295"	"41058"	"LUVA DE LÁTEX MULTIUSO, PARA LIMPEZA GERAL, NA COR AMARELA, FORRADA, ACABAMENTO ANTIDERRAPANTE, COM VIROLA NA EXTREMIDADE, TAMANHOS M E G, COM CA VÁLIDO. EMBALADA EM PAR"	"152265"	"LUVA DE LATEX MULTIUSO AMARELA FORRADA"
"295"	"41106"	"LUVA DE LÁTEX MULTIUSO, PARA LIMPEZA GERAL, NA COR AMARELA, FORRADA, ACABAMENTO ANTIDERRAPANTE, COM VIROLA NA EXTREMIDADE, TAMANHOS M E G, COM CA VÁLIDO EMBALADA EM PAR"	"152265"	"LUVA DE LATEX MULTIUSO AMARELA FORRADA"
"295"	"41215"	"PARAF. AUTO PERFURANTE N°12 x 7/8' - COM ARRUELA EPDM (CISER OU EQUIVALENTE)"	"152271"	"PARAFUSO AUTO BROCANTE 12 X 7/8"" COM ARRUELA DE VEDACAO EPDM"
"295"	"1657"	"CHUMBADOR DE ACO TIPO PARABOLT, * 5/8"" X 200* MM, COM PORCA E ARRUELA"	"152274"	"PARAFUSO DE ACO ZINCADO, TIPO CHUMBADOR PARABOLT, DIAMETRO 5/8"""
"295"	"22530"	"Kit: protetor facial, visor verde-claro suporte basculante polímero, encaixes lateral casco, queixeira polietil/policarb; capacete B-tipo II, dielétrica, tensão 30.000V, ATPV conj. igual 18,4 cal/cm², ASTM F2178:2017, risco 2; NFPA 70E:2012; NBR 8221; NR-"	"152290"	"PROTETOR FACIAL ARCO ELETRICO, COM QUEIXEIRA E LENTE EM POLICARBONATO, CAPACETE INCLUIDO"
"295"	"6183"	"TUBO DE POLIETILENO DE ALTA DENSIDADE, PEAD, PE-80, DE = 1200 MM X 37,2 MM PAREDE ( SDR 32,25 - PN 04 ) PARA REDE DE AGUA OU ESGOTO ( NBR 15561)"	"152321"	"TUBO DE POLIETILENO DE ALTA DENSIDADE, PEAD, PE-80, DE = 1200 MM X 37,2 MM PAREDE (SDR 32,25 - PN 04) PARA REDE DE AGUA OU ESGOTO"
"295"	"5289"	"TUBO DE POLIETILENO DE ALTA DENSIDADE, PEAD, PE-80, DE = 1200 MM X 37,2 MM PAREDE ( SDR 32,25 - PN 04 ) PARA REDE DE AGUA OU ESGOTO (NBR 15561)"	"152321"	"TUBO DE POLIETILENO DE ALTA DENSIDADE, PEAD, PE-80, DE = 1200 MM X 37,2 MM PAREDE (SDR 32,25 - PN 04) PARA REDE DE AGUA OU ESGOTO"
"295"	"6184"	"TUBO DE POLIETILENO DE ALTA DENSIDADE, PEAD, PE-80, DE = 1400 MM X 42,9 MM PAREDE, (SDR 32,25 - PN 04 ) PARA REDE DE AGUA OU ESGOTO ( NBR 15561)"	"152322"	"TUBO DE POLIETILENO DE ALTA DENSIDADE, PEAD, PE-80, DE = 1400 MM X 42,9 MM PAREDE, (SDR 32,25 - PN 04) PARA REDE DE AGUA OU ESGOTO"
"295"	"5290"	"TUBO DE POLIETILENO DE ALTA DENSIDADE, PEAD, PE-80, DE = 1400 MM X 42,9 MM PAREDE, (SDR 32,25 - PN 04 ) PARA REDE DE AGUA OU ESGOTO (NBR 15561)"	"152322"	"TUBO DE POLIETILENO DE ALTA DENSIDADE, PEAD, PE-80, DE = 1400 MM X 42,9 MM PAREDE, (SDR 32,25 - PN 04) PARA REDE DE AGUA OU ESGOTO"
"295"	"6186"	"TUBO DE POLIETILENO DE ALTA DENSIDADE, PEAD, PE-80, DE = 1600 MM X 49,0 MM PAREDE, ( SDR 32,25 - PN 04 ) PARA REDE DE AGUA OU ESGOTO ( NBR 15561)"	"152323"	"TUBO DE POLIETILENO DE ALTA DENSIDADE, PEAD, PE-80, DE = 1600 MM X 49,0 MM PAREDE, (SDR 32,25 - PN 04) PARA REDE DE AGUA OU ESGOTO"
"295"	"5292"	"TUBO DE POLIETILENO DE ALTA DENSIDADE, PEAD, PE-80, DE = 1600 MM X 49,0 MM PAREDE, ( SDR 32,25 - PN 04 ) PARA REDE DE AGUA OU ESGOTO (NBR 15561)"	"152323"	"TUBO DE POLIETILENO DE ALTA DENSIDADE, PEAD, PE-80, DE = 1600 MM X 49,0 MM PAREDE, (SDR 32,25 - PN 04) PARA REDE DE AGUA OU ESGOTO"
"295"	"41249"	"ARCO SERRA 8' A 12' PROFISSIONAL"	"152325"	"ARCO DE SERRA REGULAVEL PARA LAMINAS DE 8"" A 12"""
"295"	"47223"	"Arco serra regulável para lâminas 8"" a 12"""	"152325"	"ARCO DE SERRA REGULAVEL PARA LAMINAS DE 8"" A 12"""
"295"	"2316"	"DOBRADEIRA ELETROMECANICA DE VERGALHAO, PARA ACO DE DIAMETRO ATE 1 1/2 ""Â, MOTOR ELETRICO TRIFASICO, POTENCIA DE 3 HP ATE 5 HP"	"152329"	"DOBRADEIRA ELETROMECANICA DE VERGALHAO, PARA ACO DE DIAMETRO ATE 1 1/2"", MOTOR ELETRICO TRIFASICO, POTENCIA DE 3 HP ATE 5 HP"
"295"	"48154"	"JOGO DE CHAVES DE FENDA E PHILLIPS ISOLADAS, 1000 V - 6 PEÇAS"	"152337"	"JOGO DE CHAVES DE FENDA E PHILLIPS ISOLADAS, 1000 V - *6* PECAS"
"295"	"42413"	"JOGO DE CHAVES FENDA E FENDA CRUZADA, 6 PÇS, 1000V CA ISOL"	"152337"	"JOGO DE CHAVES DE FENDA E PHILLIPS ISOLADAS, 1000 V - *6* PECAS"
"295"	"33592"	"CONJUNTO DE CHAVES DE FENDA E PHILLIPS, COM NO MÍNIMO 6 PEÇAS (SENDO 3 FENDA E 3 PHILLIPS EM TAMANHOS VARIADOS). AS HASTES DEVEM SER EM AÇO CROMO VANÁDIO E O ISOLAMENTO DEVE SER TESTADO PARA 1000 VOLTS (AC), SEGUINDO A NORMA NBR 9699. AS PONTAS DEVEM SER"	"152337"	"JOGO DE CHAVES DE FENDA E PHILLIPS ISOLADAS, 1000 V - *6* PECAS"
"295"	"15983"	"JOGO DE CHAVE PHILIPS C/ 6 UND e 'JOGO DE CHAVE DE FENDA C/ 6 UND"	"152337"	"JOGO DE CHAVES DE FENDA E PHILLIPS ISOLADAS, 1000 V - *6* PECAS"
"295"	"13379"	"CHAVE, FENDA E PHILLIPS, JOGO COM 6 PEÇAS, FABRICADO EM AÇO CROMO VANÁDIO, CABO PLÁSTIC O, 4 FENDA: 1/8X3.1/8"" - 1/4X4"" - 1 /4X6"" - 3/16X4"", 2 PHILIPS: 3/16X3. 1/8"" - 1/4X5"""	"152337"	"JOGO DE CHAVES DE FENDA E PHILLIPS ISOLADAS, 1000 V - *6* PECAS"
"295"	"42418"	"LIMA BASTARDA REDONDA 8' - COM CABO PLÁSTICO"	"152340"	"LIMA REDONDA BASTARDA 8"", COM CABO"
"295"	"43314"	"LIMA REDONDA BASTARDA, 200 MM 8, COM CABO"	"152340"	"LIMA REDONDA BASTARDA 8"", COM CABO"
"295"	"47291"	"Marreta oitavada 500g cabo madeira"	"152345"	"MARRETA DE ACO, OITAVADA, 500 G, COM CABO DE MADEIRA"
"295"	"35260"	"MARTELO DE PEDREIRO, 1 CORTE, EM ACO, *500* G, COMPRIMENTO TOTAL DE *28* CM, COM CABO DE MADEIRA"	"152345"	"MARRETA DE ACO, OITAVADA, 500 G, COM CABO DE MADEIRA"
"295"	"13798"	"Nível de alumínio com estrutura emviga l, com 3 bolhas, de 350mm;"	"152346"	"NIVEL DE ALUMINIO 350 MM (14""), COM 3 BOLHAS"
"295"	"13953"	"Nível de alumínio com estrutura emviga l, com 3 bolhas, de 350mm;"	"152346"	"NIVEL DE ALUMINIO 350 MM (14""), COM 3 BOLHAS"
"295"	"32184"	"SERROTE 20”, LÂMINA DE AÇO, CABO DE MADEIRA."	"152355"	"SERROTE PROFISSIONAL EM ACO TEMPERADO 20"", CABO DE MADEIRA"
"295"	"13899"	"Trincha de 1 polegada;"	"152362"	"TRINCHA DE 1"" COM CERDAS SINTETICAS"
"295"	"13744"	"Trincha de 1 polegada;"	"152362"	"TRINCHA DE 1"" COM CERDAS SINTETICAS"
"295"	"12886"	"Trincha profissinal para pintura, 1"""	"152362"	"TRINCHA DE 1"" COM CERDAS SINTETICAS"
"295"	"15058"	"TRINCHA - FORMATO: CHATO; MATERIAL CERDAS: INDIFERENTE; TAMANHO CABO: CURTO; MATERIAL VIROLA: METAL; TAMANHO PINCEL: 2""; GARANTIA: CONTRA DEFEITOS DE FABRICAÇÃO;"	"152362"	"TRINCHA DE 1"" COM CERDAS SINTETICAS"
"295"	"18044"	"Brocha p/ pedreiro retangular pintura trincha"	"152362"	"TRINCHA DE 1"" COM CERDAS SINTETICAS"
"295"	"18185"	"Brocha p/ pedreiro retangular pintura trincha"	"152362"	"TRINCHA DE 1"" COM CERDAS SINTETICAS"
"295"	"18329"	"Brocha p/ pedreiro retangular pintura trincha"	"152362"	"TRINCHA DE 1"" COM CERDAS SINTETICAS"
"295"	"30473"	"Pincel de cerdas médias 2” – Cerdas sintéticas/mistas, cabo de madeira, para acabamento."	"152362"	"TRINCHA DE 1"" COM CERDAS SINTETICAS"
"295"	"9362"	"Trincha de 2'"	"152363"	"TRINCHA DE 2"" COM CERDAS SINTETICAS"
"295"	"16647"	"Trincha chato tamanho 2"""	"152363"	"TRINCHA DE 2"" COM CERDAS SINTETICAS"
"295"	"40839"	"AVENTAL EM TECIDO IMPERMEÁVEL RESISTENTE S/ BOLSO 1,20X0,70M - UN MATERIAL PVC FORRADO COR PRETA"	"152364"	"AVENTAL EM PVC, FORRADO, *0,3* MM DE ESPESSURA, *1,15 X 0,70* M (COMPRIMENTO X LARGURA), 100% IMPERMEAVEL"
"295"	"12694"	"AVENTAL IMPERMEÁVEL TIPO AÇOUGUEIRO OU FRONTAL CONFECCIONA- DO EM PVC FORRADO IMPERMEÁVEL A LÍQUIDOS NÃO CORROSIVOS, COM COMPRIMENTO DE 120 CM E LARGURA 70 CM, POSSUI CORDÕES EM TECI- DO PARA AJUSTE E FIXAÇÃO NA ALTURA DA CINTURA E DO PESCOÇO, PRESOS AO AVENTAL, APROVADO PARA PROTEÇÃO DO USUÁRIO CONTRA UMIDADE PROVENIENTE DE OPERAÇÕES COM O USO DE ÁGUA E ÓLEO. COM CA NA COR BRANCA OU PRETA, QUANTITATIVO SERÃO INFORMADOS APÓS A EMISSÃO DA NOTA DE EMPENHO EM FORMULÁRIO PRÓPRIO, SE ELETRÔNICO, EXTENSÃO PDF. O MATERIAL DEVERÁ TER COMO MARCA DE REFERÊNCIA DE QUALIDADE IGUAL OU SUPERIOR A SOLOSTOCKS (REF. AVENTAL IMPERMEÁVEL TIPO AÇOUGUEIRO SOLOSTOCKS)."	"152364"	"AVENTAL EM PVC, FORRADO, *0,3* MM DE ESPESSURA, *1,15 X 0,70* M (COMPRIMENTO X LARGURA), 100% IMPERMEAVEL"
"295"	"1324"	"CADEIRA SUSPENSA MANUAL / BALANCIM INDIVIDUAL (NBR 14751)"	"152365"	"BALANCIM INDIVIDUAL, TIPO CADEIRA SUSPENSA SOBE E DESCE"
"295"	"45285"	"BALDE, MATERIAL PLÁSTICO RESISTENTE, MATERIAL ALÇA ARAME GALVANIZADO, CAPACIDADE MÍNIMA 12 LITROS, DIVERSAS CORES."	"152366"	"BALDE DE PLASTICO CAPACIDADE 12 L"
"295"	"32180"	"BALDE PLÁSTICO PARA CONCRETO 12 LITROS."	"152366"	"BALDE DE PLASTICO CAPACIDADE 12 L"
"295"	"43777"	"BALDE DE PEDREIRO - 12 LITROS"	"152366"	"BALDE DE PLASTICO CAPACIDADE 12 L"
"295"	"40372"	"BALDE DE PEDREIRO - 12 LITROS"	"152366"	"BALDE DE PLASTICO CAPACIDADE 12 L"
"295"	"37628"	"BROCHA RETANGULAR 15X5,6 CM"	"152367"	"BROCHA RETANGULAR, *15 X 5* CM"
"295"	"33596"	"DETECTOR DE TENSÃO (CANETA TESTE) SEM CONTATO, COM FAIXA DE MEDIÇÃO MÍNIMA DE 90V AC A 1000V AC. OBRIGATORIAMENTE DEVE POSSUIR CLASSIFICAÇÃO DE SEGURANÇA CAT IV 1000V. DEVE SER FORNECIDO COM AS PILHAS NECESSÁRIAS E GARANTIA MÍNIMA DE 12 MESES"	"152371"	"DETECTOR DE TENSAO 90 V A 1000 V (CAT IV)"
"295"	"42356"	"DETECTOR DE TENSÃO DE 90 A 1.000 VAC (48 A 62 HZ)"	"152371"	"DETECTOR DE TENSAO 90 V A 1000 V (CAT IV)"
"295"	"6558"	"FITA PLASTICA ZEBRADA PARA DEMARCACAO DE AREAS, LARGURA = 7 CM, SEM ADESIVO (COLETADO CAIXA)"	"152372"	"FITA PLASTICA ZEBRADA PARA DEMARCACAO DE AREAS, LARGURA = 7 CM, SEM ADESIVO"
"295"	"12644"	"FITA ZEBRADA SEM ADESIVO 870 (PRETA E AMARELA): CONFECCIONADO EM FILME DE POLIETILENO DE BAIXA DENSIDADE SEM ADESIVO, COM ES- PESSURA DE 0,03MM OU 30 MICRA, IMPRESSO EM DUAS CORES (PRETO E AMARELO). ROLO DE 200M E 7 CM DE LARGURA. QUANTITATIVOS SERÃO INFORMADOS APÓS A EMISSÃO DA NOTA DE EMPENHO EM FORMULÁRIO PRÓPRIO, SE ELETRÔNICO, EXTENSÃO PDF. O MATERIAL DEVERÁ TER COMO MARCA DE REFERÊNCIA DE QUALIDADE IGUAL OU SUPERIOR A ADERE (REF. FITA ZEBRADA SEM ADESIVO 870 (PRETA E AMARELA)."	"152372"	"FITA PLASTICA ZEBRADA PARA DEMARCACAO DE AREAS, LARGURA = 7 CM, SEM ADESIVO"
"295"	"28027"	"Fita zebrada, 200m, largura 7cm, cor preta e amarela."	"152372"	"FITA PLASTICA ZEBRADA PARA DEMARCACAO DE AREAS, LARGURA = 7 CM, SEM ADESIVO"
"295"	"2694"	"FURO PARA TORNEIRA OU OUTROS ACESSORIOS EM BANCADA DE MARMORE/ GRANITO OU OUTRO TIPO DE PEDRA NATURAL"	"152374"	"FURO PARA TORNEIRA OU OUTROS ACESSORIOS EM BANCADA DE MARMORE/ GRANITO OU OUTRO TIPO DE PEDRA NATURAL"
"295"	"12639"	"MÁSCARA AUTOESCURECIMENTO DE SOLDA, COM FILTRO DE ESCURECI- MENTO AUTOMÁTICO (SUPORTE DE CABEÇA) COM UM CASSETE DE PRO- TEÇÃO (VISOR) COM CRISTAL LÍQUIDO, E DUAS LENTES DE PROTEÇÃO TRANSPARENTE EM POLICARBONATO SUBSTITUÍVEL. O FILTRO DE LUZ QUANDO ATIVADO É AJUSTADO AUTOMATICAMENTE PARA A PROTEÇÃO NAS TONALIDADES ENTRE 9 E 13, PODENDO ESTE AJUSTE OCORRER TAM- BÉM MANUALMENTE, POSSUI CÉLULA DE ALIMENTAÇÃO SOLAR DE GRANDE CAPACIDADE, SELEÇÃO DE SENSIBILIDADE NA PARTE INTERNA COM CA, QUANTITATIVO SERÃO INFORMADOS APÓS A EMISSÃO DA NOTA DE EMPENHO EM FORMULÁRIO PRÓPRIO, SE ELETRÔNICO, EXTENSÃO .PDF. O MATERIAL DEVERÁ TER COMO MARCA DE REFERÊNCIA DE QUALIDADE IGUAL OU SUPERIOR A CARBOGRAFITE (REF. MÁSCARA DE AUTOESCURECIMENTO CARRERA II - ADF600 S)."	"152379"	"MASCARA DE SOLDA AUTOMATICA, COM GRAU DE ESCURECIMENTO DIN 9 A 13"
"295"	"31369"	"PERNEIRA DE SEGURANÇA CONFECCIONADA EM RASPA, FECHAMENTO EM VELCRO. PROTEÇÃO DAS PERNAS DO USUÁRIO"	"152380"	"PERNEIRA DE RASPA COM VELCRO"
