ID_Prod	ID_Itm	Prod_Desc	Itm_Desc
6024	126721	AJUDANTE DE ESTRUTURAS METALICAS HORISTA	AJUDANTE DE ESTRUTURAS METALICAS HORISTA [SINAPI 44499]
6025	126722	APOIO DO PORTA DENTE PARA FRESADORA DE ASFALTO	APOIO DO PORTA DENTE PARA FRESADORA DE ASFALTO [SINAPI 44473]
34757	126722	APOIO DO PORTA DENTE PARA FRESADORA DE ASFALTO	APOIO DO PORTA DENTE PARA FRESADORA DE ASFALTO [SINAPI 44473]
6026	126723	AQUECEDOR DE OLEO BPF (FLUIDO) TERMICO, CAPACIDADE DE 300.000 KCAL/H	AQUECEDOR DE OLEO BPF (FLUIDO) TERMICO, CAPACIDADE DE 300.000 KCAL/H [SINAPI 44498]
717	126723	AQUECEDOR DE OLEO BPF (FLUIDO) TERMICO, CAPACIDADE DE 300.000 KCAL/H	AQUECEDOR DE OLEO BPF (FLUIDO) TERMICO, CAPACIDADE DE 300.000 KCAL/H [SINAPI 44498]
6027	126724	BETONEIRA CAPACIDADE NOMINAL 600 L, CAPACIDADE DE MISTURA 440 L, MOTOR A GASOLINA POTENCIA 10 HP, COM CARREGADOR	BETONEIRA CAPACIDADE NOMINAL 600 L, CAPACIDADE DE MISTURA 440 L, MOTOR A GASOLINA POTENCIA 10 HP, COM CARREGADOR [SINAPI 44492]
923	126724	BETONEIRA CAPACIDADE NOMINAL 600 L, CAPACIDADE DE MISTURA 440 L, MOTOR A GASOLINA POTENCIA 10 HP, COM CARREGADOR	BETONEIRA CAPACIDADE NOMINAL 600 L, CAPACIDADE DE MISTURA 440 L, MOTOR A GASOLINA POTENCIA 10 HP, COM CARREGADOR [SINAPI 44492]
6028	126735	BOMBA TRIPLEX COM MOTOR A DIESEL, NACIONAL, DIAMETRO DE SUCCAO DE 2 1/2''	BOMBA TRIPLEX COM MOTOR A DIESEL, NACIONAL, DIAMETRO DE SUCCAO DE 2 1/2'' [SINAPI 44489]
6029	126736	CAIXA DE INSPECAO PARA ATERRAMENTO OU OUTRO USO, EM PVC, DN = 250 X 250 MM	CAIXA DE INSPECAO PARA ATERRAMENTO OU OUTRO USO, EM PVC, DN = 250 X 250 MM [SINAPI 41480]
6030	126737	CAIXA DE INSPECAO PARA ATERRAMENTO OU OUTRO USO, EM PVC, DN = 300 X *300* MM	CAIXA DE INSPECAO PARA ATERRAMENTO OU OUTRO USO, EM PVC, DN = 300 X *300* MM [SINAPI 41474]
6031	126738	CAIXA DE INSPECAO PARA ATERRAMENTO OU OUTRO USO, EM PVC, DN = 300 X 250 MM	CAIXA DE INSPECAO PARA ATERRAMENTO OU OUTRO USO, EM PVC, DN = 300 X 250 MM [SINAPI 41475]
6032	126739	CAIXA DE INSPECAO PARA ATERRAMENTO OU OUTRO USO, EM PVC, DN = 300 X 600 MM	CAIXA DE INSPECAO PARA ATERRAMENTO OU OUTRO USO, EM PVC, DN = 300 X 600 MM [SINAPI 41476]
1422	126740	CALCARIO DOLOMITICO A (POSTO PEDREIRA/FORNECEDOR, SEM FRETE)	CALCARIO DOLOMITICO A (POSTO PEDREIRA/FORNECEDOR, SEM FRETE) [SINAPI 44479]
6033	126740	CALCARIO DOLOMITICO A (POSTO PEDREIRA/FORNECEDOR, SEM FRETE)	CALCARIO DOLOMITICO A (POSTO PEDREIRA/FORNECEDOR, SEM FRETE) [SINAPI 44479]
6034	126741	CAPTOR FRANKLIN (4 PONTAS), EM LATAO CROMADO, H = 300 MM, DUAS DESCIDAS	CAPTOR FRANKLIN (4 PONTAS), EM LATAO CROMADO, H = 300 MM, DUAS DESCIDAS [SINAPI 41410]
6035	126742	CAPTOR FRANKLIN (4 PONTAS), EM LATAO CROMADO, H = 300 MM, UMA DESCIDA	CAPTOR FRANKLIN (4 PONTAS), EM LATAO CROMADO, H = 300 MM, UMA DESCIDA [SINAPI 41411]
6036	126743	CAPTOR FRANKLIN (4 PONTAS), EM LATAO CROMADO, H = 350 MM, DUAS DESCIDAS	CAPTOR FRANKLIN (4 PONTAS), EM LATAO CROMADO, H = 350 MM, DUAS DESCIDAS [SINAPI 41412]
6037	126744	CAPTOR FRANKLIN (4 PONTAS), EM LATAO CROMADO, H=350 MM, UMA DESCIDA	CAPTOR FRANKLIN (4 PONTAS), EM LATAO CROMADO, H=350 MM, UMA DESCIDA [SINAPI 41413]
6038	126745	CHAPA/PAINEL DE MADEIRA COMPENSADA PLASTIFICADA (MADEIRITE PLASTIFICADO) PARA FORMA DE CONCRETO, DE 2200 X 1100 MM, E = 14 MM	CHAPA/PAINEL DE MADEIRA COMPENSADA PLASTIFICADA (MADEIRITE PLASTIFICADO) PARA FORMA DE CONCRETO, DE 2200 X 1100 MM, E = 14 MM [SINAPI 43678]
6039	126746	CHAPA/PAINEL DE MADEIRA COMPENSADA PLASTIFICADA (MADEIRITE PLASTIFICADO) PARA FORMA DE CONCRETO, DE 2200 X 1100 MM, E = 20 MM	CHAPA/PAINEL DE MADEIRA COMPENSADA PLASTIFICADA (MADEIRITE PLASTIFICADO) PARA FORMA DE CONCRETO, DE 2200 X 1100 MM, E = 20 MM [SINAPI 43680]
6040	126747	CHAPA/PAINEL DE MADEIRA COMPENSADA PLASTIFICADA (MADEIRITE PLASTIFICADO) PARA FORMA DE CONCRETO, DE 2200 X 1100 MM, E = 6 MM	CHAPA/PAINEL DE MADEIRA COMPENSADA PLASTIFICADA (MADEIRITE PLASTIFICADO) PARA FORMA DE CONCRETO, DE 2200 X 1100 MM, E = 6 MM [SINAPI 43679]
6041	126748	CHAPA/PAINEL DE MADEIRA COMPENSADA RESINADA (MADEIRITE RESINADO ROSA) PARA FORMA DE CONCRETO, DE 2200 x 1100 MM, E = 8 A 12 MM	CHAPA/PAINEL DE MADEIRA COMPENSADA RESINADA (MADEIRITE RESINADO ROSA) PARA FORMA DE CONCRETO, DE 2200 x 1100 MM, E = 8 A 12 MM [SINAPI 43681]
48090	126748	CHAPA/PAINEL DE MADEIRA COMPENSADA RESINADA (MADEIRITE RESINADO ROSA) PARA FORMA DE CONCRETO, DE 2200 X 1100 MM, E = 8 A 12 MM	CHAPA/PAINEL DE MADEIRA COMPENSADA RESINADA (MADEIRITE RESINADO ROSA) PARA FORMA DE CONCRETO, DE 2200 x 1100 MM, E = 8 A 12 MM [SINAPI 43681]
6042	126749	CHAPA/PAINEL DE MADEIRA COMPENSADA RESINADA (MADEIRITE RESINADO ROSA) PARA FORMA DE CONCRETO, DE 2200 X 1100 MM, E = 20 MM	CHAPA/PAINEL DE MADEIRA COMPENSADA RESINADA (MADEIRITE RESINADO ROSA) PARA FORMA DE CONCRETO, DE 2200 X 1100 MM, E = 20 MM [SINAPI 43677]
15653	126749	CHAPA/PAINEL DE MADEIRA COMPENSADA RESINADA (MADEIRITE RESINADO ROSA) PARA FORMA DE CONCRETO, DE 2200 X 1100 MM, E = 20 MM	CHAPA/PAINEL DE MADEIRA COMPENSADA RESINADA (MADEIRITE RESINADO ROSA) PARA FORMA DE CONCRETO, DE 2200 X 1100 MM, E = 20 MM [SINAPI 43677]
6043	126750	CHAPA/PAINEL DE MADEIRA COMPENSADA RESINADA (MADEIRITE RESINADO ROSA) PARA FORMA DE CONCRETO, DE 2200 X 1100 MM, E = 6 MM	CHAPA/PAINEL DE MADEIRA COMPENSADA RESINADA (MADEIRITE RESINADO ROSA) PARA FORMA DE CONCRETO, DE 2200 X 1100 MM, E = 6 MM [SINAPI 43682]
48089	126750	CHAPA/PAINEL DE MADEIRA COMPENSADA RESINADA (MADEIRITE RESINADO ROSA) PARA FORMA DE CONCRETO, DE 2200 X 1100 MM, E = 6 MM	CHAPA/PAINEL DE MADEIRA COMPENSADA RESINADA (MADEIRITE RESINADO ROSA) PARA FORMA DE CONCRETO, DE 2200 X 1100 MM, E = 6 MM [SINAPI 43682]
6044	126751	CIMENTO PORTLAND ESTRUTURAL BRANCO CPB-32	CIMENTO PORTLAND ESTRUTURAL BRANCO CPB-32 [SINAPI 44528]
1670	126751	CIMENTO PORTLAND ESTRUTURAL BRANCO CPB-32	CIMENTO PORTLAND ESTRUTURAL BRANCO CPB-32 [SINAPI 44528]
6045	126752	COLA BRANCA BASE PVA	COLA BRANCA BASE PVA [SINAPI 44396]
1677	126752	COLA BRANCA BASE PVA	COLA BRANCA BASE PVA [SINAPI 44396]
6046	126753	COLA PARA TUBOS E MANTAS ELASTOMERICAS, A BASE DE SOLVENTE	COLA PARA TUBOS E MANTAS ELASTOMERICAS, A BASE DE SOLVENTE [SINAPI 44327]
6047	126754	CONTRAMARCO DE ALUMINIO (PERFIL 25) PARA ESQUADRIAS, TIPO CONVENCIONAL / CADEIRINHA, 60 MM (CM-060), INCLUSO CONEXOES, GRAPAS E TRAVAMENTOS	CONTRAMARCO DE ALUMINIO (PERFIL 25) PARA ESQUADRIAS, TIPO CONVENCIONAL / CADEIRINHA, 60 MM (CM-060), INCLUSO CONEXOES, GRAPAS E TRAVAMENTOS [SINAPI 43657]
6048	126755	DENTE PARA FRESADORA	DENTE PARA FRESADORA [SINAPI 44472]
2214	126755	DENTE PARA FRESADORA	DENTE PARA FRESADORA [SINAPI 44472]
6049	126756	DESINFETANTE PRONTO USO	DESINFETANTE PRONTO USO [SINAPI 44330]
6050	126757	DETERGENTE NEUTRO USO GERAL, CONCENTRADO	DETERGENTE NEUTRO USO GERAL, CONCENTRADO [SINAPI 44329]
6051	126758	"DISCO DE BORRACHA PARA LIXADEIRA RIGIDO 7 "" COM ARRUELA CENTRAL"	"DISCO DE BORRACHA PARA LIXADEIRA RIGIDO 7 "" COM ARRUELA CENTRAL [SINAPI 44532]"
6052	126759	"DISCO DE CORTE DIAMANTADO SEGMENTADO DIAMETRO DE 180 MM PARA ESMERILHADEIRA 7 """	"DISCO DE CORTE DIAMANTADO SEGMENTADO DIAMETRO DE 180 MM PARA ESMERILHADEIRA 7 "" [SINAPI 44531]"
6053	126760	"DISCO DE CORTE PARA METAL COM DUAS TELAS 12 X 1/8 X 3/4 "" (300 X 3,2 X 19,05 MM)"	"DISCO DE CORTE PARA METAL COM DUAS TELAS 12 X 1/8 X 3/4 "" (300 X 3,2 X 19,05 MM) [SINAPI 44495]"
6054	126761	"DISCO DE DESBASTE PARA METAL FERROSO EM GERAL, COM TRES TELAS, 9 X 1/4 X 7/8 "" ( 228,6 X 6,4 X 22,2 MM)"	"DISCO DE DESBASTE PARA METAL FERROSO EM GERAL, COM TRES TELAS, 9 X 1/4 X 7/8 "" ( 228,6 X 6,4 X 22,2 MM) [SINAPI 44533]"
2236	126762	DISCO DE LIXA PARA METAL, DIAMETRO = 180 MM, GRAO 120	DISCO DE LIXA PARA METAL, DIAMETRO = 180 MM, GRAO 120 [SINAPI 44534]
6055	126762	DISCO DE LIXA PARA METAL, DIAMETRO = 180 MM, GRAO 120	DISCO DE LIXA PARA METAL, DIAMETRO = 180 MM, GRAO 120 [SINAPI 44534]
6056	126763	DIVISORIA EM GRANITO, COM DUAS FACES POLIDAS, TIPO ANDORINHA/ QUARTZ/ CASTELO/ CORUMBA OU OUTROS EQUIVALENTES DA REGIAO, E= *3,0* CM	DIVISORIA EM GRANITO, COM DUAS FACES POLIDAS, TIPO ANDORINHA/ QUARTZ/ CASTELO/ CORUMBA OU OUTROS EQUIVALENTES DA REGIAO, E= *3,0* CM [SINAPI 44476]
34997	126763	DIVISORIA EM GRANITO, COM DUAS FACES POLIDAS, TIPO ANDORINHA/ QUARTZ/ CASTELO/ CORUMBA OU OUTROS EQUIVALENTES DA REGIAO, E= *3,0* CM	DIVISORIA EM GRANITO, COM DUAS FACES POLIDAS, TIPO ANDORINHA/ QUARTZ/ CASTELO/ CORUMBA OU OUTROS EQUIVALENTES DA REGIAO, E= *3,0* CM [SINAPI 44476]
6057	126764	"ESCOVA CIRCULAR EM ACO LATONADO, 6 X 1 "" (DIAMETRO X ESPESSURA), FURO DE 1 1/4 "", FIO ONDULADO *0,30* MM"	"ESCOVA CIRCULAR EM ACO LATONADO, 6 X 1 "" (DIAMETRO X ESPESSURA), FURO DE 1 1/4 "", FIO ONDULADO *0,30* MM [SINAPI 44538]"
2477	126764	"ESCOVA CIRCULAR EM ACO LATONADO, 6 X 1 "" (DIAMETRO X ESPESSURA), FURO DE 1 1/4 "", FIO ONDULADO *0,30* MM"	"ESCOVA CIRCULAR EM ACO LATONADO, 6 X 1 "" (DIAMETRO X ESPESSURA), FURO DE 1 1/4 "", FIO ONDULADO *0,30* MM [SINAPI 44538]"
2616	126765	FERTILIZANTE NPK - 10:10:10	FERTILIZANTE NPK - 10:10:10 [SINAPI 44539]
6058	126765	FERTILIZANTE NPK - 10:10:10	FERTILIZANTE NPK - 10:10:10 [SINAPI 44539]
6059	126766	FITA / CINTA AUTOADESIVA ELASTOMERICA PARA VEDACAO, L= 50 MM, E = 3 MM	FITA / CINTA AUTOADESIVA ELASTOMERICA PARA VEDACAO, L= 50 MM, E = 3 MM [SINAPI 44397]
6060	126767	FUNDO SINTETICO NIVELADOR BRANCO FOSCO PARA MADEIRA	FUNDO SINTETICO NIVELADOR BRANCO FOSCO PARA MADEIRA [SINAPI 43653]
48078	126767	FUNDO SINTETICO NIVELADOR BRANCO FOSCO PARA MADEIRA	FUNDO SINTETICO NIVELADOR BRANCO FOSCO PARA MADEIRA [SINAPI 43653]
6061	126768	GESSO COLA, EM PO, PARA FIXACAO DE MOLDURAS, SANCAS E BLOCOS DE GESSO	GESSO COLA, EM PO, PARA FIXACAO DE MOLDURAS, SANCAS E BLOCOS DE GESSO [SINAPI 44324]
6062	126769	GRANALHA DE ACO, ESFERICA (SHOT), PARA JATEAMENTO, PENEIRA 1,19 A 1,00 MM (SAE S390)	GRANALHA DE ACO, ESFERICA (SHOT), PARA JATEAMENTO, PENEIRA 1,19 A 1,00 MM (SAE S390) [SINAPI 44481]
2764	126769	GRANALHA DE ACO, ESFERICA (SHOT), PARA JATEAMENTO, PENEIRA 1,19 A 1,00 MM (SAE S390)	GRANALHA DE ACO, ESFERICA (SHOT), PARA JATEAMENTO, PENEIRA 1,19 A 1,00 MM (SAE S390) [SINAPI 44481]
2790	126770	GRUPO GERADOR ESTACIONARIO SILENCIADO, POTENCIA 50 KVA, MOTOR DIESEL	GRUPO GERADOR ESTACIONARIO SILENCIADO, POTENCIA 50 KVA, MOTOR DIESEL [SINAPI 44494]
6063	126770	GRUPO GERADOR ESTACIONARIO SILENCIADO, POTENCIA 50 KVA, MOTOR DIESEL	GRUPO GERADOR ESTACIONARIO SILENCIADO, POTENCIA 50 KVA, MOTOR DIESEL [SINAPI 44494]
2793	126771	GRUPO GERADOR ESTACIONARIO, SILENCIADO, POTENCIA 180 KVA, MOTOR DIESEL	GRUPO GERADOR ESTACIONARIO, SILENCIADO, POTENCIA 180 KVA, MOTOR DIESEL [SINAPI 44493]
6064	126771	GRUPO GERADOR ESTACIONARIO, SILENCIADO, POTENCIA 180 KVA, MOTOR DIESEL	GRUPO GERADOR ESTACIONARIO, SILENCIADO, POTENCIA 180 KVA, MOTOR DIESEL [SINAPI 44493]
2804	126772	GUINDASTE HIDRAULICO AUTOPROPELIDO, COM LANCA TELESCOPICA 28,80 M, CAPACIDADE MAXIMA 30 T, POTENCIA 97 KW, TRACAO 4 X 4	GUINDASTE HIDRAULICO AUTOPROPELIDO, COM LANCA TELESCOPICA 28,80 M, CAPACIDADE MAXIMA 30 T, POTENCIA 97 KW, TRACAO 4 X 4 [SINAPI 44475]
6065	126772	GUINDASTE HIDRAULICO AUTOPROPELIDO, COM LANCA TELESCOPICA 28,80 M, CAPACIDADE MAXIMA 30 T, POTENCIA 97 KW, TRACAO 4 X 4	GUINDASTE HIDRAULICO AUTOPROPELIDO, COM LANCA TELESCOPICA 28,80 M, CAPACIDADE MAXIMA 30 T, POTENCIA 97 KW, TRACAO 4 X 4 [SINAPI 44475]
2805	126773	GUINDASTE HIDRAULICO AUTOPROPELIDO, COM LANCA TELESCOPICA 40 M, CAPACIDADE MAXIMA 60 T, POTENCIA 260 KW, TRACAO 6 X 6	GUINDASTE HIDRAULICO AUTOPROPELIDO, COM LANCA TELESCOPICA 40 M, CAPACIDADE MAXIMA 60 T, POTENCIA 260 KW, TRACAO 6 X 6 [SINAPI 44474]
6066	126773	GUINDASTE HIDRAULICO AUTOPROPELIDO, COM LANCA TELESCOPICA 40 M, CAPACIDADE MAXIMA 60 T, POTENCIA 260 KW, TRACAO 6 X 6	GUINDASTE HIDRAULICO AUTOPROPELIDO, COM LANCA TELESCOPICA 40 M, CAPACIDADE MAXIMA 60 T, POTENCIA 260 KW, TRACAO 6 X 6 [SINAPI 44474]
2806	126774	GUINDASTE HIDRAULICO AUTOPROPELIDO, COM LANCA TELESCOPICA 50 M, CAPACIDADE MAXIMA 100 T, POTENCIA 350 KW, TRACAO 10 X 6	GUINDASTE HIDRAULICO AUTOPROPELIDO, COM LANCA TELESCOPICA 50 M, CAPACIDADE MAXIMA 100 T, POTENCIA 350 KW, TRACAO 10 X 6 [SINAPI 44490]
6067	126774	GUINDASTE HIDRAULICO AUTOPROPELIDO, COM LANCA TELESCOPICA 50 M, CAPACIDADE MAXIMA 100 T, POTENCIA 350 KW, TRACAO 10 X 6	GUINDASTE HIDRAULICO AUTOPROPELIDO, COM LANCA TELESCOPICA 50 M, CAPACIDADE MAXIMA 100 T, POTENCIA 350 KW, TRACAO 10 X 6 [SINAPI 44490]
6068	126775	JANELA INTEGRADA VENEZIANA EM ALUMINIO PERFIL 25, 120 X 120 CM (A X L), 2 FLS ( 2 VIDROS) E VENEZIANA COM ACIONAMENTO MANUAL, SEM BANDEIRA, ACABAMENTO BRILHANTE, BATENTE DE 11,50 A 12,50 CM, COM VIDRO, INCLUSO GUARNICAO	JANELA INTEGRADA VENEZIANA EM ALUMINIO PERFIL 25, 120 X 120 CM (A X L), 2 FLS ( 2 VIDROS) E VENEZIANA COM ACIONAMENTO MANUAL, SEM BANDEIRA, ACABAMENTO BRILHANTE, BATENTE DE 11,50 A 12,50 CM, COM VIDRO, INCLUSO GUARNICAO [SINAPI 44053]
6069	126776	JANELA VENEZIANA DE CORRER, EM ALUMINIO PERFIL 25, 100 X 120 CM (A X L), 3 FLS (2 VENEZIANAS E 1 VIDRO), SEM BANDEIRA, ACABAMENTO BRANCO OU BRILHANTE, BATENTE DE 8 A 9 CM, COM VIDRO, SEM GUARNICAO/ALIZAR	JANELA VENEZIANA DE CORRER, EM ALUMINIO PERFIL 25, 100 X 120 CM (A X L), 3 FLS (2 VENEZIANAS E 1 VIDRO), SEM BANDEIRA, ACABAMENTO BRANCO OU BRILHANTE, BATENTE DE 8 A 9 CM, COM VIDRO, SEM GUARNICAO/ALIZAR [SINAPI 44054]
6070	126777	JANELA VENEZIANA DE CORRER, EM ALUMINIO PERFIL 25, 100 X 150 CM (A X L), 6 FLS (4 VENEZIANAS E 2 VIDROS), SEM BANDEIRA, ACABAMENTO BRANCO OU BRILHANTE, BATENTE DE 8 A 9 CM, COM VIDRO, SEM GUARNICAO / ALIZAR	JANELA VENEZIANA DE CORRER, EM ALUMINIO PERFIL 25, 100 X 150 CM (A X L), 6 FLS (4 VENEZIANAS E 2 VIDROS), SEM BANDEIRA, ACABAMENTO BRANCO OU BRILHANTE, BATENTE DE 8 A 9 CM, COM VIDRO, SEM GUARNICAO / ALIZAR [SINAPI 44399]
6071	126778	JARDINEIRO HORISTA	JARDINEIRO HORISTA [SINAPI 44503]
6072	126779	LIMPA VIDROS COM PULVERIZADOR	LIMPA VIDROS COM PULVERIZADOR [SINAPI 44331]
6073	126780	MANTA TERMOPLASTICA, PEAD, GEOMEMBRANA LISA, E = 0,50 MM ( NBR 15352)	MANTA TERMOPLASTICA, PEAD, GEOMEMBRANA LISA, E = 0,50 MM ( NBR 15352) [SINAPI 44504]
3540	126780	MANTA TERMOPLASTICA, PEAD, GEOMEMBRANA LISA, E = 0,50 MM ( NBR 15352)	MANTA TERMOPLASTICA, PEAD, GEOMEMBRANA LISA, E = 0,50 MM ( NBR 15352) [SINAPI 44504]
6074	126781	MANTA TERMOPLASTICA, PEAD, GEOMEMBRANA LISA, E = 0,75 MM (NBR 15352)	MANTA TERMOPLASTICA, PEAD, GEOMEMBRANA LISA, E = 0,75 MM (NBR 15352) [SINAPI 44505]
6075	126782	MANTA TERMOPLASTICA, PEAD, GEOMEMBRANA LISA, E = 0,80 MM (NBR 15352)	MANTA TERMOPLASTICA, PEAD, GEOMEMBRANA LISA, E = 0,80 MM (NBR 15352) [SINAPI 44506]
6076	126783	MANTA TERMOPLASTICA, PEAD, GEOMEMBRANA LISA, E = 1,00 MM (NBR 15352)	MANTA TERMOPLASTICA, PEAD, GEOMEMBRANA LISA, E = 1,00 MM (NBR 15352) [SINAPI 44507]
6077	126784	MANTA TERMOPLASTICA, PEAD, GEOMEMBRANA LISA, E = 1,50 MM (NBR 15352)	MANTA TERMOPLASTICA, PEAD, GEOMEMBRANA LISA, E = 1,50 MM (NBR 15352) [SINAPI 44508]
6078	126785	MANTA TERMOPLASTICA, PEAD, GEOMEMBRANA LISA, E = 2,00 MM (NBR 15352)	MANTA TERMOPLASTICA, PEAD, GEOMEMBRANA LISA, E = 2,00 MM (NBR 15352) [SINAPI 44509]
23063	126785	MANTA TERMOPLASTICA, PEAD, GEOMEMBRANA LISA, E = 2,00 MM (NBR 15352)	MANTA TERMOPLASTICA, PEAD, GEOMEMBRANA LISA, E = 2,00 MM (NBR 15352) [SINAPI 44509]
6079	126786	MANTA TERMOPLASTICA, PEAD, GEOMEMBRANA LISA, E = 2,50 MM (NBR 15352)	MANTA TERMOPLASTICA, PEAD, GEOMEMBRANA LISA, E = 2,50 MM (NBR 15352) [SINAPI 44510]
6080	126787	MANTA TERMOPLASTICA, PEAD, GEOMEMBRANA TEXTURIZADA EM AMBAS AS FACES, E = 0,50 MM ( NBR 15352)	MANTA TERMOPLASTICA, PEAD, GEOMEMBRANA TEXTURIZADA EM AMBAS AS FACES, E = 0,50 MM ( NBR 15352) [SINAPI 44512]
6081	126788	MANTA TERMOPLASTICA, PEAD, GEOMEMBRANA TEXTURIZADA EM AMBAS AS FACES, E = 0,75 MM ( NBR 15352)	MANTA TERMOPLASTICA, PEAD, GEOMEMBRANA TEXTURIZADA EM AMBAS AS FACES, E = 0,75 MM ( NBR 15352) [SINAPI 44513]
6082	126789	MANTA TERMOPLASTICA, PEAD, GEOMEMBRANA TEXTURIZADA EM AMBAS AS FACES, E = 0,80 MM ( NBR 15352)	MANTA TERMOPLASTICA, PEAD, GEOMEMBRANA TEXTURIZADA EM AMBAS AS FACES, E = 0,80 MM ( NBR 15352) [SINAPI 44514]
6083	126790	MANTA TERMOPLASTICA, PEAD, GEOMEMBRANA TEXTURIZADA EM AMBAS AS FACES, E = 1,00 MM ( NBR 15352)	MANTA TERMOPLASTICA, PEAD, GEOMEMBRANA TEXTURIZADA EM AMBAS AS FACES, E = 1,00 MM ( NBR 15352) [SINAPI 44515]
6084	126791	MANTA TERMOPLASTICA, PEAD, GEOMEMBRANA TEXTURIZADA EM AMBAS AS FACES, E = 1,50 MM ( NBR 15352)	MANTA TERMOPLASTICA, PEAD, GEOMEMBRANA TEXTURIZADA EM AMBAS AS FACES, E = 1,50 MM ( NBR 15352) [SINAPI 44511]
6085	126792	MANTA TERMOPLASTICA, PEAD, GEOMEMBRANA TEXTURIZADA EM AMBAS AS FACES, E = 2,00 MM ( NBR 15352)	MANTA TERMOPLASTICA, PEAD, GEOMEMBRANA TEXTURIZADA EM AMBAS AS FACES, E = 2,00 MM ( NBR 15352) [SINAPI 44516]
6086	126793	MANTA TERMOPLASTICA, PEAD, GEOMEMBRANA TEXTURIZADA EM AMBAS AS FACES, E = 2,50 MM ( NBR 15352)	MANTA TERMOPLASTICA, PEAD, GEOMEMBRANA TEXTURIZADA EM AMBAS AS FACES, E = 2,50 MM ( NBR 15352) [SINAPI 44517]
6087	126794	MASSA ACRILICA PARA SUPERFICIES INTERNAS E EXTERNAS	MASSA ACRILICA PARA SUPERFICIES INTERNAS E EXTERNAS [SINAPI 43651]
6088	126795	MASSA CORRIDA PARA SUPERFICIES DE AMBIENTES INTERNOS	MASSA CORRIDA PARA SUPERFICIES DE AMBIENTES INTERNOS [SINAPI 43626]
6089	126796	MASSA PARA MADEIRA - INTERIOR E EXTERIOR	MASSA PARA MADEIRA - INTERIOR E EXTERIOR [SINAPI 43652]
6090	126797	"MASTRO SIMPLES GALVANIZADO DIAMETRO NOMINAL 1 1/2"""	"MASTRO SIMPLES GALVANIZADO DIAMETRO NOMINAL 1 1/2"" [SINAPI 41387]"
6091	126798	"MASTRO SIMPLES GALVANIZADO DIAMETRO NOMINAL 2"""	"MASTRO SIMPLES GALVANIZADO DIAMETRO NOMINAL 2"" [SINAPI 41388]"
6092	126799	"MASTRO TELESCOPICO DE 4 METROS (3 M X DN= 2"" + 1 M X DN= 1 1/2"")"	"MASTRO TELESCOPICO DE 4 METROS (3 M X DN= 2"" + 1 M X DN= 1 1/2"") [SINAPI 41380]"
6093	126800	"MASTRO TELESCOPICO GALVANIZADO 5 METROS (3 M X DN= 2"" + 2 M X DN= 1 1/2"")"	"MASTRO TELESCOPICO GALVANIZADO 5 METROS (3 M X DN= 2"" + 2 M X DN= 1 1/2"") [SINAPI 41381]"
6094	126801	"MASTRO TELESCOPICO GALVANIZADO 6 METROS (3 M X DN= 2"" + 3 M X DN= 1Â½"")"	"MASTRO TELESCOPICO GALVANIZADO 6 METROS (3 M X DN= 2"" + 3 M X DN= 1Â½"") [SINAPI 41382]"
6095	126802	"MASTRO TELESCOPICO GALVANIZADO 7 METROS (6 M X DN= 2"" + 1 M X DN= 1 1/2"")"	"MASTRO TELESCOPICO GALVANIZADO 7 METROS (6 M X DN= 2"" + 1 M X DN= 1 1/2"") [SINAPI 41383]"
6096	126803	"MASTRO TELESCOPICO GALVANIZADO 9 METROS (6 M X DN= 2"" + 3 M X DN= 1 1/2"")"	"MASTRO TELESCOPICO GALVANIZADO 9 METROS (6 M X DN= 2"" + 3 M X DN= 1 1/2"") [SINAPI 41385]"
3632	126804	MICROESFERAS DE VIDRO PARA SINALIZACAO HORIZONTAL VIARIA, TIPO I-B (PREMIX) - NBR 16184	MICROESFERAS DE VIDRO PARA SINALIZACAO HORIZONTAL VIARIA, TIPO I-B (PREMIX) - NBR 16184 [SINAPI 44478]
6097	126804	MICROESFERAS DE VIDRO PARA SINALIZACAO HORIZONTAL VIARIA, TIPO I-B (PREMIX) - NBR 16184	MICROESFERAS DE VIDRO PARA SINALIZACAO HORIZONTAL VIARIA, TIPO I-B (PREMIX) - NBR 16184 [SINAPI 44478]
3633	126805	MICROESFERAS DE VIDRO PARA SINALIZACAO HORIZONTAL VIARIA, TIPO II-A (DROP-ON) - NBR 16184	MICROESFERAS DE VIDRO PARA SINALIZACAO HORIZONTAL VIARIA, TIPO II-A (DROP-ON) - NBR 16184 [SINAPI 44477]
6098	126805	MICROESFERAS DE VIDRO PARA SINALIZACAO HORIZONTAL VIARIA, TIPO II-A (DROP-ON) - NBR 16184	MICROESFERAS DE VIDRO PARA SINALIZACAO HORIZONTAL VIARIA, TIPO II-A (DROP-ON) - NBR 16184 [SINAPI 44477]
6099	126806	MINICAPTOR, EM ACO GALVANIZADO A FOGO, FIXACAO COM ROSCA SOBERBA OU MECANICA, H=600 MM X DN=10 MM	MINICAPTOR, EM ACO GALVANIZADO A FOGO, FIXACAO COM ROSCA SOBERBA OU MECANICA, H=600 MM X DN=10 MM [SINAPI 41420]
6100	126807	MINICAPTOR, EM ACO GALVANIZADO A FOGO, FIXACAO HORIZONTAL COM BANDEIRA A 20 CM, H=600 MM E X DN=10 MM	MINICAPTOR, EM ACO GALVANIZADO A FOGO, FIXACAO HORIZONTAL COM BANDEIRA A 20 CM, H=600 MM E X DN=10 MM [SINAPI 41422]
6101	126808	MINICAPTOR, EM ACO GALVANIZADO A FOGO, FIXACAO HORIZONTAL DE 1 FUROS, SEM BANDEIRA, H=300 MM X DN=10 MM	MINICAPTOR, EM ACO GALVANIZADO A FOGO, FIXACAO HORIZONTAL DE 1 FUROS, SEM BANDEIRA, H=300 MM X DN=10 MM [SINAPI 41425]
6102	126809	MINICAPTOR, EM ACO GALVANIZADO A FOGO, FIXACAO HORIZONTAL DE 2 FUROS, SEM BANDEIRA, H=600 MM X DN=10 MM	MINICAPTOR, EM ACO GALVANIZADO A FOGO, FIXACAO HORIZONTAL DE 2 FUROS, SEM BANDEIRA, H=600 MM X DN=10 MM [SINAPI 41426]
6103	126810	MINICAPTOR, EM ACO GALVANIZADO A FOGO,Â FIXACAO COM ROSCA SOBERBA OU MECANICA, H=300 MM X DN=10 MM	MINICAPTOR, EM ACO GALVANIZADO A FOGO,Â FIXACAO COM ROSCA SOBERBA OU MECANICA, H=300 MM X DN=10 MM [SINAPI 41419]
6104	126811	MINICAPTOR, EM ACO GALVANIZADO A FOGO,Â FIXACAO HORIZONTAL COM BANDEIRA A 20 CM, H=300 MM E X DN=10 MM	MINICAPTOR, EM ACO GALVANIZADO A FOGO,Â FIXACAO HORIZONTAL COM BANDEIRA A 20 CM, H=300 MM E X DN=10 MM [SINAPI 41421]
6105	126812	MINICAPTORES DE INSERCAO, EM ACO GALVANIZADO A FOGO, H=300 MM X DN=10 MM	MINICAPTORES DE INSERCAO, EM ACO GALVANIZADO A FOGO, H=300 MM X DN=10 MM [SINAPI 41414]
6106	126813	MINICAPTORES DE INSERCAO, EM ACO GALVANIZADO A FOGO, H=600,MM X DN=10,MM	MINICAPTORES DE INSERCAO, EM ACO GALVANIZADO A FOGO, H=600,MM X DN=10,MM [SINAPI 41415]
6107	126814	MONTADOR DE ESTRUTURAS METALICAS HORISTA	MONTADOR DE ESTRUTURAS METALICAS HORISTA [SINAPI 44497]
6108	126815	OPERADOR DE DEMARCADORA DE FAIXAS DE TRAFEGO HORISTA	OPERADOR DE DEMARCADORA DE FAIXAS DE TRAFEGO HORISTA [SINAPI 44501]
6109	126816	OPERADOR DE PAVIMENTADORA / MESA VIBROACABADORA HORISTA	OPERADOR DE PAVIMENTADORA / MESA VIBROACABADORA HORISTA [SINAPI 44500]
6110	126817	PISO EM GRANITO, POLIDO, TIPO MARFIM, DALLAS, CARAVELAS OU OUTROS EQUIVALENTES DA REGIAO, FORMATO MENOR OU IGUAL A 3025 CM2, E= *2*CM	PISO EM GRANITO, POLIDO, TIPO MARFIM, DALLAS, CARAVELAS OU OUTROS EQUIVALENTES DA REGIAO, FORMATO MENOR OU IGUAL A 3025 CM2, E= *2*CM [SINAPI 44540]
6111	126818	PISO/ REVESTIMENTO EM GRANITO, POLIDO, TIPO ANDORINHA/ QUARTZ/ CASTELO/ CORUMBA OU OUTROS EQUIVALENTES DA REGIAO, FORMATO MAIOR OU IGUAL A 3025 CM2, E = *2*CM	PISO/ REVESTIMENTO EM GRANITO, POLIDO, TIPO ANDORINHA/ QUARTZ/ CASTELO/ CORUMBA OU OUTROS EQUIVALENTES DA REGIAO, FORMATO MAIOR OU IGUAL A 3025 CM2, E = *2*CM [SINAPI 44541]
6112	126819	PLACA / CHAPA DE GESSO ACARTONADO, RESISTENTE A UMIDADE (RU), COR VERDE, E = 15 MM, 1200 X 2400 MM (L X C)	PLACA / CHAPA DE GESSO ACARTONADO, RESISTENTE A UMIDADE (RU), COR VERDE, E = 15 MM, 1200 X 2400 MM (L X C) [SINAPI 43742]
6113	126820	PLACA / CHAPA DE GESSO ACARTONADO, RESISTENTE AO FOGO (RF), COR ROSA, E = 15 MM, 1200 X 2400 MM (L X C)	PLACA / CHAPA DE GESSO ACARTONADO, RESISTENTE AO FOGO (RF), COR ROSA, E = 15 MM, 1200 X 2400 MM (L X C) [SINAPI 43740]
6114	126821	PLACA / CHAPA DE GESSO ACARTONADO, STANDARD (ST), COR BRANCA, E = 15 MM, 1200 X 2400 MM (L X C)	PLACA / CHAPA DE GESSO ACARTONADO, STANDARD (ST), COR BRANCA, E = 15 MM, 1200 X 2400 MM (L X C) [SINAPI 43741]
4108	126822	PONTEIRO PARA MARTELO ROMPEDOR, DIAMETRO = *28* MM, COMPRIMENTO = *520* MM, ENCAIXE SEXTAVADO	PONTEIRO PARA MARTELO ROMPEDOR, DIAMETRO = *28* MM, COMPRIMENTO = *520* MM, ENCAIXE SEXTAVADO [SINAPI 44496]
6115	126822	PONTEIRO PARA MARTELO ROMPEDOR, DIAMETRO = *28* MM, COMPRIMENTO = *520* MM, ENCAIXE SEXTAVADO	PONTEIRO PARA MARTELO ROMPEDOR, DIAMETRO = *28* MM, COMPRIMENTO = *520* MM, ENCAIXE SEXTAVADO [SINAPI 44496]
6116	126823	PORTA DENTE PARA FRESADORA	PORTA DENTE PARA FRESADORA [SINAPI 44471]
4160	126823	PORTA DENTE PARA FRESADORA	PORTA DENTE PARA FRESADORA [SINAPI 44471]
6117	126824	POSTE DE CONCRETO ARMADO DE SECAO CIRCULAR, EXTENSAO DE 13,00 M, RESISTENCIA DE 1000 DAN, TIPO C-23	POSTE DE CONCRETO ARMADO DE SECAO CIRCULAR, EXTENSAO DE 13,00 M, RESISTENCIA DE 1000 DAN, TIPO C-23 [SINAPI 41180]
6118	126825	POSTE DE CONCRETO ARMADO DE SECAO CIRCULAR, EXTENSAO DE 13,00 M, RESISTENCIA DE 1500 DAN, TIPO C-29	POSTE DE CONCRETO ARMADO DE SECAO CIRCULAR, EXTENSAO DE 13,00 M, RESISTENCIA DE 1500 DAN, TIPO C-29 [SINAPI 41181]
6119	126826	POSTE DE CONCRETO ARMADO DE SECAO CIRCULAR, EXTENSAO DE 13,00 M, RESISTENCIA DE 2000 DAN, TIPO C-29	POSTE DE CONCRETO ARMADO DE SECAO CIRCULAR, EXTENSAO DE 13,00 M, RESISTENCIA DE 2000 DAN, TIPO C-29 [SINAPI 41182]
6120	126827	POSTE DE CONCRETO ARMADO DE SECAO CIRCULAR, EXTENSAO DE 13,00 M, RESISTENCIA DE 2500 DAN, TIPO C-29	POSTE DE CONCRETO ARMADO DE SECAO CIRCULAR, EXTENSAO DE 13,00 M, RESISTENCIA DE 2500 DAN, TIPO C-29 [SINAPI 41183]
6121	126828	POSTE DE CONCRETO ARMADO DE SECAO CIRCULAR, EXTENSAO DE 13,00 M, RESISTENCIA DE 3000 DAN, TIPO C-29	POSTE DE CONCRETO ARMADO DE SECAO CIRCULAR, EXTENSAO DE 13,00 M, RESISTENCIA DE 3000 DAN, TIPO C-29 [SINAPI 41184]
6122	126829	POSTE DE CONCRETO ARMADO DE SECAO CIRCULAR, EXTENSAO DE 14,00 M, RESISTENCIA DE 1000 DAN, TIPO C-23	POSTE DE CONCRETO ARMADO DE SECAO CIRCULAR, EXTENSAO DE 14,00 M, RESISTENCIA DE 1000 DAN, TIPO C-23 [SINAPI 41185]
6123	126830	POSTE DE CONCRETO ARMADO DE SECAO CIRCULAR, EXTENSAO DE 14,00 M, RESISTENCIA DE 1500 DAN, TIPO C-29	POSTE DE CONCRETO ARMADO DE SECAO CIRCULAR, EXTENSAO DE 14,00 M, RESISTENCIA DE 1500 DAN, TIPO C-29 [SINAPI 41186]
6124	126831	POSTE DE CONCRETO ARMADO DE SECAO CIRCULAR, EXTENSAO DE 14,00 M, RESISTENCIA DE 2000 DAN, TIPO C-29	POSTE DE CONCRETO ARMADO DE SECAO CIRCULAR, EXTENSAO DE 14,00 M, RESISTENCIA DE 2000 DAN, TIPO C-29 [SINAPI 41187]
6125	126832	POSTE DE CONCRETO ARMADO DE SECAO CIRCULAR, EXTENSAO DE 14,00 M, RESISTENCIA DE 2500 DAN, TIPO C-29	POSTE DE CONCRETO ARMADO DE SECAO CIRCULAR, EXTENSAO DE 14,00 M, RESISTENCIA DE 2500 DAN, TIPO C-29 [SINAPI 41188]
6126	126833	POSTE DE CONCRETO ARMADO DE SECAO CIRCULAR, EXTENSAO DE 14,00 M, RESISTENCIA DE 3000 DAN, TIPO C-29	POSTE DE CONCRETO ARMADO DE SECAO CIRCULAR, EXTENSAO DE 14,00 M, RESISTENCIA DE 3000 DAN, TIPO C-29 [SINAPI 41189]
6127	126834	POSTE DE CONCRETO ARMADO DE SECAO CIRCULAR, EXTENSAO DE 15,00 M, RESISTENCIA DE 1000 DAN, TIPO C-23	POSTE DE CONCRETO ARMADO DE SECAO CIRCULAR, EXTENSAO DE 15,00 M, RESISTENCIA DE 1000 DAN, TIPO C-23 [SINAPI 41190]
6128	126835	POSTE DE CONCRETO ARMADO DE SECAO CIRCULAR, EXTENSAO DE 15,00 M, RESISTENCIA DE 1500 DAN, TIPO C-29	POSTE DE CONCRETO ARMADO DE SECAO CIRCULAR, EXTENSAO DE 15,00 M, RESISTENCIA DE 1500 DAN, TIPO C-29 [SINAPI 41191]
6129	126836	POSTE DE CONCRETO ARMADO DE SECAO CIRCULAR, EXTENSAO DE 15,00 M, RESISTENCIA DE 2000 DAN, TIPO C-29	POSTE DE CONCRETO ARMADO DE SECAO CIRCULAR, EXTENSAO DE 15,00 M, RESISTENCIA DE 2000 DAN, TIPO C-29 [SINAPI 41192]
6130	126837	POSTE DE CONCRETO ARMADO DE SECAO CIRCULAR, EXTENSAO DE 15,00 M, RESISTENCIA DE 2500 DAN, TIPO C-29	POSTE DE CONCRETO ARMADO DE SECAO CIRCULAR, EXTENSAO DE 15,00 M, RESISTENCIA DE 2500 DAN, TIPO C-29 [SINAPI 41193]
6131	126838	POSTE DE CONCRETO ARMADO DE SECAO CIRCULAR, EXTENSAO DE 15,00 M, RESISTENCIA DE 3000 DAN, TIPO C-29	POSTE DE CONCRETO ARMADO DE SECAO CIRCULAR, EXTENSAO DE 15,00 M, RESISTENCIA DE 3000 DAN, TIPO C-29 [SINAPI 41194]
6132	126839	POSTE DE CONCRETO ARMADO DE SECAO DUPLO T, EXTENSAO DE 10,00 M, RESISTENCIA DE 1000 DAN, TIPO B-1,5	POSTE DE CONCRETO ARMADO DE SECAO DUPLO T, EXTENSAO DE 10,00 M, RESISTENCIA DE 1000 DAN, TIPO B-1,5 [SINAPI 41201]
6133	126840	POSTE DE CONCRETO ARMADO DE SECAO DUPLO T, EXTENSAO DE 10,00 M, RESISTENCIA DE 150 DAN, TIPO D	POSTE DE CONCRETO ARMADO DE SECAO DUPLO T, EXTENSAO DE 10,00 M, RESISTENCIA DE 150 DAN, TIPO D [SINAPI 41199]
6134	126841	POSTE DE CONCRETO ARMADO DE SECAO DUPLO T, EXTENSAO DE 10,00 M, RESISTENCIA DE 600 DAN, TIPO B	POSTE DE CONCRETO ARMADO DE SECAO DUPLO T, EXTENSAO DE 10,00 M, RESISTENCIA DE 600 DAN, TIPO B [SINAPI 41200]
6135	126842	POSTE DE CONCRETO ARMADO DE SECAO DUPLO T, EXTENSAO DE 11,00 M, RESISTENCIA DE 1000 DAN, TIPO B-1,5	POSTE DE CONCRETO ARMADO DE SECAO DUPLO T, EXTENSAO DE 11,00 M, RESISTENCIA DE 1000 DAN, TIPO B-1,5 [SINAPI 41205]
6136	126843	POSTE DE CONCRETO ARMADO DE SECAO DUPLO T, EXTENSAO DE 11,00 M, RESISTENCIA DE 150 DAN, TIPO D	POSTE DE CONCRETO ARMADO DE SECAO DUPLO T, EXTENSAO DE 11,00 M, RESISTENCIA DE 150 DAN, TIPO D [SINAPI 41202]
6137	126844	POSTE DE CONCRETO ARMADO DE SECAO DUPLO T, EXTENSAO DE 11,00 M, RESISTENCIA DE 1500 DAN, TIPO B-3,0	POSTE DE CONCRETO ARMADO DE SECAO DUPLO T, EXTENSAO DE 11,00 M, RESISTENCIA DE 1500 DAN, TIPO B-3,0 [SINAPI 41206]
39016	126844	POSTE DE CONCRETO ARMADO DE SECAO DUPLO T, EXTENSAO DE 11,00 M, RESISTENCIA DE 1500 DAN, TIPO B-3,0	POSTE DE CONCRETO ARMADO DE SECAO DUPLO T, EXTENSAO DE 11,00 M, RESISTENCIA DE 1500 DAN, TIPO B-3,0 [SINAPI 41206]
6138	126845	POSTE DE CONCRETO ARMADO DE SECAO DUPLO T, EXTENSAO DE 11,00 M, RESISTENCIA DE 2000 DAN, TIPO B-4,5	POSTE DE CONCRETO ARMADO DE SECAO DUPLO T, EXTENSAO DE 11,00 M, RESISTENCIA DE 2000 DAN, TIPO B-4,5 [SINAPI 41207]
6139	126846	POSTE DE CONCRETO ARMADO DE SECAO DUPLO T, EXTENSAO DE 11,00 M, RESISTENCIA DE 300 DAN, TIPO B	POSTE DE CONCRETO ARMADO DE SECAO DUPLO T, EXTENSAO DE 11,00 M, RESISTENCIA DE 300 DAN, TIPO B [SINAPI 41203]
21562	126846	POSTE DE CONCRETO ARMADO DE SECAO DUPLO T, EXTENSAO DE 11,00 M, RESISTENCIA DE 300 DAN, TIPO B	POSTE DE CONCRETO ARMADO DE SECAO DUPLO T, EXTENSAO DE 11,00 M, RESISTENCIA DE 300 DAN, TIPO B [SINAPI 41203]
6140	126847	POSTE DE CONCRETO ARMADO DE SECAO DUPLO T, EXTENSAO DE 11,00 M, RESISTENCIA DE 600 DAN, TIPO B	POSTE DE CONCRETO ARMADO DE SECAO DUPLO T, EXTENSAO DE 11,00 M, RESISTENCIA DE 600 DAN, TIPO B [SINAPI 41204]
6141	126848	POSTE DE CONCRETO ARMADO DE SECAO DUPLO T, EXTENSAO DE 12,00 M, RESISTENCIA DE 1000 DAN, TIPO B-1,5	POSTE DE CONCRETO ARMADO DE SECAO DUPLO T, EXTENSAO DE 12,00 M, RESISTENCIA DE 1000 DAN, TIPO B-1,5 [SINAPI 41210]
6142	126849	POSTE DE CONCRETO ARMADO DE SECAO DUPLO T, EXTENSAO DE 12,00 M, RESISTENCIA DE 150 DAN, TIPO D	POSTE DE CONCRETO ARMADO DE SECAO DUPLO T, EXTENSAO DE 12,00 M, RESISTENCIA DE 150 DAN, TIPO D [SINAPI 41208]
6143	126850	POSTE DE CONCRETO ARMADO DE SECAO DUPLO T, EXTENSAO DE 12,00 M, RESISTENCIA DE 1500 DAN, TIPO B-3,0	POSTE DE CONCRETO ARMADO DE SECAO DUPLO T, EXTENSAO DE 12,00 M, RESISTENCIA DE 1500 DAN, TIPO B-3,0 [SINAPI 41211]
6144	126851	POSTE DE CONCRETO ARMADO DE SECAO DUPLO T, EXTENSAO DE 12,00 M, RESISTENCIA DE 3000 DAN, TIPO B-6,0	POSTE DE CONCRETO ARMADO DE SECAO DUPLO T, EXTENSAO DE 12,00 M, RESISTENCIA DE 3000 DAN, TIPO B-6,0 [SINAPI 41213]
6145	126852	POSTE DE CONCRETO ARMADO DE SECAO DUPLO T, EXTENSAO DE 12,00 M, RESISTENCIA DE 600 DAN, TIPO B	POSTE DE CONCRETO ARMADO DE SECAO DUPLO T, EXTENSAO DE 12,00 M, RESISTENCIA DE 600 DAN, TIPO B [SINAPI 41209]
6146	126853	POSTE DE CONCRETO ARMADO DE SECAO DUPLO T, EXTENSAO DE 13,00 M, RESISTENCIA DE 1000 DAN, TIPO B-1,5	POSTE DE CONCRETO ARMADO DE SECAO DUPLO T, EXTENSAO DE 13,00 M, RESISTENCIA DE 1000 DAN, TIPO B-1,5 [SINAPI 41216]
6147	126854	POSTE DE CONCRETO ARMADO DE SECAO DUPLO T, EXTENSAO DE 13,00 M, RESISTENCIA DE 1500 DAN, TIPO B-3,0	POSTE DE CONCRETO ARMADO DE SECAO DUPLO T, EXTENSAO DE 13,00 M, RESISTENCIA DE 1500 DAN, TIPO B-3,0 [SINAPI 41217]
6148	126855	POSTE DE CONCRETO ARMADO DE SECAO DUPLO T, EXTENSAO DE 13,00 M, RESISTENCIA DE 2000 DAN, TIPO B-4,5	POSTE DE CONCRETO ARMADO DE SECAO DUPLO T, EXTENSAO DE 13,00 M, RESISTENCIA DE 2000 DAN, TIPO B-4,5 [SINAPI 41218]
6149	126856	POSTE DE CONCRETO ARMADO DE SECAO DUPLO T, EXTENSAO DE 13,00 M, RESISTENCIA DE 300 DAN, TIPO B	POSTE DE CONCRETO ARMADO DE SECAO DUPLO T, EXTENSAO DE 13,00 M, RESISTENCIA DE 300 DAN, TIPO B [SINAPI 41214]
6150	126857	POSTE DE CONCRETO ARMADO DE SECAO DUPLO T, EXTENSAO DE 13,00 M, RESISTENCIA DE 600 DAN, TIPO B	POSTE DE CONCRETO ARMADO DE SECAO DUPLO T, EXTENSAO DE 13,00 M, RESISTENCIA DE 600 DAN, TIPO B [SINAPI 41215]
6151	126858	POSTE DE CONCRETO ARMADO DE SECAO DUPLO T, EXTENSAO DE 15,00 M, RESISTENCIA DE 1500 DAN, TIPO B-3,0	POSTE DE CONCRETO ARMADO DE SECAO DUPLO T, EXTENSAO DE 15,00 M, RESISTENCIA DE 1500 DAN, TIPO B-3,0 [SINAPI 41221]
6152	126859	POSTE DE CONCRETO ARMADO DE SECAO DUPLO T, EXTENSAO DE 15,00 M, RESISTENCIA DE 2000 DAN, TIPO B-4,5	POSTE DE CONCRETO ARMADO DE SECAO DUPLO T, EXTENSAO DE 15,00 M, RESISTENCIA DE 2000 DAN, TIPO B-4,5 [SINAPI 41222]
6153	126860	POSTE DE CONCRETO ARMADO DE SECAO DUPLO T, EXTENSAO DE 8,00 M, RESISTENCIA DE 150 DAN, TIPO D	POSTE DE CONCRETO ARMADO DE SECAO DUPLO T, EXTENSAO DE 8,00 M, RESISTENCIA DE 150 DAN, TIPO D [SINAPI 41195]
6154	126861	POSTE DE CONCRETO ARMADO DE SECAO DUPLO T, EXTENSAO DE 9,00 M, RESISTENCIA DE 1000 DAN, TIPO B-1,5	POSTE DE CONCRETO ARMADO DE SECAO DUPLO T, EXTENSAO DE 9,00 M, RESISTENCIA DE 1000 DAN, TIPO B-1,5 [SINAPI 41198]
6155	126862	POSTE DE CONCRETO ARMADO DE SECAO DUPLO T, EXTENSAO DE 9,00 M, RESISTENCIA DE 150 DAN, TIPO D	POSTE DE CONCRETO ARMADO DE SECAO DUPLO T, EXTENSAO DE 9,00 M, RESISTENCIA DE 150 DAN, TIPO D [SINAPI 41196]
6156	126863	POSTE DE CONCRETO ARMADO DE SECAO DUPLO T, EXTENSAO DE 9,00 M, RESISTENCIA DE 600 DAN, TIPO B	POSTE DE CONCRETO ARMADO DE SECAO DUPLO T, EXTENSAO DE 9,00 M, RESISTENCIA DE 600 DAN, TIPO B [SINAPI 41197]
6157	126864	POSTES METALICOS AUTOPORTANTES, CONICO OU TELESCOPICO, PARA SPDA, ALTURA 10 METROS LIVRES	POSTES METALICOS AUTOPORTANTES, CONICO OU TELESCOPICO, PARA SPDA, ALTURA 10 METROS LIVRES [SINAPI 41457]
6158	126865	POSTES METALICOS AUTOPORTANTES, CONICO OU TELESCOPICO, PARA SPDA, ALTURA 12 METROS LIVRES	POSTES METALICOS AUTOPORTANTES, CONICO OU TELESCOPICO, PARA SPDA, ALTURA 12 METROS LIVRES [SINAPI 41458]
6159	126866	POSTES METALICOS AUTOPORTANTES, CONICO OU TELESCOPICO, PARA SPDA, ALTURA 15 METROS LIVRES	POSTES METALICOS AUTOPORTANTES, CONICO OU TELESCOPICO, PARA SPDA, ALTURA 15 METROS LIVRES [SINAPI 41459]
6160	126867	POSTES METALICOS AUTOPORTANTES, CONICO OU TELESCOPICO, PARA SPDA, ALTURA 20 METROS LIVRES	POSTES METALICOS AUTOPORTANTES, CONICO OU TELESCOPICO, PARA SPDA, ALTURA 20 METROS LIVRES [SINAPI 41461]
4196	126868	POZOLANA DE CLASSE C	POZOLANA DE CLASSE C [SINAPI 44537]
6161	126868	POZOLANA DE CLASSE C	POZOLANA DE CLASSE C [SINAPI 44537]
4196	126868	POZOLANA DE CLASSE C	POZOLANA DE CLASSE C [SINAPI 44537]
6162	126869	PRIMER DE POLIURETANO	PRIMER DE POLIURETANO [SINAPI 44074]
6163	126870	PRIMER EPOXI / EPOXIDICO	PRIMER EPOXI / EPOXIDICO [SINAPI 44072]
6164	126871	RASTELEIRO HORISTA	RASTELEIRO HORISTA [SINAPI 44502]
6165	126872	"REBOLO ABRASIVO RETO DE USO GERAL GRAO 36, DE 6 X 1 "" ( DIAMETRO X ALTURA)"	"REBOLO ABRASIVO RETO DE USO GERAL GRAO 36, DE 6 X 1 "" ( DIAMETRO X ALTURA) [SINAPI 44530]"
6166	126873	SERVICO DE BOMBEAMENTO DE CONCRETO COM CONSUMO MINIMO DE 40 M3	SERVICO DE BOMBEAMENTO DE CONCRETO COM CONSUMO MINIMO DE 40 M3 [SINAPI 44535]
4478	126873	SERVICO DE BOMBEAMENTO DE CONCRETO COM CONSUMO MINIMO DE 40 M3	SERVICO DE BOMBEAMENTO DE CONCRETO COM CONSUMO MINIMO DE 40 M3 [SINAPI 44535]
4488	126874	SILICA ATIVA PARA ADICAO EM CONCRETO E ARGAMASSA	SILICA ATIVA PARA ADICAO EM CONCRETO E ARGAMASSA [SINAPI 44536]
6174	126874	SILICA ATIVA PARA ADICAO EM CONCRETO E ARGAMASSA	SILICA ATIVA PARA ADICAO EM CONCRETO E ARGAMASSA [SINAPI 44536]
4488	126874	SILICA ATIVA PARA ADICAO EM CONCRETO E ARGAMASSA	SILICA ATIVA PARA ADICAO EM CONCRETO E ARGAMASSA [SINAPI 44536]
6175	126875	"TARIFA ""A"" ENTRE 0 E 20M3 FORNECIMENTO D'AGUA"	"TARIFA ""A"" ENTRE 0 E 20M3 FORNECIMENTO D'AGUA [SINAPI 44480]"
4619	126875	"TARIFA ""A"" ENTRE 0 E 20M3 FORNECIMENTO D'AGUA"	"TARIFA ""A"" ENTRE 0 E 20M3 FORNECIMENTO D'AGUA [SINAPI 44480]"
35561	126875	"TARIFA ""A"" ENTRE 0 E 20M3 FORNECIMENTO D'AGUA"	"TARIFA ""A"" ENTRE 0 E 20M3 FORNECIMENTO D'AGUA [SINAPI 44480]"
6176	126876	TARUGO DELIMITADOR DE PROFUNDIDADE EM ESPUMA DE POLIETILENO DE BAIXA DENSIDADE 10 MM, CINZA	TARUGO DELIMITADOR DE PROFUNDIDADE EM ESPUMA DE POLIETILENO DE BAIXA DENSIDADE 10 MM, CINZA [SINAPI 44073]
6177	126877	TELA DE ANIAGEM ( JUTA)	TELA DE ANIAGEM ( JUTA) [SINAPI 44529]
6178	126878	TINTA LATEX ACRILICA SUPER PREMIUM, COR BRANCO FOSCO	TINTA LATEX ACRILICA SUPER PREMIUM, COR BRANCO FOSCO [SINAPI 43624]
6179	126879	TORNEIRA CROMADA DE MESA PARA LAVATORIO, MISTURADOR MONOCOMANDO, BICA BAIXA (REF 2875)	TORNEIRA CROMADA DE MESA PARA LAVATORIO, MISTURADOR MONOCOMANDO, BICA BAIXA (REF 2875) [SINAPI 44045]
6180	126880	TORNEIRA DE MESA CROMADA PARA LAVATORIO COM SENSOR DE APROXIMACAO ELETRICO, BIVOLT	TORNEIRA DE MESA CROMADA PARA LAVATORIO COM SENSOR DE APROXIMACAO ELETRICO, BIVOLT [SINAPI 39702]
6181	126881	TUBO DE POLIETILENO DE ALTA DENSIDADE, PEAD, PE-80, DE = 1000 MM X 38,5 MM PAREDE, ( SDR 26 - PN 05 ) PARA REDE DE AGUA OU ESGOTO ( NBR 15561)	TUBO DE POLIETILENO DE ALTA DENSIDADE, PEAD, PE-80, DE = 1000 MM X 38,5 MM PAREDE, ( SDR 26 - PN 05 ) PARA REDE DE AGUA OU ESGOTO ( NBR 15561) [SINAPI 44543]
6182	126882	TUBO DE POLIETILENO DE ALTA DENSIDADE, PEAD, PE-80, DE = 110 MM X 10,0 MM PAREDE, ( SDR 11 - PN 12,5 ) PARA REDE DE AGUA OU ESGOTO ( NBR 15561)	TUBO DE POLIETILENO DE ALTA DENSIDADE, PEAD, PE-80, DE = 110 MM X 10,0 MM PAREDE, ( SDR 11 - PN 12,5 ) PARA REDE DE AGUA OU ESGOTO ( NBR 15561) [SINAPI 44526]
6183	126883	TUBO DE POLIETILENO DE ALTA DENSIDADE, PEAD, PE-80, DE = 1200 MM X 37,2 MM PAREDE ( SDR 32,25 - PN 04 ) PARA REDE DE AGUA OU ESGOTO ( NBR 15561)	TUBO DE POLIETILENO DE ALTA DENSIDADE, PEAD, PE-80, DE = 1200 MM X 37,2 MM PAREDE ( SDR 32,25 - PN 04 ) PARA REDE DE AGUA OU ESGOTO ( NBR 15561) [SINAPI 44518]
6184	126884	TUBO DE POLIETILENO DE ALTA DENSIDADE, PEAD, PE-80, DE = 1400 MM X 42,9 MM PAREDE, (SDR 32,25 - PN 04 ) PARA REDE DE AGUA OU ESGOTO ( NBR 15561)	TUBO DE POLIETILENO DE ALTA DENSIDADE, PEAD, PE-80, DE = 1400 MM X 42,9 MM PAREDE, (SDR 32,25 - PN 04 ) PARA REDE DE AGUA OU ESGOTO ( NBR 15561) [SINAPI 44544]
6185	126885	TUBO DE POLIETILENO DE ALTA DENSIDADE, PEAD, PE-80, DE = 160 MM X 14,6 MM PAREDE, (SDR 11 - PN 12,5 ) PARA REDE DE AGUA OU ESGOTO ( NBR 15561)	TUBO DE POLIETILENO DE ALTA DENSIDADE, PEAD, PE-80, DE = 160 MM X 14,6 MM PAREDE, (SDR 11 - PN 12,5 ) PARA REDE DE AGUA OU ESGOTO ( NBR 15561) [SINAPI 44545]
6186	126886	TUBO DE POLIETILENO DE ALTA DENSIDADE, PEAD, PE-80, DE = 1600 MM X 49,0 MM PAREDE, ( SDR 32,25 - PN 04 ) PARA REDE DE AGUA OU ESGOTO ( NBR 15561)	TUBO DE POLIETILENO DE ALTA DENSIDADE, PEAD, PE-80, DE = 1600 MM X 49,0 MM PAREDE, ( SDR 32,25 - PN 04 ) PARA REDE DE AGUA OU ESGOTO ( NBR 15561) [SINAPI 44546]
6187	126887	TUBO DE POLIETILENO DE ALTA DENSIDADE, PEAD, PE-80, DE = 900 MM X 34,7 MM PAREDE, ( SDR 26 - PN 05 ) PARA REDE DE AGUA OU ESGOTO ( NBR 15561)	TUBO DE POLIETILENO DE ALTA DENSIDADE, PEAD, PE-80, DE = 900 MM X 34,7 MM PAREDE, ( SDR 26 - PN 05 ) PARA REDE DE AGUA OU ESGOTO ( NBR 15561) [SINAPI 44525]
6188	126888	TUBO DE POLIETILENO DE ALTA DENSIDADE, PEAD, PE-80, DE= 200 MM X 18,2 MM PAREDE, ( SDR 11 - PN 12,5 ) PARA REDE DE AGUA OU ESGOTO ( NBR 15561)	TUBO DE POLIETILENO DE ALTA DENSIDADE, PEAD, PE-80, DE= 200 MM X 18,2 MM PAREDE, ( SDR 11 - PN 12,5 ) PARA REDE DE AGUA OU ESGOTO ( NBR 15561) [SINAPI 44547]
6189	126889	TUBO DE POLIETILENO DE ALTA DENSIDADE, PEAD, PE-80, DE= 315 MM X 28,7 MM PAREDE, ( SDR 11 - PN 12,5 ) PARA REDE DE AGUA OU ESGOTO ( NBR 15561)	TUBO DE POLIETILENO DE ALTA DENSIDADE, PEAD, PE-80, DE= 315 MM X 28,7 MM PAREDE, ( SDR 11 - PN 12,5 ) PARA REDE DE AGUA OU ESGOTO ( NBR 15561) [SINAPI 44519]
6190	126890	TUBO DE POLIETILENO DE ALTA DENSIDADE, PEAD, PE-80, DE= 400 MM X 36,4 MM PAREDE, ( SDR 11 - PN 12,5 ) PARA REDE DE AGUA OU ESGOTO ( NBR 15561)	TUBO DE POLIETILENO DE ALTA DENSIDADE, PEAD, PE-80, DE= 400 MM X 36,4 MM PAREDE, ( SDR 11 - PN 12,5 ) PARA REDE DE AGUA OU ESGOTO ( NBR 15561) [SINAPI 44520]
6191	126891	TUBO DE POLIETILENO DE ALTA DENSIDADE, PEAD, PE-80, DE= 50 MM X 4,6 MM PAREDE, (SDR 11 - PN 12,5) PARA REDE DE AGUA OU ESGOTO ( NBR 15561)	TUBO DE POLIETILENO DE ALTA DENSIDADE, PEAD, PE-80, DE= 50 MM X 4,6 MM PAREDE, (SDR 11 - PN 12,5) PARA REDE DE AGUA OU ESGOTO ( NBR 15561) [SINAPI 44521]
6192	126892	TUBO DE POLIETILENO DE ALTA DENSIDADE, PEAD, PE-80, DE= 500 MM X 45,5 MM PAREDE, ( SDR 11 - PN 12,5 ) PARA REDE DE AGUA OU ESGOTO ( NBR 15561)	TUBO DE POLIETILENO DE ALTA DENSIDADE, PEAD, PE-80, DE= 500 MM X 45,5 MM PAREDE, ( SDR 11 - PN 12,5 ) PARA REDE DE AGUA OU ESGOTO ( NBR 15561) [SINAPI 44522]
6193	126893	TUBO DE POLIETILENO DE ALTA DENSIDADE, PEAD, PE-80, DE= 630 MM X 57,3 MM PAREDE (SDR 11 - PN 12,5 ) PARA REDE DE AGUA OU ESGOTO ( NBR 15561)	TUBO DE POLIETILENO DE ALTA DENSIDADE, PEAD, PE-80, DE= 630 MM X 57,3 MM PAREDE (SDR 11 - PN 12,5 ) PARA REDE DE AGUA OU ESGOTO ( NBR 15561) [SINAPI 44523]
6194	126894	TUBO DE POLIETILENO DE ALTA DENSIDADE, PEAD, PE-80, DE= 730 MM X 34,1 MM PAREDE, ( SDR 21 - PN 06 ) PARA REDE DE AGUA OU ESGOTO ( NBR 15561)	TUBO DE POLIETILENO DE ALTA DENSIDADE, PEAD, PE-80, DE= 730 MM X 34,1 MM PAREDE, ( SDR 21 - PN 06 ) PARA REDE DE AGUA OU ESGOTO ( NBR 15561) [SINAPI 44527]
6195	126895	TUBO DE POLIETILENO DE ALTA DENSIDADE, PEAD, PE-80, DE= 75 MM X 6,9 MM PAREDE, ( SRD 11 - PN 12,5 ) PARA REDE DE AGUA OU ESGOTO ( NBR 15561)	TUBO DE POLIETILENO DE ALTA DENSIDADE, PEAD, PE-80, DE= 75 MM X 6,9 MM PAREDE, ( SRD 11 - PN 12,5 ) PARA REDE DE AGUA OU ESGOTO ( NBR 15561) [SINAPI 44524]
6196	126896	TUBO DE POLIETILENO DE ALTA DENSIDADE, PEAD, PE-80, DE= 800 MM X 30,8 MM PAREDE, ( SDR 26 - PN 05 ) PARA REDE DE AGUA OU ESGOTO ( NBR 15561)	TUBO DE POLIETILENO DE ALTA DENSIDADE, PEAD, PE-80, DE= 800 MM X 30,8 MM PAREDE, ( SDR 26 - PN 05 ) PARA REDE DE AGUA OU ESGOTO ( NBR 15561) [SINAPI 44542]
6197	126897	USINA DE ASFALTO, GRAVIMETRICA, CAPACIDADE DE 150 T/H, POTENCIA DE 400 KW	USINA DE ASFALTO, GRAVIMETRICA, CAPACIDADE DE 150 T/H, POTENCIA DE 400 KW [SINAPI 44469]
35688	126897	USINA DE ASFALTO, GRAVIMETRICA, CAPACIDADE DE 150 T/H, POTENCIA DE 400 KW	USINA DE ASFALTO, GRAVIMETRICA, CAPACIDADE DE 150 T/H, POTENCIA DE 400 KW [SINAPI 44469]
5474	126897	USINA DE ASFALTO, GRAVIMETRICA, CAPACIDADE DE 150 T/H, POTENCIA DE 400 KW	USINA DE ASFALTO, GRAVIMETRICA, CAPACIDADE DE 150 T/H, POTENCIA DE 400 KW [SINAPI 44469]
6198	126898	VIBROACABADORA DE ASFALTO SOBRE ESTEIRAS, LARG. PAVIM. MAX. 8,00 M, POT. 100 KW/ 134 HP, CAP. 600 T/ H	VIBROACABADORA DE ASFALTO SOBRE ESTEIRAS, LARG. PAVIM. MAX. 8,00 M, POT. 100 KW/ 134 HP, CAP. 600 T/ H [SINAPI 44491]
6199	126899	VIBROACABADORA DE ASFALTO SOBRE ESTEIRAS, LARG. PAVIM. 2,13 M A 4,55 M, POT. 74 KW/ 100 HP, CAP. 400 T/ H	VIBROACABADORA DE ASFALTO SOBRE ESTEIRAS, LARG. PAVIM. 2,13 M A 4,55 M, POT. 74 KW/ 100 HP, CAP. 400 T/ H [SINAPI 44470]
35700	126899	VIBROACABADORA DE ASFALTO SOBRE ESTEIRAS, LARG. PAVIM. 2,13 M A 4,55 M, POT. 74 KW/ 100 HP, CAP. 400 T/ H	VIBROACABADORA DE ASFALTO SOBRE ESTEIRAS, LARG. PAVIM. 2,13 M A 4,55 M, POT. 74 KW/ 100 HP, CAP. 400 T/ H [SINAPI 44470]
5553	126899	VIBROACABADORA DE ASFALTO SOBRE ESTEIRAS, LARG. PAVIM. 2,13 M A 4,55 M, POT. 74 KW/ 100 HP, CAP. 400 T/ H	VIBROACABADORA DE ASFALTO SOBRE ESTEIRAS, LARG. PAVIM. 2,13 M A 4,55 M, POT. 74 KW/ 100 HP, CAP. 400 T/ H [SINAPI 44470]
6214	126900	"DOBRADICA EM ACO/FERRO, 3"" X 2 1/2"", E= 1,2 A 1,8 MM, SEM ANEL, CROMADO OU ZINCADO, TAMPA BOLA, COM PARAFUSOS"	"DOBRADICA EM ACO/FERRO, 3"" X 2 1/2"", E= 1,2 A 1,8 MM, SEM ANEL, CROMADO OU ZINCADO, TAMPA BOLA, COM PARAFUSOS [SINAPI 2418]"
6215	126901	"HASTE DE ATERRAMENTO EM ACO COM 3,00 M DE COMPRIMENTO E DN = 3/4"", REVESTIDA COM BAIXA CAMADA DE COBRE, SEM CONECTOR"	"HASTE DE ATERRAMENTO EM ACO COM 3,00 M DE COMPRIMENTO E DN = 3/4"", REVESTIDA COM BAIXA CAMADA DE COBRE, SEM CONECTOR [SINAPI 3378]"
6216	126902	"HASTE DE ATERRAMENTO EM ACO COM 3,00 M DE COMPRIMENTO E DN = 5/8"", REVESTIDA COM BAIXA CAMADA DE COBRE, COM CONECTOR TIPO GRAMPO"	"HASTE DE ATERRAMENTO EM ACO COM 3,00 M DE COMPRIMENTO E DN = 5/8"", REVESTIDA COM BAIXA CAMADA DE COBRE, COM CONECTOR TIPO GRAMPO [SINAPI 3380]"
6217	126903	"HASTE DE ATERRAMENTO EM ACO COM 3,00 M DE COMPRIMENTO E DN = 5/8"", REVESTIDA COM BAIXA CAMADA DE COBRE, SEM CONECTOR"	"HASTE DE ATERRAMENTO EM ACO COM 3,00 M DE COMPRIMENTO E DN = 5/8"", REVESTIDA COM BAIXA CAMADA DE COBRE, SEM CONECTOR [SINAPI 3379]"
45473	126903	"HASTE DE ATERRAMENTO EM ACO COM 3,00 M DE COMPRIMENTO E DN = 5/8"", REVESTIDA COM BAIXA CAMADA DE COBRE, SEM CONECTOR"	"HASTE DE ATERRAMENTO EM ACO COM 3,00 M DE COMPRIMENTO E DN = 5/8"", REVESTIDA COM BAIXA CAMADA DE COBRE, SEM CONECTOR [SINAPI 3379]"
6218	126904	JANELA BASCULANTE, ACO, COM BATENTE/REQUADRO, 60 X 80 CM (SEM VIDROS)	JANELA BASCULANTE, ACO, COM BATENTE/REQUADRO, 60 X 80 CM (SEM VIDROS) [SINAPI 615]
6219	126905	JANELA DE CORRER, ACO, BATENTE/REQUADRO DE 6 A 14 CM, QUADRICULADA, PINTURA ANTICORROSIVA, SEM VIDRO, BANDEIRA COM BASCULA, 4 FLS, 120 X 150 CM (A X L)	JANELA DE CORRER, ACO, BATENTE/REQUADRO DE 6 A 14 CM, QUADRICULADA, PINTURA ANTICORROSIVA, SEM VIDRO, BANDEIRA COM BASCULA, 4 FLS, 120 X 150 CM (A X L) [SINAPI 606]
6220	126906	LUMINARIA FECHADA P/ ILUMINACAO PUBLICA, TIPO ABL 50/F OU EQUIV, P/ LAMPADA A VAPOR DE MERCURIO 400W	LUMINARIA FECHADA P/ ILUMINACAO PUBLICA, TIPO ABL 50/F OU EQUIV, P/ LAMPADA A VAPOR DE MERCURIO 400W [SINAPI 13382]
6221	126907	!EM PROCESSO DE DESATIVACAO!JANELA DE CORRER, ACO, BATENTE/REQUADRO DE 6 A 14 CM, COM DIVISAO HORIZ , PINT ANTICORROSIVA, SEM VIDRO, BANDEIRA COM BASCULA, 4 FLS, 120 X 150 CM (A X L)	!EM PROCESSO DE DESATIVACAO!JANELA DE CORRER, ACO, BATENTE/REQUADRO DE 6 A 14 CM, COM DIVISAO HORIZ , PINT ANTICORROSIVA, SEM VIDRO, BANDEIRA COM BASCULA, 4 FLS, 120 X 150 CM (A X L) [SINAPI 11199]
6222	126908	"!EM PROCESSO DESATIVACAO! ELETRODUTO EM ACO GALVANIZADO ELETROLITICO, LEVE, DIAMETRO 1"", PAREDE DE 0,90 MM"	"!EM PROCESSO DESATIVACAO! ELETRODUTO EM ACO GALVANIZADO ELETROLITICO, LEVE, DIAMETRO 1"", PAREDE DE 0,90 MM [SINAPI 21136]"
6223	126909	"!EM PROCESSO DESATIVACAO! ELETRODUTO EM ACO GALVANIZADO ELETROLITICO, LEVE, DIAMETRO 3/4"", PAREDE DE 0,90 MM"	"!EM PROCESSO DESATIVACAO! ELETRODUTO EM ACO GALVANIZADO ELETROLITICO, LEVE, DIAMETRO 3/4"", PAREDE DE 0,90 MM [SINAPI 21128]"
6224	126910	"!EM PROCESSO DESATIVACAO! ELETRODUTO EM ACO GALVANIZADO ELETROLITICO, SEMI-PESADO, DIAMETRO 1 1/2"", PAREDE DE 1,20 MM"	"!EM PROCESSO DESATIVACAO! ELETRODUTO EM ACO GALVANIZADO ELETROLITICO, SEMI-PESADO, DIAMETRO 1 1/2"", PAREDE DE 1,20 MM [SINAPI 21130]"
6225	126911	"!EM PROCESSO DESATIVACAO! ELETRODUTO EM ACO GALVANIZADO ELETROLITICO, SEMI-PESADO, DIAMETRO 1 1/4"", PAREDE DE 1,20 MM"	"!EM PROCESSO DESATIVACAO! ELETRODUTO EM ACO GALVANIZADO ELETROLITICO, SEMI-PESADO, DIAMETRO 1 1/4"", PAREDE DE 1,20 MM [SINAPI 21135]"
6444	127625	CAMINHAO TOCO, PESO BRUTO TOTAL 13200 KG, CARGA UTIL MAXIMA 9200 KG, DISTANCIA ENTRE EIXOS 3,31 M, POTENCIA 175 CV (INCLUI CABINE E CHASSI, NAO INCLUI CARROCERIA)	CAMINHAO TOCO, PESO BRUTO TOTAL 13200 KG, CARGA UTIL MAXIMA 9200 KG, DISTANCIA ENTRE EIXOS 3,31 M, POTENCIA 175 CV (INCLUI CABINE E CHASSI, NAO INCLUI CARROCERIA) [SINAPI 44057]
6443	127626	BENTONITA, ARGILA CONSTITUIDA POR MONTMORILONITA	BENTONITA, ARGILA CONSTITUIDA POR MONTMORILONITA [SINAPI 43366]
6451	127634	CADEADO EM ACO INOX, LARGURA DE *50* MM, COM HASTE EM ACO TEMPERADO, SEM MOLA - CHAVES INCLUIDAS	CADEADO EM ACO INOX, LARGURA DE *50* MM, COM HASTE EM ACO TEMPERADO, SEM MOLA - CHAVES INCLUIDAS [SINAPI 41758]
6452	127635	CHAPA DE MADEIRA COMPENSADA DE PINUS, VIROLA OU EQUIVALENTE, DE *2,2 X 1,6* M, E = 6 MM	CHAPA DE MADEIRA COMPENSADA DE PINUS, VIROLA OU EQUIVALENTE, DE *2,2 X 1,6* M, E = 6 MM [SINAPI 1363]
6453	127636	CHAPA DE MADEIRA COMPENSADA PLASTIFICADA PARA FORMA DE CONCRETO, DE 2,20 x 1,10 M, E = 6 MM	CHAPA DE MADEIRA COMPENSADA PLASTIFICADA PARA FORMA DE CONCRETO, DE 2,20 x 1,10 M, E = 6 MM [SINAPI 1344]
6454	127637	CHAPA DE MADEIRA COMPENSADA PLASTIFICADA PARA FORMA DE CONCRETO, DE 2,20 X 1,10 m, E = 14 MM	CHAPA DE MADEIRA COMPENSADA PLASTIFICADA PARA FORMA DE CONCRETO, DE 2,20 X 1,10 m, E = 14 MM [SINAPI 1342]
6455	127638	CHAPA DE MADEIRA COMPENSADA PLASTIFICADA PARA FORMA DE CONCRETO, DE 2,20 X 1,10 M, E = 20 MM	CHAPA DE MADEIRA COMPENSADA PLASTIFICADA PARA FORMA DE CONCRETO, DE 2,20 X 1,10 M, E = 20 MM [SINAPI 1349]
6456	127639	CHAPA DE MADEIRA COMPENSADA RESINADA PARA FORMA DE CONCRETO, DE *2,2 X 1,1* M, E = 10 MM	CHAPA DE MADEIRA COMPENSADA RESINADA PARA FORMA DE CONCRETO, DE *2,2 X 1,1* M, E = 10 MM [SINAPI 1350]
6457	127640	CHAPA DE MADEIRA COMPENSADA RESINADA PARA FORMA DE CONCRETO, DE *2,2 X 1,1* M, E = 12 MM	CHAPA DE MADEIRA COMPENSADA RESINADA PARA FORMA DE CONCRETO, DE *2,2 X 1,1* M, E = 12 MM [SINAPI 1357]
6458	127641	CHAPA DE MADEIRA COMPENSADA RESINADA PARA FORMA DE CONCRETO, DE *2,2 X 1,1* M, E = 20 MM	CHAPA DE MADEIRA COMPENSADA RESINADA PARA FORMA DE CONCRETO, DE *2,2 X 1,1* M, E = 20 MM [SINAPI 1359]
6459	127642	CHAPA DE MADEIRA COMPENSADA RESINADA PARA FORMA DE CONCRETO, DE *2,2 X 1,1* M, E = 6 MM	CHAPA DE MADEIRA COMPENSADA RESINADA PARA FORMA DE CONCRETO, DE *2,2 X 1,1* M, E = 6 MM [SINAPI 1351]
6460	127643	CREMONA COM CASTANHA BIPARTIDA, COM VARA DE 1.50 M, EM LATAO CROMADO, PARA PORTAS E JANELAS - COMPLETA	CREMONA COM CASTANHA BIPARTIDA, COM VARA DE 1.50 M, EM LATAO CROMADO, PARA PORTAS E JANELAS - COMPLETA [SINAPI 3113]
6461	127644	DIVISORIA COLMEIA CEGA COM MONTANTE E RODAPE DE ALUMINIO ANODIZADO SIMPLES (SEM COLOCACAO)	DIVISORIA COLMEIA CEGA COM MONTANTE E RODAPE DE ALUMINIO ANODIZADO SIMPLES (SEM COLOCACAO) [SINAPI 2404]
6462	127645	ESCAVADEIRA DRAGA DE ARRASTE, CAP. 3/4 JC 140HP (INCL MANUTENCAO/OPERACAO)	ESCAVADEIRA DRAGA DE ARRASTE, CAP. 3/4 JC 140HP (INCL MANUTENCAO/OPERACAO) [SINAPI 2720]
6463	127646	ESCAVADEIRA HIDRAULICA SOBRE ESTEIRAS DE 99 HP, PESO OPERACIONAL DE *16* T E CAPACIDADE DE 0,85 A 1,00 M3 (LOCACAO COM OPERADOR, COMBUSTIVEL E MANUTENCAO)	ESCAVADEIRA HIDRAULICA SOBRE ESTEIRAS DE 99 HP, PESO OPERACIONAL DE *16* T E CAPACIDADE DE 0,85 A 1,00 M3 (LOCACAO COM OPERADOR, COMBUSTIVEL E MANUTENCAO) [SINAPI 2719]
6464	127647	FUNDO SINTETICO NIVELADOR BRANCO FOSCO PARA MADEIRA	FUNDO SINTETICO NIVELADOR BRANCO FOSCO PARA MADEIRA [SINAPI 6086]
48078	127647	FUNDO SINTETICO NIVELADOR BRANCO FOSCO PARA MADEIRA	FUNDO SINTETICO NIVELADOR BRANCO FOSCO PARA MADEIRA [SINAPI 6086]
6060	127647	FUNDO SINTETICO NIVELADOR BRANCO FOSCO PARA MADEIRA	FUNDO SINTETICO NIVELADOR BRANCO FOSCO PARA MADEIRA [SINAPI 6086]
6465	127648	GRADIL *1320 X 2170* MM (A X L) EM BARRA DE ACO CHATA *25 MM X 2* MM, ENTRELACADA COM BARRA ACO REDONDA *5* MM, MALHA *65 X 132* MM, GALVANIZADO E PINTURA ELETROSTATICA, COR PRETO	GRADIL *1320 X 2170* MM (A X L) EM BARRA DE ACO CHATA *25 MM X 2* MM, ENTRELACADA COM BARRA ACO REDONDA *5* MM, MALHA *65 X 132* MM, GALVANIZADO E PINTURA ELETROSTATICA, COR PRETO [SINAPI 38968]
6466	127649	JANELA DE CORRER, ACO, BATENTE/REQUADRO DE 6 A 14 CM, VENEZIANA, PINT ANTICORROSIVA, PINT ACABAMENTO, COM VIDRO, 6 FLS, 120 X 150 CM (A X L)	JANELA DE CORRER, ACO, BATENTE/REQUADRO DE 6 A 14 CM, VENEZIANA, PINT ANTICORROSIVA, PINT ACABAMENTO, COM VIDRO, 6 FLS, 120 X 150 CM (A X L) [SINAPI 11193]
6467	127650	JANELA DE CORRER, ACO, COM BATENTE/REQUADRO DE 6 A 14 CM, SEM DIVISAO, PINT ANTICORROSIVA, PINT ACABAMENTO, COM VIDRO, SEM BANDEIRA, 2 FLS, 120 X 150 CM (A X L)	JANELA DE CORRER, ACO, COM BATENTE/REQUADRO DE 6 A 14 CM, SEM DIVISAO, PINT ANTICORROSIVA, PINT ACABAMENTO, COM VIDRO, SEM BANDEIRA, 2 FLS, 120 X 150 CM (A X L) [SINAPI 11197]
6468	127651	LOCACAO DE GRUPO GERADOR ACIMA DE * 20 A 80* KVA, MOTOR DIESEL, REBOCAVEL, ACIONAMENTO MANUAL	LOCACAO DE GRUPO GERADOR ACIMA DE * 20 A 80* KVA, MOTOR DIESEL, REBOCAVEL, ACIONAMENTO MANUAL [SINAPI 3345]
6469	127652	LOCACAO DE GRUPO GERADOR DE *400* KVA, DIESEL REBOCAVEL, ACIONAMENTO MANUAL	LOCACAO DE GRUPO GERADOR DE *400* KVA, DIESEL REBOCAVEL, ACIONAMENTO MANUAL [SINAPI 39834]
6470	127653	LOCACAO DE GRUPO GERADOR DE *550* KVA, DIESEL REBOCAVEL, ACIONAMENTO MANUAL	LOCACAO DE GRUPO GERADOR DE *550* KVA, DIESEL REBOCAVEL, ACIONAMENTO MANUAL [SINAPI 39835]
6471	127654	LONA PLASTICA, PRETA, LARGURA 8 M, E= 150 MICRA	LONA PLASTICA, PRETA, LARGURA 8 M, E= 150 MICRA [SINAPI 3779]
6472	127655	MASSA CORRIDA PVA PARA PAREDES INTERNAS	MASSA CORRIDA PVA PARA PAREDES INTERNAS [SINAPI 4051]
6473	127655	MASSA CORRIDA PVA PARA PAREDES INTERNAS	MASSA CORRIDA PVA PARA PAREDES INTERNAS [SINAPI 4051]
6473	127656	MASSA CORRIDA PVA PARA PAREDES INTERNAS	MASSA CORRIDA PVA PARA PAREDES INTERNAS [SINAPI 4047]
6472	127656	MASSA CORRIDA PVA PARA PAREDES INTERNAS	MASSA CORRIDA PVA PARA PAREDES INTERNAS [SINAPI 4047]
6474	127657	PORTA DE MADEIRA, FOLHA LEVE (NBR 15930), E = 35 MM, NUCLEO COLMEIA, CAPA LISA EM HDF, ACABAMENTO MELAMINICO EM PADRAO MADEIRA	PORTA DE MADEIRA, FOLHA LEVE (NBR 15930), E = 35 MM, NUCLEO COLMEIA, CAPA LISA EM HDF, ACABAMENTO MELAMINICO EM PADRAO MADEIRA [SINAPI 11367]
6475	127658	PUXADOR CONCHA DE EMBUTIR, EM LATAO CROMADO, PARA PORTA / JANELA DE CORRER, LISO, SEM FURO PARA CHAVE, COM FUROS PARA FIXAR PARAFUSOS, *30 X 90* MM (LARGURA X ALTURA)	PUXADOR CONCHA DE EMBUTIR, EM LATAO CROMADO, PARA PORTA / JANELA DE CORRER, LISO, SEM FURO PARA CHAVE, COM FUROS PARA FIXAR PARAFUSOS, *30 X 90* MM (LARGURA X ALTURA) [SINAPI 11523]
6476	127659	SARRAFO DE MADEIRA NAO APARELHADA *2,5 X 15* CM, MACARANDUBA, ANGELIM OU EQUIVALENTE DA REGIAO	SARRAFO DE MADEIRA NAO APARELHADA *2,5 X 15* CM, MACARANDUBA, ANGELIM OU EQUIVALENTE DA REGIAO [SINAPI 6204]
6477	127660	"TABUA DE MADEIRA NAO APARELHADA *2,5 X 30 CM (1 X 12 "") PINUS, MISTA OU EQUIVALENTE DA REGIAO"	"TABUA DE MADEIRA NAO APARELHADA *2,5 X 30 CM (1 X 12 "") PINUS, MISTA OU EQUIVALENTE DA REGIAO [SINAPI 6188]"
6478	127661	TERMINAL DE PORCELANA (MUFLA) UNIPOLAR, USO EXTERNO, TENSAO 3,6/6 KV, PARA CABO DE 10/16 MM2, COM ISOLAMENTO EPR	TERMINAL DE PORCELANA (MUFLA) UNIPOLAR, USO EXTERNO, TENSAO 3,6/6 KV, PARA CABO DE 10/16 MM2, COM ISOLAMENTO EPR [SINAPI 4126]
6479	127662	TINTA A OLEO BRILHANTE PARA MADEIRA E METAIS	TINTA A OLEO BRILHANTE PARA MADEIRA E METAIS [SINAPI 7287]
6480	127663	TINTA ACRILICA PREMIUM PARA PISO	TINTA ACRILICA PREMIUM PARA PISO [SINAPI 7347]
4977	127663	TINTA ACRILICA PREMIUM PARA PISO	TINTA ACRILICA PREMIUM PARA PISO [SINAPI 7347]
41647	127663	TINTA ACRILICA PREMIUM PARA PISO	TINTA ACRILICA PREMIUM PARA PISO [SINAPI 7347]
46466	127663	TINTA ACRILICA PREMIUM PARA PISO	TINTA ACRILICA PREMIUM PARA PISO [SINAPI 7347]
6481	127664	TINTA LATEX PVA PREMIUM, COR BRANCA	TINTA LATEX PVA PREMIUM, COR BRANCA [SINAPI 7345]
6482	127664	TINTA LATEX PVA PREMIUM, COR BRANCA	TINTA LATEX PVA PREMIUM, COR BRANCA [SINAPI 7345]
6482	127665	TINTA LATEX PVA PREMIUM, COR BRANCA	TINTA LATEX PVA PREMIUM, COR BRANCA [SINAPI 7344]
6481	127665	TINTA LATEX PVA PREMIUM, COR BRANCA	TINTA LATEX PVA PREMIUM, COR BRANCA [SINAPI 7344]
6483	127666	VERNIZ POLIURETANO BRILHANTE PARA MADEIRA, SEM FILTRO SOLAR, USO INTERNO E EXTERNO	VERNIZ POLIURETANO BRILHANTE PARA MADEIRA, SEM FILTRO SOLAR, USO INTERNO E EXTERNO [SINAPI 40514]
6484	127667	VIGOTA DE MADEIRA NAO APARELHADA *5 X 10* CM, MACARANDUBA, ANGELIM OU EQUIVALENTE DA REGIAO	VIGOTA DE MADEIRA NAO APARELHADA *5 X 10* CM, MACARANDUBA, ANGELIM OU EQUIVALENTE DA REGIAO [SINAPI 4487]
6485	127668	!EM PROCESSO DE DESATIVACAO!MASSA A OLEO PARA MADEIRA	!EM PROCESSO DE DESATIVACAO!MASSA A OLEO PARA MADEIRA [SINAPI 4053]
6486	127669	!EM PROCESSO DE DESATIVACAO!MASSA ACRILICA PARA PAREDES INTERIOR/EXTERIOR	!EM PROCESSO DE DESATIVACAO!MASSA ACRILICA PARA PAREDES INTERIOR/EXTERIOR [SINAPI 4056]
6487	127670	AGUA SANITARIA	AGUA SANITARIA [SINAPI 13003]
6488	127671	ANEL BORRACHA, PARA TUBO PVC, REDE COLETOR ESGOTO, DN 125 MM (NBR 7362)	ANEL BORRACHA, PARA TUBO PVC, REDE COLETOR ESGOTO, DN 125 MM (NBR 7362) [SINAPI 304]
6489	127672	ANEL DE CONCRETO ARMADO, D = *1,10* M, H = 0,30 M	ANEL DE CONCRETO ARMADO, D = *1,10* M, H = 0,30 M [SINAPI 12548]
6490	127673	ANEL DE CONCRETO ARMADO, D = 0,60 M, H = 0,10 M	ANEL DE CONCRETO ARMADO, D = 0,60 M, H = 0,10 M [SINAPI 13113]
6491	127674	ANEL DE CONCRETO ARMADO, D = 0,60 M, H = 0,15 M	ANEL DE CONCRETO ARMADO, D = 0,60 M, H = 0,15 M [SINAPI 13114]
17672	127674	ANEL DE CONCRETO ARMADO, D = 0,60 M, H = 0,15 M	ANEL DE CONCRETO ARMADO, D = 0,60 M, H = 0,15 M [SINAPI 13114]
6492	127675	ANEL DE CONCRETO ARMADO, D = 0,60 M, H = 0,30 M	ANEL DE CONCRETO ARMADO, D = 0,60 M, H = 0,30 M [SINAPI 12530]
17673	127675	ANEL DE CONCRETO ARMADO, D = 0,60 M, H = 0,30 M	ANEL DE CONCRETO ARMADO, D = 0,60 M, H = 0,30 M [SINAPI 12530]
6493	127676	ANEL DE CONCRETO ARMADO, D = 0,60 M, H = 0,40 M	ANEL DE CONCRETO ARMADO, D = 0,60 M, H = 0,40 M [SINAPI 12531]
6494	127677	ANEL DE CONCRETO ARMADO, D = 0,80 M, H = 0,30 M	ANEL DE CONCRETO ARMADO, D = 0,80 M, H = 0,30 M [SINAPI 12533]
6495	127678	ANEL DE CONCRETO ARMADO, D = 1,00 M, H = 0,40 M	ANEL DE CONCRETO ARMADO, D = 1,00 M, H = 0,40 M [SINAPI 12546]
6496	127679	AREIA AMARELA, AREIA BARRADA OU ARENOSO (RETIRADA NO AREAL, SEM TRANSPORTE)	AREIA AMARELA, AREIA BARRADA OU ARENOSO (RETIRADA NO AREAL, SEM TRANSPORTE) [SINAPI 369]
6497	127680	AREIA PRETA PARA EMBOCO - POSTO JAZIDA/FORNECEDOR (RETIRADO NA JAZIDA, SEM TRANSPORTE)	AREIA PRETA PARA EMBOCO - POSTO JAZIDA/FORNECEDOR (RETIRADO NA JAZIDA, SEM TRANSPORTE) [SINAPI 11076]
6498	127681	ARGAMASSA PRONTA PARA REVESTIMENTO INTERNO EM PAREDES	ARGAMASSA PRONTA PARA REVESTIMENTO INTERNO EM PAREDES [SINAPI 374]
6499	127682	ASFALTO DILUIDO DE PETROLEO CM-30 (COLETADO CAIXA NA ANP ACRESCIDO DE ICMS)	ASFALTO DILUIDO DE PETROLEO CM-30 (COLETADO CAIXA NA ANP ACRESCIDO DE ICMS) [SINAPI 41901]
6500	127683	BACIA SANITARIA TURCA DE LOUCA BRANCA	BACIA SANITARIA TURCA DE LOUCA BRANCA [SINAPI 11784]
6501	127684	BATENTE/ PORTAL/ ADUELA/ MARCO MACICO, E= *3* CM, L= *7* CM, *60 CM A 120* CM X *210* CM, EM CEDRINHO/ ANGELIM COMERCIAL/ EUCALIPTO/ CURUPIXA/ PEROBA/ CUMARU OU EQUIVALENTE DA REGIAO (NAO INCLUI ALIZARES)	BATENTE/ PORTAL/ ADUELA/ MARCO MACICO, E= *3* CM, L= *7* CM, *60 CM A 120* CM X *210* CM, EM CEDRINHO/ ANGELIM COMERCIAL/ EUCALIPTO/ CURUPIXA/ PEROBA/ CUMARU OU EQUIVALENTE DA REGIAO (NAO INCLUI ALIZARES) [SINAPI 195]
6502	127685	BATENTE/ PORTAL/ ADUELA/ MARCO MACICO, E= *3* CM, L= *7* CM, *60 CM A 120* CM X *210* CM, EM PINUS/ TAUARI/ VIROLA OU EQUIVALENTE DA REGIAO (NAO INCLUI ALIZARES)	BATENTE/ PORTAL/ ADUELA/ MARCO MACICO, E= *3* CM, L= *7* CM, *60 CM A 120* CM X *210* CM, EM PINUS/ TAUARI/ VIROLA OU EQUIVALENTE DA REGIAO (NAO INCLUI ALIZARES) [SINAPI 194]
6503	127686	BLOCO ESTRUTURAL CERAMICO - 14 X 19 X 29 CM - 4,0 MPA - NBR 15270	BLOCO ESTRUTURAL CERAMICO - 14 X 19 X 29 CM - 4,0 MPA - NBR 15270 [SINAPI 10610]
6504	127687	BLOCO ESTRUTURAL CERAMICO 14 X 19 X 29 CM, 3,0 MPA (NBR 15270)	BLOCO ESTRUTURAL CERAMICO 14 X 19 X 29 CM, 3,0 MPA (NBR 15270) [SINAPI 34585]
6505	127688	BLOQUETE/PISO DE CONCRETO - MODELO BLOCO PISOGRAMA/CONCREGRAMA 2 FUROS, *35 CM X 15* CM, E = *8* CM, COR NATURAL	BLOQUETE/PISO DE CONCRETO - MODELO BLOCO PISOGRAMA/CONCREGRAMA 2 FUROS, *35 CM X 15* CM, E = *8* CM, COR NATURAL [SINAPI 40520]
6506	127689	BLOQUETE/PISO DE CONCRETO - MODELO PISOGRAMA/CONCREGRAMA/PAVI-GRADE/GRAMEIRO, *60 CM X 45* CM, E = *9* CM, COR NATURAL	BLOQUETE/PISO DE CONCRETO - MODELO PISOGRAMA/CONCREGRAMA/PAVI-GRADE/GRAMEIRO, *60 CM X 45* CM, E = *9* CM, COR NATURAL [SINAPI 40516]
6507	127690	BORBOLETA EM LATAO FUNDIDO CROMADO, PARA TRAVAR JANELA TIPO GUILHOTINA	BORBOLETA EM LATAO FUNDIDO CROMADO, PARA TRAVAR JANELA TIPO GUILHOTINA [SINAPI 5081]
6508	127691	CAIBRO DE MADEIRA NAO APARELHADA 5 X 5 CM, CEDRINHO OU EQUIVALENTE DA REGIAO	CAIBRO DE MADEIRA NAO APARELHADA 5 X 5 CM, CEDRINHO OU EQUIVALENTE DA REGIAO [SINAPI 4496]
6509	127692	CAIXA GORDURA DUPLA, CONCRETO PRE MOLDADO, CIRCULAR, COM TAMPA, D = 60* CM	CAIXA GORDURA DUPLA, CONCRETO PRE MOLDADO, CIRCULAR, COM TAMPA, D = 60* CM [SINAPI 3280]
6510	127693	CAIXA INSPECAO, CONCRETO PRE MOLDADO, CIRCULAR, COM TAMPA, D = 40* CM	CAIXA INSPECAO, CONCRETO PRE MOLDADO, CIRCULAR, COM TAMPA, D = 40* CM [SINAPI 3278]
6511	127694	CAIXA INSPECAO, CONCRETO PRE MOLDADO, CIRCULAR, COM TAMPA, D = 60* CM, H= 60* CM	CAIXA INSPECAO, CONCRETO PRE MOLDADO, CIRCULAR, COM TAMPA, D = 60* CM, H= 60* CM [SINAPI 3279]
6512	127695	CAIXA SIFONADA PVC 150 X 150 X 50MM COM TAMPA CEGA QUADRADA BRANCA	CAIXA SIFONADA PVC 150 X 150 X 50MM COM TAMPA CEGA QUADRADA BRANCA [SINAPI 11713]
6513	127696	CAIXA SIFONADA PVC, 100 X 100 X 40 MM, COM GRELHA REDONDA BRANCA	CAIXA SIFONADA PVC, 100 X 100 X 40 MM, COM GRELHA REDONDA BRANCA [SINAPI 11716]
6514	127697	CAIXA SIFONADA PVC, 150 X 185 X 75 MM, COM TAMPA CEGA QUADRADA BRANCA	CAIXA SIFONADA PVC, 150 X 185 X 75 MM, COM TAMPA CEGA QUADRADA BRANCA [SINAPI 11715]
6515	127698	CALAFETADOR / CALAFATE	CALAFETADOR / CALAFATE [SINAPI 4758]
6516	127699	CALAFETADOR / CALAFATE (MENSALISTA)	CALAFETADOR / CALAFATE (MENSALISTA) [SINAPI 41080]
6517	127700	CANALETA ESTRUTURAL CERAMICA, 14 X 19 X 29 CM, 4,0 MPA (NBR 15270)	CANALETA ESTRUTURAL CERAMICA, 14 X 19 X 29 CM, 4,0 MPA (NBR 15270) [SINAPI 34647]
6518	127701	CANALETA ESTRUTURAL CERAMICA, 14 X 19 X 39 CM, 4,0 MPA (NBR 15270)	CANALETA ESTRUTURAL CERAMICA, 14 X 19 X 39 CM, 4,0 MPA (NBR 15270) [SINAPI 34652]
6519	127702	"CANTONEIRA FERRO GALVANIZADO DE ABAS IGUAIS, 3/4"" X 1/8"" (L X E)"	"CANTONEIRA FERRO GALVANIZADO DE ABAS IGUAIS, 3/4"" X 1/8"" (L X E) [SINAPI 569]"
6520	127703	CIMENTO ASFALTICO DE PETROLEO A GRANEL (CAP) 30/45 (COLETADO CAIXA NA ANP ACRESCIDO DE ICMS)	CIMENTO ASFALTICO DE PETROLEO A GRANEL (CAP) 30/45 (COLETADO CAIXA NA ANP ACRESCIDO DE ICMS) [SINAPI 41900]
6521	127704	CIMENTO PORTLAND COMPOSTO CP II-32 (SACO DE 50 KG)	CIMENTO PORTLAND COMPOSTO CP II-32 (SACO DE 50 KG) [SINAPI 10511]
6522	127705	CIMENTO PORTLAND POZOLANICO CP IV- 32	CIMENTO PORTLAND POZOLANICO CP IV- 32 [SINAPI 1382]
6523	127706	COMPRESSOR DE AR, VAZAO DE 10 PCM, RESERVATORIO 100 L, PRESSAO DE TRABALHO ENTRE 6,9 E 9,7 BAR, POTENCIA 2 HP, TENSAO 110/220 V (COLETADO CAIXA)	COMPRESSOR DE AR, VAZAO DE 10 PCM, RESERVATORIO 100 L, PRESSAO DE TRABALHO ENTRE 6,9 E 9,7 BAR, POTENCIA 2 HP, TENSAO 110/220 V (COLETADO CAIXA) [SINAPI 41991]
6524	127707	CONCRETO USINADO BOMBEAVEL, CLASSE DE RESISTENCIA C80, COM BRITA 0 E 1, SLUMP = 100 +/- 20 MM, EXCLUI SERVICO DE BOMBEAMENTO (NBR 8953)	CONCRETO USINADO BOMBEAVEL, CLASSE DE RESISTENCIA C80, COM BRITA 0 E 1, SLUMP = 100 +/- 20 MM, EXCLUI SERVICO DE BOMBEAMENTO (NBR 8953) [SINAPI 34497]
6525	127708	CORANTE LIQUIDO PARA TINTA PVA, BISNAGA 50 ML	CORANTE LIQUIDO PARA TINTA PVA, BISNAGA 50 ML [SINAPI 5328]
6526	127709	CUMEEIRA PARA TELHA DE CONCRETO, PARA 2 AGUAS DE TELHADO, COR CINZA, RENDIMENTO DE *3* TELHAS/M (COLETADO CAIXA)	CUMEEIRA PARA TELHA DE CONCRETO, PARA 2 AGUAS DE TELHADO, COR CINZA, RENDIMENTO DE *3* TELHAS/M (COLETADO CAIXA) [SINAPI 40866]
6527	127710	DETERGENTE AMONIACO (AMONIA DILUIDA)	DETERGENTE AMONIACO (AMONIA DILUIDA) [SINAPI 6]
6528	127711	DIVISORIA (N2) PAINEL/VIDRO - PAINEL C/ MSO/COMEIA E=35MM - MONTANTE/RODAPE DUPLO ACO GALV PINTADO - COLOCADA	DIVISORIA (N2) PAINEL/VIDRO - PAINEL C/ MSO/COMEIA E=35MM - MONTANTE/RODAPE DUPLO ACO GALV PINTADO - COLOCADA [SINAPI 2414]
6529	127712	DIVISORIA (N2) PAINEL/VIDRO - PAINEL C/ MSO/COMEIA E=35MM - PERFIS SIMPLES ACO GALV PINTADO - COLOCADA	DIVISORIA (N2) PAINEL/VIDRO - PAINEL C/ MSO/COMEIA E=35MM - PERFIS SIMPLES ACO GALV PINTADO - COLOCADA [SINAPI 2413]
6530	127713	DIVISORIA (N2) PAINEL/VIDRO - PAINEL MSO/COMEIA E=35MM - MONTANTE/RODAPE DUPLO ALUMINIO ANOD NAT - COLOCADA	DIVISORIA (N2) PAINEL/VIDRO - PAINEL MSO/COMEIA E=35MM - MONTANTE/RODAPE DUPLO ALUMINIO ANOD NAT - COLOCADA [SINAPI 2405]
6531	127714	DIVISORIA (N2) PAINEL/VIDRO - PAINEL MSO/COMEIA E=35MM - PERFIS SIMPLES ALUMINIO ANOD NAT - COLOCADA	DIVISORIA (N2) PAINEL/VIDRO - PAINEL MSO/COMEIA E=35MM - PERFIS SIMPLES ALUMINIO ANOD NAT - COLOCADA [SINAPI 13361]
6532	127715	DIVISORIA (N2) PAINEL/VIDRO - PAINEL VERMICULITA E=35MM - PERFIS SIMPLES ALUMINIO ANOD NATURAL - COLOCADA	DIVISORIA (N2) PAINEL/VIDRO - PAINEL VERMICULITA E=35MM - PERFIS SIMPLES ALUMINIO ANOD NATURAL - COLOCADA [SINAPI 11987]
6533	127716	DIVISORIA (N3) PAINEL/VIDRO/PAINEL MSO/COMEIA E=35MM - MONTANTE/RODAPE DUPLO ACO GALV PINTADO - COLOCADA	DIVISORIA (N3) PAINEL/VIDRO/PAINEL MSO/COMEIA E=35MM - MONTANTE/RODAPE DUPLO ACO GALV PINTADO - COLOCADA [SINAPI 2416]
6534	127717	DIVISORIA (N3) PAINEL/VIDRO/PAINEL MSO/COMEIA E=35MM - MONTANTE/RODAPE DUPLO ALUMINIO ANOD NAT - COLOCADA	DIVISORIA (N3) PAINEL/VIDRO/PAINEL MSO/COMEIA E=35MM - MONTANTE/RODAPE DUPLO ALUMINIO ANOD NAT - COLOCADA [SINAPI 2412]
6535	127718	DIVISORIA (N3) PAINEL/VIDRO/PAINEL MSO/COMEIA E=35MM - PERFIS SIMPLES ACO GALV PINTADO - COLOCADA	DIVISORIA (N3) PAINEL/VIDRO/PAINEL MSO/COMEIA E=35MM - PERFIS SIMPLES ACO GALV PINTADO - COLOCADA [SINAPI 2411]
6536	127719	DIVISORIA (N3) PAINEL/VIDRO/PAINEL MSO/COMEIA E=35MM - PERFIS SIMPLES ALUMINIO ANOD NAT - COLOCADA	DIVISORIA (N3) PAINEL/VIDRO/PAINEL MSO/COMEIA E=35MM - PERFIS SIMPLES ALUMINIO ANOD NAT - COLOCADA [SINAPI 2406]
6537	127720	DIVISORIA (N3) PAINEL/VIDRO/PAINEL VERMICULITA E=35MM - MONTANTE/RODAPE DUPLO ALUMINIO ANOD NATURAL - COLOCADA	DIVISORIA (N3) PAINEL/VIDRO/PAINEL VERMICULITA E=35MM - MONTANTE/RODAPE DUPLO ALUMINIO ANOD NATURAL - COLOCADA [SINAPI 10571]
6538	127721	DIVISORIA (N3) PAINEL/VIDRO/PAINEL VERMICULITA E=35MM - MONTANTE/RODAPE PERFIL DUPLO ACO GALV PINTADO - COLOCADA	DIVISORIA (N3) PAINEL/VIDRO/PAINEL VERMICULITA E=35MM - MONTANTE/RODAPE PERFIL DUPLO ACO GALV PINTADO - COLOCADA [SINAPI 11985]
6539	127722	DIVISORIA CEGA (N1) - PAINEL MSO/COMEIA E=35MM - MONTANTE/RODAPE DUPLO ACO GALV PINTADO - COLOCADA	DIVISORIA CEGA (N1) - PAINEL MSO/COMEIA E=35MM - MONTANTE/RODAPE DUPLO ACO GALV PINTADO - COLOCADA [SINAPI 2410]
6540	127723	DIVISORIA CEGA (N1) - PAINEL MSO/COMEIA E=35MM - MONTANTE/RODAPE DUPLO ALUMINIO ANOD NAT - COLOCADA	DIVISORIA CEGA (N1) - PAINEL MSO/COMEIA E=35MM - MONTANTE/RODAPE DUPLO ALUMINIO ANOD NAT - COLOCADA [SINAPI 2417]
6541	127724	DIVISORIA CEGA (N1) - PAINEL MSO/COMEIA E=35MM - PERFIS SIMPLES ACO GALV PINTADO - COLOCADA	DIVISORIA CEGA (N1) - PAINEL MSO/COMEIA E=35MM - PERFIS SIMPLES ACO GALV PINTADO - COLOCADA [SINAPI 2415]
6542	127725	DIVISORIA CEGA (N1) - PAINEL MSO/COMEIA E=35MM - PERFIS SIMPLES ALUMINIO ANOD NAT - COLOCADA	DIVISORIA CEGA (N1) - PAINEL MSO/COMEIA E=35MM - PERFIS SIMPLES ALUMINIO ANOD NAT - COLOCADA [SINAPI 13360]
6543	127726	DIVISORIA CEGA (N1) - PAINEL VERMICULITA E=35MM - MONTANTE/RODAPE PERFIS SIMPLES ACO GALV PINTADO - COLOCADA	DIVISORIA CEGA (N1) - PAINEL VERMICULITA E=35MM - MONTANTE/RODAPE PERFIS SIMPLES ACO GALV PINTADO - COLOCADA [SINAPI 11983]
6544	127727	DIVISORIA CEGA (N1) - PAINEL VERMICULITA E=35MM - PERFIS SIMPLES ALUMINIO ANOD NATURAL - COLOCADA	DIVISORIA CEGA (N1) - PAINEL VERMICULITA E=35MM - PERFIS SIMPLES ALUMINIO ANOD NATURAL - COLOCADA [SINAPI 11986]
6545	127728	ELEMENTO VAZADO CERAMICO 7 X 20 X 20 CM	ELEMENTO VAZADO CERAMICO 7 X 20 X 20 CM [SINAPI 7273]
6546	127729	EMPILHADEIRA SOBRE PNEUS COM TORRE DE TRES ESTAGIOS, 4,70M DE ELEVACAO, C/ DESLOCADOR LATERAL DOS GARFOS, MOTOR GLP 4.3L, CAPACIDADE NOMINAL DE CARGA DE 6T	EMPILHADEIRA SOBRE PNEUS COM TORRE DE TRES ESTAGIOS, 4,70M DE ELEVACAO, C/ DESLOCADOR LATERAL DOS GARFOS, MOTOR GLP 4.3L, CAPACIDADE NOMINAL DE CARGA DE 6T [SINAPI 10638]
6547	127730	EMPILHADEIRA SOBRE PNEUS COM TORRE DE TRES ESTAGIOS, 4,80M DE ELEVACAO, C/ DESLOCADOR LATERAL DOS GARFOS, MOTOR GLP 2.2L, CAPACIDADE NOMINAL DE CARGA DE 3T	EMPILHADEIRA SOBRE PNEUS COM TORRE DE TRES ESTAGIOS, 4,80M DE ELEVACAO, C/ DESLOCADOR LATERAL DOS GARFOS, MOTOR GLP 2.2L, CAPACIDADE NOMINAL DE CARGA DE 3T [SINAPI 10635]
6548	127731	EMPILHADEIRA SOBRE PNEUS COM TORRE DE TRES ESTAGIOS, 4,80M DE ELEVACAO, C/ DESLOCADOR LATERAL DOS GARFOS, MOTOR GLP 2.4L, CAPACIDADE NOMINAL DE CARGA DE 2,5T	EMPILHADEIRA SOBRE PNEUS COM TORRE DE TRES ESTAGIOS, 4,80M DE ELEVACAO, C/ DESLOCADOR LATERAL DOS GARFOS, MOTOR GLP 2.4L, CAPACIDADE NOMINAL DE CARGA DE 2,5T [SINAPI 10634]
6549	127732	EMPILHADEIRA SOBRE PNEUS COM TORRE DE TRES ESTAGIOS, 4,80M DE ELEVACAO, C/ DESLOCADOR LATERAL DOS GARFOS, MOTOR GLP 4.3L, CAPACIDADE NOMINAL DE CARGA DE 4T	EMPILHADEIRA SOBRE PNEUS COM TORRE DE TRES ESTAGIOS, 4,80M DE ELEVACAO, C/ DESLOCADOR LATERAL DOS GARFOS, MOTOR GLP 4.3L, CAPACIDADE NOMINAL DE CARGA DE 4T [SINAPI 10636]
6550	127733	EMPILHADEIRA SOBRE PNEUS COM TORRE DE TRES ESTAGIOS, 4,80M DE ELEVACAO, C/ DESLOCADOR LATERAL DOS GARFOS, MOTOR GLP 4.3L, CAPACIDADE NOMINAL DE CARGA DE 5T	EMPILHADEIRA SOBRE PNEUS COM TORRE DE TRES ESTAGIOS, 4,80M DE ELEVACAO, C/ DESLOCADOR LATERAL DOS GARFOS, MOTOR GLP 4.3L, CAPACIDADE NOMINAL DE CARGA DE 5T [SINAPI 10637]
6551	127734	EMULSAO ASFALTICA CATIONICA RR-1C PARA USO EM PAVIMENTACAO ASFALTICA (COLETADO CAIXA NA ANP ACRESCIDO DE ICMS)	EMULSAO ASFALTICA CATIONICA RR-1C PARA USO EM PAVIMENTACAO ASFALTICA (COLETADO CAIXA NA ANP ACRESCIDO DE ICMS) [SINAPI 41905]
6552	127735	ESTUCADOR	ESTUCADOR [SINAPI 12865]
6553	127736	ESTUCADOR (MENSALISTA)	ESTUCADOR (MENSALISTA) [SINAPI 41074]
6554	127737	FAIXA / FILETE / LISTELO EM CERAMICA, DECORADA, *8 X 30* CM (L X C)	FAIXA / FILETE / LISTELO EM CERAMICA, DECORADA, *8 X 30* CM (L X C) [SINAPI 34795]
6555	127738	FAIXA / FILETE / LISTELO EM CERAMICA, LISO OU CORDAO, BRANCO, *2 X 30* CM (L X C)	FAIXA / FILETE / LISTELO EM CERAMICA, LISO OU CORDAO, BRANCO, *2 X 30* CM (L X C) [SINAPI 34796]
6556	127739	FELTRO EM LA DE ROCHA, 1 FACE REVESTIDA COM PAPEL ALUMINIZADO, EM ROLO, DENSIDADE = 32 KG/M3, E=*50* MM (COLETADO CAIXA)	FELTRO EM LA DE ROCHA, 1 FACE REVESTIDA COM PAPEL ALUMINIZADO, EM ROLO, DENSIDADE = 32 KG/M3, E=*50* MM (COLETADO CAIXA) [SINAPI 42481]
6557	127740	FILTRO ANAEROBIO CILINDRICO CONCRETO PRE MOLDADO 1,20 X 1,50 (DIAMETROXALTURA) PARA 4 A 5 CONTRIBUINTES (NBR 13969)	FILTRO ANAEROBIO CILINDRICO CONCRETO PRE MOLDADO 1,20 X 1,50 (DIAMETROXALTURA) PARA 4 A 5 CONTRIBUINTES (NBR 13969) [SINAPI 11894]
6558	127741	FITA PLASTICA ZEBRADA PARA DEMARCACAO DE AREAS, LARGURA = 7 CM, SEM ADESIVO (COLETADO CAIXA)	FITA PLASTICA ZEBRADA PARA DEMARCACAO DE AREAS, LARGURA = 7 CM, SEM ADESIVO (COLETADO CAIXA) [SINAPI 42015]
6559	127742	FIXADOR DE CAL (SACHE 150 ML)	FIXADOR DE CAL (SACHE 150 ML) [SINAPI 11162]
6560	127743	"FOSSA SEPTICA CILINDRICA TIPO ""IMHOFF"", COM TAMPA, PARA 50 CONTRIBUINTES"	"FOSSA SEPTICA CILINDRICA TIPO ""IMHOFF"", COM TAMPA, PARA 50 CONTRIBUINTES [SINAPI 11887]"
6561	127744	"FOSSA SEPTICA CILINDRICA, TIPO ""IMHOFF"", COM TAMPA, PARA 100 CONTRIBUINTES"	"FOSSA SEPTICA CILINDRICA, TIPO ""IMHOFF"", COM TAMPA, PARA 100 CONTRIBUINTES [SINAPI 11883]"
6562	127745	"FOSSA SEPTICA CILINDRICA, TIPO ""IMHOFF"", COM TAMPA, PARA 150 CONTRIBUINTES"	"FOSSA SEPTICA CILINDRICA, TIPO ""IMHOFF"", COM TAMPA, PARA 150 CONTRIBUINTES [SINAPI 11884]"
6563	127746	"FOSSA SEPTICA CILINDRICA, TIPO ""IMHOFF"", COM TAMPA, PARA 200 CONTRIBUINTES"	"FOSSA SEPTICA CILINDRICA, TIPO ""IMHOFF"", COM TAMPA, PARA 200 CONTRIBUINTES [SINAPI 11885]"
6564	127747	"FOSSA SEPTICA CILINDRICA, TIPO ""IMHOFF"", COM TAMPA, PARA 30 CONTRIBUINTES"	"FOSSA SEPTICA CILINDRICA, TIPO ""IMHOFF"", COM TAMPA, PARA 30 CONTRIBUINTES [SINAPI 11886]"
6565	127748	"FOSSA SEPTICA CILINDRICA, TIPO ""IMHOFF"", COM TAMPA, PARA 75 CONTRIBUINTES"	"FOSSA SEPTICA CILINDRICA, TIPO ""IMHOFF"", COM TAMPA, PARA 75 CONTRIBUINTES [SINAPI 11888]"
6566	127749	FOSSA SEPTICA CONCRETO PRE MOLDADO PARA 10 CONTRIBUINTES - *90 X 90* CM	FOSSA SEPTICA CONCRETO PRE MOLDADO PARA 10 CONTRIBUINTES - *90 X 90* CM [SINAPI 3277]
6567	127750	FOSSA SEPTICA CONCRETO PRE MOLDADO PARA 5 CONTRIBUINTES *90 X 70* CM	FOSSA SEPTICA CONCRETO PRE MOLDADO PARA 5 CONTRIBUINTES *90 X 70* CM [SINAPI 3281]
6568	127751	"GANCHO L COM ROSCA, PARA FIXAR TELHA EM MADEIRA, 1/4"" X 350 MM (COLETADO CAIXA)"	"GANCHO L COM ROSCA, PARA FIXAR TELHA EM MADEIRA, 1/4"" X 350 MM (COLETADO CAIXA) [SINAPI 42482]"
6569	127752	HEXAMETAFOSFATO DE SODIO	HEXAMETAFOSFATO DE SODIO [SINAPI 10561]
6570	127753	JANELA BASCULANTE EM ALUMINIO, 100 X 100 CM (A X L), ACABAMENTO ACET OU BRILHANTE, BATENTE/REQUADRO DE 3 A 14 CM, COM VIDRO, SEM GUARNICAO/ALIZAR	JANELA BASCULANTE EM ALUMINIO, 100 X 100 CM (A X L), ACABAMENTO ACET OU BRILHANTE, BATENTE/REQUADRO DE 3 A 14 CM, COM VIDRO, SEM GUARNICAO/ALIZAR [SINAPI 34379]
6571	127754	JANELA BASCULANTE EM ALUMINIO, 100 X 80 CM (A X L), ACABAMENTO ACET OU BRILHANTE, BATENTE/REQUADRO DE 3 A 14 CM, COM VIDRO, SEM GUARNICAO/ALIZAR	JANELA BASCULANTE EM ALUMINIO, 100 X 80 CM (A X L), ACABAMENTO ACET OU BRILHANTE, BATENTE/REQUADRO DE 3 A 14 CM, COM VIDRO, SEM GUARNICAO/ALIZAR [SINAPI 34378]
6572	127755	JANELA BASCULANTE EM ALUMINIO, 80 X 60 CM (A X L), BATENTE/REQUADRO DE 3 A 14 CM, COM VIDRO, SEM GUARNICAO/ALIZAR	JANELA BASCULANTE EM ALUMINIO, 80 X 60 CM (A X L), BATENTE/REQUADRO DE 3 A 14 CM, COM VIDRO, SEM GUARNICAO/ALIZAR [SINAPI 581]
6573	127756	JANELA DE CORRER EM ALUMINIO, VENEZIANA, 120 X 150 CM (A X L), 3 FLS (2 VENEZIANAS E 1 VIDRO), SEM BANDEIRA, ACABAMENTO ACET OU BRILHANTE, BATENTE/REQUADRO DE 6 A 14 CM, COM VIDRO, SEM GUARNICAO/ALIZAR	JANELA DE CORRER EM ALUMINIO, VENEZIANA, 120 X 150 CM (A X L), 3 FLS (2 VENEZIANAS E 1 VIDRO), SEM BANDEIRA, ACABAMENTO ACET OU BRILHANTE, BATENTE/REQUADRO DE 6 A 14 CM, COM VIDRO, SEM GUARNICAO/ALIZAR [SINAPI 34371]
6574	127757	JANELA DE CORRER EM ALUMINIO, VENEZIANA, 120 X 200 CM (A X L), 6 FLS (4 VENEZIANAS E 2 VIDROS), SEM BANDEIRA, ACABAMENTO ACET OU BRILHANTE, BATENTE/REQUADRO DE 6 A 14 CM, COM VIDRO, SEM GUARNICAO/ALIZAR	JANELA DE CORRER EM ALUMINIO, VENEZIANA, 120 X 200 CM (A X L), 6 FLS (4 VENEZIANAS E 2 VIDROS), SEM BANDEIRA, ACABAMENTO ACET OU BRILHANTE, BATENTE/REQUADRO DE 6 A 14 CM, COM VIDRO, SEM GUARNICAO/ALIZAR [SINAPI 34373]
6575	127758	JANELA DE CORRER EM ALUMINIO, 100 X 150 CM (A X L), 4 FLS, SEM BANDEIRA, ACABAMENTO ACET OU BRILHANTE, BATENTE/REQUADRO DE 6 A 14 CM, COM VIDRO, SEM GUARNICAO/ALIZAR	JANELA DE CORRER EM ALUMINIO, 100 X 150 CM (A X L), 4 FLS, SEM BANDEIRA, ACABAMENTO ACET OU BRILHANTE, BATENTE/REQUADRO DE 6 A 14 CM, COM VIDRO, SEM GUARNICAO/ALIZAR [SINAPI 36884]
2891	127758	JANELA DE CORRER EM ALUMINIO, 100 X 150 CM (A X L), 4 FLS, SEM BANDEIRA, ACABAMENTO ACET OU BRILHANTE, BATENTE/REQUADRO DE 6 A 14 CM, COM VIDRO, SEM GUARNICAO/ALIZAR	JANELA DE CORRER EM ALUMINIO, 100 X 150 CM (A X L), 4 FLS, SEM BANDEIRA, ACABAMENTO ACET OU BRILHANTE, BATENTE/REQUADRO DE 6 A 14 CM, COM VIDRO, SEM GUARNICAO/ALIZAR [SINAPI 36884]
6576	127759	JANELA DE CORRER EM ALUMINIO, 100 X 150 CM (A X L), 4 FLS, SEM BANDEIRA, ACABAMENTO ACET OU BRILHANTE, COM VIDRO, COM GUARNICAO PARA 1 FACE	JANELA DE CORRER EM ALUMINIO, 100 X 150 CM (A X L), 4 FLS, SEM BANDEIRA, ACABAMENTO ACET OU BRILHANTE, COM VIDRO, COM GUARNICAO PARA 1 FACE [SINAPI 597]
6577	127760	JANELA DE CORRER EM ALUMINIO, 120 X 120 CM (A X L), 2 FLS, SEM BANDEIRA, ACABAMENTO ACET OU BRILHANTE, BATENTE/REQUADRO DE 6 A 14 CM, COM VIDRO, SEM GUARNICAO/ALIZAR	JANELA DE CORRER EM ALUMINIO, 120 X 120 CM (A X L), 2 FLS, SEM BANDEIRA, ACABAMENTO ACET OU BRILHANTE, BATENTE/REQUADRO DE 6 A 14 CM, COM VIDRO, SEM GUARNICAO/ALIZAR [SINAPI 34362]
6578	127761	JANELA DE CORRER EM ALUMINIO, 120 X 150 CM (A X L), 2 FLS, SEM BANDEIRA, ACABAMENTO ACET OU BRILHANTE, BATENTE/REQUADRO DE 6 A 14 CM, COM VIDRO, SEM GUARNICAO/ALIZAR	JANELA DE CORRER EM ALUMINIO, 120 X 150 CM (A X L), 2 FLS, SEM BANDEIRA, ACABAMENTO ACET OU BRILHANTE, BATENTE/REQUADRO DE 6 A 14 CM, COM VIDRO, SEM GUARNICAO/ALIZAR [SINAPI 34363]
6579	127762	JANELA DE CORRER EM ALUMINIO, 120 X 200 CM (A X L), 4 FLS, BANDEIRA COM BASCULA, ACABAMENTO ACET OU BRILHANTE, BATENTE/REQUADRO DE 6 A 14 CM, COM VIDRO, SEM GUARNICAO/ALIZAR	JANELA DE CORRER EM ALUMINIO, 120 X 200 CM (A X L), 4 FLS, BANDEIRA COM BASCULA, ACABAMENTO ACET OU BRILHANTE, BATENTE/REQUADRO DE 6 A 14 CM, COM VIDRO, SEM GUARNICAO/ALIZAR [SINAPI 34365]
6580	127763	JANELA FIXA EM ALUMINIO, 60 X 80 CM (A X L), BATENTE/REQUADRO DE 3 A 14 CM, COM VIDRO, SEM GUARNICAO/ALIZAR	JANELA FIXA EM ALUMINIO, 60 X 80 CM (A X L), BATENTE/REQUADRO DE 3 A 14 CM, COM VIDRO, SEM GUARNICAO/ALIZAR [SINAPI 34380]
2898	127763	JANELA FIXA EM ALUMINIO, 60 X 80 CM (A X L), BATENTE/REQUADRO DE 3 A 14 CM, COM VIDRO, SEM GUARNICAO/ALIZAR	JANELA FIXA EM ALUMINIO, 60 X 80 CM (A X L), BATENTE/REQUADRO DE 3 A 14 CM, COM VIDRO, SEM GUARNICAO/ALIZAR [SINAPI 34380]
6581	127764	JANELA MAXIM AR EM ALUMINIO, 80 X 60 CM (A X L), BATENTE/REQUADRO DE 4 A 14 CM, COM VIDRO, SEM GUARNICAO/ALIZAR	JANELA MAXIM AR EM ALUMINIO, 80 X 60 CM (A X L), BATENTE/REQUADRO DE 4 A 14 CM, COM VIDRO, SEM GUARNICAO/ALIZAR [SINAPI 601]
6582	127765	KIT PORTA PRONTA DE MADEIRA, FOLHA LEVE (NBR 15930) DE 70 X 210 CM, E = *35* MM, COM MARCO EM ACO, NUCLEO COLMEIA, CAPA LISA EM HDF, ACABAMENTO MELAMINICO BRANCO (INCLUI MARCO, ALIZARES, DOBRADICAS E FECHADURA)	KIT PORTA PRONTA DE MADEIRA, FOLHA LEVE (NBR 15930) DE 70 X 210 CM, E = *35* MM, COM MARCO EM ACO, NUCLEO COLMEIA, CAPA LISA EM HDF, ACABAMENTO MELAMINICO BRANCO (INCLUI MARCO, ALIZARES, DOBRADICAS E FECHADURA) [SINAPI 39483]
6583	127766	KIT PORTA PRONTA DE MADEIRA, FOLHA LEVE (NBR 15930) DE 70 X 210 CM, E = 35 MM, NUCLEO COLMEIA, ESTRUTURA USINADA PARA FECHADURA, CAPA LISA EM HDF, ACABAMENTO EM PRIMER PARA PINTURA (INCLUI MARCO, ALIZARES E DOBRADICAS)	KIT PORTA PRONTA DE MADEIRA, FOLHA LEVE (NBR 15930) DE 70 X 210 CM, E = 35 MM, NUCLEO COLMEIA, ESTRUTURA USINADA PARA FECHADURA, CAPA LISA EM HDF, ACABAMENTO EM PRIMER PARA PINTURA (INCLUI MARCO, ALIZARES E DOBRADICAS) [SINAPI 39487]
6584	127767	KIT PORTA PRONTA DE MADEIRA, FOLHA MEDIA (NBR 15930) DE 70 X 210 CM, E = 35 MM, NUCLEO SARRAFEADO, ESTRUTURA USINADA PARA FECHADURA, CAPA LISA EM HDF, ACABAMENTO MELAMINICO BRANCO (INCLUI MARCO, ALIZARES E DOBRADICAS)	KIT PORTA PRONTA DE MADEIRA, FOLHA MEDIA (NBR 15930) DE 70 X 210 CM, E = 35 MM, NUCLEO SARRAFEADO, ESTRUTURA USINADA PARA FECHADURA, CAPA LISA EM HDF, ACABAMENTO MELAMINICO BRANCO (INCLUI MARCO, ALIZARES E DOBRADICAS) [SINAPI 39491]
6585	127768	LIQUIDO PARA BRILHO PAREDES INTERNAS	LIQUIDO PARA BRILHO PAREDES INTERNAS [SINAPI 6091]
6586	127769	LOCACAO DE ELEVADOR DE CARGA A CABO, CABINE SEMI FECHADA *2,0* X *1,5* X *2,0* M, CAPACIDADE DE CARGA 1000 KG, TORRE *2,38* X *2,21* X 15 M, GUINCHO DE EMBREAGEM, FREIO DE SEGURANCA, LIMITADOR DE VELOCIDADE E CANCELA	LOCACAO DE ELEVADOR DE CARGA A CABO, CABINE SEMI FECHADA *2,0* X *1,5* X *2,0* M, CAPACIDADE DE CARGA 1000 KG, TORRE *2,38* X *2,21* X 15 M, GUINCHO DE EMBREAGEM, FREIO DE SEGURANCA, LIMITADOR DE VELOCIDADE E CANCELA [SINAPI 3355]
6587	127770	LOCACAO DE ELEVADOR DE CREMALHEIRA CABINE SIMPLES FECHADA 1,5 X 2,5 X 2,35 M (UMA POR TORRE), CAPACIDADE DE CARGA *1200* KG (15 PESSOAS), TORRE DE 24 M (16 MODULOS), 16 PARADAS, FREIO DE SEGURANCA, LIMITADOR DE CARGA	LOCACAO DE ELEVADOR DE CREMALHEIRA CABINE SIMPLES FECHADA 1,5 X 2,5 X 2,35 M (UMA POR TORRE), CAPACIDADE DE CARGA *1200* KG (15 PESSOAS), TORRE DE 24 M (16 MODULOS), 16 PARADAS, FREIO DE SEGURANCA, LIMITADOR DE CARGA [SINAPI 39814]
6588	127771	LUMINARIA DE LED PARA ILUMINACAO PUBLICA, DE 98 W ATE 137 W, INVOLUCRO EM ALUMINIO OU ACO INOX (COLETADO CAIXA)	LUMINARIA DE LED PARA ILUMINACAO PUBLICA, DE 98 W ATE 137 W, INVOLUCRO EM ALUMINIO OU ACO INOX (COLETADO CAIXA) [SINAPI 42977]
6589	127772	MADEIRA ROLICA SEM TRATAMENTO, EUCALIPTO OU EQUIVALENTE DA REGIAO, H = 3 M, D = 12 A 15 CM (PARA ESCORAMENTO)	MADEIRA ROLICA SEM TRATAMENTO, EUCALIPTO OU EQUIVALENTE DA REGIAO, H = 3 M, D = 12 A 15 CM (PARA ESCORAMENTO) [SINAPI 2742]
6590	127773	MADEIRA ROLICA SEM TRATAMENTO, EUCALIPTO OU EQUIVALENTE DA REGIAO, H = 3 M, D = 16 A 19 CM (PARA ESCORAMENTO)	MADEIRA ROLICA SEM TRATAMENTO, EUCALIPTO OU EQUIVALENTE DA REGIAO, H = 3 M, D = 16 A 19 CM (PARA ESCORAMENTO) [SINAPI 2748]
6591	127774	MADEIRA ROLICA SEM TRATAMENTO, EUCALIPTO OU EQUIVALENTE DA REGIAO, H = 3 M, D = 20 A 24 CM (PARA ESCORAMENTO)	MADEIRA ROLICA SEM TRATAMENTO, EUCALIPTO OU EQUIVALENTE DA REGIAO, H = 3 M, D = 20 A 24 CM (PARA ESCORAMENTO) [SINAPI 2736]
6592	127775	MADEIRA ROLICA SEM TRATAMENTO, EUCALIPTO OU EQUIVALENTE DA REGIAO, H = 6 M, D = 12 A 15 CM (PARA ESCORAMENTO)	MADEIRA ROLICA SEM TRATAMENTO, EUCALIPTO OU EQUIVALENTE DA REGIAO, H = 6 M, D = 12 A 15 CM (PARA ESCORAMENTO) [SINAPI 2751]
6593	127776	MEIO BLOCO ESTRUTURAL CERAMICO 14 X 19 X 14 CM, 4,0 MPA (NBR 15270)	MEIO BLOCO ESTRUTURAL CERAMICO 14 X 19 X 14 CM, 4,0 MPA (NBR 15270) [SINAPI 34787]
6594	127777	MEIO BLOCO ESTRUTURAL CERAMICO 14 X 19 X 19 CM, 4,0 MPA (NBR 15270)	MEIO BLOCO ESTRUTURAL CERAMICO 14 X 19 X 19 CM, 4,0 MPA (NBR 15270) [SINAPI 34784]
6595	127778	MICTORIO SIFONADO LOUCA COR SEM COMPLEMENTOS	MICTORIO SIFONADO LOUCA COR SEM COMPLEMENTOS [SINAPI 10430]
6596	127779	MOURAO DE CONCRETO RETO, 10 X 10 CM, H= 2,00 M	MOURAO DE CONCRETO RETO, 10 X 10 CM, H= 2,00 M [SINAPI 4108]
6597	127780	MUFLA TERMINAL PRIMARIA UNIPOLAR USO EXTERNO PARA CABO 25/70MM2 ISOL, 3,6/6KV EM EPR - BORRACHA DE SILICONE	MUFLA TERMINAL PRIMARIA UNIPOLAR USO EXTERNO PARA CABO 25/70MM2 ISOL, 3,6/6KV EM EPR - BORRACHA DE SILICONE [SINAPI 4127]
6598	127781	MUFLA TERMINAL PRIMARIA UNIPOLAR USO INTERNO PARA CABO 25/70MM2 ISOL 6/10KV EM EPR- BORRACHA DE SILICONE	MUFLA TERMINAL PRIMARIA UNIPOLAR USO INTERNO PARA CABO 25/70MM2 ISOL 6/10KV EM EPR- BORRACHA DE SILICONE [SINAPI 4154]
6599	127782	MUFLA TERMINAL PRIMARIA UNIPOLAR USO INTERNO PARA CABO 35/120MM2 ISOLACAO 15/25KV EM EPR - BORRACHA DE SILICONE	MUFLA TERMINAL PRIMARIA UNIPOLAR USO INTERNO PARA CABO 35/120MM2 ISOLACAO 15/25KV EM EPR - BORRACHA DE SILICONE [SINAPI 4168]
6600	127783	MUFLA TERMINAL PRIMARIA UNIPOLAR USO INTERNO PARA CABO 35/70MM2 ISOLACAO 8,7/15KV EM EPR - BORRACHA DE SILICONE	MUFLA TERMINAL PRIMARIA UNIPOLAR USO INTERNO PARA CABO 35/70MM2 ISOLACAO 8,7/15KV EM EPR - BORRACHA DE SILICONE [SINAPI 4161]
6601	127784	OLEO DE LINHACA	OLEO DE LINHACA [SINAPI 5333]
6602	127785	PARA-RAIOS DE BAIXA TENSAO, TENSAO DE OPERACAO *280* V , CORRENTE MAXIMA *20* KA	PARA-RAIOS DE BAIXA TENSAO, TENSAO DE OPERACAO *280* V , CORRENTE MAXIMA *20* KA [SINAPI 4272]
6603	127786	PASTA DESENGRAXANTE PARA MAOS	PASTA DESENGRAXANTE PARA MAOS [SINAPI 38397]
6604	127787	PASTA LUBRIFICANTE PARA TUBOS E CONEXOES COM JUNTA ELASTICA (USO EM PVC, ACO, POLIETILENO E OUTROS) (POTE DE 3.500* G)	PASTA LUBRIFICANTE PARA TUBOS E CONEXOES COM JUNTA ELASTICA (USO EM PVC, ACO, POLIETILENO E OUTROS) (POTE DE 3.500* G) [SINAPI 20079]
6605	127788	PASTILHA DE VIDRO CRISTAL, NACIONAL, REVEST INT/EXT E PISCINA, TODAS AS CORES, E MAIOR OU IGUAL A 5 MM *2,0 X 2,0* CM	PASTILHA DE VIDRO CRISTAL, NACIONAL, REVEST INT/EXT E PISCINA, TODAS AS CORES, E MAIOR OU IGUAL A 5 MM *2,0 X 2,0* CM [SINAPI 34754]
6606	127789	PASTILHA DE VIDRO PIGMENTADA *2,0 X 2,0* CM, NACIONAL, PARA REVESTIMENTO INTERNO/EXTERNO E PISCINA, BRANCA OU CORES FRIAS, ESPESSURA MAIOR OU IGUAL A 5 MM	PASTILHA DE VIDRO PIGMENTADA *2,0 X 2,0* CM, NACIONAL, PARA REVESTIMENTO INTERNO/EXTERNO E PISCINA, BRANCA OU CORES FRIAS, ESPESSURA MAIOR OU IGUAL A 5 MM [SINAPI 25962]
6607	127790	PASTILHA DE VIDRO PIGMENTADA, NACIONAL, REVEST INT/EXT E PISCINA, CORES QUENTES, ESPESSURA MAIOR OU IGUAL A 5 MM *2,0 X 2,0* CM	PASTILHA DE VIDRO PIGMENTADA, NACIONAL, REVEST INT/EXT E PISCINA, CORES QUENTES, ESPESSURA MAIOR OU IGUAL A 5 MM *2,0 X 2,0* CM [SINAPI 34752]
6608	127791	PERFURATRIZ ROTATIVA SOBRE ESTEIRA, TORQUE MAXIMO 2500 KGM, POTENCIA 110 HP, MOTOR DIESEL (COLETADO CAIXA)	PERFURATRIZ ROTATIVA SOBRE ESTEIRA, TORQUE MAXIMO 2500 KGM, POTENCIA 110 HP, MOTOR DIESEL (COLETADO CAIXA) [SINAPI 42002]
6609	127792	PIGMENTO EM PO PARA ARGAMASSAS, CIMENTOS E OUTROS	PIGMENTO EM PO PARA ARGAMASSAS, CIMENTOS E OUTROS [SINAPI 5327]
6610	127793	PORTA DE MADEIRA, FOLHA MEDIA (NBR 15930), E = 35 MM, NUCLEO SARRAFEADO, CAPA FRISADA EM HDF, ACABAMENTO MELAMINICO EM PADRAO MADEIRA	PORTA DE MADEIRA, FOLHA MEDIA (NBR 15930), E = 35 MM, NUCLEO SARRAFEADO, CAPA FRISADA EM HDF, ACABAMENTO MELAMINICO EM PADRAO MADEIRA [SINAPI 4958]
6611	127794	PORTINHOLA DE ABRIR EM ALUMINIO DE 60 X 80 CM, VENEZIANA VENTILADA 1 FOLHA, ACABAMENTO ANODIZADO NATURAL	PORTINHOLA DE ABRIR EM ALUMINIO DE 60 X 80 CM, VENEZIANA VENTILADA 1 FOLHA, ACABAMENTO ANODIZADO NATURAL [SINAPI 37585]
6612	127795	POSTE CONICO CONTINUO EM ACO GALVANIZADO, RETO, FLANGEADO, H = 6 M, DIAMETRO INFERIOR = *90* CM	POSTE CONICO CONTINUO EM ACO GALVANIZADO, RETO, FLANGEADO, H = 6 M, DIAMETRO INFERIOR = *90* CM [SINAPI 12378]
6613	127796	POSTE DE CONCRETO CIRCULAR, 600 KG, H = 10 M (NBR 8451)	POSTE DE CONCRETO CIRCULAR, 600 KG, H = 10 M (NBR 8451) [SINAPI 5034]
6614	127797	POSTE DE CONCRETO DUPLO T ,TIPO B, 500 KG, H = 9 M (NBR 8451)	POSTE DE CONCRETO DUPLO T ,TIPO B, 500 KG, H = 9 M (NBR 8451) [SINAPI 5056]
6615	127798	PRIMER UNIVERSAL, FUNDO ANTICORROSIVO TIPO ZARCAO	PRIMER UNIVERSAL, FUNDO ANTICORROSIVO TIPO ZARCAO [SINAPI 11174]
6616	127799	PROLONGAMENTO PVC PARA CAIXA SIFONADA 100 MM X 100 MM (NBR 5688)	PROLONGAMENTO PVC PARA CAIXA SIFONADA 100 MM X 100 MM (NBR 5688) [SINAPI 11733]
6617	127800	PROLONGAMENTO PVC PARA CAIXA SIFONADA, 100 MM X 150 MM (NBR 5688)	PROLONGAMENTO PVC PARA CAIXA SIFONADA, 100 MM X 150 MM (NBR 5688) [SINAPI 11734]
6618	127801	PULVERIZADOR DE TINTA ELETRICO / MAQUINA DE PINTURA AIRLESS, VAZAO *2* L/MIN (COLETADO CAIXA)	PULVERIZADOR DE TINTA ELETRICO / MAQUINA DE PINTURA AIRLESS, VAZAO *2* L/MIN (COLETADO CAIXA) [SINAPI 41757]
6619	127802	QUEROSENE	QUEROSENE [SINAPI 4224]
6620	127803	REDUTOR TIPO THINNER PARA ACABAMENTO	REDUTOR TIPO THINNER PARA ACABAMENTO [SINAPI 25966]
6621	127804	REJUNTE BRANCO, CIMENTICIO	REJUNTE BRANCO, CIMENTICIO [SINAPI 34356]
6622	127805	REJUNTE EPOXI COR	REJUNTE EPOXI COR [SINAPI 37398]
6623	127806	REMOVEDOR DE TINTA OLEO/ESMALTE VERNIZ	REMOVEDOR DE TINTA OLEO/ESMALTE VERNIZ [SINAPI 5320]
6624	127807	RIPA DE MADEIRA NAO APARELHADA *2 X 7* CM, PINUS, MISTA OU EQUIVALENTE DA REGIAO	RIPA DE MADEIRA NAO APARELHADA *2 X 7* CM, PINUS, MISTA OU EQUIVALENTE DA REGIAO [SINAPI 4505]
6625	127808	SABAO EM PO	SABAO EM PO [SINAPI 16]
6626	127809	SELADOR PVA PAREDES INTERNAS	SELADOR PVA PAREDES INTERNAS [SINAPI 6090]
6627	127810	SELANTE A BASE DE RESINAS ACRILICAS PARA TRINCAS	SELANTE A BASE DE RESINAS ACRILICAS PARA TRINCAS [SINAPI 6094]
6628	127811	SISTEMA DE FORMAS MANUSEAVEIS DE ALUMINIO, PARA BLOCO RESID. COM PAREDES DE CONCRETO MOLDADAS IN LOCO, BLOCO COM 4 PAV. E 4 UNIDADES POR PAV., UNIDADE HABITACIONALCOM 48 M2 E 2 QUARTOS; TELHA DE FIBROCIMENTO (COLETADO CAIXA)	SISTEMA DE FORMAS MANUSEAVEIS DE ALUMINIO, PARA BLOCO RESID. COM PAREDES DE CONCRETO MOLDADAS IN LOCO, BLOCO COM 4 PAV. E 4 UNIDADES POR PAV., UNIDADE HABITACIONALCOM 48 M2 E 2 QUARTOS; TELHA DE FIBROCIMENTO (COLETADO CAIXA) [SINAPI 39965]
6629	127812	SISTEMA DE FORMAS MANUSEAVEIS DE ALUMINIO, PARA EDIF. RESID. UNIFAMILIAR COM PAREDES DE CONCRETO MOLDADAS IN LOCO, UNIDADE HABITACIONAL TERREA COM 38 M2, COM SALA, CIRCULACAO, 2 QUARTOS, BANHEIRO, COZINHA E TANQUE EXTERNO (SEM COBERTURA) (COLETADO CAIXA)	SISTEMA DE FORMAS MANUSEAVEIS DE ALUMINIO, PARA EDIF. RESID. UNIFAMILIAR COM PAREDES DE CONCRETO MOLDADAS IN LOCO, UNIDADE HABITACIONAL TERREA COM 38 M2, COM SALA, CIRCULACAO, 2 QUARTOS, BANHEIRO, COZINHA E TANQUE EXTERNO (SEM COBERTURA) (COLETADO CAIXA) [SINAPI 39964]
6630	127813	SODA CAUSTICA EM ESCAMAS	SODA CAUSTICA EM ESCAMAS [SINAPI 7]
6631	127814	SOLUCAO LIMPADORA PARA PVC, FRASCO COM 200 CM3	SOLUCAO LIMPADORA PARA PVC, FRASCO COM 200 CM3 [SINAPI 20082]
6632	127815	SUMIDOURO CONCRETO PRE MOLDADO, COMPLETO, PARA 10 CONTRIBUINTES	SUMIDOURO CONCRETO PRE MOLDADO, COMPLETO, PARA 10 CONTRIBUINTES [SINAPI 11895]
6633	127816	SUMIDOURO CONCRETO PRE MOLDADO, COMPLETO, PARA 100 CONTRIBUINTES	SUMIDOURO CONCRETO PRE MOLDADO, COMPLETO, PARA 100 CONTRIBUINTES [SINAPI 11896]
6634	127817	SUMIDOURO CONCRETO PRE MOLDADO, COMPLETO, PARA 150 CONTRIBUINTES	SUMIDOURO CONCRETO PRE MOLDADO, COMPLETO, PARA 150 CONTRIBUINTES [SINAPI 11897]
6635	127818	SUMIDOURO CONCRETO PRE MOLDADO, COMPLETO, PARA 200 CONTRIBUINTES	SUMIDOURO CONCRETO PRE MOLDADO, COMPLETO, PARA 200 CONTRIBUINTES [SINAPI 11898]
6636	127819	SUMIDOURO CONCRETO PRE MOLDADO, COMPLETO, PARA 5 CONTRIBUINTES	SUMIDOURO CONCRETO PRE MOLDADO, COMPLETO, PARA 5 CONTRIBUINTES [SINAPI 3282]
6637	127820	SUMIDOURO CONCRETO PRE MOLDADO, COMPLETO, PARA 50 CONTRIBUINTES	SUMIDOURO CONCRETO PRE MOLDADO, COMPLETO, PARA 50 CONTRIBUINTES [SINAPI 11899]
6638	127821	SUMIDOURO CONCRETO PRE MOLDADO, COMPLETO, PARA 75 CONTRIBUINTES	SUMIDOURO CONCRETO PRE MOLDADO, COMPLETO, PARA 75 CONTRIBUINTES [SINAPI 11900]
6639	127822	TAMPA DE CONCRETO PARA PV OU CAIXA DE INSPECAO, DIMENSOES 600 X 600 X 50 MM	TAMPA DE CONCRETO PARA PV OU CAIXA DE INSPECAO, DIMENSOES 600 X 600 X 50 MM [SINAPI 13255]
6640	127823	TAMPAO FOFO SIMPLES COM BASE, CLASSE A15 CARGA MAX 1,5 T, 300 X 400 MM	TAMPAO FOFO SIMPLES COM BASE, CLASSE A15 CARGA MAX 1,5 T, 300 X 400 MM [SINAPI 11292]
6641	127824	TAMPAO FOFO SIMPLES COM BASE, CLASSE A15 CARGA MAX 1,5 T, 400 X 500 MM, COM INSCRICAO INCENDIO	TAMPAO FOFO SIMPLES COM BASE, CLASSE A15 CARGA MAX 1,5 T, 400 X 500 MM, COM INSCRICAO INCENDIO [SINAPI 11293]
6642	127825	TAMPAO FOFO SIMPLES COM BASE, CLASSE D400 CARGA MAX 40 T, REDONDO TAMPA 500 MM, REDE PLUVIAL/ESGOTO	TAMPAO FOFO SIMPLES COM BASE, CLASSE D400 CARGA MAX 40 T, REDONDO TAMPA 500 MM, REDE PLUVIAL/ESGOTO [SINAPI 21079]
6644	127827	TELHA DE FIBROCIMENTO ONDULADA E = 4 MM, DE 2,44 X 0,50 M (SEM AMIANTO)	TELHA DE FIBROCIMENTO ONDULADA E = 4 MM, DE 2,44 X 0,50 M (SEM AMIANTO) [SINAPI 7191]
48004	127827	TELHA DE FIBROCIMENTO ONDULADA E = 4 MM, DE 2,44 X 0,50 M (SEM AMIANTO)	TELHA DE FIBROCIMENTO ONDULADA E = 4 MM, DE 2,44 X 0,50 M (SEM AMIANTO) [SINAPI 7191]
4888	127827	TELHA DE FIBROCIMENTO ONDULADA E = 4 MM, DE 2,44 X 0,50 M (SEM AMIANTO)	TELHA DE FIBROCIMENTO ONDULADA E = 4 MM, DE 2,44 X 0,50 M (SEM AMIANTO) [SINAPI 7191]
41627	127827	TELHA DE FIBROCIMENTO ONDULADA E = 4 MM, DE 2,44 X 0,50 M (SEM AMIANTO)	TELHA DE FIBROCIMENTO ONDULADA E = 4 MM, DE 2,44 X 0,50 M (SEM AMIANTO) [SINAPI 7191]
6645	127828	TELHA DE FIBROCIMENTO ONDULADA E = 6 MM, DE 2,44 X 1,10 M (SEM AMIANTO)	TELHA DE FIBROCIMENTO ONDULADA E = 6 MM, DE 2,44 X 1,10 M (SEM AMIANTO) [SINAPI 7207]
41628	127828	TELHA DE FIBROCIMENTO ONDULADA E = 6 MM, DE 2,44 X 1,10 M (SEM AMIANTO)	TELHA DE FIBROCIMENTO ONDULADA E = 6 MM, DE 2,44 X 1,10 M (SEM AMIANTO) [SINAPI 7207]
6646	127829	TELHA ESTRUTURAL DE FIBROCIMENTO 1 ABA, DE 0,52 X 4,50 M (SEM AMIANTO)	TELHA ESTRUTURAL DE FIBROCIMENTO 1 ABA, DE 0,52 X 4,50 M (SEM AMIANTO) [SINAPI 7210]
4903	127829	TELHA ESTRUTURAL DE FIBROCIMENTO 1 ABA, DE 0,52 X 4,50 M (SEM AMIANTO)	TELHA ESTRUTURAL DE FIBROCIMENTO 1 ABA, DE 0,52 X 4,50 M (SEM AMIANTO) [SINAPI 7210]
6647	127830	"TERMINAL AEREO EM ACO GALVANIZADO DN 5/16"", COMPRIMENTO DE 350MM, COM BASE DE FIXACAO HORIZONTAL"	"TERMINAL AEREO EM ACO GALVANIZADO DN 5/16"", COMPRIMENTO DE 350MM, COM BASE DE FIXACAO HORIZONTAL [SINAPI 7571]"
6648	127831	"TORNEIRA CROMADA CURTA SEM BICO PARA TANQUE, PADRAO POPULAR, 1/2 "" OU 3/4 "" (REF 1140)"	"TORNEIRA CROMADA CURTA SEM BICO PARA TANQUE, PADRAO POPULAR, 1/2 "" OU 3/4 "" (REF 1140) [SINAPI 13418]"
6649	127832	"TORNEIRA CROMADA DE PAREDE PARA COZINHA COM AREJADOR 1/2 "" OU 3/4 "" (REF 1157)"	"TORNEIRA CROMADA DE PAREDE PARA COZINHA COM AREJADOR 1/2 "" OU 3/4 "" (REF 1157) [SINAPI 11775]"
6650	127833	TUBO DE REVESTIMENTO, EM ACO, CORPO SCHEDULE 40, PONTEIRA SCHEDULE 80, ROSQUEAVEL E SEGMENTADO PARA PERFURACAO, DIAMETRO 6'' (200 MM) (COLETADO CAIXA)	TUBO DE REVESTIMENTO, EM ACO, CORPO SCHEDULE 40, PONTEIRA SCHEDULE 80, ROSQUEAVEL E SEGMENTADO PARA PERFURACAO, DIAMETRO 6'' (200 MM) (COLETADO CAIXA) [SINAPI 42001]
6651	127834	TUBO DE REVESTIMENTO, EM ACO, CORPO SCHEDULE 40, PONTEIRA SCHEDULE 80, ROSQUEAVEL E SEGMENTADO PARA PERFURACAO, DIAMETRO 10'' (310 MM) (COLETADO CAIXA)	TUBO DE REVESTIMENTO, EM ACO, CORPO SCHEDULE 40, PONTEIRA SCHEDULE 80, ROSQUEAVEL E SEGMENTADO PARA PERFURACAO, DIAMETRO 10'' (310 MM) (COLETADO CAIXA) [SINAPI 41998]
6652	127835	TUBO DE REVESTIMENTO, EM ACO, CORPO SCHEDULE 40, PONTEIRA SCHEDULE 80, ROSQUEAVEL E SEGMENTADO PARA PERFURACAO, DIAMETRO 14'' (400 MM) (COLETADO CAIXA)	TUBO DE REVESTIMENTO, EM ACO, CORPO SCHEDULE 40, PONTEIRA SCHEDULE 80, ROSQUEAVEL E SEGMENTADO PARA PERFURACAO, DIAMETRO 14'' (400 MM) (COLETADO CAIXA) [SINAPI 41999]
6653	127836	TUBO DE REVESTIMENTO, EM ACO, CORPO SCHEDULE 40, PONTEIRA SCHEDULE 80, ROSQUEAVEL E SEGMENTADO PARA PERFURACAO, DIAMETRO 16'' (450 MM) (COLETADO CAIXA)	TUBO DE REVESTIMENTO, EM ACO, CORPO SCHEDULE 40, PONTEIRA SCHEDULE 80, ROSQUEAVEL E SEGMENTADO PARA PERFURACAO, DIAMETRO 16'' (450 MM) (COLETADO CAIXA) [SINAPI 42000]
6654	127837	WASH PRIMER PARA TINTA AUTOMOTIVA	WASH PRIMER PARA TINTA AUTOMOTIVA [SINAPI 11157]
6694	128113	BASTIDOR PARA BLOCO M10	BASTIDOR PARA BLOCO M10 [SINAPI 44172]
6695	128114	BLOCO DE ENGATE RAPIDO PARA BASTIDOR TIPO M10	BLOCO DE ENGATE RAPIDO PARA BASTIDOR TIPO M10 [SINAPI 44171]
6696	128115	CABO DE REDE, PAR TRANCADO U/UTP, 4 PARES, CATEGORIA 5E (CAT 5E), ISOLAMENTO PVC (CM)	CABO DE REDE, PAR TRANCADO U/UTP, 4 PARES, CATEGORIA 5E (CAT 5E), ISOLAMENTO PVC (CM) [SINAPI 43972]
6697	128116	CABO DE REDE, PAR TRANCADO U/UTP, 4 PARES, CATEGORIA 5E (CAT 5E), ISOLAMENTO PVC (CMX)	CABO DE REDE, PAR TRANCADO U/UTP, 4 PARES, CATEGORIA 5E (CAT 5E), ISOLAMENTO PVC (CMX) [SINAPI 43971]
6698	128117	CAMINHAO TOCO, PESO BRUTO TOTAL 10700 KG, CARGA UTIL MAXIMA 7400 KG, DISTANCIA ENTRE EIXOS 4,00 M, POTENCIA 175 CV (INCLUI CABINE E CHASSI, NAO INCLUI CARROCERIA)	CAMINHAO TOCO, PESO BRUTO TOTAL 10700 KG, CARGA UTIL MAXIMA 7400 KG, DISTANCIA ENTRE EIXOS 4,00 M, POTENCIA 175 CV (INCLUI CABINE E CHASSI, NAO INCLUI CARROCERIA) [SINAPI 44056]
6699	128118	CAMINHAO TOCO, PESO BRUTO TOTAL 16000 KG, CARGA UTIL MAXIMA 10830 KG, DISTANCIA ENTRE EIXOS 3,56 M, POTENCIA 226 CV (INCLUI CABINE E CHASSI, NAO INCLUI CARROCERIA)	CAMINHAO TOCO, PESO BRUTO TOTAL 16000 KG, CARGA UTIL MAXIMA 10830 KG, DISTANCIA ENTRE EIXOS 3,56 M, POTENCIA 226 CV (INCLUI CABINE E CHASSI, NAO INCLUI CARROCERIA) [SINAPI 44058]
6700	128119	CAMINHAO TOCO, PESO BRUTO TOTAL 8500 KG, CARGA UTIL MAXIMA 5600 KG, DISTANCIA ENTRE EIXOS 3,40 M, POTENCIA 167 CV (INCLUI CABINE E CHASSI, NAO INCLUI CARROCERIA)	CAMINHAO TOCO, PESO BRUTO TOTAL 8500 KG, CARGA UTIL MAXIMA 5600 KG, DISTANCIA ENTRE EIXOS 3,40 M, POTENCIA 167 CV (INCLUI CABINE E CHASSI, NAO INCLUI CARROCERIA) [SINAPI 44059]
6701	128120	CAMINHAO TRUCADO, PESO BRUTO TOTAL 23000 KG, CARGA UTIL MAXIMA 15460 KG, DISTANCIA ENTRE EIXOS 4,80 M, POTENCIA 286 CV (INCLUI CABINE E CHASSI, NAO INCLUI CARROCERIA)	CAMINHAO TRUCADO, PESO BRUTO TOTAL 23000 KG, CARGA UTIL MAXIMA 15460 KG, DISTANCIA ENTRE EIXOS 4,80 M, POTENCIA 286 CV (INCLUI CABINE E CHASSI, NAO INCLUI CARROCERIA) [SINAPI 44060]
6702	128121	CAMINHAO TRUCADO, PESO BRUTO TOTAL 23000 KG, CARGA UTIL MAXIMA 16540 KG, DISTANCIA ENTRE EIXOS 4,80 M, POTENCIA 256 CV (INCLUI CABINE E CHASSI, NAO INCLUI CARROCERIA)	CAMINHAO TRUCADO, PESO BRUTO TOTAL 23000 KG, CARGA UTIL MAXIMA 16540 KG, DISTANCIA ENTRE EIXOS 4,80 M, POTENCIA 256 CV (INCLUI CABINE E CHASSI, NAO INCLUI CARROCERIA) [SINAPI 44061]
6703	128122	RACK DE PISO PARA SERVIDOR, ABERTO, EM COLUNA, 44U X *570* MM	RACK DE PISO PARA SERVIDOR, ABERTO, EM COLUNA, 44U X *570* MM [SINAPI 43837]
6704	128123	RACK DE PISO PARA SERVIDOR, FECHADO, 44U, COM PORTA, 44U X *570* MM	RACK DE PISO PARA SERVIDOR, FECHADO, 44U, COM PORTA, 44U X *570* MM [SINAPI 43836]
6705	128124	TUBO CORRUGADO PEAD, PAREDE DUPLA, INTERNA LISA, JEI DN/DI 500 MM (DRENAGEM/ESGOTO)	TUBO CORRUGADO PEAD, PAREDE DUPLA, INTERNA LISA, JEI DN/DI 500 MM (DRENAGEM/ESGOTO) [SINAPI 44812]
6713	128165	ESPACADOR/SEPARADOR /CENTRALIZADOR DE BARRA DE ACO, PLASTICO, DIAMETRO INTERNO ENTRE 25 A 32 MM, TIPO CARAMBOLA - CB, PARA TIRANTES E OUTROS SERVICOS(CHUMBADOR TIPO CARAMBOLA)	ESPACADOR/SEPARADOR /CENTRALIZADOR DE BARRA DE ACO, PLASTICO, DIAMETRO INTERNO ENTRE 25 A 32 MM, TIPO CARAMBOLA - CB, PARA TIRANTES E OUTROS SERVICOS(CHUMBADOR TIPO CARAMBOLA) [SINAPI 44919]
6825	128344	SIFAO / TUBO SINFONADO EXTENSIVEL/SANFONADO, UNIVERSAL/ SIMPLES, ENTRE *50 A 70* CM, DE PLASTICO BRANCO	SIFAO / TUBO SINFONADO EXTENSIVEL/SANFONADO, UNIVERSAL/ SIMPLES, ENTRE *50 A 70* CM, DE PLASTICO BRANCO [SINAPI 44945]
6826	128345	CABO DE COBRE FLEXIVEL NAO HALOGENADO, SEM EMISSAO DE FUMACA, 750V, SECAO NOMINAL 120 MM	CABO DE COBRE FLEXIVEL NAO HALOGENADO, SEM EMISSAO DE FUMACA, 750V, SECAO NOMINAL 120 MM [SINAPI 44391]
6827	128346	CABO DE COBRE FLEXIVEL NAO HALOGENADO, SEM EMISSAO DE FUMACA, 750V, SECAO NOMINAL 2,5 MM	CABO DE COBRE FLEXIVEL NAO HALOGENADO, SEM EMISSAO DE FUMACA, 750V, SECAO NOMINAL 2,5 MM [SINAPI 44388]
6828	128347	CABO DE COBRE FLEXIVEL NAO HALOGENADO, SEM EMISSAO DE FUMACA, 750V, SECAO NOMINAL 240 MM	CABO DE COBRE FLEXIVEL NAO HALOGENADO, SEM EMISSAO DE FUMACA, 750V, SECAO NOMINAL 240 MM [SINAPI 44392]
6829	128348	CABO DE COBRE FLEXIVEL NAO HALOGENADO, SEM EMISSAO DE FUMACA, 750V, SECAO NOMINAL 50 MM	CABO DE COBRE FLEXIVEL NAO HALOGENADO, SEM EMISSAO DE FUMACA, 750V, SECAO NOMINAL 50 MM [SINAPI 44390]
6830	128349	CABO DE COBRE FLEXIVEL NAO HALOGENADO, SEM EMISSAO DE FUMACA, 750V, SECAO NOMINAL 6,0 MM	CABO DE COBRE FLEXIVEL NAO HALOGENADO, SEM EMISSAO DE FUMACA, 750V, SECAO NOMINAL 6,0 MM [SINAPI 44389]
6831	128350	CABO DE REDE, PAR TRANCADO U/UTP, 4 PARES, CATEGORIA 6 (CAT 6), ISOLAMENTO PVC (CM)	CABO DE REDE, PAR TRANCADO U/UTP, 4 PARES, CATEGORIA 6 (CAT 6), ISOLAMENTO PVC (CM) [SINAPI 43973]
6832	128351	CABO ELETRONICO CATEGORIA 6A U/UTP 23AWG X 4P	CABO ELETRONICO CATEGORIA 6A U/UTP 23AWG X 4P [SINAPI 43832]
7796	129288	ADAPTADOR CPVC, ROSCAVEL, COM FLANGES E ANEL DE VEDACAO, 15 MM, CAIXA D'AGUA PARA AGUA QUENTE	ADAPTADOR CPVC, ROSCAVEL, COM FLANGES E ANEL DE VEDACAO, 15 MM, CAIXA D'AGUA PARA AGUA QUENTE [SINAPI 44254]
7797	129289	ADAPTADOR CPVC, ROSCAVEL, COM FLANGES E ANEL DE VEDACAO, 22 MM, CAIXA D'AGUA PARA AGUA QUENTE	ADAPTADOR CPVC, ROSCAVEL, COM FLANGES E ANEL DE VEDACAO, 22 MM, CAIXA D'AGUA PARA AGUA QUENTE [SINAPI 44255]
7798	129290	ADAPTADOR CPVC, ROSCAVEL, COM FLANGES E ANEL DE VEDACAO, 28 MM, CAIXA D'AGUA PARA AGUA QUENTE	ADAPTADOR CPVC, ROSCAVEL, COM FLANGES E ANEL DE VEDACAO, 28 MM, CAIXA D'AGUA PARA AGUA QUENTE [SINAPI 44256]
7799	129291	ADAPTADOR CPVC, ROSCAVEL, COM FLANGES E ANEL DE VEDACAO, 35 MM, CAIXA D'AGUA PARA AGUA QUENTE	ADAPTADOR CPVC, ROSCAVEL, COM FLANGES E ANEL DE VEDACAO, 35 MM, CAIXA D'AGUA PARA AGUA QUENTE [SINAPI 44257]
7804	129307	ADAPTADOR CPVC, ROSCAVEL, COM FLANGES E ANEL DE VEDACAO, 54 MM, CAIXA D'AGUA PARA AGUA QUENTE	ADAPTADOR CPVC, ROSCAVEL, COM FLANGES E ANEL DE VEDACAO, 54 MM, CAIXA D'AGUA PARA AGUA QUENTE [SINAPI 44259]
7805	129308	BUCHA DE REDUCAO CPVC, SOLDAVEL, 54 X 28 MM, PARA AGUA QUENTE	BUCHA DE REDUCAO CPVC, SOLDAVEL, 54 X 28 MM, PARA AGUA QUENTE [SINAPI 44400]
7806	129309	BUCHA DE REDUCAO, CPVC, SOLDAVEL, 54 X 35 MM, PARA AGUA QUENTE	BUCHA DE REDUCAO, CPVC, SOLDAVEL, 54 X 35 MM, PARA AGUA QUENTE [SINAPI 44263]
7807	129310	BUCHA DE REDUCAO, PPR, DN 50 X 25 MM, PARA AGUA QUENTE E FRIA PREDIAL	BUCHA DE REDUCAO, PPR, DN 50 X 25 MM, PARA AGUA QUENTE E FRIA PREDIAL [SINAPI 44175]
7808	129311	BUCHA DE REDUCAO, PPR, DN 50 X 32 MM, PARA AGUA QUENTE E FRIA PREDIAL	BUCHA DE REDUCAO, PPR, DN 50 X 32 MM, PARA AGUA QUENTE E FRIA PREDIAL [SINAPI 44177]
7809	129312	CABO COAXIAL RG11 95% DE MALHA	CABO COAXIAL RG11 95% DE MALHA [SINAPI 43834]
7810	129313	CABO COAXIAL RG59 95% DE MALHA	CABO COAXIAL RG59 95% DE MALHA [SINAPI 43835]
7811	129314	CABO COAXIAL RG6 95% DE MALHA	CABO COAXIAL RG6 95% DE MALHA [SINAPI 43833]
7812	129315	"CONECTOR / ADAPTADOR F/M, COM INSERTO METALICO, PPR, DN 25 MM X 3/4"", PARA AGUA QUENTE E FRIA PREDIAL"	"CONECTOR / ADAPTADOR F/M, COM INSERTO METALICO, PPR, DN 25 MM X 3/4"", PARA AGUA QUENTE E FRIA PREDIAL [SINAPI 44173]"
7813	129316	"CONECTOR / ADAPTADOR F/M, COM INSERTO METALICO, PPR, DN 32 MM X 1"", PARA AGUA QUENTE E FRIA PREDIAL"	"CONECTOR / ADAPTADOR F/M, COM INSERTO METALICO, PPR, DN 32 MM X 1"", PARA AGUA QUENTE E FRIA PREDIAL [SINAPI 44174]"
7814	129317	"CONECTOR, CPVC, SOLDAVEL, 114 MM X 4""â, PARA AGUA QUENTE"	"CONECTOR, CPVC, SOLDAVEL, 114 MM X 4""â, PARA AGUA QUENTE [SINAPI 44247]"
7815	129318	"CONECTOR, CPVC, SOLDAVEL, 54 MM X 2""â, PARA AGUA QUENTE"	"CONECTOR, CPVC, SOLDAVEL, 54 MM X 2""â, PARA AGUA QUENTE [SINAPI 44248]"
7816	129319	"CONECTOR, CPVC, SOLDAVEL, 73 MM X 2 1/2""â, PARA AGUA QUENTE"	"CONECTOR, CPVC, SOLDAVEL, 73 MM X 2 1/2""â, PARA AGUA QUENTE [SINAPI 44249]"
7817	129320	"CONECTOR, CPVC, SOLDAVEL, 89 MM X 3""â, PARA AGUA QUENTE"	"CONECTOR, CPVC, SOLDAVEL, 89 MM X 3""â, PARA AGUA QUENTE [SINAPI 44250]"
7818	129321	JOELHO CPVC, SOLDAVEL, 90 GRAUS, 114 MM, PARA AGUA QUENTE	JOELHO CPVC, SOLDAVEL, 90 GRAUS, 114 MM, PARA AGUA QUENTE [SINAPI 44251]
7819	129322	LUVA CPVC, SOLDAVEL, 114 MM, PARA AGUA QUENTE PREDIAL	LUVA CPVC, SOLDAVEL, 114 MM, PARA AGUA QUENTE PREDIAL [SINAPI 44252]
7820	129323	LUVA DE CORRER PARA TUBO SOLDAVEL, PVC, 40 MM, PARA AGUA FRIA PREDIAL	LUVA DE CORRER PARA TUBO SOLDAVEL, PVC, 40 MM, PARA AGUA FRIA PREDIAL [SINAPI 43838]
7821	129324	TE CPVC, SOLDAVEL, 90 GRAUS, 114 MM, PARA AGUA QUENTE PREDIAL	TE CPVC, SOLDAVEL, 90 GRAUS, 114 MM, PARA AGUA QUENTE PREDIAL [SINAPI 44253]
7822	129325	TIL CONDOMINIAL, PVC, DN 100 X 100 MM, PARA REDE COLETORA DE ESGOTO	TIL CONDOMINIAL, PVC, DN 100 X 100 MM, PARA REDE COLETORA DE ESGOTO [SINAPI 44261]
7823	129326	TIL RADIAL, PVC, JE, BBB, DN 300 X 200 MM, PARA REDE COLETORA DE ESGOTO (NBR 10.569)	TIL RADIAL, PVC, JE, BBB, DN 300 X 200 MM, PARA REDE COLETORA DE ESGOTO (NBR 10.569) [SINAPI 44326]
7824	129327	TUBO CPVC, SOLDAVEL, 114 MM, AGUA QUENTE (NBR 15884)	TUBO CPVC, SOLDAVEL, 114 MM, AGUA QUENTE (NBR 15884) [SINAPI 44260]
7825	129328	TUBO PPR, CLASSE PN 20, SOLDAVEL, DN 32 MM PARA AGUA FRIA OU QUENTE PREDIAL	TUBO PPR, CLASSE PN 20, SOLDAVEL, DN 32 MM PARA AGUA FRIA OU QUENTE PREDIAL [SINAPI 44176]
7826	129329	TUBO PVC, RIGIDO, CORRUGADO, PERFURADO DN 100 MM, PARA DRENAGEM, SISTEMA IRRIGACAO	TUBO PVC, RIGIDO, CORRUGADO, PERFURADO DN 100 MM, PARA DRENAGEM, SISTEMA IRRIGACAO [SINAPI 44315]
7800	129332	ADAPTADOR CPVC, ROSCAVEL, COM FLANGES E ANEL DE VEDACAO, 42 MM, CAIXA D'AGUA PARA AGUA QUENTE	ADAPTADOR CPVC, ROSCAVEL, COM FLANGES E ANEL DE VEDACAO, 42 MM, CAIXA D'AGUA PARA AGUA QUENTE [SINAPI 44258]
7939	129333	CAIXA D'AGUA / RESERVATORIO EM POLIESTER REFORCADO COM FIBRA DE VIDRO, 15000 LITROS, COM TAMPA	CAIXA D'AGUA / RESERVATORIO EM POLIESTER REFORCADO COM FIBRA DE VIDRO, 15000 LITROS, COM TAMPA [SINAPI 43981]
7940	129334	CAIXA D'AGUA / RESERVATORIO EM POLIESTER REFORCADO COM FIBRA DE VIDRO, 20000 LITROS, COM TAMPA	CAIXA D'AGUA / RESERVATORIO EM POLIESTER REFORCADO COM FIBRA DE VIDRO, 20000 LITROS, COM TAMPA [SINAPI 43982]
7941	129335	CAIXA D'AGUA / RESERVATORIO EM POLIESTER REFORCADO COM FIBRA DE VIDRO, 3000 LITROS, COM TAMPA	CAIXA D'AGUA / RESERVATORIO EM POLIESTER REFORCADO COM FIBRA DE VIDRO, 3000 LITROS, COM TAMPA [SINAPI 43978]
7942	129336	CAIXA D'AGUA / RESERVATORIO EM POLIESTER REFORCADO COM FIBRA DE VIDRO, 7000 LITROS, COM TAMPA	CAIXA D'AGUA / RESERVATORIO EM POLIESTER REFORCADO COM FIBRA DE VIDRO, 7000 LITROS, COM TAMPA [SINAPI 43980]
7943	129337	CAIXA D'AGUA / RESERVATORIO EM POLIESTER REFORCADO COM FIBRA DE VIDRO, 750 LITROS, COM TAMPA	CAIXA D'AGUA / RESERVATORIO EM POLIESTER REFORCADO COM FIBRA DE VIDRO, 750 LITROS, COM TAMPA [SINAPI 43979]
7944	129338	CAIXA D'AGUA / RESERVATORIO EM POLIETILENO, 3000 LITROS, COM TAMPA	CAIXA D'AGUA / RESERVATORIO EM POLIETILENO, 3000 LITROS, COM TAMPA [SINAPI 43977]
8461	129447	LUBRIFICANTE REDUTOR DE TORQUE E ARRASTO DE ALTO DESEMPENHO, PARA PERFURACAO HORIZONTAL DIRECIONAL, HDD	LUBRIFICANTE REDUTOR DE TORQUE E ARRASTO DE ALTO DESEMPENHO, PARA PERFURACAO HORIZONTAL DIRECIONAL, HDD [SINAPI 44699]
11269	135213	ADITIVO IMPERMEABILIZANTE CRISTALIZANTE PARA CONCRETO	ADITIVO IMPERMEABILIZANTE CRISTALIZANTE PARA CONCRETO [SINAPI 45146]
14792	138371	BLOCO CERAMICO / TIJOLO VAZADO PARA ALVENARIA DE VEDACAO, FUROS NA VERTICAL, 11,5 X 19 X 29 CM (L X A X C)	BLOCO CERAMICO / TIJOLO VAZADO PARA ALVENARIA DE VEDACAO, FUROS NA VERTICAL, 11,5 X 19 X 29 CM (L X A X C) [SINAPI 44466]
14793	138372	BLOCO CERAMICO / TIJOLO VAZADO PARA ALVENARIA DE VEDACAO, FUROS NA VERTICAL, 11,5 X 19 X 39 CM (L X A X C)	BLOCO CERAMICO / TIJOLO VAZADO PARA ALVENARIA DE VEDACAO, FUROS NA VERTICAL, 11,5 X 19 X 39 CM (L X A X C) [SINAPI 44467]
15048	138564	BLOCO CERAMICO / TIJOLO VAZADO PARA ALVENARIA DE VEDACAO, FUROS NA VERTICAL, 14 X 19 X 29 CM (L X A X C)	BLOCO CERAMICO / TIJOLO VAZADO PARA ALVENARIA DE VEDACAO, FUROS NA VERTICAL, 14 X 19 X 29 CM (L X A X C) [SINAPI 44468]
