codigo	descricao
118630	ABRACADEIRA DE LATAO PARA FIXACAO DE CABO PARA-RAIO, DIMENSOES 32 X 24 X 24 MM
118631	ABRACADEIRA DE NYLON PARA AMARRACAO DE CABOS, COMPRIMENTO DE *230* X *7,6* MM
118632	ABRACADEIRA DE NYLON PARA AMARRACAO DE CABOS, COMPRIMENTO DE 100 X 2,5 MM
118633	ABRACADEIRA DE NYLON PARA AMARRACAO DE CABOS, COMPRIMENTO DE 150 X *3,6* MM
118634	ABRACADEIRA DE NYLON PARA AMARRACAO DE CABOS, COMPRIMENTO DE 200 X *4,6* MM
118635	ABRACADEIRA DE NYLON PARA AMARRACAO DE CABOS, COMPRIMENTO DE 390 X *4,6* MM
118636	"ABRACADEIRA EM ACO PARA AMARRACAO DE ELETRODUTOS, TIPO D, COM 1 1/2"" E CUNHA DE FIXACAO"
118637	"ABRACADEIRA EM ACO PARA AMARRACAO DE ELETRODUTOS, TIPO D, COM 1 1/2"" E PARAFUSO DE FIXACAO"
118638	"ABRACADEIRA EM ACO PARA AMARRACAO DE ELETRODUTOS, TIPO D, COM 1 1/4"" E CUNHA DE FIXACAO"
118639	"ABRACADEIRA EM ACO PARA AMARRACAO DE ELETRODUTOS, TIPO D, COM 1 1/4"" E PARAFUSO DE FIXACAO"
118640	"ABRACADEIRA EM ACO PARA AMARRACAO DE ELETRODUTOS, TIPO D, COM 1/2"" E CUNHA DE FIXACAO"
118641	"ABRACADEIRA EM ACO PARA AMARRACAO DE ELETRODUTOS, TIPO D, COM 1/2"" E PARAFUSO DE FIXACAO"
118642	"ABRACADEIRA EM ACO PARA AMARRACAO DE ELETRODUTOS, TIPO D, COM 1"" E CUNHA DE FIXACAO"
118643	"ABRACADEIRA EM ACO PARA AMARRACAO DE ELETRODUTOS, TIPO D, COM 1"" E PARAFUSO DE FIXACAO"
118644	"ABRACADEIRA EM ACO PARA AMARRACAO DE ELETRODUTOS, TIPO D, COM 2 1/2"" E CUNHA DE FIXACAO"
118645	"ABRACADEIRA EM ACO PARA AMARRACAO DE ELETRODUTOS, TIPO D, COM 2 1/2"" E PARAFUSO DE FIXACAO"
118646	"ABRACADEIRA EM ACO PARA AMARRACAO DE ELETRODUTOS, TIPO D, COM 2"" E CUNHA DE FIXACAO"
118647	"ABRACADEIRA EM ACO PARA AMARRACAO DE ELETRODUTOS, TIPO D, COM 2"" E PARAFUSO DE FIXACAO"
118648	"ABRACADEIRA EM ACO PARA AMARRACAO DE ELETRODUTOS, TIPO D, COM 3 1/2"" E CUNHA DE FIXACAO"
118649	"ABRACADEIRA EM ACO PARA AMARRACAO DE ELETRODUTOS, TIPO D, COM 3/4"" E CUNHA DE FIXACAO"
118650	"ABRACADEIRA EM ACO PARA AMARRACAO DE ELETRODUTOS, TIPO D, COM 3/4"" E PARAFUSO DE FIXACAO"
118651	"ABRACADEIRA EM ACO PARA AMARRACAO DE ELETRODUTOS, TIPO D, COM 3/8"" E PARAFUSO DE FIXACAO"
118652	"ABRACADEIRA EM ACO PARA AMARRACAO DE ELETRODUTOS, TIPO D, COM 3"" E CUNHA DE FIXACAO"
118653	"ABRACADEIRA EM ACO PARA AMARRACAO DE ELETRODUTOS, TIPO D, COM 3"" E PARAFUSO DE FIXACAO"
118654	"ABRACADEIRA EM ACO PARA AMARRACAO DE ELETRODUTOS, TIPO D, COM 4"" E CUNHA DE FIXACAO"
118655	"ABRACADEIRA EM ACO PARA AMARRACAO DE ELETRODUTOS, TIPO D, COM 4"" E PARAFUSO DE FIXACAO"
118656	"ABRACADEIRA EM ACO PARA AMARRACAO DE ELETRODUTOS, TIPO ECONOMICA (GOTA), COM 8"""
118657	"ABRACADEIRA EM ACO PARA AMARRACAO DE ELETRODUTOS, TIPO U SIMPLES, COM 1 1/2"""
118658	"ABRACADEIRA EM ACO PARA AMARRACAO DE ELETRODUTOS, TIPO U SIMPLES, COM 1 1/4"""
118659	"ABRACADEIRA EM ACO PARA AMARRACAO DE ELETRODUTOS, TIPO U SIMPLES, COM 1/2"""
118660	"ABRACADEIRA EM ACO PARA AMARRACAO DE ELETRODUTOS, TIPO U SIMPLES, COM 1"""
118661	"ABRACADEIRA EM ACO PARA AMARRACAO DE ELETRODUTOS, TIPO U SIMPLES, COM 2 1/2"""
118662	"ABRACADEIRA EM ACO PARA AMARRACAO DE ELETRODUTOS, TIPO U SIMPLES, COM 2"""
118663	"ABRACADEIRA EM ACO PARA AMARRACAO DE ELETRODUTOS, TIPO U SIMPLES, COM 3/4"""
118664	"ABRACADEIRA EM ACO PARA AMARRACAO DE ELETRODUTOS, TIPO U SIMPLES, COM 3/8"""
118665	"ABRACADEIRA EM ACO PARA AMARRACAO DE ELETRODUTOS, TIPO U SIMPLES, COM 3"""
118666	"ABRACADEIRA EM ACO PARA AMARRACAO DE ELETRODUTOS, TIPO U SIMPLES, COM 4"""
118667	ABRACADEIRA PVC, PARA CALHA PLUVIAL, DIAMETRO ENTRE 80 E 100 MM, PARA DRENAGEM PREDIAL
118668	"ABRACADEIRA, GALVANIZADA/ZINCADA, ROSCA SEM FIM, PARAFUSO INOX, LARGURA FITA *12,6 A *14 MM, D = 2"" A 2 1/2"""
118669	"ABRACADEIRA, GALVANIZADA/ZINCADA, ROSCA SEM FIM, PARAFUSO INOX, LARGURA FITA *12,6 A *14 MM, D = 3"" A 3 3/4"""
118670	"ABRACADEIRA, GALVANIZADA/ZINCADA, ROSCA SEM FIM, PARAFUSO INOX, LARGURA FITA *12,6 A *14 MM, D = 4"" A 4 3/4"""
118671	"ACABAMENTO CROMADO PARA REGISTRO PEQUENO, 1/2 "" OU 3/4 """
118672	"ACABAMENTO SIMPLES/CONVENCIONAL PARA FORRO PVC, TIPO ""U"" OU ""C"", COR BRANCA, COMPRIMENTO 6 M"
118673	ACESSORIO DE LIGACAO NAO ELETRICO PARA CARGAS EXPLOSIVAS, TUBO DE 6 M
118674	ACESSORIO INICIADOR NAO ELETRICO, TUBO DE 6 M, TEMPO DE RETARDO DE *160* MS
118675	ACETILENO (RECARGA PARA CILINDRO DE CONJUNTO OXICORTE GRANDE)
118828	ACIDO MURIATICO, DILUICAO 10% A 12% PARA USO EM LIMPEZA
118830	ACO CA-25, 10,0 MM, OU 12,5 MM, OU 16,0 MM, OU 20,0 MM, OU 25,0 MM, VERGALHAO
118832	ACO CA-25, 16,0 MM, BARRA DE TRANSFERENCIA
118834	ACO CA-25, 20,0 MM, BARRA DE TRANSFERENCIA
118837	ACO CA-25, 25,0 MM, BARRA DE TRANSFERENCIA
118839	ACO CA-25, 32,0 MM, BARRA DE TRANSFERENCIA
118841	ACO CA-25, 32,0 MM, VERGALHAO
118843	ACO CA-25, 6,3 MM OU 8,0 MM, VERGALHAO
118846	ACO CA-50, 10,0 MM, OU 12,5 MM, OU 16,0 MM, OU 20,0 MM, DOBRADO E CORTADO
118848	ACO CA-50, 10,0 MM, VERGALHAO
118850	ACO CA-50, 12,5 MM OU 16,0 MM, VERGALHAO
118852	ACO CA-50, 20,0 MM OU 25,0 MM, VERGALHAO
118854	ACO CA-50, 32,0 MM, VERGALHAO
118857	ACO CA-50, 6,3 MM, DOBRADO E CORTADO
118859	ACO CA-50, 6,3 MM, VERGALHAO
118861	ACO CA-50, 8,0 MM, VERGALHAO
118863	ACO CA-60, 4,2 MM OU 5,0 MM, DOBRADO E CORTADO
118866	ACO CA-60, 4,2 MM, OU 5,0 MM, OU 6,0 MM, OU 7,0 MM, VERGALHAO
118868	ACO CA-60, 6,0 MM OU 7,0 MM, DOBRADO E CORTADO
118870	ACO CA-60, 8,0 MM OU 9,5 MM, VERGALHAO
118873	ACOPLAMENTO DE CONDUTOR PLUVIAL, EM PVC, DIAMETRO ENTRE 80 E 100 MM, PARA DRENAGEM PREDIAL
118875	"ACOPLAMENTO RIGIDO EM FERRO FUNDIDO PARA SISTEMA DE TUBULACAO RANHURADA, DN 50 MM (2"")"
118877	"ACOPLAMENTO RIGIDO EM FERRO FUNDIDO PARA SISTEMA DE TUBULACAO RANHURADA, DN 65 MM (2 1/2"")"
118879	"ACOPLAMENTO RIGIDO EM FERRO FUNDIDO PARA SISTEMA DE TUBULACAO RANHURADA, DN 80 MM (3"")"
118881	ADAPTADOR DE COBRE PARA TUBULACAO PEX, DN 16 X 15 MM
118883	ADAPTADOR DE COBRE PARA TUBULACAO PEX, DN 20 X 22 MM
118886	"ADAPTADOR DE COMPRESSAO EM POLIPROPILENO (PP), PARA TUBO EM PEAD, 20 MM X 1/2"", PARA LIGACAO PREDIAL DE AGUA (NTS 179)"
118888	"ADAPTADOR DE COMPRESSAO EM POLIPROPILENO (PP), PARA TUBO EM PEAD, 20 MM X 3/4"", PARA LIGACAO PREDIAL DE AGUA (NTS 179)"
118890	"ADAPTADOR DE COMPRESSAO EM POLIPROPILENO (PP), PARA TUBO EM PEAD, 32 MM X 1"", PARA LIGACAO PREDIAL DE AGUA (NTS 179)"
118892	"ADAPTADOR PVC PARA SIFAO METALICO, SOLDAVEL, COM ANEL BORRACHA (JE), 40 MM X 1 1/2"""
118894	"ADAPTADOR PVC PARA SIFAO, ROSCAVEL, 40 MM X 1 1/4"""
118972	"ADAPTADOR PVC ROSCAVEL, COM FLANGES E ANEL DE VEDACAO, 1/2"", PARA CAIXA D' AGUA"
118974	"ADAPTADOR PVC ROSCAVEL, COM FLANGES E ANEL DE VEDACAO, 1"", PARA CAIXA D' AGUA"
118977	"ADAPTADOR PVC ROSCAVEL, COM FLANGES E ANEL DE VEDACAO, 3/4"", PARA CAIXA D' AGUA"
118979	"ADAPTADOR PVC SOLDAVEL CURTO COM BOLSA E ROSCA, 110 MM X 4"", PARA AGUA FRIA"
118981	"ADAPTADOR PVC SOLDAVEL CURTO COM BOLSA E ROSCA, 20 MM X 1/2"", PARA AGUA FRIA"
118984	"ADAPTADOR PVC SOLDAVEL CURTO COM BOLSA E ROSCA, 25 MM X 3/4"", PARA AGUA FRIA"
118986	"ADAPTADOR PVC SOLDAVEL CURTO COM BOLSA E ROSCA, 32 MM X 1"", PARA AGUA FRIA"
118988	"ADAPTADOR PVC SOLDAVEL CURTO COM BOLSA E ROSCA, 40 MM X 1 1/2"", PARA AGUA FRIA"
118991	"ADAPTADOR PVC SOLDAVEL CURTO COM BOLSA E ROSCA, 40 MM X 1 1/4"", PARA AGUA FRIA"
118993	"ADAPTADOR PVC SOLDAVEL CURTO COM BOLSA E ROSCA, 50 MM X 1 1/4"", PARA AGUA FRIA"
118995	"ADAPTADOR PVC SOLDAVEL CURTO COM BOLSA E ROSCA, 50 MM X1 1/2"", PARA AGUA FRIA"
118998	"ADAPTADOR PVC SOLDAVEL CURTO COM BOLSA E ROSCA, 60 MM X 2"", PARA AGUA FRIA"
119000	"ADAPTADOR PVC SOLDAVEL CURTO COM BOLSA E ROSCA, 75 MM X 2 1/2"", PARA AGUA FRIA"
119003	"ADAPTADOR PVC SOLDAVEL CURTO COM BOLSA E ROSCA, 85 MM X 3"", PARA AGUA FRIA"
119005	"ADAPTADOR PVC SOLDAVEL, COM FLANGE E ANEL DE VEDACAO, 20 MM X 1/2"", PARA CAIXA D'AGUA"
119007	"ADAPTADOR PVC SOLDAVEL, COM FLANGE E ANEL DE VEDACAO, 25 MM X 3/4"", PARA CAIXA D'AGUA"
119010	"ADAPTADOR PVC SOLDAVEL, COM FLANGE E ANEL DE VEDACAO, 32 MM X 1"", PARA CAIXA D'AGUA"
119012	"ADAPTADOR PVC SOLDAVEL, COM FLANGE E ANEL DE VEDACAO, 40 MM X 1 1/4"", PARA CAIXA D'AGUA"
119014	"ADAPTADOR PVC SOLDAVEL, COM FLANGE E ANEL DE VEDACAO, 50 MM X 1 1/2"", PARA CAIXA D'AGUA"
119017	"ADAPTADOR PVC SOLDAVEL, COM FLANGES E ANEL DE VEDACAO, 60 MM X 2"", PARA CAIXA D' AGUA"
119019	"ADAPTADOR PVC SOLDAVEL, COM FLANGES LIVRES, 110 MM X 4"", PARA CAIXA D' AGUA"
119021	"ADAPTADOR PVC SOLDAVEL, COM FLANGES LIVRES, 25 MM X 3/4"", PARA CAIXA D' AGUA"
119024	"ADAPTADOR PVC SOLDAVEL, COM FLANGES LIVRES, 32 MM X 1"", PARA CAIXA D' AGUA"
119026	"ADAPTADOR PVC SOLDAVEL, COM FLANGES LIVRES, 40 MM X 1 1/4"", PARA CAIXA D' AGUA"
119028	"ADAPTADOR PVC SOLDAVEL, COM FLANGES LIVRES, 50 MM X 1 1/2"", PARA CAIXA D' AGUA"
119032	"ADAPTADOR PVC SOLDAVEL, COM FLANGES LIVRES, 60 MM X 2"", PARA CAIXA D' AGUA"
119034	"ADAPTADOR PVC SOLDAVEL, COM FLANGES LIVRES, 75 MM X 2 1/2"", PARA CAIXA D' AGUA"
119036	"ADAPTADOR PVC SOLDAVEL, COM FLANGES LIVRES, 85 MM X 3"", PARA CAIXA D' AGUA"
119039	"ADAPTADOR PVC SOLDAVEL, LONGO, COM FLANGE LIVRE, 110 MM X 4"", PARA CAIXA D' AGUA"
119041	"ADAPTADOR PVC SOLDAVEL, LONGO, COM FLANGE LIVRE, 25 MM X 3/4"", PARA CAIXA D' AGUA"
119043	"ADAPTADOR PVC SOLDAVEL, LONGO, COM FLANGE LIVRE, 32 MM X 1"", PARA CAIXA D' AGUA"
119046	"ADAPTADOR PVC SOLDAVEL, LONGO, COM FLANGE LIVRE, 40 MM X 1 1/4"", PARA CAIXA D' AGUA"
119048	"ADAPTADOR PVC SOLDAVEL, LONGO, COM FLANGE LIVRE, 50 MM X 1 1/2"", PARA CAIXA D' AGUA"
119050	"ADAPTADOR PVC SOLDAVEL, LONGO, COM FLANGE LIVRE, 60 MM X 2"", PARA CAIXA D' AGUA"
119053	"ADAPTADOR PVC SOLDAVEL, LONGO, COM FLANGE LIVRE, 75 MM X 2 1/2"", PARA CAIXA D' AGUA"
119055	"ADAPTADOR PVC SOLDAVEL, LONGO, COM FLANGE LIVRE, 85 MM X 3"", PARA CAIXA D' AGUA"
119057	"ADAPTADOR PVC, COM REGISTRO, PARA PEAD, 20 MM X 3/4"", PARA LIGACAO PREDIAL DE AGUA"
119060	"ADAPTADOR PVC, ROSCAVEL, COM FLANGES E ANEL DE VEDACAO, 1 1/2"", PARA CAIXA D'AGUA"
119062	"ADAPTADOR PVC, ROSCAVEL, COM FLANGES E ANEL DE VEDACAO, 1 1/4"", PARA CAIXA D' AGUA"
119064	"ADAPTADOR PVC, ROSCAVEL, COM FLANGES E ANEL DE VEDACAO, 2"", PARA CAIXA D' AGUA"
119067	ADAPTADOR PVC, ROSCAVEL, PARA VALVULA PIA OU LAVATORIO, 40 MM
119069	ADAPTADOR, CPVC, SOLDAVEL, 15 MM, PARA AGUA QUENTE
119071	ADAPTADOR, CPVC, SOLDAVEL, 22 MM, PARA AGUA QUENTE
119074	"ADAPTADOR, EM LATAO, ENGATE RAPIDO 2 1/2"" X ROSCA INTERNA 5 FIOS 2 1/2"", PARA INSTALACAO PREDIAL DE COMBATE A INCENDIO"
119076	"ADAPTADOR, EM LATAO, ENGATE RAPIDO1 1/2"" X ROSCA INTERNA 5 FIOS 2 1/2"", PARA INSTALACAO PREDIAL DE COMBATE A INCENDIO"
119078	ADAPTADOR, PVC PBA, BOLSA/ROSCA, JE, DN 75 / DE 85 MM
119081	ADAPTADOR, PVC PBA, A BOLSA DEFOFO, JE, DN 100 / DE 110 MM
119083	ADAPTADOR, PVC PBA, A BOLSA DEFOFO, JE, DN 50 / DE 60 MM
119085	ADAPTADOR, PVC PBA, A BOLSA DEFOFO, JE, DN 75 / DE 85 MM
119088	ADAPTADOR, PVC PBA, BOLSA/ROSCA, JE, DN 100 / DE 110 MM
119090	ADAPTADOR, PVC PBA, BOLSA/ROSCA, JE, DN 50 / DE 60 MM
119093	ADAPTADOR, PVC PBA, PONTA/ROSCA, JE, DN 50 / DE 60 MM
119095	ADAPTADOR, PVC PBA, PONTA/ROSCA, JE, DN 75 / DE 85 MM
119097	ADESIVO ACRILICO/COLA DE CONTATO
119100	ADESIVO ESTRUTURAL A BASE DE RESINA EPOXI PARA INJECAO EM TRINCAS, BICOMPONENTE, BAIXA VISCOSIDADE
119102	ADESIVO ESTRUTURAL A BASE DE RESINA EPOXI, BICOMPONENTE, FLUIDO
119104	ADESIVO ESTRUTURAL A BASE DE RESINA EPOXI, BICOMPONENTE, PASTOSO (TIXOTROPICO)
119107	ADESIVO LIQUIDO A BASE DE RESINAS PARA COLAGEM DE ESPUMA DE ISOLAMENTO TERMICO FLEXIVEL
119109	ADESIVO PARA TUBOS CPVC, *75* G
119111	ADESIVO PLASTICO PARA PVC, BISNAGA COM 75 GR
119114	ADESIVO PLASTICO PARA PVC, FRASCO COM 175 GR
119116	ADESIVO PLASTICO PARA PVC, FRASCO COM 850 GR
119118	ADESIVO/COLA PARA EPS (ISOPOR) E OUTROS MATERIAIS
119121	ADITIVO ACELERADOR DE PEGA E ENDURECIMENTO PARA ARGAMASSAS E CONCRETOS, LIQUIDO E ISENTO DE CLORETOS
119123	ADITIVO ADESIVO LIQUIDO PARA ARGAMASSAS DE REVESTIMENTOS CIMENTICIOS
119125	ADITIVO IMPERMEABILIZANTE DE PEGA NORMAL PARA ARGAMASSAS E CONCRETOS SEM ARMACAO, LIQUIDO E ISENTO DE CLORETOS
119128	ADITIVO IMPERMEABILIZANTE DE PEGA ULTRARRAPIDA, LIQUIDO E ISENTO DE CLORETOS
119130	ADITIVO LIQUIDO IMPERMEABILIZANTE CRISTALIZANTE
119132	ADITIVO LIQUIDO INCORPORADOR DE AR PARA CONCRETO E ARGAMASSA, LIQUIDO E ISENTO DE CLORETOS
119135	ADITIVO PLASTIFICANTE E ESTABILIZADOR PARA ARGAMASSAS DE ASSENTAMENTO E REBOCO, LIQUIDO E ISENTO DE CLORETOS
119137	ADITIVO PLASTIFICANTE RETARDADOR DE PEGA E REDUTOR DE AGUA PARA CONCRETO, LIQUIDO E ISENTO DE CLORETOS
119139	ADITIVO SUPERPLASTIFICANTE DE PEGA NORMAL PARA CONCRETO, LIQUIDO E ISENTO DE CLORETOS
119527	ADUELA/ GALERIA PRE-MOLDADA DE CONCRETO ARMADO, SECAO QUADRADA INTERNA DE 1,50 X 1,50 M (L X A), MISULA DE 20 X 20 CM, C = 1,00 M, ESPESSURA MIN = 15 CM, TB-45 E FCK DO CONCRETO = 30 MPA
119529	ADUELA/ GALERIA PRE-MOLDADA DE CONCRETO ARMADO, SECAO RETANGULAR INTERNA DE 2,00 X 2,00 M (L X A), MISULA DE 20 X 20 CM, C = 1,00 M, ESPESSURA MIN = 15 CM, TB-45 E FCK DO CONCRETO = 30 MPA
119532	ADUELA/ GALERIA PRE-MOLDADA DE CONCRETO ARMADO, SECAO RETANGULAR INTERNA DE 2,50 X 2,50 M (L X A), MISULA DE 20 X 20 CM, C = 1,00 M, ESPESSURA MIN = 15 CM, TB-45 E FCK DO CONCRETO = 30 MPA
119534	ADUELA/ GALERIA PRE-MOLDADA DE CONCRETO ARMADO, SECAO RETANGULAR INTERNA DE 3,00 X 3,00 M (L X A), MISULA DE 20 X 20 CM, C = 1.00 M, ESPESSURA MIN = 20 CM, TB-45 E FCK DO CONCRETO = 30 MPA
119537	AFASTADOR PARA TELHA DE FIBROCIMENTO CANALETE 90 OU KALHETAO
119539	AGENTE DE CURA, PROTETOR DA EVAPORACAO DA AGUA DE HIDRATACAO DO CONCRETO
119563	AGREGADO RECICLADO, TIPO RACHAO RECICLADO CINZA, CLASSE A
119565	AJUDANTE DE ARMADOR
119568	AJUDANTE DE ARMADOR (MENSALISTA)
119570	AJUDANTE DE ELETRICISTA
119572	AJUDANTE DE ELETRICISTA (MENSALISTA)
119575	AJUDANTE DE ESTRUTURAS METALICAS
119577	AJUDANTE DE ESTRUTURAS METALICAS (MENSALISTA)
119580	AJUDANTE DE OPERACAO EM GERAL
119582	AJUDANTE DE OPERACAO EM GERAL (MENSALISTA)
119584	AJUDANTE DE PINTOR
119586	AJUDANTE DE PINTOR (MENSALISTA)
119589	AJUDANTE DE SERRALHEIRO
119591	AJUDANTE DE SERRALHEIRO (MENSALISTA)
119593	AJUDANTE ESPECIALIZADO
119596	AJUDANTE ESPECIALIZADO (MENSALISTA)
119598	"ALCA PREFORMADA DE CONTRA POSTE, EM ACO GALVANIZADO, PARA CABO 3/16"", COMPRIMENTO *860* MM"
119600	ALCA PREFORMADA DE DISTRIBUICAO, EM ACO GALVANIZADO, PARA CABO DE ALUMINIO DIAMETRO 16 A 25 MM
119602	ALCA PREFORMADA DE DISTRIBUICAO, EM ACO GALVANIZADO, PARA CONDUTORES DE ALUMINIO AWG 1/0 (CAA 6/1 OU CA 7 FIOS)
119605	ALCA PREFORMADA DE DISTRIBUICAO, EM ACO GALVANIZADO, PARA CONDUTORES DE ALUMINIO AWG 2 (CAA 6/1 OU CA 7 FIOS)
119607	ALCA PREFORMADA DE SERVICO, EM ACO GALVANIZADO, PARA CONDUTORES DE ALUMINIO AWG 4 (CAA 6/1)
119610	ALCA PREFORMADA DE SERVICO, EM ACO GALVANIZADO, PARA CONDUTORES DE ALUMINIO AWG 6 (CAA 6/1)
119612	"ALICATE DE CORTE DIAGONAL 6 "" COM ISOLAMENTO"
119615	ALICATE DE CRIMPAR RJ11, RJ12 E RJ45
119618	"ALICATE DE PRESSAO PARA SOLDA DE CHAPA 18 """
119620	"ALICATE DE PRESSAO 11 "" PARA SOLDA, TIPO C"
119622	"ALICATE DE PRESSAO 11 "" PARA SOLDA, TIPO U"
119625	ALICATE PARA ANEIS DE PISTAO, CAPACIDADE 50 A 100 MM
119627	ALIMENTACAO - HORISTA (COLETADO CAIXA)
119629	ALIMENTACAO - MENSALISTA (COLETADO CAIXA)
119632	ALISADORA DE CONCRETO COM MOTOR A GASOLINA DE 5,5 HP, PESO COM MOTOR DE 78 KG, 4 PAS
119634	ALMOXARIFE
119637	ALMOXARIFE (MENSALISTA)
119639	ALONGADOR COM TRES ALTURAS, EM TUBO DE ACO CARBONO, PINTURA NO PROCESSO ELETROSTATICO - EQUIPAMENTO DE GINASTICA PARA ACADEMIA AO AR LIVRE / ACADEMIA DA TERCEIRA IDADE - ATI
119641	ALUMINIO ANODIZADO
119644	ANEL BORRACHA DN 100 MM, PARA TUBO SERIE REFORCADA ESGOTO PREDIAL
119646	ANEL BORRACHA DN 75 MM, PARA TUBO SERIE REFORCADA ESGOTO PREDIAL
119648	ANEL BORRACHA PARA TUBO ESGOTO PREDIAL DN 40 MM (NBR 5688)
119651	ANEL BORRACHA PARA TUBO ESGOTO PREDIAL DN 50 MM (NBR 5688)
119653	ANEL BORRACHA PARA TUBO ESGOTO PREDIAL DN 75 MM (NBR 5688)
119655	ANEL BORRACHA PARA TUBO ESGOTO PREDIAL, DN 100 MM (NBR 5688)
119658	ANEL BORRACHA, DN 150 MM, PARA TUBO SERIE REFORCADA ESGOTO PREDIAL
119660	ANEL BORRACHA, DN 40 MM, PARA TUBO SERIE REFORCADA ESGOTO PREDIAL
119662	ANEL BORRACHA, DN 50 MM, PARA TUBO SERIE REFORCADA ESGOTO PREDIAL
119665	ANEL BORRACHA, PARA TUBO PVC DEFOFO, DN 100 MM (NBR 7665)
119667	ANEL BORRACHA, PARA TUBO PVC DEFOFO, DN 150 MM (NBR 7665)
119670	ANEL BORRACHA, PARA TUBO PVC DEFOFO, DN 200 MM (NBR 7665)
119672	ANEL BORRACHA, PARA TUBO PVC DEFOFO, DN 250 MM (NBR 7665)
119674	ANEL BORRACHA, PARA TUBO PVC DEFOFO, DN 300 MM (NBR 7665)
119677	ANEL BORRACHA, PARA TUBO PVC, REDE COLETOR ESGOTO, DN 100 MM (NBR 7362)
119679	ANEL BORRACHA, PARA TUBO PVC, REDE COLETOR ESGOTO, DN 150 MM (NBR 7362)
119681	ANEL BORRACHA, PARA TUBO PVC, REDE COLETOR ESGOTO, DN 200 MM (NBR 7362)
119684	ANEL BORRACHA, PARA TUBO PVC, REDE COLETOR ESGOTO, DN 250 MM (NBR 7362)
119686	ANEL BORRACHA, PARA TUBO PVC, REDE COLETOR ESGOTO, DN 350 MM (NBR 7362)
119688	ANEL BORRACHA, PARA TUBO PVC, REDE COLETOR ESGOTO, DN 400 MM (NBR 7362)
119691	ANEL BORRACHA, PARA TUBO/CONEXAO PVC PBA, DN 100 MM, PARA REDE AGUA
119693	ANEL BORRACHA, PARA TUBO/CONEXAO PVC PBA, DN 50 MM, PARA REDE AGUA
119696	ANEL BORRACHA, PARA TUBO/CONEXAO PVC PBA, DN 60 MM, PARA REDE AGUA
119698	ANEL BORRACHA, PARA TUBO/CONEXAO PVC PBA, DN 75 MM, PARA REDE AGUA
119700	ANEL BORRACHA, PARA TUBO, PVC REDE COLETOR ESGOTO, DN 300 MM (NBR 7362)
119703	"ANEL DE BORRACHA PARA VEDACAO DE DUTO PEAD CORRUGADO PARA ELETRICA, DN 1 1/2"""
119705	"ANEL DE BORRACHA PARA VEDACAO DE DUTO PEAD CORRUGADO PARA ELETRICA, DN 1 1/4"""
119707	"ANEL DE BORRACHA PARA VEDACAO DE DUTO PEAD CORRUGADO PARA ELETRICA, DN 2"""
119710	"ANEL DE BORRACHA PARA VEDACAO DE DUTO PEAD CORRUGADO PARA ELETRICA, DN 3"""
119712	"ANEL DE BORRACHA PARA VEDACAO DE DUTO PEAD CORRUGADO PARA ELETRICA, DN 4"""
119714	ANEL DE CONCRETO ARMADO COM FUNDO, PARA FOSSA E POCO 1,50 X *0,50* M
119717	ANEL DE CONCRETO ARMADO COM FUNDO, PARA FOSSA E POCO 2,00 X *0,50* M
119719	ANEL DE CONCRETO ARMADO COM FUNDO, PARA FOSSA E POCO 2,50 X *0,50* M
119721	ANEL DE CONCRETO ARMADO, COM FUROS/DRENO PARA SUMIDOURO, D = 0,80 M, H = 0,50 M
119724	ANEL DE CONCRETO ARMADO, COM FUROS/DRENO PARA SUMIDOURO, D = 1,00 M, H = 0,50M
119726	ANEL DE CONCRETO ARMADO, COM FUROS/DRENO PARA SUMIDOURO, D = 1,50 M, H = 0,50 M
119728	ANEL DE DISTRIBUICAO EM ACO GALVANIZADO PARA FIO FE-160
119731	"ANEL DE EXPANSAO EM COBRE, ENGATE RAPIDO 1 1/2"", PARA EMPATACAO MANGUEIRA DE COMBATE A INCENDIO PREDIAL"
119733	"ANEL DE EXPANSAO EM COBRE, ENGATE RAPIDO 2 1/2"", PARA EMPATACAO MANGUEIRA DE COMBATE A INCENDIO PREDIAL"
119736	ANEL DE VEDACAO/JUNTA ELASTICA, H = *16* MM, PARA TUBO DE CONCRETO DN 300 MM
119738	ANEL DE VEDACAO/JUNTA ELASTICA, H = *16* MM, PARA TUBO DE CONCRETO DN 400 MM
119774	ANEL DE VEDACAO/JUNTA ELASTICA, H = *16* MM, PARA TUBO DE CONCRETO DN 500 MM
119776	ANEL DE VEDACAO/JUNTA ELASTICA, H = *16* MM, PARA TUBO DE CONCRETO DN 600 MM
119778	ANEL DE VEDACAO/JUNTA ELASTICA, H = *18* MM, PARA TUBO DE CONCRETO DN 700 MM
119781	ANEL DE VEDACAO/JUNTA ELASTICA, H = *19* MM, PARA TUBO DE CONCRETO DN 800 MM
119783	ANEL DE VEDACAO/JUNTA ELASTICA, H = *19* MM, PARA TUBO DE CONCRETO DN 900 MM
119785	ANEL DE VEDACAO/JUNTA ELASTICA, H = *21* MM, PARA TUBO DE CONCRETO DN 1000 MM
119787	ANEL DESLIZANTE / TRADICIONAL, METALICO, PARA TUBO PEX, DN 16 MM
119790	ANEL DESLIZANTE / TRADICIONAL, METALICO, PARA TUBO PEX, DN 20 MM
119792	ANEL DESLIZANTE / TRADICIONAL, METALICO, PARA TUBO PEX, DN 25 MM
119794	ANEL DESLIZANTE / TRADICIONAL, METALICO, PARA TUBO PEX, DN 32 MM
119797	ANEL EM CONCRETO ARMADO, LISO, PARA FOSSAS SEPTICAS E SUMIDOUROS, COM FUNDO, DIAMETRO INTERNO DE 1,20 M E ALTURA DE 0,50 M
119799	ANEL EM CONCRETO ARMADO, LISO, PARA FOSSAS SEPTICAS E SUMIDOUROS, COM FUNDO, DIAMETRO INTERNO DE 3,00 M E ALTURA DE 0,50 M
119801	ANEL EM CONCRETO ARMADO, LISO, PARA FOSSAS SEPTICAS E SUMIDOUROS, SEM FUNDO, DIAMETRO INTERNO DE 2,00 M E ALTURA DE 0,50 M
119804	ANEL EM CONCRETO ARMADO, LISO, PARA FOSSAS SEPTICAS E SUMIDOUROS, SEM FUNDO, DIAMETRO INTERNO DE 2,50 M E ALTURA DE 0,50 M
119806	ANEL EM CONCRETO ARMADO, LISO, PARA FOSSAS SEPTICAS E SUMIDOUROS, SEM FUNDO, DIAMETRO INTERNO DE 3,00 M E ALTURA DE 0,50 M
119808	ANEL EM CONCRETO ARMADO, LISO, PARA POCOS DE INSPECAO, COM FUNDO, DIAMETRO INTERNO DE 0,60 M E ALTURA DE 0,50 M
119811	ANEL EM CONCRETO ARMADO, LISO, PARA POCOS DE INSPECAO, SEM FUNDO, DIAMETRO INTERNO DE 0,60 M E ALTURA DE 0,20 M
119813	ANEL EM CONCRETO ARMADO, LISO, PARA POCOS DE INSPECAO, SEM FUNDO, DIAMETRO INTERNO DE 0,60 M E ALTURA DE 0,50 M
119815	ANEL EM CONCRETO ARMADO, LISO, PARA POCOS DE VISITA, POCOS DE INSPECAO, FOSSAS SEPTICAS E SUMIDOUROS, COM FUNDO, DIAMETRO INTERNO DE 1,20 M E ALTURA DE 0,75 M
119818	ANEL EM CONCRETO ARMADO, LISO, PARA POCOS DE VISITA, POCOS DE INSPECAO, FOSSAS SEPTICAS E SUMIDOUROS, SEM FUNDO, DIAMETRO INTERNO DE 1,20 M E ALTURA DE 0,50 M
119820	ANEL EM CONCRETO ARMADO, LISO, PARA POCOS DE VISITAS, POCOS DE INSPECAO, FOSSAS SEPTICAS E SUMIDOUROS, COM FUNDO, DIAMETRO INTERNO DE 0,80 M E ALTURA DE 0,50 M
119822	ANEL EM CONCRETO ARMADO, LISO, PARA POCOS DE VISITAS, POCOS DE INSPECAO, FOSSAS SEPTICAS E SUMIDOUROS, COM FUNDO, DIAMETRO INTERNO DE 1,00 M E ALTURA DE 0,50 M
119824	ANEL EM CONCRETO ARMADO, LISO, PARA POCOS DE VISITAS, POCOS DE INSPECAO, FOSSAS SEPTICAS E SUMIDOUROS, SEM FUNDO, DIAMETRO INTERNO DE 0,80 M E ALTURA DE 0,50 M
119827	ANEL EM CONCRETO ARMADO, LISO, PARA POCOS DE VISITAS, POCOS DE INSPECAO, FOSSAS SEPTICAS E SUMIDOUROS, SEM FUNDO, DIAMETRO INTERNO DE 1,00 M E ALTURA DE 0,50 M
119829	ANEL EM CONCRETO ARMADO, LISO, PARA, POCOS DE VISITA, POCOS DE INSPECAO, FOSSAS SEPTICAS E SUMIDOUROS, COM FUNDO, DIAMETRO INTERNO DE 1,50 M E ALTURA DE 1,00 M
119832	ANEL EM CONCRETO ARMADO, LISO, PARA, POCOS DE VISITA, POCOS DE INSPECAO, FOSSAS SEPTICAS E SUMIDOUROS, SEM FUNDO, DIAMETRO INTERNO DE 1,50 M E ALTURA DE 0,50 M
119834	ANEL EM CONCRETO ARMADO, PERFURADO, PARA FOSSAS SEPTICAS E SUMIDOUROS, SEM FUNDO, DIAMETRO INTERNO DE 1,20 M E ALTURA DE 0,50 M
119836	ANEL EM CONCRETO ARMADO, PERFURADO, PARA FOSSAS SEPTICAS E SUMIDOUROS, SEM FUNDO, DIAMETRO INTERNO DE 2,00 M E ALTURA DE 0,50 M
119839	ANEL EM CONCRETO ARMADO, PERFURADO, PARA FOSSAS SEPTICAS E SUMIDOUROS, SEM FUNDO, DIAMETRO INTERNO DE 2,50 M E ALTURA DE 0,50 M
119841	ANEL EM CONCRETO ARMADO, PERFURADO, PARA FOSSAS SEPTICAS E SUMIDOUROS, SEM FUNDO, DIAMETRO INTERNO DE 3,00 M E ALTURA DE 0,50 M
119843	APARELHO CORTE OXI-ACETILENO PARA SOLDA E CORTE CONTENDO MACARICO SOLDA, BICO DE CORTE, CILINDROS, REGULADORES, MANGUEIRAS E CARRINHO
119845	APARELHO DE APOIO DE NEOPRENE FRETADO, 60 X 45 X 7,6 CM, COM FRETAGEM DE ACO DE 4 MM INTERCALADAS COM ELASTOMERO DE 11 MM E REVESTIMENTO FINAL COM ELASTOMERO DE 6 MM
119848	APARELHO DE APOIO DE NEOPRENE SIMPLES/ NAO FRETADO, 100 X 100 CM, ESPESSURA 6,3 MM
119850	APARELHO SINALIZADOR LUMINOSO COM LED, PARA SAIDA GARAGEM, COM 2 LENTES EM POLICARBONATO, BIVOLT (INCLUI SUPORTE DE FIXACAO)
119852	APOIO DO PORTA DENTE PARA FRESADORA DE ASFALTO
119855	APONTADOR OU APROPRIADOR DE MAO DE OBRA
119857	APONTADOR OU APROPRIADOR DE MAO DE OBRA (MENSALISTA)
119859	AQUECEDOR DE AGUA A GAS GLP/GN COM CAPACIDADE DE ARMAZENAMENTO DE 50 A 80 L
119862	AQUECEDOR DE AGUA ELETRICO RESERVATORIO DE 100 L CILINDRICO EM COBRE, REFORCADO COM ACO CARBONO, MONOFASICO, TENSAO NOMINAL 220 V
119864	AQUECEDOR DE AGUA ELETRICO RESERVATORIO DE 500 L CILINDRICO EM COBRE, REFORCADO COM ACO CARBONO, MONOFASICO, TENSAO NOMINAL 220 V
119866	AQUECEDOR DE AGUA ELETRICO RESERVATORIO DE 500 L CILINDRICO EM COBRE, REFORCADO COM ACO CARBONO, TRIFASICO, TENSAO NOMINAL 220/380/400 V, POTENCIA 24 KW
119869	AQUECEDOR DE AGUA ELETRICO RESERVATORIO DE 700 L CILINDRICO EM COBRE, REFORCADO COM ACO CARBONO, MONOFASICO, TENSAO NOMINAL 220 V
119871	AQUECEDOR DE AGUA ELETRICO HORIZONTAL, RESERVATORIO DE 200 L CILINDRICO EM COBRE, REFORCADO COM ACO CARBONO, MONOFASICO, TENSAO NOMINAL 220 V
119873	AQUECEDOR DE OLEO BPF (FLUIDO) TERMICO, CAPACIDADE DE 300.000 KCAL/H
119876	AQUECEDOR SOLAR CAPACIDADE DO RESERVATORIO 800 L, INCLUI 8 PLACAS COLETORAS DE 1,42 M2
119878	AQUECEDOR SOLAR CAPACIDADE DO RESERVATORIO 1000 L, INCLUI 10 PLACAS COLETORAS DE 1,42 M2
119880	AQUECEDOR SOLAR CAPACIDADE DO RESERVATORIO 200 L, INCLUI 2 PLACAS COLETORAS DE 1,42 M2
119883	AQUECEDOR SOLAR CAPACIDADE DO RESERVATORIO 400L, INCLUI 4 PLACAS COLETORAS DE 1,42 M2
119885	AQUECEDOR SOLAR CAPACIDADE DO RESERVATORIO 600 L, INCLUI 6 PLACAS COLETORAS DE 1,42 M2
119887	AR CONDICIONADO SPLIT INVERTER, HI-WALL (PAREDE), 12000 BTU/H, CICLO FRIO, 60HZ, CLASSIFICACAO A (SELO PROCEL), GAS HFC, CONTROLE S/FIO
119890	AR CONDICIONADO SPLIT INVERTER, HI-WALL (PAREDE), 18000 BTU/H, CICLO FRIO, 60HZ, CLASSIFICACAO A (SELO PROCEL), GAS HFC, CONTROLE S/FIO
119892	AR CONDICIONADO SPLIT INVERTER, HI-WALL (PAREDE), 24000 BTU/H, CICLO FRIO, 60HZ, CLASSIFICACAO A - SELO PROCEL, GAS HFC, CONTROLE S/FIO
119894	AR CONDICIONADO SPLIT INVERTER, HI-WALL (PAREDE), 9000 BTU/H, CICLO FRIO, 60HZ, CLASSIFICACAO A (SELO PROCEL), GAS HFC, CONTROLE S/FIO
119897	AR CONDICIONADO SPLIT INVERTER, PISO TETO, APRESENTANDO ENTRE 54000 E 58000 BTU/H, CICLO FRIO, 60HZ, CLASSIFICACAO ENERGETICA A OU B (SELO PROCEL), GAS HFC, CONTROLE S/FIO
119899	AR CONDICIONADO SPLIT INVERTER, PISO TETO, 18000 BTU/H, CICLO FRIO, 60HZ, CLASSIFICACAO ENERGETICA A OU B (SELO PROCEL), GAS HFC, CONTROLE S/FIO
119901	AR CONDICIONADO SPLIT INVERTER, PISO TETO, 24000 BTU/H, CICLO FRIO, 60HZ, CLASSIFICACAO ENERGETICA A OU B (SELO PROCEL), GAS HFC, CONTROLE S/FIO
119904	AR CONDICIONADO SPLIT INVERTER, PISO TETO, 36000 BTU/H, CICLO FRIO, 60HZ, CLASSIFICACAO ENERGETICA A OU B (SELO PROCEL), GAS HFC, CONTROLE S/FIO
119906	AR CONDICIONADO SPLIT INVERTER, PISO TETO, 48000 BTU/H, CICLO FRIO, 60HZ, CLASSIFICACAO ENERGETICA A OU B (SELO PROCEL), GAS HFC, CONTROLE S/FIO
119908	AR CONDICIONADO SPLIT ON/OFF, CASSETE (TETO), FRIO 4 VIAS 18000 BTUS/H, CLASSIFICACAO ENERGETICA C - SELO PROCEL, GAS HFC, CONTROLE S/ FIO
119911	AR CONDICIONADO SPLIT ON/OFF, CASSETE (TETO), FRIO 4 VIAS 24000 BTUS/H, CLASSIFICACAO ENERGETICA C - SELO PROCEL, GAS HFC, CONTROLE S/ FIO
119913	AR CONDICIONADO SPLIT ON/OFF, CASSETE (TETO), FRIO 4 VIAS 36000 BTUS/H, CLASSIFICACAO ENERGETICA C - SELO PROCEL, GAS HFC, CONTROLE S/ FIO
119915	AR CONDICIONADO SPLIT ON/OFF, CASSETE (TETO), FRIO 4 VIAS 48000 BTUS/H, CLASSIFICACAO ENERGETICA C - SELO PROCEL, GAS HFC, CONTROLE S/ FIO
119918	AR CONDICIONADO SPLIT ON/OFF, CASSETE (TETO), FRIO 4 VIAS 60000 BTUS/H, CLASSIFICACAO ENERGETICA C - SELO PROCEL, GAS HFC, CONTROLE S/ FIO
119920	AR CONDICIONADO SPLIT ON/OFF, CASSETE (TETO), 18000 BTUS/H, CICLO QUENTE/FRIO, 60 HZ, CLASSIFICACAO ENERGETICA C - SELO PROCEL, GAS HFC, CONTROLE S/ FIO
119922	AR CONDICIONADO SPLIT ON/OFF, CASSETE (TETO), 24000 BTUS/H, CICLO QUENTE/FRIO, 60 HZ, CLASSIFICACAO ENERGETICA C - SELO PROCEL, GAS HFC, CONTROLE S/ FIO
119925	AR CONDICIONADO SPLIT ON/OFF, CASSETE (TETO), 36000 BTUS/H, CICLO QUENTE/FRIO, 60 HZ, CLASSIFICACAO ENERGETICA A - SELO PROCEL, GAS HFC, CONTROLE S/ FIO
119927	AR CONDICIONADO SPLIT ON/OFF, CASSETE (TETO), 48000 BTUS/H, CICLO QUENTE/FRIO, 60 HZ, CLASSIFICACAO ENERGETICA A - SELO PROCEL, GAS HFC, CONTROLE S/ FIO
119929	AR CONDICIONADO SPLIT ON/OFF, CASSETE (TETO), 60000 BTUS/H, CICLO QUENTE/FRIO, 60 HZ, CLASSIFICACAO ENERGETICA A - SELO PROCEL, GAS HFC, CONTROLE S/ FIO
119932	AR CONDICIONADO SPLIT ON/OFF, HI-WALL (PAREDE), 12000 BTUS/H, CICLO FRIO, 60 HZ, CLASSIFICACAO ENERGETICA A - SELO PROCEL, GAS HFC, CONTROLE S/ FIO
119934	AR CONDICIONADO SPLIT ON/OFF, HI-WALL (PAREDE), 12000 BTUS/H, CICLO QUENTE/FRIO, 60 HZ, CLASSIFICACAO ENERGETICA A - SELO PROCEL, GAS HFC, CONTROLE S/ FIO
119936	AR CONDICIONADO SPLIT ON/OFF, HI-WALL (PAREDE), 18000 BTUS/H, CICLO FRIO, 60 HZ, CLASSIFICACAO ENERGETICA A - SELO PROCEL, GAS HFC, CONTROLE S/ FIO
119939	AR CONDICIONADO SPLIT ON/OFF, HI-WALL (PAREDE), 18000 BTUS/H, CICLO QUENTE/FRIO, 60 HZ, CLASSIFICACAO ENERGETICA A - SELO PROCEL, GAS HFC, CONTROLE S/ FIO
119941	AR CONDICIONADO SPLIT ON/OFF, HI-WALL (PAREDE), 24000 BTUS/H, CICLO FRIO, 60 HZ, CLASSIFICACAO ENERGETICA A - SELO PROCEL, GAS HFC, CONTROLE S/ FIO
119943	AR CONDICIONADO SPLIT ON/OFF, HI-WALL (PAREDE), 24000 BTUS/H, CICLO QUENTE/FRIO, 60 HZ, CLASSIFICACAO ENERGETICA A - SELO PROCEL, GAS HFC, CONTROLE S/ FIO
119946	AR CONDICIONADO SPLIT ON/OFF, HI-WALL (PAREDE), 9000 BTUS/H, CICLO FRIO, 60 HZ, CLASSIFICACAO ENERGETICA A - SELO PROCEL, GAS HFC, CONTROLE S/ FIO
119948	AR CONDICIONADO SPLIT ON/OFF, HI-WALL (PAREDE), 9000 BTUS/H, CICLO QUENTE/FRIO, 60 HZ, CLASSIFICACAO ENERGETICA A - SELO PROCEL, GAS HFC, CONTROLE S/ FIO
119951	AR CONDICIONADO SPLIT ON/OFF, PISO TETO, 18.000 BTU/H, CICLO FRIO, 60HZ, CLASSIFICACAO ENERGETICA C - SELO PROCEL, GAS HFC, CONTROLE S/FIO
119954	AR CONDICIONADO SPLIT ON/OFF, PISO TETO, 24.000 BTU/H, CICLO FRIO, 60HZ, CLASSIFICACAO ENERGETICA C - SELO PROCEL, GAS HFC, CONTROLE S/FIO
119956	AR CONDICIONADO SPLIT ON/OFF, PISO TETO, 36.000 BTU/H, CICLO FRIO, 60HZ, CLASSIFICACAO ENERGETICA C - SELO PROCEL, GAS HFC, CONTROLE S/FIO
119958	AR CONDICIONADO SPLIT ON/OFF, PISO TETO, 48.000 BTU/H, CICLO FRIO, 60HZ, CLASSIFICACAO ENERGETICA C - SELO PROCEL, GAS HFC, CONTROLE S/FIO
119961	AR CONDICIONADO SPLIT ON/OFF, PISO TETO, 60.000 BTU/H, CICLO FRIO, 60HZ, CLASSIFICACAO ENERGETICA C - SELO PROCEL, GAS HFC, CONTROLE S/FIO
119963	AR-CONDICIONADO FRIO SPLITAO INVERTER 30 TR
119965	AR-CONDICIONADO FRIO SPLITAO MODULAR 10 TR
119967	AR-CONDICIONADO FRIO SPLITAO MODULAR 15 TR
119970	AR-CONDICIONADO FRIO SPLITAO MODULAR 20 TR
119972	AR-CONDICIONADO SPLIT INVERTER, PISO TETO, 24000 BTU/H, QUENTE/FRIO, 60HZ, CLASSIFICACAO ENERGETICA A - SELO PROCEL, GAS HFC, CONTROLE S/FIO
119975	"ARADO REVERSIVEL COM 3 DISCOS DE 26"" X 6MM REBOCAVEL"
119977	ARAME DE ACO OVALADO 15 X 17 ( 45,7 KG, 700 KGF), ROLO 1000 M
119979	ARAME DE AMARRACAO PARA GABIAO GALVANIZADO, DIAMETRO 2,2 MM
119982	ARAME FARPADO GALVANIZADO, 14 BWG (2,11 MM), CLASSE 250
119984	ARAME FARPADO GALVANIZADO, 16 BWG (1,65 MM), CLASSE 250
119986	ARAME GALVANIZADO 12 BWG, D = 2,76 MM (0,048 KG/M) OU 14 BWG, D = 2,11 MM (0,026 KG/M)
119988	ARAME GALVANIZADO 16 BWG, D = 1,65MM (0,0166 KG/M)
119991	ARAME GALVANIZADO 18 BWG, D = 1,24MM (0,009 KG/M)
119993	ARAME GALVANIZADO 6 BWG, D = 5,16 MM (0,157 KG/M), OU 8 BWG, D = 4,19 MM (0,101 KG/M), OU 10 BWG, D = 3,40 MM (0,0713 KG/M)
119995	ARAME PROTEGIDO COM POLIMERO PARA GABIAO, DIAMETRO 2,2 MM
119998	ARAME RECOZIDO 16 BWG, D = 1,65 MM (0,016 KG/M) OU 18 BWG, D = 1,25 MM (0,01 KG/M)
120000	AREIA FINA - POSTO JAZIDA/FORNECEDOR (RETIRADO NA JAZIDA, SEM TRANSPORTE)
120002	AREIA GROSSA - POSTO JAZIDA/FORNECEDOR (RETIRADO NA JAZIDA, SEM TRANSPORTE)
120005	AREIA MEDIA - POSTO JAZIDA/FORNECEDOR (RETIRADO NA JAZIDA, SEM TRANSPORTE)
120007	AREIA PARA ATERRO - POSTO JAZIDA/FORNECEDOR (RETIRADO NA JAZIDA, SEM TRANSPORTE)
120009	AREIA PARA LEITO FILTRANTE (0,42 A 1,68 MM) - POSTO JAZIDA/FORNECEDOR (RETIRADO NA JAZIDA, SEM TRANSPORTE)
120012	ARGAMASSA COLANTE AC I PARA CERAMICAS
120015	ARGAMASSA COLANTE AC II
120017	ARGAMASSA COLANTE TIPO AC III
120019	ARGAMASSA COLANTE TIPO AC III E
120021	ARGAMASSA INDUSTRIALIZADA MULTIUSO, PARA REVESTIMENTO INTERNO E EXTERNO E ASSENTAMENTO DE BLOCOS DIVERSOS
120024	ARGAMASSA INDUSTRIALIZADA PARA CHAPISCO COLANTE
120026	ARGAMASSA INDUSTRIALIZADA PARA CHAPISCO ROLADO
120028	ARGAMASSA PARA REVESTIMENTO DECORATIVO MONOCAMADA
120030	ARGAMASSA PISO SOBRE PISO
120033	ARGAMASSA POLIMERICA DE REPARO ESTRUTURAL, BICOMPONENTE
120035	ARGAMASSA POLIMERICA IMPERMEABILIZANTE SEMIFLEXIVEL, BICOMPONENTE (MEMBRANA IMPERMEABILIZANTE ACRILICA)
120037	ARGAMASSA PRONTA PARA CONTRAPISO
120040	ARGAMASSA USINADA AUTOADENSAVEL E AUTONIVELANTE PARA CONTRAPISO, INCLUI BOMBEAMENTO
120042	ARGILA EXPANDIDA, GRANULOMETRIA 2215
120044	ARGILA OU BARRO PARA ATERRO/REATERRO (COM TRANSPORTE ATE 10 KM)
120047	ARGILA OU BARRO PARA ATERRO/REATERRO (RETIRADO NA JAZIDA, SEM TRANSPORTE)
120049	ARGILA, ARGILA VERMELHA OU ARGILA ARENOSA (RETIRADA NA JAZIDA, SEM TRANSPORTE)
120051	"ARMACAO VERTICAL COM HASTE E CONTRA-PINO, EM CHAPA DE ACO GALVANIZADO 3/16"", COM 1 ESTRIBO E 1 ISOLADOR"
120054	"ARMACAO VERTICAL COM HASTE E CONTRA-PINO, EM CHAPA DE ACO GALVANIZADO 3/16"", COM 1 ESTRIBO, SEM ISOLADOR"
120056	"ARMACAO VERTICAL COM HASTE E CONTRA-PINO, EM CHAPA DE ACO GALVANIZADO 3/16"", COM 2 ESTRIBOS, E 2 ISOLADORES"
120058	"ARMACAO VERTICAL COM HASTE E CONTRA-PINO, EM CHAPA DE ACO GALVANIZADO 3/16"", COM 2 ESTRIBOS, SEM ISOLADOR"
120061	"ARMACAO VERTICAL COM HASTE E CONTRA-PINO, EM CHAPA DE ACO GALVANIZADO 3/16"", COM 3 ESTRIBOS E 3 ISOLADORES"
120063	"ARMACAO VERTICAL COM HASTE E CONTRA-PINO, EM CHAPA DE ACO GALVANIZADO 3/16"", COM 3 ESTRIBOS, SEM ISOLADOR"
120065	"ARMACAO VERTICAL COM HASTE E CONTRA-PINO, EM CHAPA DE ACO GALVANIZADO 3/16"", COM 4 ESTRIBOS E 4 ISOLADORES"
120068	"ARMACAO VERTICAL COM HASTE E CONTRA-PINO, EM CHAPA DE ACO GALVANIZADO 3/16"", COM 4 ESTRIBOS, SEM ISOLADOR"
120070	ARMADOR
120072	ARMADOR (MENSALISTA)
120075	ARQUITETO JUNIOR
120078	ARQUITETO JUNIOR (MENSALISTA)
120080	ARQUITETO PAISAGISTA
120082	ARQUITETO PAISAGISTA (MENSALISTA)
120085	ARQUITETO PLENO
120087	ARQUITETO PLENO (MENSALISTA)
120089	ARQUITETO SENIOR
120092	ARQUITETO SENIOR (MENSALISTA)
120094	ARRUELA EM ACO GALVANIZADO, DIAMETRO EXTERNO = 35MM, ESPESSURA = 3MM, DIAMETRO DO FURO= 18MM
120096	"ARRUELA EM ALUMINIO, COM ROSCA, DE 1 1/4"", PARA ELETRODUTO"
120099	"ARRUELA EM ALUMINIO, COM ROSCA, DE 1 1/2"", PARA ELETRODUTO"
120101	"ARRUELA EM ALUMINIO, COM ROSCA, DE 1/2"", PARA ELETRODUTO"
120103	"ARRUELA EM ALUMINIO, COM ROSCA, DE 1"", PARA ELETRODUTO"
120106	"ARRUELA EM ALUMINIO, COM ROSCA, DE 2 1/2"", PARA ELETRODUTO"
120108	"ARRUELA EM ALUMINIO, COM ROSCA, DE 2"", PARA ELETRODUTO"
120110	"ARRUELA EM ALUMINIO, COM ROSCA, DE 3/4"", PARA ELETRODUTO"
120113	"ARRUELA EM ALUMINIO, COM ROSCA, DE 3/8"", PARA ELETRODUTO"
120115	"ARRUELA EM ALUMINIO, COM ROSCA, DE 3"", PARA ELETRODUTO"
120117	"ARRUELA EM ALUMINIO, COM ROSCA, DE 4"", PARA ELETRODUTO"
120120	"ARRUELA LISA, REDONDA, DE LATAO POLIDO, DIAMETRO NOMINAL 5/8"", DIAMETRO EXTERNO = 34 MM, DIAMETRO DO FURO = 17 MM, ESPESSURA = *2,5* MM"
120122	ARRUELA QUADRADA EM ACO GALVANIZADO, DIMENSAO = 38 MM, ESPESSURA = 3MM, DIAMETRO DO FURO= 18 MM
120124	ASFALTO MODIFICADO TIPO I - NBR 9910 (ASFALTO OXIDADO PARA IMPERMEABILIZACAO, COEFICIENTE DE PENETRACAO 25-40)
120127	ASFALTO MODIFICADO TIPO II - NBR 9910 (ASFALTO OXIDADO PARA IMPERMEABILIZACAO, COEFICIENTE DE PENETRACAO 20-35)
120129	ASFALTO MODIFICADO TIPO III - NBR 9910 (ASFALTO OXIDADO PARA IMPERMEABILIZACAO, COEFICIENTE DE PENETRACAO 15-25)
120131	ASSENTADOR DE MANILHAS
120134	ASSENTADOR DE MANILHAS (MENSALISTA)
120136	ASSENTO VASO SANITARIO INFANTIL EM PLASTICO BRANCO
120138	ASSENTO SANITARIO DE PLASTICO, TIPO CONVENCIONAL
120141	AUTOMATICO DE BOIA SUPERIOR / INFERIOR, *15* A / 250 V
120143	AUXILIAR DE ALMOXARIFE
120145	AUXILIAR DE ALMOXARIFE (MENSALISTA)
120148	AUXILIAR DE AZULEJISTA
120150	AUXILIAR DE AZULEJISTA (MENSALISTA)
120152	AUXILIAR DE ENCANADOR OU BOMBEIRO HIDRAULICO
120155	AUXILIAR DE ENCANADOR OU BOMBEIRO HIDRAULICO (MENSALISTA)
120157	AUXILIAR DE ESCRITORIO
120159	AUXILIAR DE ESCRITORIO (MENSALISTA)
120162	AUXILIAR DE LABORATORISTA DE SOLOS E DE CONCRETO
120164	AUXILIAR DE LABORATORISTA DE SOLOS E DE CONCRETO (MENSALISTA)
120167	AUXILIAR DE MECANICO
120169	AUXILIAR DE MECANICO (MENSALISTA)
120171	AUXILIAR DE PEDREIRO
120173	AUXILIAR DE PEDREIRO (MENSALISTA)
120175	AUXILIAR DE SERVICOS GERAIS
120178	AUXILIAR DE SERVICOS GERAIS (MENSALISTA)
120180	AUXILIAR DE TOPOGRAFO
120183	AUXILIAR DE TOPOGRAFO (MENSALISTA)
120186	AUXILIAR TECNICO / ASSISTENTE DE ENGENHARIA
120188	AUXILIAR TECNICO / ASSISTENTE DE ENGENHARIA (MENSALISTA)
120190	AVENTAL DE SEGURANCA DE RASPA DE COURO 1,00 X 0,60 M
120193	AZULEJISTA OU LADRILHEIRO
120195	AZULEJISTA OU LADRILHEIRO (MENSALISTA)
120197	BACIA SANITARIA (VASO) COM CAIXA ACOPLADA, SIFAO APARENTE, DE LOUCA BRANCA (SEM ASSENTO)
120200	BACIA SANITARIA (VASO) COM CAIXA ACOPLADA, SIFAO OCULTO / CARENADO, DE LOUCA BRANCA (SEM ASSENTO ) - PADRAO ALTO
120202	BACIA SANITARIA (VASO) CONVENCIONAL PARA PCD, SEM FURO FRONTAL, DE LOUCA BRANCA (SEM ASSENTO)
120204	BACIA SANITARIA (VASO) CONVENCIONAL PARA USO ESPECIFICO (HOSPITAIS, CLINICAS), COM FURO FRONTAL, DE LOUCA BRANCA, SEM ASSENTO
120206	BACIA SANITARIA (VASO) CONVENCIONAL, DE LOUCA BRANCA, SIFAO APARENTE, SAIDA VERTICAL (SEM ASSENTO)
120209	BACIA SANITARIA (VASO) CONVENCIONAL, DE LOUCA COLORIDA, SIFAO APARENTE, SAIDA VERTICAL (SEM ASSENTO)
120211	BACIA SANITARIA (VASO) INFANTIL, SIFONADO, DE LOUCA BRANCA, (SEM ASSENTO)
120213	BALDE PLASTICO CAPACIDADE *10* L
120216	BALDE VERMELHO PARA SINALIZACAO DE VIAS
120218	BANCADA DE MARMORE SINTETICO COM UMA CUBA, 120 X *60* CM
120220	BANCADA DE MARMORE SINTETICO COM UMA CUBA, 150 X *60* CM
120223	BANCADA DE MARMORE SINTETICO COM UMA CUBA, 200 X *60* CM
120225	BANCADA/ BANCA EM GRANITO, POLIDO, TIPO ANDORINHA/ QUARTZ/ CASTELO/ CORUMBA OU OUTROS EQUIVALENTES DA REGIAO, COM CUBA INOX, FORMATO *120 X 60* CM, E= *2* CM
120271	BANCADA/ BANCA EM MARMORE, POLIDO, BRANCO COMUM, E= *3* CM
120274	BANCADA/BANCA/PIA DE ACO INOXIDAVEL (AISI 430) COM 1 CUBA CENTRAL, COM VALVULA, ESCORREDOR DUPLO, DE *0,55 X 1,20* M
120276	BANCADA/BANCA/PIA DE ACO INOXIDAVEL (AISI 430) COM 1 CUBA CENTRAL, COM VALVULA, ESCORREDOR DUPLO, DE *0,55 X 1,40* M
120278	BANCADA/BANCA/PIA DE ACO INOXIDAVEL (AISI 430) COM 1 CUBA CENTRAL, COM VALVULA, ESCORREDOR DUPLO, DE *0,55 X 1,80* M
120280	BANCADA/BANCA/PIA DE ACO INOXIDAVEL (AISI 430) COM 1 CUBA CENTRAL, COM VALVULA, LISA (SEM ESCORREDOR), DE *0,55 X 1,20* M
120282	BANCADA/BANCA/PIA DE ACO INOXIDAVEL (AISI 430) COM 1 CUBA CENTRAL, SEM VALVULA, ESCORREDOR DUPLO, DE *0,55 X 1,60* M
120284	BANCADA/BANCA/PIA DE ACO INOXIDAVEL (AISI 430) COM 2 CUBAS, COM VALVULAS, ESCORREDOR DUPLO, DE *0,55 X 2,00* M
120287	BANCADA/TAMPO ACO INOX (AISI 304), LARGURA 60 CM, COM RODABANCA (NAO INCLUI PES DE APOIO)
120289	BANCADA/TAMPO ACO INOX (AISI 304), LARGURA 70 CM, COM RODABANCA (NAO INCLUI PES DE APOIO)
120291	BANCADA/TAMPO LISO (SEM CUBA) EM MARMORE SINTETICO
120293	BANCO ARTICULADO PARA BANHO, EM ACO INOX POLIDO, 70* CM X 45* CM
120296	BANCO COM ENCOSTO, 1,60M* DE COMPRIMENTO, EM TUBO DE ACO CARBONO E PINTURA NO PROCESSO ELETROSTATICO - PARA ACADEMIA AO AR LIVRE / ACADEMIA DA TERCEIRA IDADE - ATI
120298	BANDEJA DE PINTURA PARA ROLO 23 CM
120300	BARRA ANTIPANICO DUPLA, CEGA EM LADO OPOSTO, COR CINZA
120303	BARRA ANTIPANICO DUPLA, PARA PORTA DE VIDRO, COR CINZA
120305	BARRA ANTIPANICO SIMPLES, CEGA EM LADO OPOSTO, COR CINZA
120307	BARRA ANTIPANICO SIMPLES, COM FECHADURA LADO OPOSTO, COR CINZA
120311	BARRA ANTIPANICO SIMPLES, PARA PORTA DE VIDRO, COR CINZA
120314	"BARRA DE APOIO EM ""L"", EM ACO INOX POLIDO 70 X 70 CM, DIAMETRO MINIMO 3 CM"
120316	"BARRA DE APOIO EM ""L"", EM ACO INOX POLIDO 80 X 80 CM, DIAMETRO MINIMO 3 CM"
120318	BARRA DE APOIO LATERAL ARTICULADA, COM TRAVA, EM ACO INOX POLIDO, 70 CM, DIAMETRO MINIMO 3 CM
120321	BARRA DE APOIO RETA, EM ACO INOX POLIDO, COMPRIMENTO 60CM, DIAMETRO MINIMO 3 CM
120323	BARRA DE APOIO RETA, EM ACO INOX POLIDO, COMPRIMENTO 70CM, DIAMETRO MINIMO 3 CM
120325	BARRA DE APOIO RETA, EM ACO INOX POLIDO, COMPRIMENTO 80CM, DIAMETRO MINIMO 3 CM
120328	BARRA DE APOIO RETA, EM ACO INOX POLIDO, COMPRIMENTO 90 CM, DIAMETRO MINIMO 3 CM
120330	BARRA DE APOIO RETA, EM ALUMINIO, COMPRIMENTO 60CM, DIAMETRO MINIMO 3 CM
120333	BARRA DE APOIO RETA, EM ALUMINIO, COMPRIMENTO 70CM, DIAMETRO MINIMO 3 CM
120335	BARRA DE APOIO RETA, EM ALUMINIO, COMPRIMENTO 80 CM, DIAMETRO MINIMO 3 CM
120337	BARRA DE APOIO RETA, EM ALUMINIO, COMPRIMENTO 90 CM, DIAMETRO MINIMO 3 CM
120340	BARRA DE FERRO CHATA, RETANGULAR (QUALQUER BITOLA)
120342	BARRA DE FERRO CHATO, RETANGULAR, 19,05 MM X 3,17 MM (L X E), 0,47 KG/M
120344	BARRA DE FERRO CHATO, RETANGULAR, 25,4 MM X 4,76 MM (L X E), 1,73 KG/M
120347	BARRA DE FERRO CHATO, RETANGULAR, 25,4 MM X 6,35 MM (L X E), 1,2265 KG/M
120349	BARRA DE FERRO CHATO, RETANGULAR, 38,1 MM X 12,7 MM (L X E), 3,79 KG/M
120351	BARRA DE FERRO CHATO, RETANGULAR, 38,1 MM X 6,35 MM (L X E), 1,89 KG/M
120354	BARRA DE FERRO CHATO, RETANGULAR, 38,1 MM X 9,53 MM (L X E), 2,84 KG/M
120356	BARRA DE FERRO CHATO, RETANGULAR, 50,8 MM X 12,7 MM (L X E), 5,06 KG/M
120359	BARRA DE FERRO CHATO, RETANGULAR, 50,8 MM X 25,4 MM (L X E), 10,12 KG/M
120361	BARRA DE FERRO CHATO, RETANGULAR, 50,8 MM X 6,35 MM (L X E), 2,53 KG/M
120363	BARRA DE FERRO CHATO, RETANGULAR, 50,8 MM X 7,94 MM (L X E), 3,162 KG/M
120366	BARRA DE FERRO CHATO, RETANGULAR, 50,8 MM X 9,53 MM (L X E), 3,79KG/M
120368	BASE DE MISTURADOR MONOCOMANDO PARA CHUVEIRO
120370	"BASE PARA MASTRO DE PARA-RAIOS DIAMETRO NOMINAL 1 1/2"""
120373	"BASE PARA MASTRO DE PARA-RAIOS DIAMETRO NOMINAL 2"""
120375	BASE PARA RELE COM SUPORTE METALICO
120377	BASE UNIPOLAR PARA FUSIVEL NH1, CORRENTE NOMINAL DE 250 A, SEM CAPA
120380	BATE-ESTACAS POR GRAVIDADE, POTENCIA160 HP, PESO DO MARTELO ATE 3 TONELADAS
120382	BATENTE / PORTAL / ADUELA / MARCO EM MADEIRA MACICA COM REBAIXO, E = *3* CM, L = *14* CM, PARA PORTAS DE GIRO DE *60 CM A 120* CM X *210* CM, CEDRINHO / ANGELIM COMERCIAL / TAURI / CURUPIXA / PEROBA / CUMARU OU EQUIVALENTE DA REGIAO (NAO INCLUI ALIZARES)
120384	BATENTE / PORTAL / ADUELA / MARCO EM MADEIRA MACICA COM REBAIXO, E = *3* CM, L = *14* CM, PARA PORTAS DE GIRO DE *60 CM A 120* CM X *210* CM, PINUS / EUCALIPTO / VIROLA OU EQUIVALENTE DA REGIAO (NAO INCLUI ALIZARES)
120387	BATENTE / PORTAL / ADUELA / MARCO EM MADEIRA MACICA COM REBAIXO, E = *3* CM, L = *16* CM, PARA PORTAS DE GIRO DE *60 CM A 120* CM X *210* CM, CEDRINHO / ANGELIM COMERCIAL / TAURI / CURUPIXA / PEROBA / CUMARU OU EQUIVALENTE DA REGIAO (NAO INCLUI ALIZARES)
120389	BATENTE / PORTAL / ADUELA / MARCO EM MADEIRA MACICA COM REBAIXO, E = *3* CM, L = *16* CM, PARA PORTAS DE GIRO DE *60 CM A 120* CM X *210* CM, PINUS / EUCALIPTO / VIROLA OU EQUIVALENTE DA REGIAO (NAO INCLUI ALIZARES)
120391	BATENTE/PORTAL/ADUELA/MARCO, EM MDF/PVC WOOD/POLIESTIRENO OU MADEIRA LAMINADA, L = *9,0* CM COM GUARNICAO REGULAVEL 2 FACES = *35* MM, PRIMER
120394	BETONEIRA CAPACIDADE NOMINAL 400 L, CAPACIDADE DE MISTURA 280 L, MOTOR ELETRICO TRIFASICO 220/380 V POTENCIA 2 CV, SEM CARREGADOR
120396	BETONEIRA CAPACIDADE NOMINAL 400 L, CAPACIDADE DE MISTURA 310 L, MOTOR A DIESEL POTENCIA 5 CV, SEM CARREGADOR
120398	BETONEIRA CAPACIDADE NOMINAL 400 L, CAPACIDADE DE MISTURA 310 L, MOTOR A GASOLINA POTENCIA 5,5 CV, SEM CARREGADOR
120401	BETONEIRA CAPACIDADE NOMINAL 600 L, CAPACIDADE DE MISTURA 440 L, MOTOR A GASOLINA POTENCIA 10 HP, COM CARREGADOR
120403	BETONEIRA, CAPACIDADE NOMINAL 400 L, CAPACIDADE DE MISTURA 310L, MOTOR ELETRICO TRIFASICO 220/380V POTENCIA 2 CV, SEM CARREGADOR
120405	BETONEIRA, CAPACIDADE NOMINAL 600 L, CAPACIDADE DE MISTURA 360L, MOTOR ELETRICO TRIFASICO 220/380V, POTENCIA 4CV, EXCLUSO CARREGADOR
120407	BETONEIRA, CAPACIDADE NOMINAL 600 L, CAPACIDADE DE MISTURA 440 L, MOTOR A DIESEL POTENCIA 10 CV, COM CARREGADOR
120410	BLASTER, DINAMITADOR OU CABO DE FOGO
120412	BLASTER, DINAMITADOR OU CABO DE FOGO (MENSALISTA)
120414	BLOCO CERAMICO DE VEDACAO COM FUROS NA HORIZONTAL, 11,5 X 19 X 19 CM - 4,5 MPA (NBR 15270)
120417	BLOCO CERAMICO DE VEDACAO COM FUROS NA VERTICAL, 14 X 19 X 39 CM - 4,5 MPA (NBR 15270)
120419	BLOCO CERAMICO DE VEDACAO COM FUROS NA VERTICAL, 19 X 19 X 39 CM - 4,5 MPA (NBR 15270)
120421	BLOCO CERAMICO DE VEDACAO COM FUROS NA VERTICAL, 9 X 19 X 39 CM - 4,5 MPA (NBR 15270)
120424	BLOCO CERAMICO VAZADO PARA ALVENARIA DE VEDACAO, DE 9 X 19 X 19 CM (L X A X C)
120426	BLOCO CERAMICO VAZADO PARA ALVENARIA DE VEDACAO, 4 FUROS, DE 9 X 9 X 19 CM (L X A X C)
120428	BLOCO CERAMICO VAZADO PARA ALVENARIA DE VEDACAO, 6 FUROS, DE 9 X 14 X 19 CM (L X A X C)
120431	BLOCO CERAMICO VAZADO PARA ALVENARIA DE VEDACAO, 6 FUROS, DE 9 X 9 X 19 CM (L X A X C)
120433	BLOCO CERAMICO VAZADO PARA ALVENARIA DE VEDACAO, 8 FUROS, DE 9 X 19 X 19 CM (L XA X C)
120436	BLOCO CERAMICO VAZADO PARA ALVENARIA DE VEDACAO, 8 FUROS, DE 9 X 19 X 29 CM (L X A X C)
120438	BLOCO DE CONCRETO ESTRUTURAL 14 X 19 X 29 CM, FBK 10 MPA (NBR 6136)
120440	BLOCO DE CONCRETO ESTRUTURAL 14 X 19 X 29 CM, FBK 12 MPA (NBR 6136)
120443	BLOCO DE CONCRETO ESTRUTURAL 14 X 19 X 29 CM, FBK 14 MPA (NBR 6136)
120445	BLOCO DE CONCRETO ESTRUTURAL 14 X 19 X 29 CM, FBK 16 MPA (NBR 6136)
120447	BLOCO DE CONCRETO ESTRUTURAL 14 X 19 X 29 CM, FBK 4,5 MPA (NBR 6136)
120450	BLOCO DE CONCRETO ESTRUTURAL 14 X 19 X 29 CM, FBK 6 MPA (NBR 6136)
120452	BLOCO DE CONCRETO ESTRUTURAL 14 X 19 X 29 CM, FBK 8 MPA (NBR 6136)
120454	BLOCO DE CONCRETO ESTRUTURAL 14 X 19 X 34 CM, FBK 4,5 MPA (NBR 6136)
120457	BLOCO DE CONCRETO ESTRUTURAL 14 X 19 X 39 CM, FBK 10 MPA (NBR 6136)
120459	BLOCO DE CONCRETO ESTRUTURAL 14 X 19 X 39 CM, FBK 12 MPA (NBR 6136)
120461	BLOCO DE CONCRETO ESTRUTURAL 14 X 19 X 39 CM, FBK 14 MPA (NBR 6136)
120464	BLOCO DE CONCRETO ESTRUTURAL 14 X 19 X 39 CM, FBK 4,5 MPA (NBR 6136)
120466	BLOCO DE CONCRETO ESTRUTURAL 14 X 19 X 39 CM, FBK 6 MPA (NBR 6136)
120468	BLOCO DE CONCRETO ESTRUTURAL 14 X 19 X 39 CM, FBK 8 MPA (NBR 6136)
120471	BLOCO DE CONCRETO ESTRUTURAL 14 X 19 X 39, FCK 16 MPA (NBR 6136)
120473	BLOCO DE CONCRETO ESTRUTURAL 19 X 19 X 39 CM, FBK 10 MPA (NBR 6136)
120475	BLOCO DE CONCRETO ESTRUTURAL 19 X 19 X 39 CM, FBK 12 MPA (NBR 6136)
120478	BLOCO DE CONCRETO ESTRUTURAL 19 X 19 X 39 CM, FBK 14 MPA (NBR 6136)
120480	BLOCO DE CONCRETO ESTRUTURAL 19 X 19 X 39 CM, FBK 16 MPA (NBR 6136)
120482	BLOCO DE CONCRETO ESTRUTURAL 19 X 19 X 39 CM, FBK 4,5 MPA (NBR 6136)
120484	BLOCO DE CONCRETO ESTRUTURAL 19 X 19 X 39 CM, FBK 8 MPA (NBR 6136)
120485	BLOCO DE CONCRETO ESTRUTURAL 9 X 19 X 39 CM, FBK 4,5 MPA (NBR 6136)
120486	BLOCO DE ESPUMA MULTIUSO *23 X 13 X 8* CM
120487	BLOCO DE GESSO COMPACTO / MACICO, BRANCO, E = 10 CM, DIMENSOES *67 X 50* CM
120488	BLOCO DE GESSO VAZADO, BRANCO, E = *7* CM, DIMENSOES *67 X 50* CM
120489	BLOCO DE POLIETILENO ALTA DENSIDADE, *27* X *30* X *100* CM, ACOMPANHADOS PLACAS TERMINAIS E LONGARINAS, PARA FUNDO DE FILTRO
120490	BLOCO DE VEDACAO CONCRETO APARENTE 9 X 19 X 39 CM (CLASSE C - NBR 6136)
120491	BLOCO DE VEDACAO CONCRETO 14 X 19 X 29 CM (CLASSE C - NBR 6136)
120492	BLOCO DE VEDACAO DE CONCRETO APARENTE 14 X 19 X 39 CM (CLASSE C - NBR 6136)
120493	BLOCO DE VEDACAO DE CONCRETO APARENTE 19 X 19 X 39 CM (CLASSE C - NBR 6136)
120494	BLOCO DE VEDACAO DE CONCRETO CELULAR AUTOCLAVADO 10 X 30 X 60 CM (E X A X C)
120495	BLOCO DE VEDACAO DE CONCRETO CELULAR AUTOCLAVADO 15 X 30 X 60 CM (E X A X C)
120496	BLOCO DE VEDACAO DE CONCRETO CELULAR AUTOCLAVADO 20 X 30 X 60 CM (E X A X C)
120497	BLOCO DE VEDACAO DE CONCRETO 14 X 19 X 39 CM (CLASSE C - NBR 6136)
120498	BLOCO DE VEDACAO DE CONCRETO 19 X 19 X 39 CM (CLASSE C - NBR 6136)
120499	BLOCO DE VEDACAO DE CONCRETO, 9 X 19 X 39 CM (CLASSE C - NBR 6136)
120500	BLOCO DE VIDRO INCOLOR XADREZ, DE *20 X 20 X 10* CM
120501	BLOCO DE VIDRO INCOLOR, CANELADO, DE *19 X 19 X 8* CM
120502	BLOCO DE VIDRO/ELEMENTO VAZADO INCOLOR, VENEZIANA, DE *20 X 20 X 6* CM
120503	BLOCO DE VIDRO/ELEMENTO VAZADO, INCOLOR, VENEZIANA, *20 X 10 X 8* CM
120504	BLOCO ESTRUTURAL CERAMICO 14 X 19 X 29 CM, 6,0 MPA (NBR 15270)
120505	BLOCO ESTRUTURAL CERAMICO 14 X 19 X 34 CM, 6,0 MPA (NBR 15270)
120506	BLOCO ESTRUTURAL CERAMICO 14 X 19 X 39 CM, 6,0 MPA (NBR 15270)
120507	BLOCO ESTRUTURAL CERAMICO 19 X 19 X 29 CM, 6,0 MPA (NBR 15270)
120508	BLOCO ESTRUTURAL CERAMICO 19 X 19 X 39 CM, 6,0 MPA (NBR 15270)
120509	BLOCO VEDACAO CONCRETO CELULAR AUTOCLAVADO 12,5 X 30 X 60 CM (E X A X C)
120510	BLOCO VEDACAO CONCRETO CELULAR AUTOCLAVADO 7,5 X 30 X 60 CM (E X A X C)
120511	BLOQUETE/PISO DE CONCRETO - MODELO BLOCO PISOGRAMA/CONCREGRAMA 2 FUROS, DIMENSOES APROX. DE 35 CM X 15 CM E ESPESSURA DE 7 CM (+/- 1 CM), COR NATURAL
120512	BLOQUETE/PISO DE CONCRETO - MODELO PISOGRAMA/CONCREGRAMA/PAVI-GRADE/GRAMEIRO, DIMENSOES APROXIMADAS DE 60 CM X 45 CM E ESPESSURA DE 8 CM (+/- 1 CM), COR NATURAL
120513	BLOQUETE/PISO INTERTRAVADO DE CONCRETO - MODELO ONDA/16 FACES/RETANGULAR/TIJOLINHO/PAVER/HOLANDES/PARALELEPIPEDO, *22 CM X *11 CM, E = 10 CM, RESISTENCIA DE 50 MPA (NBR 9781), COR NATURAL
120514	BLOQUETE/PISO INTERTRAVADO DE CONCRETO - MODELO ONDA/16 FACES/RETANGULAR/TIJOLINHO/PAVER/HOLANDES/PARALELEPIPEDO, *22 CM X 11* CM, E = 8 CM, RESISTENCIA DE 35 MPA (NBR 9781), COR NATURAL
120515	BLOQUETE/PISO INTERTRAVADO DE CONCRETO - MODELO ONDA/16 FACES/RETANGULAR/TIJOLINHO/PAVER/HOLANDES/PARALELEPIPEDO, 20 CM X 10 CM, E = 10 CM, RESISTENCIA DE 35 MPA (NBR 9781), COR NATURAL
120516	BLOQUETE/PISO INTERTRAVADO DE CONCRETO - MODELO ONDA/16 FACES/RETANGULAR/TIJOLINHO/PAVER/HOLANDES/PARALELEPIPEDO, 20 CM X 10 CM, E = 6 CM, RESISTENCIA DE 35 MPA (NBR 9781), COLORIDO
120517	BLOQUETE/PISO INTERTRAVADO DE CONCRETO - MODELO ONDA/16 FACES/RETANGULAR/TIJOLINHO/PAVER/HOLANDES/PARALELEPIPEDO, 20 CM X 10 CM, E = 6 CM, RESISTENCIA DE 35 MPA (NBR 9781), COR NATURAL
120518	BLOQUETE/PISO INTERTRAVADO DE CONCRETO - MODELO ONDA/16 FACES/RETANGULAR/TIJOLINHO/PAVER/HOLANDES/PARALELEPIPEDO, 20 CM X 10 CM, E = 8 CM, RESISTENCIA DE 35 MPA (NBR 9781), COLORIDO
120519	BLOQUETE/PISO INTERTRAVADO DE CONCRETO - MODELO RAQUETE, *22 CM X 13,5* CM, E = 6 CM, RESISTENCIA DE 35 MPA (NBR 9781), COR NATURAL
120520	BLOQUETE/PISO INTERTRAVADO DE CONCRETO - MODELO SEXTAVADO / HEXAGONAL, 25 CM X 25 CM, E = 10 CM, RESISTENCIA DE 35 MPA (NBR 9781), COR NATURAL
120521	BLOQUETE/PISO INTERTRAVADO DE CONCRETO - MODELO SEXTAVADO / HEXAGONAL, 25 CM X 25 CM, E = 6 CM, RESISTENCIA DE 35 MPA (NBR 9781), COR NATURAL
120522	BLOQUETE/PISO INTERTRAVADO DE CONCRETO - MODELO SEXTAVADO / HEXAGONAL, 25 CM X 25 CM, E = 8 CM, RESISTENCIA DE 35 MPA (NBR 9781), COR NATURAL
120523	BOCAL PVC, PARA CALHA PLUVIAL, DIAMETRO DA SAIDA ENTRE 80 E 100 MM, PARA DRENAGEM PREDIAL
120524	"BOLSA DE LIGACAO EM PVC FLEXIVEL PARA VASO SANITARIO 1.1/2 "" (40 MM)"
120525	BOLSA DE LONA PARA FERRAMENTAS *50 X 35 X 25* CM
120526	"BOMBA CENTRIFUGA MOTOR ELETRICO TRIFASICO 1,48HP DIAMETRO DE SUCCAO X ELEVACAO 1"" X 1"", 4 ESTAGIOS, DIAMETRO DOS ROTORES 3 X 107 MM + 1 X 100 MM, HM/Q: 10 M / 5,3 M3/H A 70 M / 1,8 M3/H"
120527	"BOMBA CENTRIFUGA MOTOR ELETRICO TRIFASICO 2,96HP, DIAMETRO DE SUCCAO X ELEVACAO 1 1/2"" X 1 1/4"", DIAMETRO DO ROTOR 148 MM, HM/Q: 34 M / 14,80 M3/H A 40 M / 8,60 M3/H"
120528	"BOMBA CENTRIFUGA COM MOTOR ELETRICO MONOFASICO, POTENCIA 0,33 HP, BOCAIS 1"" X 3/4"", DIAMETRO DO ROTOR 99 MM, HM/Q = 4 MCA / 8,5 M3/H A 18 MCA / 0,90 M3/H"
120529	BOMBA CENTRIFUGA MONOESTAGIO COM MOTOR ELETRICO MONOFASICO, POTENCIA 15 HP, DIAMETRO DO ROTOR *173* MM, HM/Q = *30* MCA / *90* M3/H A *45* MCA / *55* M3/H
120530	"BOMBA CENTRIFUGA MOTOR ELETRICO MONOFASICO 0,49 HP BOCAIS 1"" X 3/4"", DIAMETRO DO ROTOR 110 MM, HM/Q: 6 M / 8,3 M3/H A 20 M / 1,2 M3/H"
120531	"BOMBA CENTRIFUGA MOTOR ELETRICO MONOFASICO 0,50 CV DIAMETRO DE SUCCAO X ELEVACAO 3/4"" X 3/4"", MONOESTAGIO, DIAMETRO DOS ROTORES 114 MM, HM/Q: 2 M / 2,99 M3/H A 24 M / 0,71 M3/H"
120532	"BOMBA CENTRIFUGA MOTOR ELETRICO MONOFASICO 0,74HP DIAMETRO DE SUCCAO X ELEVACAO 1 1/4"" X 1"", DIAMETRO DO ROTOR 120 MM, HM/Q: 8 M / 7,70 M3/H A 24 M / 2,80 M3/H"
120533	"BOMBA CENTRIFUGA MOTOR ELETRICO TRIFASICO 0,99HP DIAMETRO DE SUCCAO X ELEVACAO 1"" X 1"", DIAMETRO DO ROTOR 145 MM, HM/Q: 14 M / 8,4 M3/H A 40 M / 0,60 M3/H"
120534	"BOMBA CENTRIFUGA MOTOR ELETRICO TRIFASICO 14,8 HP, DIAMETRO DE SUCCAO X ELEVACAO 2 1/2"" X 2"", DIAMETRO DO ROTOR 195 MM, HM/Q: 62 M / 55,5 M3/H A 80 M / 31,50 M3/H"
120535	"BOMBA CENTRIFUGA MOTOR ELETRICO TRIFASICO 5HP, DIAMETRO DE SUCCAO X ELEVACAO 2"" X 1 1/2"", DIAMETRO DO ROTOR 155 MM, HM/Q: 40 M / 20,40 M3/H A 46 M / 9,20 M3/H"
120536	"BOMBA CENTRIFUGA MOTOR ELETRICO TRIFASICO 9,86 DIAMETRO DE SUCCAO X ELEVACAO 1"" X 1"", 4 ESTAGIOS, DIAMETRO DOS ROTORES 4 X 146 MM, HM/Q: 85 M / 14,9 M3/H A 140 M / 4,2 M3/H"
120537	"BOMBA CENTRIFUGA, MOTOR ELETRICO TRIFASICO 1,48HP DIAMETRO DE SUCCAO X ELEVACAO 1 1/2"" X 1"", DIAMETRO DO ROTOR 117 MM, HM/Q: 10 M / 21,9 M3/H A 24 M / 6,1 M3/H"
120538	BOMBA DE PROJECAO DE CONCRETO SECO, POTENCIA 10 CV, VAZAO 3 M3/H
120539	BOMBA DE PROJECAO DE CONCRETO SECO, POTENCIA 10 CV, VAZAO 6 M3/H
120540	BOMBA SUBMERSA PARA POCOS TUBULARES PROFUNDOS DIAMETRO DE 4 POLEGADAS, ELETRICA, MONOFASICA, POTENCIA 0,49 HP, 13 ESTAGIOS, BOCAL DE DESCARGA DIAMETRO DE UMA POLEGADA E MEIA, HM/Q = 18 M / 1,90 M3/H A 85 M / 0,60 M3/H
120541	BOMBA SUBMERSA PARA POCOS TUBULARES PROFUNDOS DIAMETRO DE 4 POLEGADAS, ELETRICA, TRIFASICA, POTENCIA 1,97 HP, 20 ESTAGIOS, BOCAL DE DESCARGA DIAMETRO DE UMA POLEGADA E MEIA, HM/Q = 18 M / 5,40 M3/H A 164 M / 0,80 M3/H
120542	BOMBA SUBMERSA PARA POCOS TUBULARES PROFUNDOS DIAMETRO DE 4 POLEGADAS, ELETRICA, TRIFASICA, POTENCIA 5,42 HP, 15 ESTAGIOS, BOCAL DE DESCARGA DIAMETRO DE 2 POLEGADAS, HM/Q = 18 M / 18,10 M3/H A 121 M / 2,90 M3/H
120543	BOMBA SUBMERSA PARA POCOS TUBULARES PROFUNDOS DIAMETRO DE 4 POLEGADAS, ELETRICA, TRIFASICA, POTENCIA 5,42 HP, 29 ESTAGIOS, BOCAL DE DESCARGA DE UMA POLEGADA E MEIA, HM/Q = 18 M / 8,10 M3/H A 201 M / 3,2 M3/H
120544	BOMBA SUBMERSA PARA POCOS TUBULARES PROFUNDOS DIAMETRO DE 6 POLEGADAS, ELETRICA, TRIFASICA, POTENCIA 27,12 HP, 7 ESTAGIOS, BOCAL DE DESCARGA DIAMETRO DE 4 POLEGADAS, HM/Q = 13,9 M / 90 M3/H A 44,0 M / 25,0 M3/H
120545	BOMBA SUBMERSA PARA POCOS TUBULARES PROFUNDOS DIAMETRO DE 6 POLEGADAS, ELETRICA, TRIFASICA, POTENCIA 3,45 HP, 5 ESTAGIOS, BOCAL DE DESCARGA DIAMETRO DE 2 POLEGADAS, HM/Q = 68,5 M / 6,12 M3/H A 39,5 M / 14,04 M3/H
120546	BOMBA SUBMERSA PARA POCOS TUBULARES PROFUNDOS DIAMETRO DE 6 POLEGADAS, ELETRICA, TRIFASICA, POTENCIA 32 HP, 9 ESTAGIOS, BOCAL DE DESCARGA DIAMETRO DE 4 POLEGADAS, HM/Q = 114,0 M / 13,9 M3/H A 57,0 M / 25,0 M3/H
120547	BOMBA SUBMERSIVEL, ELETRICA, TRIFASICA, POTENCIA 6 HP, DIAMETRO DO ROTOR 127 MM, BOCAL DE SAIDA DIAMETRO DE 3 POLEGADAS, HM/Q = 7 M / 66,90 M3/H A 26 M / 2,88 M3/H
120548	BOMBA SUBMERSIVEL, ELETRICA, TRIFASICA, POTENCIA 0,98 HP, DIAMETRO DO ROTOR 142 MM SEMIABERTO, BOCAL DE SAIDA DIAMETRO DE 2 POLEGADAS, HM/Q = 2 M / 32 M3/H A 8 M / 16 M3/H
120549	BOMBA SUBMERSIVEL, ELETRICA, TRIFASICA, POTENCIA 0,99 HP, DIAMETRO ROTOR 98 MM SEMIABERTO, BOCAL DE SAIDA DIAMETRO 2 POLEGADAS, HM/Q = 2 M / 28,90 M3/H A 14 M / 7 M3/H
120550	BOMBA SUBMERSIVEL, ELETRICA, TRIFASICA, POTENCIA 1,97 HP, DIAMETRO DO ROTOR 144 MM SEMIABERTO, BOCAL DE SAIDA DIAMETRO DE 2 POLEGADAS, HM/Q = 2 M / 26,8 M3/H A 28 M / 4,6 M3/H
120551	BOMBA SUBMERSIVEL, ELETRICA, TRIFASICA, POTENCIA 13 HP, DIAMETRO DO ROTOR 170 MM, BOCAL DE SAIDA DIAMETRO DE 3 POLEGADAS, HM/Q = 11 M / 68,40 M3/H A 72 M / 3,6 M3/H
120552	BOMBA SUBMERSIVEL, ELETRICA, TRIFASICA, POTENCIA 2,96 HP, DIAMETRO DO ROTOR 144 MM SEMIABERTO, BOCAL DE SAIDA DIAMETRO DE DUAS POLEGADAS, HM/Q = 2 M / 38,8 M3/H A 28 M / 5 M3/H
120553	BOMBA SUBMERSIVEL, ELETRICA, TRIFASICA, POTENCIA 3,75 HP, DIAMETRO DO ROTOR 90 MM SEMIABERTO, BOCAL DE SAIDA DIAMETRO DE 2 POLEGADAS, HM/Q = 5 M / 61,2 M3/H A 25,5 M / 3,6 M3/H
120554	BOMBA TRIPLEX COM MOTOR A DIESEL, NACIONAL, DIAMETRO DE SUCCAO DE 2 1/2''
120555	BOMBA TRIPLEX, PARA INJECAO DE CALDA DE CIMENTO, VAZAO MAXIMA DE *100* LITROS/MINUTO, PRESSAO MAXIMA DE *70* BAR, POTENCIA DE 15 CV
120556	BORBOLETA PARA JANELA TIPO GUILHOTINA, EM ZAMAC CROMADO
120557	BOTA DE PVC PRETA, CANO MEDIO, SEM FORRO
120558	BOTA DE SEGURANCA COM BIQUEIRA DE ACO E COLARINHO ACOLCHOADO
120559	"BRACO / CANO PARA CHUVEIRO ELETRICO, EM ALUMINIO, 30 CM X 1/2 """
120560	"BRACO OU HASTE COM CANOPLA PLASTICA, 1/2 "", PARA CHUVEIRO ELETRICO"
120561	"BRACO OU HASTE COM CANOPLA PLASTICA, 1/2 "", PARA CHUVEIRO SIMPLES"
120562	BRACO P/ LUMINARIA PUBLICA 1 X 1,50M ROMAGNOLE OU EQUIV
120563	BUCHA DE NYLON SEM ABA S10
120564	BUCHA DE NYLON SEM ABA S10, COM PARAFUSO DE 6,10 X 65 MM EM ACO ZINCADO COM ROSCA SOBERBA, CABECA CHATA E FENDA PHILLIPS
120565	"BUCHA DE NYLON SEM ABA S12, COM PARAFUSO DE 5/16"" X 80 MM EM ACO ZINCADO COM ROSCA SOBERBA E CABECA SEXTAVADA"
120566	BUCHA DE NYLON SEM ABA S4
120567	BUCHA DE NYLON SEM ABA S5
120568	BUCHA DE NYLON SEM ABA S6
120569	BUCHA DE NYLON SEM ABA S6, COM PARAFUSO DE 4,20 X 40 MM EM ACO ZINCADO COM ROSCA SOBERBA, CABECA CHATA E FENDA PHILLIPS
120570	BUCHA DE NYLON SEM ABA S8
120571	BUCHA DE NYLON SEM ABA S8, COM PARAFUSO DE 4,80 X 50 MM EM ACO ZINCADO COM ROSCA SOBERBA, CABECA CHATA E FENDA PHILLIPS
120572	BUCHA DE NYLON, DIAMETRO DO FURO 8 MM, COMPRIMENTO 40 MM, COM PARAFUSO DE ROSCA SOBERBA, CABECA CHATA, FENDA SIMPLES, 4,8 X 50 MM
120573	BUCHA DE REDUCAO DE COBRE (REF 600-2) SEM ANEL DE SOLDA, PONTA X BOLSA, 22 X 15 MM
120574	BUCHA DE REDUCAO DE COBRE (REF 600-2) SEM ANEL DE SOLDA, PONTA X BOLSA, 28 X 22 MM
120575	BUCHA DE REDUCAO DE COBRE (REF 600-2) SEM ANEL DE SOLDA, PONTA X BOLSA, 35 X 28 MM
120576	BUCHA DE REDUCAO DE COBRE (REF 600-2) SEM ANEL DE SOLDA, PONTA X BOLSA, 42 X 35 MM
120577	BUCHA DE REDUCAO DE COBRE (REF 600-2) SEM ANEL DE SOLDA, PONTA X BOLSA, 54 X 42 MM
120578	BUCHA DE REDUCAO DE COBRE (REF 600-2) SEM ANEL DE SOLDA, PONTA X BOLSA, 66 X 54 MM
120579	"BUCHA DE REDUCAO DE FERRO GALVANIZADO, COM ROSCA BSP, DE 1 1/2"" X 1 1/4"""
120580	"BUCHA DE REDUCAO DE FERRO GALVANIZADO, COM ROSCA BSP, DE 1 1/2"" X 1/2"""
120581	"BUCHA DE REDUCAO DE FERRO GALVANIZADO, COM ROSCA BSP, DE 1 1/2"" X 1"""
120582	"BUCHA DE REDUCAO DE FERRO GALVANIZADO, COM ROSCA BSP, DE 1 1/2"" X 3/4"""
120583	"BUCHA DE REDUCAO DE FERRO GALVANIZADO, COM ROSCA BSP, DE 1 1/4"" X 1/2"""
120584	"BUCHA DE REDUCAO DE FERRO GALVANIZADO, COM ROSCA BSP, DE 1 1/4"" X 1"""
120585	"BUCHA DE REDUCAO DE FERRO GALVANIZADO, COM ROSCA BSP, DE 1 1/4"" X 3/4"""
120586	"BUCHA DE REDUCAO DE FERRO GALVANIZADO, COM ROSCA BSP, DE 1/2"" X 1/4"""
120587	"BUCHA DE REDUCAO DE FERRO GALVANIZADO, COM ROSCA BSP, DE 1/2"" X 3/8"""
120588	"BUCHA DE REDUCAO DE FERRO GALVANIZADO, COM ROSCA BSP, DE 1"" X 1/2"""
120589	"BUCHA DE REDUCAO DE FERRO GALVANIZADO, COM ROSCA BSP, DE 1"" X 3/4"""
120590	"BUCHA DE REDUCAO DE FERRO GALVANIZADO, COM ROSCA BSP, DE 2 1/2"" X 1 1/2"""
120591	"BUCHA DE REDUCAO DE FERRO GALVANIZADO, COM ROSCA BSP, DE 2 1/2"" X 1 1/4"""
120592	"BUCHA DE REDUCAO DE FERRO GALVANIZADO, COM ROSCA BSP, DE 2 1/2"" X 1"""
120593	"BUCHA DE REDUCAO DE FERRO GALVANIZADO, COM ROSCA BSP, DE 2 1/2"" X 2"""
120594	"BUCHA DE REDUCAO DE FERRO GALVANIZADO, COM ROSCA BSP, DE 2"" X 1 1/2"""
120595	"BUCHA DE REDUCAO DE FERRO GALVANIZADO, COM ROSCA BSP, DE 2"" X 1 1/4"""
120596	"BUCHA DE REDUCAO DE FERRO GALVANIZADO, COM ROSCA BSP, DE 2"" X 1"""
120597	"BUCHA DE REDUCAO DE FERRO GALVANIZADO, COM ROSCA BSP, DE 3/4"" X 1/2"""
120598	"BUCHA DE REDUCAO DE FERRO GALVANIZADO, COM ROSCA BSP, DE 3"" X 1 1/2"""
120599	"BUCHA DE REDUCAO DE FERRO GALVANIZADO, COM ROSCA BSP, DE 3"" X 1 1/4"""
120600	"BUCHA DE REDUCAO DE FERRO GALVANIZADO, COM ROSCA BSP, DE 3"" X 2 1/2"""
120601	"BUCHA DE REDUCAO DE FERRO GALVANIZADO, COM ROSCA BSP, DE 3"" X 2"""
120602	"BUCHA DE REDUCAO DE FERRO GALVANIZADO, COM ROSCA BSP, DE 4"" X 2 1/2"""
120603	"BUCHA DE REDUCAO DE FERRO GALVANIZADO, COM ROSCA BSP, DE 4"" X 2"""
120604	"BUCHA DE REDUCAO DE FERRO GALVANIZADO, COM ROSCA BSP, DE 4"" X 3"""
120605	"BUCHA DE REDUCAO DE FERRO GALVANIZADO, COM ROSCA BSP, DE 5"" X 4"""
120606	"BUCHA DE REDUCAO DE FERRO GALVANIZADO, COM ROSCA BSP, DE 6"" X 4"""
120607	"BUCHA DE REDUCAO DE FERRO GALVANIZADO, COM ROSCA BSP, DE 6"" X 5"""
120608	BUCHA DE REDUCAO DE PVC, SOLDAVEL, CURTA, COM 110 X 85 MM, PARA AGUA FRIA PREDIAL
120609	BUCHA DE REDUCAO DE PVC, SOLDAVEL, CURTA, COM 25 X 20 MM, PARA AGUA FRIA PREDIAL
120610	BUCHA DE REDUCAO DE PVC, SOLDAVEL, CURTA, COM 32 X 25 MM, PARA AGUA FRIA PREDIAL
120611	BUCHA DE REDUCAO DE PVC, SOLDAVEL, CURTA, COM 40 X 32 MM, PARA AGUA FRIA PREDIAL
120612	BUCHA DE REDUCAO DE PVC, SOLDAVEL, CURTA, COM 50 X 40 MM, PARA AGUA FRIA PREDIAL
120613	BUCHA DE REDUCAO DE PVC, SOLDAVEL, CURTA, COM 60 X 50 MM, PARA AGUA FRIA PREDIAL
120614	BUCHA DE REDUCAO DE PVC, SOLDAVEL, CURTA, COM 75 X 60 MM, PARA AGUA FRIA PREDIAL
120615	BUCHA DE REDUCAO DE PVC, SOLDAVEL, CURTA, COM 85 X 75 MM, PARA AGUA FRIA PREDIAL
120616	BUCHA DE REDUCAO DE PVC, SOLDAVEL, LONGA, COM 110 X 60 MM, PARA AGUA FRIA PREDIAL
120617	BUCHA DE REDUCAO DE PVC, SOLDAVEL, LONGA, COM 110 X 75 MM, PARA AGUA FRIA PREDIAL
120618	BUCHA DE REDUCAO DE PVC, SOLDAVEL, LONGA, COM 32 X 20 MM, PARA AGUA FRIA PREDIAL
120619	BUCHA DE REDUCAO DE PVC, SOLDAVEL, LONGA, COM 40 X 20 MM, PARA AGUA FRIA PREDIAL
120620	BUCHA DE REDUCAO DE PVC, SOLDAVEL, LONGA, COM 40 X 25 MM, PARA AGUA FRIA PREDIAL
120621	BUCHA DE REDUCAO DE PVC, SOLDAVEL, LONGA, COM 50 X 20 MM, PARA AGUA FRIA PREDIAL
120622	BUCHA DE REDUCAO DE PVC, SOLDAVEL, LONGA, COM 50 X 25 MM, PARA AGUA FRIA PREDIAL
120623	BUCHA DE REDUCAO DE PVC, SOLDAVEL, LONGA, COM 50 X 32 MM, PARA AGUA FRIA PREDIAL
120624	BUCHA DE REDUCAO DE PVC, SOLDAVEL, LONGA, COM 60 X 25 MM, PARA AGUA FRIA PREDIAL
120625	BUCHA DE REDUCAO DE PVC, SOLDAVEL, LONGA, COM 60 X 32 MM, PARA AGUA FRIA PREDIAL
120626	BUCHA DE REDUCAO DE PVC, SOLDAVEL, LONGA, COM 60 X 40 MM, PARA AGUA FRIA PREDIAL
120627	BUCHA DE REDUCAO DE PVC, SOLDAVEL, LONGA, COM 60 X 50 MM, PARA AGUA FRIA PREDIAL
120628	BUCHA DE REDUCAO DE PVC, SOLDAVEL, LONGA, COM 75 X 50 MM, PARA AGUA FRIA PREDIAL
120629	BUCHA DE REDUCAO DE PVC, SOLDAVEL, LONGA, COM 85 X 60 MM, PARA AGUA FRIA PREDIAL
120630	BUCHA DE REDUCAO DE PVC, SOLDAVEL, LONGA, 50 X 40 MM, PARA ESGOTO PREDIAL
120631	"BUCHA DE REDUCAO EM ALUMINIO, COM ROSCA, DE 1 1/2"" X 1 1/4"", PARA ELETRODUTO"
120632	"BUCHA DE REDUCAO EM ALUMINIO, COM ROSCA, DE 1 1/2"" X 1"", PARA ELETRODUTO"
120633	"BUCHA DE REDUCAO EM ALUMINIO, COM ROSCA, DE 1 1/2"" X 3/4"", PARA ELETRODUTO"
120634	"BUCHA DE REDUCAO EM ALUMINIO, COM ROSCA, DE 1 1/4"" X 1/2"", PARA ELETRODUTO"
120635	"BUCHA DE REDUCAO EM ALUMINIO, COM ROSCA, DE 1 1/4"" X 1"", PARA ELETRODUTO"
120636	"BUCHA DE REDUCAO EM ALUMINIO, COM ROSCA, DE 1 1/4"" X 3/4"", PARA ELETRODUTO"
120637	"BUCHA DE REDUCAO EM ALUMINIO, COM ROSCA, DE 1"" X 1/2"", PARA ELETRODUTO"
120638	"BUCHA DE REDUCAO EM ALUMINIO, COM ROSCA, DE 1"" X 3/4"", PARA ELETRODUTO"
120639	"BUCHA DE REDUCAO EM ALUMINIO, COM ROSCA, DE 2 1/2"" X 1 1/2"", PARA ELETRODUTO"
120640	"BUCHA DE REDUCAO EM ALUMINIO, COM ROSCA, DE 2 1/2"" X 1 1/4"", PARA ELETRODUTO"
120641	"BUCHA DE REDUCAO EM ALUMINIO, COM ROSCA, DE 2 1/2"" X 1"", PARA ELETRODUTO"
120642	"BUCHA DE REDUCAO EM ALUMINIO, COM ROSCA, DE 2 1/2"" X 2"", PARA ELETRODUTO"
120643	"BUCHA DE REDUCAO EM ALUMINIO, COM ROSCA, DE 2"" X 1 1/2"", PARA ELETRODUTO"
120644	"BUCHA DE REDUCAO EM ALUMINIO, COM ROSCA, DE 2"" X 1 1/4"", PARA ELETRODUTO"
120645	"BUCHA DE REDUCAO EM ALUMINIO, COM ROSCA, DE 2"" X 1"", PARA ELETRODUTO"
120646	"BUCHA DE REDUCAO EM ALUMINIO, COM ROSCA, DE 2"" X 3/4"", PARA ELETRODUTO"
120647	"BUCHA DE REDUCAO EM ALUMINIO, COM ROSCA, DE 3/4"" X 1/2"", PARA ELETRODUTO"
120648	"BUCHA DE REDUCAO EM ALUMINIO, COM ROSCA, DE 3"" X 1 1/2"", PARA ELETRODUTO"
120649	"BUCHA DE REDUCAO EM ALUMINIO, COM ROSCA, DE 3"" X 1 1/4"", PARA ELETRODUTO"
120650	"BUCHA DE REDUCAO EM ALUMINIO, COM ROSCA, DE 3"" X 2 1/2"", PARA ELETRODUTO"
120651	"BUCHA DE REDUCAO EM ALUMINIO, COM ROSCA, DE 3"" X 2"", PARA ELETRODUTO"
120652	"BUCHA DE REDUCAO EM ALUMINIO, COM ROSCA, DE 4"" X 2 1/2"", PARA ELETRODUTO"
120653	"BUCHA DE REDUCAO EM ALUMINIO, COM ROSCA, DE 4"" X 2"", PARA ELETRODUTO"
120654	"BUCHA DE REDUCAO EM ALUMINIO, COM ROSCA, DE 4"" X 3"", PARA ELETRODUTO"
120655	"BUCHA DE REDUCAO PVC ROSCAVEL 1 1/2"" X 1"""
120656	"BUCHA DE REDUCAO PVC ROSCAVEL 3/4"" X 1/2"""
120657	"BUCHA DE REDUCAO PVC ROSCAVEL, 1 1/2"" X 3/4"""
120658	"BUCHA DE REDUCAO PVC ROSCAVEL, 1"" X 1/2"""
120659	"BUCHA DE REDUCAO PVC ROSCAVEL, 1"" X 3/4"""
120660	"BUCHA DE REDUCAO PVC, ROSCAVEL, 2"" X 1 1/2 """
120661	"BUCHA DE REDUCAO PVC, ROSCAVEL, 1 1/2"" X1 1/4 """
120662	"BUCHA DE REDUCAO PVC, ROSCAVEL, 1 1/4"" X 3/4 """
120663	"BUCHA DE REDUCAO PVC, ROSCAVEL, 1 1/4"" X 1 """
120664	"BUCHA DE REDUCAO PVC, ROSCAVEL, 2"" X 1 """
120665	"BUCHA DE REDUCAO PVC, ROSCAVEL, 2"" X 1 1/4 """
120666	BUCHA DE REDUCAO, CPVC, SOLDAVEL, 22 X 15 MM, PARA AGUA QUENTE
120667	BUCHA DE REDUCAO, CPVC, SOLDAVEL, 28 X 22 MM, PARA AGUA QUENTE
120668	BUCHA DE REDUCAO, CPVC, SOLDAVEL, 35 X 28 MM, PARA AGUA QUENTE
120669	BUCHA DE REDUCAO, CPVC, SOLDAVEL, 42 X 22 MM, PARA AGUA QUENTE
120670	BUCHA DE REDUCAO, PPR, DN 25 X 20 MM, PARA AGUA QUENTE PREDIAL
120671	BUCHA DE REDUCAO, PPR, DN 32 X 25 MM, PARA AGUA QUENTE E FRIA PREDIAL
120672	BUCHA DE REDUCAO, PPR, DN 40 X 25 MM, PARA AGUA QUENTE E FRIA PREDIAL
120673	BUCHA DE REDUCAO, PVC, LONGA, SERIE R, DN 50 X 40 MM, PARA ESGOTO OU AGUAS PLUVIAIS PREDIAIS
120674	"BUCHA EM ALUMINIO, COM ROSCA, DE 1 1/2"", PARA ELETRODUTO"
120675	"BUCHA EM ALUMINIO, COM ROSCA, DE 1 1/4"", PARA ELETRODUTO"
120676	"BUCHA EM ALUMINIO, COM ROSCA, DE 1/2"", PARA ELETRODUTO"
120677	"BUCHA EM ALUMINIO, COM ROSCA, DE 1"", PARA ELETRODUTO"
120678	"BUCHA EM ALUMINIO, COM ROSCA, DE 2 1/2"", PARA ELETRODUTO"
120679	"BUCHA EM ALUMINIO, COM ROSCA, DE 2"", PARA ELETRODUTO"
120680	"BUCHA EM ALUMINIO, COM ROSCA, DE 3/4"", PARA ELETRODUTO"
120681	"BUCHA EM ALUMINIO, COM ROSCA, DE 3/8"", PARA ELETRODUTO"
120682	"BUCHA EM ALUMINIO, COM ROSCA, DE 3"", PARA ELETRODUTO"
120683	"BUCHA EM ALUMINIO, COM ROSCA, DE 4"", PARA ELETRODUTO"
120684	CABECEIRA DIREITA OU ESQUERDA, PVC, PARA CALHA PLUVIAL, DIAMETRO ENTRE 119 E 170 MM, PARA DRENAGEM PREDIAL
120685	"CABECOTE PARA ENTRADA DE LINHA DE ALIMENTACAO PARA ELETRODUTO, EM LIGA DE ALUMINIO COM ACABAMENTO ANTI CORROSIVO, COM FIXACAO POR ENCAIXE LISO DE 360 GRAUS, DE 1 1/2"""
120686	"CABECOTE PARA ENTRADA DE LINHA DE ALIMENTACAO PARA ELETRODUTO, EM LIGA DE ALUMINIO COM ACABAMENTO ANTI CORROSIVO, COM FIXACAO POR ENCAIXE LISO DE 360 GRAUS, DE 1 1/4"""
120687	"CABECOTE PARA ENTRADA DE LINHA DE ALIMENTACAO PARA ELETRODUTO, EM LIGA DE ALUMINIO COM ACABAMENTO ANTI CORROSIVO, COM FIXACAO POR ENCAIXE LISO DE 360 GRAUS, DE 1/2"""
120688	"CABECOTE PARA ENTRADA DE LINHA DE ALIMENTACAO PARA ELETRODUTO, EM LIGA DE ALUMINIO COM ACABAMENTO ANTI CORROSIVO, COM FIXACAO POR ENCAIXE LISO DE 360 GRAUS, DE 1"""
120689	"CABECOTE PARA ENTRADA DE LINHA DE ALIMENTACAO PARA ELETRODUTO, EM LIGA DE ALUMINIO COM ACABAMENTO ANTI CORROSIVO, COM FIXACAO POR ENCAIXE LISO DE 360 GRAUS, DE 2 1/2"""
120690	"CABECOTE PARA ENTRADA DE LINHA DE ALIMENTACAO PARA ELETRODUTO, EM LIGA DE ALUMINIO COM ACABAMENTO ANTI CORROSIVO, COM FIXACAO POR ENCAIXE LISO DE 360 GRAUS, DE 2"""
120691	"CABECOTE PARA ENTRADA DE LINHA DE ALIMENTACAO PARA ELETRODUTO, EM LIGA DE ALUMINIO COM ACABAMENTO ANTI CORROSIVO, COM FIXACAO POR ENCAIXE LISO DE 360 GRAUS, DE 3 1/2"""
120692	"CABECOTE PARA ENTRADA DE LINHA DE ALIMENTACAO PARA ELETRODUTO, EM LIGA DE ALUMINIO COM ACABAMENTO ANTI CORROSIVO, COM FIXACAO POR ENCAIXE LISO DE 360 GRAUS, DE 3/4"""
120693	"CABECOTE PARA ENTRADA DE LINHA DE ALIMENTACAO PARA ELETRODUTO, EM LIGA DE ALUMINIO COM ACABAMENTO ANTI CORROSIVO, COM FIXACAO POR ENCAIXE LISO DE 360 GRAUS, DE 3"""
120694	"CABECOTE PARA ENTRADA DE LINHA DE ALIMENTACAO PARA ELETRODUTO, EM LIGA DE ALUMINIO COM ACABAMENTO ANTI CORROSIVO, COM FIXACAO POR ENCAIXE LISO DE 360 GRAUS, DE 4"""
120695	CABIDE/GANCHO DE BANHEIRO SIMPLES EM METAL CROMADO
120696	"CABO DE ACO GALVANIZADO, DIAMETRO 12,7 MM (1/2""), COM ALMA DE ACO CABO INDEPENDENTE 6 X 25 F"
120697	"CABO DE ACO GALVANIZADO, DIAMETRO 12,7 MM (1/2""), COM ALMA DE FIBRA 6 X 25 F"
120698	"CABO DE ACO GALVANIZADO, DIAMETRO 9,53 MM (3/8""), COM ALMA DE FIBRA 6 X 25 F"
120699	CABO DE ALUMINIO NU COM ALMA DE ACO, BITOLA 1/0 AWG
120700	CABO DE ALUMINIO NU COM ALMA DE ACO, BITOLA 2 AWG
120701	CABO DE ALUMINIO NU COM ALMA DE ACO, BITOLA 2/0 AWG
120702	CABO DE ALUMINIO NU COM ALMA DE ACO, BITOLA 4 AWG
120703	CABO DE ALUMINIO NU SEM ALMA DE ACO, BITOLA 1/0 AWG
120704	CABO DE ALUMINIO NU SEM ALMA DE ACO, BITOLA 2 AWG
120705	CABO DE ALUMINIO NU SEM ALMA DE ACO, BITOLA 2/0 AWG
120706	CABO DE ALUMINIO NU SEM ALMA DE ACO, BITOLA 4 AWG
120707	CABO DE COBRE NU 10 MM2 MEIO-DURO
120708	CABO DE COBRE NU 120 MM2 MEIO-DURO
120709	CABO DE COBRE NU 150 MM2 MEIO-DURO
120710	CABO DE COBRE NU 16 MM2 MEIO-DURO
120711	CABO DE COBRE NU 185 MM2 MEIO-DURO
120712	CABO DE COBRE NU 25 MM2 MEIO-DURO
120713	CABO DE COBRE NU 300 MM2 MEIO-DURO
120714	CABO DE COBRE NU 35 MM2 MEIO-DURO
120715	CABO DE COBRE NU 50 MM2 MEIO-DURO
120716	CABO DE COBRE NU 500 MM2 MEIO-DURO
120717	CABO DE COBRE NU 70 MM2 MEIO-DURO
120718	CABO DE COBRE NU 95 MM2 MEIO-DURO
120719	CABO DE COBRE RIGIDO, CLASSE 2, ISOLACAO EM PVC, ANTI-CHAMA BWF-B, 1 CONDUTOR, 450/750 V, DIAMETRO 120 MM2
120720	CABO DE COBRE UNIPOLAR 10 MM2, BLINDADO, ISOLACAO 3,6/6 KV EPR, COBERTURA EM PVC
120721	CABO DE COBRE UNIPOLAR 16 MM2, BLINDADO, ISOLACAO 3,6/6 KV EPR, COBERTURA EM PVC
120722	CABO DE COBRE UNIPOLAR 16 MM2, BLINDADO, ISOLACAO 6/10 KV EPR, COBERTURA EM PVC
120723	CABO DE COBRE UNIPOLAR 25 MM2, BLINDADO, ISOLACAO 3,6/6 KV EPR, COBERTURA EM PVC
120724	CABO DE COBRE UNIPOLAR 25MM2, BLINDADO, ISOLACAO 6/10 KV EPR, COBERTURA EM PVC
120725	CABO DE COBRE UNIPOLAR 35 MM2, BLINDADO, ISOLACAO 12/20 KV EPR, COBERTURA EM PVC
120726	CABO DE COBRE UNIPOLAR 35 MM2, BLINDADO, ISOLACAO 3,6/6 KV EPR, COBERTURA EM PVC
120727	CABO DE COBRE UNIPOLAR 35 MM2, BLINDADO, ISOLACAO 6/10 KV EPR, COBERTURA EM PVC
120728	CABO DE COBRE UNIPOLAR 50 MM2, BLINDADO, ISOLACAO 12/20 KV EPR, COBERTURA EM PVC
120729	CABO DE COBRE UNIPOLAR 50 MM2, BLINDADO, ISOLACAO 3,6/6 KV EPR, COBERTURA EM PVC
120730	CABO DE COBRE UNIPOLAR 50 MM2, BLINDADO, ISOLACAO 6/10 KV EPR, COBERTURA EM PVC
120731	CABO DE COBRE UNIPOLAR 70 MM2, BLINDADO, ISOLACAO 12/20 KV EPR, COBERTURA EM PVC
120732	CABO DE COBRE UNIPOLAR 70 MM2, BLINDADO, ISOLACAO 3,6/6 KV EPR, COBERTURA EM PVC
120733	CABO DE COBRE UNIPOLAR 70 MM2, BLINDADO, ISOLACAO 6/10 KV EPR, COBERTURA EM PVC
120734	CABO DE COBRE UNIPOLAR 95 MM2, BLINDADO, ISOLACAO 12/20 KV EPR, COBERTURA EM PVC
120735	CABO DE COBRE UNIPOLAR 95 MM2, BLINDADO, ISOLACAO 3,6/6 KV EPR, COBERTURA EM PVC
120736	CABO DE COBRE UNIPOLAR 95 MM2, BLINDADO, ISOLACAO 6/10 KV EPR, COBERTURA EM PVC
120737	CABO DE COBRE, FLEXIVEL, CLASSE 4 OU 5, ISOLACAO EM PVC/A, ANTICHAMA BWF-B, COBERTURA PVC-ST1, ANTICHAMA BWF-B, 1 CONDUTOR, 0,6/1 KV, SECAO NOMINAL 1,5 MM2
120738	CABO DE COBRE, FLEXIVEL, CLASSE 4 OU 5, ISOLACAO EM PVC/A, ANTICHAMA BWF-B, COBERTURA PVC-ST1, ANTICHAMA BWF-B, 1 CONDUTOR, 0,6/1 KV, SECAO NOMINAL 10 MM2
120739	CABO DE COBRE, FLEXIVEL, CLASSE 4 OU 5, ISOLACAO EM PVC/A, ANTICHAMA BWF-B, COBERTURA PVC-ST1, ANTICHAMA BWF-B, 1 CONDUTOR, 0,6/1 KV, SECAO NOMINAL 120 MM2
120740	CABO DE COBRE, FLEXIVEL, CLASSE 4 OU 5, ISOLACAO EM PVC/A, ANTICHAMA BWF-B, COBERTURA PVC-ST1, ANTICHAMA BWF-B, 1 CONDUTOR, 0,6/1 KV, SECAO NOMINAL 150 MM2
120741	CABO DE COBRE, FLEXIVEL, CLASSE 4 OU 5, ISOLACAO EM PVC/A, ANTICHAMA BWF-B, COBERTURA PVC-ST1, ANTICHAMA BWF-B, 1 CONDUTOR, 0,6/1 KV, SECAO NOMINAL 16 MM2
120742	CABO DE COBRE, FLEXIVEL, CLASSE 4 OU 5, ISOLACAO EM PVC/A, ANTICHAMA BWF-B, COBERTURA PVC-ST1, ANTICHAMA BWF-B, 1 CONDUTOR, 0,6/1 KV, SECAO NOMINAL 185 MM2
120743	CABO DE COBRE, FLEXIVEL, CLASSE 4 OU 5, ISOLACAO EM PVC/A, ANTICHAMA BWF-B, COBERTURA PVC-ST1, ANTICHAMA BWF-B, 1 CONDUTOR, 0,6/1 KV, SECAO NOMINAL 2,5 MM2
120744	CABO DE COBRE, FLEXIVEL, CLASSE 4 OU 5, ISOLACAO EM PVC/A, ANTICHAMA BWF-B, COBERTURA PVC-ST1, ANTICHAMA BWF-B, 1 CONDUTOR, 0,6/1 KV, SECAO NOMINAL 240 MM2
120745	CABO DE COBRE, FLEXIVEL, CLASSE 4 OU 5, ISOLACAO EM PVC/A, ANTICHAMA BWF-B, COBERTURA PVC-ST1, ANTICHAMA BWF-B, 1 CONDUTOR, 0,6/1 KV, SECAO NOMINAL 25 MM2
120746	CABO DE COBRE, FLEXIVEL, CLASSE 4 OU 5, ISOLACAO EM PVC/A, ANTICHAMA BWF-B, COBERTURA PVC-ST1, ANTICHAMA BWF-B, 1 CONDUTOR, 0,6/1 KV, SECAO NOMINAL 300 MM2
120747	CABO DE COBRE, FLEXIVEL, CLASSE 4 OU 5, ISOLACAO EM PVC/A, ANTICHAMA BWF-B, COBERTURA PVC-ST1, ANTICHAMA BWF-B, 1 CONDUTOR, 0,6/1 KV, SECAO NOMINAL 35 MM2
120748	CABO DE COBRE, FLEXIVEL, CLASSE 4 OU 5, ISOLACAO EM PVC/A, ANTICHAMA BWF-B, COBERTURA PVC-ST1, ANTICHAMA BWF-B, 1 CONDUTOR, 0,6/1 KV, SECAO NOMINAL 4 MM2
120749	CABO DE COBRE, FLEXIVEL, CLASSE 4 OU 5, ISOLACAO EM PVC/A, ANTICHAMA BWF-B, COBERTURA PVC-ST1, ANTICHAMA BWF-B, 1 CONDUTOR, 0,6/1 KV, SECAO NOMINAL 400 MM2
120750	CABO DE COBRE, FLEXIVEL, CLASSE 4 OU 5, ISOLACAO EM PVC/A, ANTICHAMA BWF-B, COBERTURA PVC-ST1, ANTICHAMA BWF-B, 1 CONDUTOR, 0,6/1 KV, SECAO NOMINAL 50 MM2
120751	CABO DE COBRE, FLEXIVEL, CLASSE 4 OU 5, ISOLACAO EM PVC/A, ANTICHAMA BWF-B, COBERTURA PVC-ST1, ANTICHAMA BWF-B, 1 CONDUTOR, 0,6/1 KV, SECAO NOMINAL 500 MM2
120752	CABO DE COBRE, FLEXIVEL, CLASSE 4 OU 5, ISOLACAO EM PVC/A, ANTICHAMA BWF-B, COBERTURA PVC-ST1, ANTICHAMA BWF-B, 1 CONDUTOR, 0,6/1 KV, SECAO NOMINAL 6 MM2
120753	CABO DE COBRE, FLEXIVEL, CLASSE 4 OU 5, ISOLACAO EM PVC/A, ANTICHAMA BWF-B, COBERTURA PVC-ST1, ANTICHAMA BWF-B, 1 CONDUTOR, 0,6/1 KV, SECAO NOMINAL 70 MM2
120754	CABO DE COBRE, FLEXIVEL, CLASSE 4 OU 5, ISOLACAO EM PVC/A, ANTICHAMA BWF-B, COBERTURA PVC-ST1, ANTICHAMA BWF-B, 1 CONDUTOR, 0,6/1 KV, SECAO NOMINAL 95 MM2
120755	CABO DE COBRE, FLEXIVEL, CLASSE 4 OU 5, ISOLACAO EM PVC/A, ANTICHAMA BWF-B, 1 CONDUTOR, 450/750 V, SECAO NOMINAL 0,5 MM2
120756	CABO DE COBRE, FLEXIVEL, CLASSE 4 OU 5, ISOLACAO EM PVC/A, ANTICHAMA BWF-B, 1 CONDUTOR, 450/750 V, SECAO NOMINAL 0,75 MM2
120757	CABO DE COBRE, FLEXIVEL, CLASSE 4 OU 5, ISOLACAO EM PVC/A, ANTICHAMA BWF-B, 1 CONDUTOR, 450/750 V, SECAO NOMINAL 1,0 MM2
120758	CABO DE COBRE, FLEXIVEL, CLASSE 4 OU 5, ISOLACAO EM PVC/A, ANTICHAMA BWF-B, 1 CONDUTOR, 450/750 V, SECAO NOMINAL 1,5 MM2
120759	CABO DE COBRE, FLEXIVEL, CLASSE 4 OU 5, ISOLACAO EM PVC/A, ANTICHAMA BWF-B, 1 CONDUTOR, 450/750 V, SECAO NOMINAL 10 MM2
120760	CABO DE COBRE, FLEXIVEL, CLASSE 4 OU 5, ISOLACAO EM PVC/A, ANTICHAMA BWF-B, 1 CONDUTOR, 450/750 V, SECAO NOMINAL 120 MM2
120761	CABO DE COBRE, FLEXIVEL, CLASSE 4 OU 5, ISOLACAO EM PVC/A, ANTICHAMA BWF-B, 1 CONDUTOR, 450/750 V, SECAO NOMINAL 150 MM2
120762	CABO DE COBRE, FLEXIVEL, CLASSE 4 OU 5, ISOLACAO EM PVC/A, ANTICHAMA BWF-B, 1 CONDUTOR, 450/750 V, SECAO NOMINAL 16 MM2
120763	CABO DE COBRE, FLEXIVEL, CLASSE 4 OU 5, ISOLACAO EM PVC/A, ANTICHAMA BWF-B, 1 CONDUTOR, 450/750 V, SECAO NOMINAL 185 MM2
120764	CABO DE COBRE, FLEXIVEL, CLASSE 4 OU 5, ISOLACAO EM PVC/A, ANTICHAMA BWF-B, 1 CONDUTOR, 450/750 V, SECAO NOMINAL 2,5 MM2
120765	CABO DE COBRE, FLEXIVEL, CLASSE 4 OU 5, ISOLACAO EM PVC/A, ANTICHAMA BWF-B, 1 CONDUTOR, 450/750 V, SECAO NOMINAL 240 MM2
120766	CABO DE COBRE, FLEXIVEL, CLASSE 4 OU 5, ISOLACAO EM PVC/A, ANTICHAMA BWF-B, 1 CONDUTOR, 450/750 V, SECAO NOMINAL 25 MM2
120767	CABO DE COBRE, FLEXIVEL, CLASSE 4 OU 5, ISOLACAO EM PVC/A, ANTICHAMA BWF-B, 1 CONDUTOR, 450/750 V, SECAO NOMINAL 35 MM2
120768	CABO DE COBRE, FLEXIVEL, CLASSE 4 OU 5, ISOLACAO EM PVC/A, ANTICHAMA BWF-B, 1 CONDUTOR, 450/750 V, SECAO NOMINAL 4 MM2
120769	CABO DE COBRE, FLEXIVEL, CLASSE 4 OU 5, ISOLACAO EM PVC/A, ANTICHAMA BWF-B, 1 CONDUTOR, 450/750 V, SECAO NOMINAL 50 MM2
120770	CABO DE COBRE, FLEXIVEL, CLASSE 4 OU 5, ISOLACAO EM PVC/A, ANTICHAMA BWF-B, 1 CONDUTOR, 450/750 V, SECAO NOMINAL 6 MM2
120771	CABO DE COBRE, FLEXIVEL, CLASSE 4 OU 5, ISOLACAO EM PVC/A, ANTICHAMA BWF-B, 1 CONDUTOR, 450/750 V, SECAO NOMINAL 70 MM2
120772	CABO DE COBRE, FLEXIVEL, CLASSE 4 OU 5, ISOLACAO EM PVC/A, ANTICHAMA BWF-B, 1 CONDUTOR, 450/750 V, SECAO NOMINAL 95 MM2
120773	CABO DE COBRE, RIGIDO, CLASSE 2, COMPACTADO, BLINDADO, ISOLACAO EM EPR OU XLPE, COBERTURA ANTICHAMA EM PVC, PEAD OU HFFR, 1 CONDUTOR, 20/35 KV, SECAO NOMINAL 120 MM2
120774	CABO DE COBRE, RIGIDO, CLASSE 2, COMPACTADO, BLINDADO, ISOLACAO EM EPR OU XLPE, COBERTURA ANTICHAMA EM PVC, PEAD OU HFFR, 1 CONDUTOR, 20/35 KV, SECAO NOMINAL 150 MM2
120775	CABO DE COBRE, RIGIDO, CLASSE 2, COMPACTADO, BLINDADO, ISOLACAO EM EPR OU XLPE, COBERTURA ANTICHAMA EM PVC, PEAD OU HFFR, 1 CONDUTOR, 20/35 KV, SECAO NOMINAL 185 MM2
120776	CABO DE COBRE, RIGIDO, CLASSE 2, COMPACTADO, BLINDADO, ISOLACAO EM EPR OU XLPE, COBERTURA ANTICHAMA EM PVC, PEAD OU HFFR, 1 CONDUTOR, 20/35 KV, SECAO NOMINAL 240 MM2
120777	CABO DE COBRE, RIGIDO, CLASSE 2, COMPACTADO, BLINDADO, ISOLACAO EM EPR OU XLPE, COBERTURA ANTICHAMA EM PVC, PEAD OU HFFR, 1 CONDUTOR, 20/35 KV, SECAO NOMINAL 300 MM2
120778	CABO DE COBRE, RIGIDO, CLASSE 2, COMPACTADO, BLINDADO, ISOLACAO EM EPR OU XLPE, COBERTURA ANTICHAMA EM PVC, PEAD OU HFFR, 1 CONDUTOR, 20/35 KV, SECAO NOMINAL 400 MM2
120779	CABO DE COBRE, RIGIDO, CLASSE 2, COMPACTADO, BLINDADO, ISOLACAO EM EPR OU XLPE, COBERTURA ANTICHAMA EM PVC, PEAD OU HFFR, 1 CONDUTOR, 20/35 KV, SECAO NOMINAL 50 MM2
120780	CABO DE COBRE, RIGIDO, CLASSE 2, COMPACTADO, BLINDADO, ISOLACAO EM EPR OU XLPE, COBERTURA ANTICHAMA EM PVC, PEAD OU HFFR, 1 CONDUTOR, 20/35 KV, SECAO NOMINAL 500 MM2
120781	CABO DE COBRE, RIGIDO, CLASSE 2, COMPACTADO, BLINDADO, ISOLACAO EM EPR OU XLPE, COBERTURA ANTICHAMA EM PVC, PEAD OU HFFR, 1 CONDUTOR, 20/35 KV, SECAO NOMINAL 70 MM2
120782	CABO DE COBRE, RIGIDO, CLASSE 2, COMPACTADO, BLINDADO, ISOLACAO EM EPR OU XLPE, COBERTURA ANTICHAMA EM PVC, PEAD OU HFFR, 1 CONDUTOR, 20/35 KV, SECAO NOMINAL 95 MM2
120783	CABO DE COBRE, RIGIDO, CLASSE 2, ISOLACAO EM PVC/A, ANTICHAMA BWF-B, 1 CONDUTOR, 450/750 V, SECAO NOMINAL 1,5 MM2
120784	CABO DE COBRE, RIGIDO, CLASSE 2, ISOLACAO EM PVC/A, ANTICHAMA BWF-B, 1 CONDUTOR, 450/750 V, SECAO NOMINAL 10 MM2
120785	CABO DE COBRE, RIGIDO, CLASSE 2, ISOLACAO EM PVC/A, ANTICHAMA BWF-B, 1 CONDUTOR, 450/750 V, SECAO NOMINAL 150 MM2
120786	CABO DE COBRE, RIGIDO, CLASSE 2, ISOLACAO EM PVC/A, ANTICHAMA BWF-B, 1 CONDUTOR, 450/750 V, SECAO NOMINAL 16 MM2
120787	CABO DE COBRE, RIGIDO, CLASSE 2, ISOLACAO EM PVC/A, ANTICHAMA BWF-B, 1 CONDUTOR, 450/750 V, SECAO NOMINAL 185 MM2
120788	CABO DE COBRE, RIGIDO, CLASSE 2, ISOLACAO EM PVC/A, ANTICHAMA BWF-B, 1 CONDUTOR, 450/750 V, SECAO NOMINAL 2,5 MM2
120789	CABO DE COBRE, RIGIDO, CLASSE 2, ISOLACAO EM PVC/A, ANTICHAMA BWF-B, 1 CONDUTOR, 450/750 V, SECAO NOMINAL 240 MM2
120790	CABO DE COBRE, RIGIDO, CLASSE 2, ISOLACAO EM PVC/A, ANTICHAMA BWF-B, 1 CONDUTOR, 450/750 V, SECAO NOMINAL 25 MM2
120791	CABO DE COBRE, RIGIDO, CLASSE 2, ISOLACAO EM PVC/A, ANTICHAMA BWF-B, 1 CONDUTOR, 450/750 V, SECAO NOMINAL 300 MM2
120792	CABO DE COBRE, RIGIDO, CLASSE 2, ISOLACAO EM PVC/A, ANTICHAMA BWF-B, 1 CONDUTOR, 450/750 V, SECAO NOMINAL 35 MM2
120793	CABO DE COBRE, RIGIDO, CLASSE 2, ISOLACAO EM PVC/A, ANTICHAMA BWF-B, 1 CONDUTOR, 450/750 V, SECAO NOMINAL 4 MM2
120794	CABO DE COBRE, RIGIDO, CLASSE 2, ISOLACAO EM PVC/A, ANTICHAMA BWF-B, 1 CONDUTOR, 450/750 V, SECAO NOMINAL 400 MM2
120795	CABO DE COBRE, RIGIDO, CLASSE 2, ISOLACAO EM PVC/A, ANTICHAMA BWF-B, 1 CONDUTOR, 450/750 V, SECAO NOMINAL 50 MM2
120796	CABO DE COBRE, RIGIDO, CLASSE 2, ISOLACAO EM PVC/A, ANTICHAMA BWF-B, 1 CONDUTOR, 450/750 V, SECAO NOMINAL 500 MM2
120797	CABO DE COBRE, RIGIDO, CLASSE 2, ISOLACAO EM PVC/A, ANTICHAMA BWF-B, 1 CONDUTOR, 450/750 V, SECAO NOMINAL 6 MM2
120798	CABO DE COBRE, RIGIDO, CLASSE 2, ISOLACAO EM PVC/A, ANTICHAMA BWF-B, 1 CONDUTOR, 450/750 V, SECAO NOMINAL 70 MM2
120799	CABO DE COBRE, RIGIDO, CLASSE 2, ISOLACAO EM PVC/A, ANTICHAMA BWF-B, 1 CONDUTOR, 450/750 V, SECAO NOMINAL 95 MM2
120800	CABO DE PAR TRANCADO UTP, 4 PARES, CATEGORIA 5E
120801	CABO DE PAR TRANCADO UTP, 4 PARES, CATEGORIA 6
120802	CABO FLEXIVEL PVC 750 V, 2 CONDUTORES DE 1,5 MM2
120803	CABO FLEXIVEL PVC 750 V, 2 CONDUTORES DE 10,0 MM2
120804	CABO FLEXIVEL PVC 750 V, 2 CONDUTORES DE 4,0 MM2
120805	CABO FLEXIVEL PVC 750 V, 2 CONDUTORES DE 6,0 MM2
120806	CABO FLEXIVEL PVC 750 V, 3 CONDUTORES DE 1,5 MM2
120807	CABO FLEXIVEL PVC 750 V, 3 CONDUTORES DE 10,0 MM2
120808	CABO FLEXIVEL PVC 750 V, 3 CONDUTORES DE 4,0 MM2
120809	CABO FLEXIVEL PVC 750 V, 3 CONDUTORES DE 6,0 MM2
120810	CABO FLEXIVEL PVC 750 V, 4 CONDUTORES DE 1,5 MM2
120811	CABO FLEXIVEL PVC 750 V, 4 CONDUTORES DE 10,0 MM2
120812	CABO FLEXIVEL PVC 750 V, 4 CONDUTORES DE 4,0 MM2
120813	CABO FLEXIVEL PVC 750 V, 4 CONDUTORES DE 6,0 MM2
120814	CABO MULTIPOLAR DE COBRE, FLEXIVEL, CLASSE 4 OU 5, ISOLACAO EM HEPR, COBERTURA EM PVC-ST2, ANTICHAMA BWF-B, 0,6/1 KV, 3 CONDUTORES DE 1,5 MM2
120815	CABO MULTIPOLAR DE COBRE, FLEXIVEL, CLASSE 4 OU 5, ISOLACAO EM HEPR, COBERTURA EM PVC-ST2, ANTICHAMA BWF-B, 0,6/1 KV, 3 CONDUTORES DE 10 MM2
120816	CABO MULTIPOLAR DE COBRE, FLEXIVEL, CLASSE 4 OU 5, ISOLACAO EM HEPR, COBERTURA EM PVC-ST2, ANTICHAMA BWF-B, 0,6/1 KV, 3 CONDUTORES DE 120 MM2
120817	CABO MULTIPOLAR DE COBRE, FLEXIVEL, CLASSE 4 OU 5, ISOLACAO EM HEPR, COBERTURA EM PVC-ST2, ANTICHAMA BWF-B, 0,6/1 KV, 3 CONDUTORES DE 16 MM2
120818	CABO MULTIPOLAR DE COBRE, FLEXIVEL, CLASSE 4 OU 5, ISOLACAO EM HEPR, COBERTURA EM PVC-ST2, ANTICHAMA BWF-B, 0,6/1 KV, 3 CONDUTORES DE 2,5 MM2
120819	CABO MULTIPOLAR DE COBRE, FLEXIVEL, CLASSE 4 OU 5, ISOLACAO EM HEPR, COBERTURA EM PVC-ST2, ANTICHAMA BWF-B, 0,6/1 KV, 3 CONDUTORES DE 25 MM2
120820	CABO MULTIPOLAR DE COBRE, FLEXIVEL, CLASSE 4 OU 5, ISOLACAO EM HEPR, COBERTURA EM PVC-ST2, ANTICHAMA BWF-B, 0,6/1 KV, 3 CONDUTORES DE 35 MM2
120821	CABO MULTIPOLAR DE COBRE, FLEXIVEL, CLASSE 4 OU 5, ISOLACAO EM HEPR, COBERTURA EM PVC-ST2, ANTICHAMA BWF-B, 0,6/1 KV, 3 CONDUTORES DE 4 MM2
120822	CABO MULTIPOLAR DE COBRE, FLEXIVEL, CLASSE 4 OU 5, ISOLACAO EM HEPR, COBERTURA EM PVC-ST2, ANTICHAMA BWF-B, 0,6/1 KV, 3 CONDUTORES DE 50 MM2
120823	CABO MULTIPOLAR DE COBRE, FLEXIVEL, CLASSE 4 OU 5, ISOLACAO EM HEPR, COBERTURA EM PVC-ST2, ANTICHAMA BWF-B, 0,6/1 KV, 3 CONDUTORES DE 6 MM2
120824	CABO MULTIPOLAR DE COBRE, FLEXIVEL, CLASSE 4 OU 5, ISOLACAO EM HEPR, COBERTURA EM PVC-ST2, ANTICHAMA BWF-B, 0,6/1 KV, 3 CONDUTORES DE 70 MM2
120825	CABO MULTIPOLAR DE COBRE, FLEXIVEL, CLASSE 4 OU 5, ISOLACAO EM HEPR, COBERTURA EM PVC-ST2, ANTICHAMA BWF-B, 0,6/1 KV, 3 CONDUTORES DE 95 MM2
120826	CABO TELEFONICO CCI 50, 1 PAR, USO INTERNO, SEM BLINDAGEM
120827	CABO TELEFONICO CCI 50, 2 PARES, USO INTERNO, SEM BLINDAGEM
120828	CABO TELEFONICO CCI 50, 3 PARES, USO INTERNO, SEM BLINDAGEM
120829	CABO TELEFONICO CCI 50, 4 PARES, USO INTERNO, SEM BLINDAGEM
120830	CABO TELEFONICO CCI 50, 5 PARES, USO INTERNO, SEM BLINDAGEM
120831	CABO TELEFONICO CCI 50, 6 PARES, USO INTERNO, SEM BLINDAGEM
120832	CABO TELEFONICO CI 50, 10 PARES, USO INTERNO
120833	CABO TELEFONICO CI 50, 20 PARES, USO INTERNO
120834	CABO TELEFONICO CI 50, 200 PARES, USO INTERNO
120835	CABO TELEFONICO CI 50, 30 PARES, USO INTERNO
120836	CABO TELEFONICO CI 50, 50 PARES, USO INTERNO
120837	CABO TELEFONICO CI 50, 75 PARES, USO INTERNO
120838	CABO TELEFONICO CTP - APL - 50, 10 PARES, USO EXTERNO
120839	CABO TELEFONICO CTP - APL - 50, 100 PARES, USO EXTERNO
120840	CABO TELEFONICO CTP - APL - 50, 20 PARES, USO EXTERNO
120841	CABO TELEFONICO CTP - APL - 50, 30 PARES, USO EXTERNO
120842	CACAMBA METALICA BASCULANTE COM CAPACIDADE DE 10 M3 (INCLUI MONTAGEM, NAO INCLUI CAMINHAO)
120843	CACAMBA METALICA BASCULANTE COM CAPACIDADE DE 12 M3 (INCLUI MONTAGEM, NAO INCLUI CAMINHAO)
120844	CACAMBA METALICA BASCULANTE COM CAPACIDADE DE 6 M3 (INCLUI MONTAGEM, NAO INCLUI CAMINHAO)
120845	CACAMBA METALICA BASCULANTE COM CAPACIDADE DE 8 M3 (INCLUI MONTAGEM, NAO INCLUI CAMINHAO)
120846	CADEADO SIMPLES, CORPO EM LATAO MACICO, COM LARGURA DE 25 MM E ALTURA DE APROX 25 MM, HASTE CEMENTADA (NAO LONGA), EM ACO TEMPERADO COM DIAMETRO DE APROX 5,0 MM, INCLUINDO 2 CHAVES
120847	CADEADO SIMPLES, CORPO EM LATAO MACICO, COM LARGURA DE 35 MM E ALTURA DE APROX 30 MM, HASTE CEMENTADA (NAO LONGA), EM ACO TEMPERADO COM DIAMETRO DE APROX 6,0 MM, INCLUINDO 2 CHAVES
120848	CADEADO SIMPLES, CORPO EM LATAO MACICO, COM LARGURA DE 50 MM E ALTURA DE APROX 40 MM, HASTE CEMENTADA EM ACO TEMPERADO COM DIAMETRO DE APROX 8,0 MM, INCLUINDO 2 CHAVES
120849	CADEIRA SUSPENSA MANUAL / BALANCIM INDIVIDUAL (NBR 14751)
120850	CAIBRO APARELHADO *7,5 X 7,5* CM, EM MACARANDUBA, ANGELIM OU EQUIVALENTE DA REGIAO
120851	CAIBRO APARELHADO *6 X 8* CM, EM MACARANDUBA, ANGELIM OU EQUIVALENTE DA REGIAO
120852	CAIBRO NAO APARELHADO *7,5 X 7,5* CM, EM MACARANDUBA, ANGELIM OU EQUIVALENTE DA REGIAO - BRUTA
120853	CAIBRO NAO APARELHADO *5 X 6* CM, EM MACARANDUBA, ANGELIM OU EQUIVALENTE DA REGIAO - BRUTA
120854	CAIBRO NAO APARELHADO, *6 X 8* CM, EM MACARANDUBA, ANGELIM OU EQUIVALENTE DA REGIAO - BRUTA
120855	CAIBRO ROLICO DE MADEIRA TRATADA, D = 4 A 7 CM, H = 3,00 M, EM EUCALIPTO OU EQUIVALENTE DA REGIAO
120856	CAIBRO 5 X 5 CM EM PINUS, MISTA OU EQUIVALENTE DA REGIAO - BRUTA
120857	CAIXA D'AGUA DE FIBRA DE VIDRO, PARA 500 LITROS, COM TAMPA
120858	CAIXA D'AGUA EM POLIETILENO 1000 LITROS, COM TAMPA
120859	CAIXA D'AGUA EM POLIETILENO 1500 LITROS, COM TAMPA
120860	CAIXA D'AGUA EM POLIETILENO 2000 LITROS, COM TAMPA
120861	CAIXA D'AGUA EM POLIETILENO 500 LITROS, COM TAMPA
120862	CAIXA D'AGUA EM POLIETILENO 750 LITROS, COM TAMPA
120863	CAIXA D'AGUA FIBRA DE VIDRO PARA 1000 LITROS, COM TAMPA
120864	CAIXA D'AGUA FIBRA DE VIDRO PARA 10000 LITROS, COM TAMPA
120865	CAIXA D'AGUA FIBRA DE VIDRO PARA 1500 LITROS, COM TAMPA
120866	CAIXA D'AGUA FIBRA DE VIDRO PARA 2000 LITROS, COM TAMPA
120867	CAIXA D'AGUA FIBRA DE VIDRO PARA 5000 LITROS, COM TAMPA
120868	CAIXA DE ATERRAMENTO EM CONCRETO PRÃ-MOLDADO, DIAMETRO DE 0,30 M E ALTURA DE 0,35 M, SEM FUNDO E COM TAMPA
120869	CAIXA DE CONCRETO ARMADO PRE-MOLDADO, COM FUNDO E SEM TAMPA, DIMENSOES DE 0,30 X 0,30 X 0,30 M
120870	CAIXA DE CONCRETO ARMADO PRE-MOLDADO, COM FUNDO E SEM TAMPA, DIMENSOES DE 0,40 X 0,40 X 0,40 M
120871	CAIXA DE CONCRETO ARMADO PRE-MOLDADO, COM FUNDO E SEM TAMPA, DIMENSOES DE 0,60 X 0,60 X 0,50 M
120872	CAIXA DE CONCRETO ARMADO PRE-MOLDADO, COM FUNDO E SEM TAMPA, DIMENSOES DE 0,80 X 0,80 X 0,50 M
120873	CAIXA DE CONCRETO ARMADO PRE-MOLDADO, COM FUNDO E SEM TAMPA, DIMENSOES DE 1,00 X 1,00 X 0,50 M
120874	CAIXA DE CONCRETO ARMADO PRE-MOLDADO, COM FUNDO E TAMPA, DIMENSOES DE 0,30 X 0,30 X 0,30 M
120875	CAIXA DE CONCRETO ARMADO PRE-MOLDADO, COM FUNDO E TAMPA, DIMENSOES DE 0,40 X 0,40 X 0,40 M
120876	CAIXA DE CONCRETO ARMADO PRE-MOLDADO, COM FUNDO E TAMPA, DIMENSOES DE 0,60 X 0,60 X 0,50 M
120877	CAIXA DE CONCRETO ARMADO PRE-MOLDADO, SEM FUNDO, QUADRADA, DIMENSOES DE 0,30 X 0,30 X 0,30 M
120878	CAIXA DE CONCRETO ARMADO PRE-MOLDADO, SEM FUNDO, QUADRADA, DIMENSOES DE 0,40 X 0,40 X 0,40 M
120879	CAIXA DE CONCRETO ARMADO PRE-MOLDADO, SEM FUNDO, QUADRADA, DIMENSOES DE 0,60 X 0,60 X 0,50 M
120880	CAIXA DE CONCRETO ARMADO PRE-MOLDADO, SEM FUNDO, QUADRADA, DIMENSOES DE 0,80 X 0,80 X 0,50 M
120881	CAIXA DE CONCRETO ARMADO PRE-MOLDADO, SEM FUNDO, QUADRADA, DIMENSOES DE 1,00 X 1,00 X 0,50 M
120882	CAIXA DE DERIVACAO PARA MEDIDOR DE ENERGIA, COM BARRAMENTO MONOFASICO, EM POLICARBONATO / TERMOPLASTICO - MODULO (PADRAO CONCESSIONARIA LOCAL)
120883	CAIXA DE DERIVACAO PARA MEDIDOR DE ENERGIA, COM BARRAMENTO POLIFASICO, EM POLICARBONATO / TERMOPLASTICO - MODULO (PADRAO CONCESSIONARIA LOCAL)
120884	CAIXA DE DESCARGA DE PLASTICO EXTERNA, DE *9* L, PUXADOR FIO DE NYLON, NAO INCLUSO CANO, BOLSA, ENGATE
120885	CAIXA DE DESCARGA PLASTICA DE EMBUTIR COMPLETA, COM ESPELHO PLASTICO, CAPACIDADE 6 A 10 L, ACESSORIOS INCLUSOS
120886	CAIXA DE GORDURA CILINDRICA EM CONCRETO SIMPLES, PRE-MOLDADA, COM DIAMETRO DE 40 CM E ALTURA DE 45 CM, COM TAMPA
120887	CAIXA DE GORDURA EM PVC, DIAMETRO MINIMO 300 MM, DIAMETRO DE SAIDA 100 MM, CAPACIDADE APROXIMADA 18 LITROS, COM TAMPA
120888	"CAIXA DE INCENDIO/ABRIGO PARA MANGUEIRA, DE EMBUTIR/INTERNA, COM 75 X 45 X 17 CM, EM CHAPA DE ACO, PORTA COM VENTILACAO, VISOR COM A INSCRICAO ""INCENDIO"", SUPORTE/CESTA INTERNA PARA A MANGUEIRA, PINTURA ELETROSTATICA VERMELHA"
120889	"CAIXA DE INCENDIO/ABRIGO PARA MANGUEIRA, DE EMBUTIR/INTERNA, COM 90 X 60 X 17 CM, EM CHAPA DE ACO, PORTA COM VENTILACAO, VISOR COM A INSCRICAO ""INCENDIO"", SUPORTE/CESTA INTERNA PARA A MANGUEIRA, PINTURA ELETROSTATICA VERMELHA"
120890	"CAIXA DE INCENDIO/ABRIGO PARA MANGUEIRA, DE SOBREPOR/EXTERNA, COM 75 X 45 X 17 CM, EM CHAPA DE ACO, PORTA COM VENTILACAO, VISOR COM A INSCRICAO ""INCENDIO"", SUPORTE/CESTA INTERNA PARA A MANGUEIRA, PINTURA ELETROSTATICA VERMELHA"
120891	"CAIXA DE INCENDIO/ABRIGO PARA MANGUEIRA, DE SOBREPOR/EXTERNA, COM 90 X 60 X 17 CM, EM CHAPA DE ACO, PORTA COM VENTILACAO, VISOR COM A INSCRICAO ""INCENDIO"", SUPORTE/CESTA INTERNA PARA A MANGUEIRA, PINTURA ELETROSTATICA VERMELHA"
120892	"CAIXA DE LUZ ""3 X 3"" EM ACO ESMALTADA"
120893	"CAIXA DE LUZ ""4 X 2"" EM ACO ESMALTADA"
120894	"CAIXA DE LUZ ""4 X 4"" EM ACO ESMALTADA"
120895	CAIXA DE PASSAGEM / DERIVACAO / LUZ, OCTOGONAL 4 X4, EM ACO ESMALTADA, COM FUNDO MOVEL SIMPLES (FMS)
120896	CAIXA DE PASSAGEM ELETRICA DE PAREDE, DE EMBUTIR, EM PVC, COM TAMPA APARAFUSADA, DIMENSOES 120 X 120 X *75* MM
120897	CAIXA DE PASSAGEM ELETRICA DE PAREDE, DE EMBUTIR, EM PVC, COM TAMPA APARAFUSADA, DIMENSOES 150 X 150 X *75* MM
120898	CAIXA DE PASSAGEM ELETRICA DE PAREDE, DE EMBUTIR, EM PVC, COM TAMPA APARAFUSADA, DIMENSOES 200 X 200 X *90* MM
120899	CAIXA DE PASSAGEM ELETRICA DE PAREDE, DE EMBUTIR, EM TERMOPLASTICO / PVC, COM TAMPA APARAFUSADA, DIMENSOES 400 X 400 X *120* MM
120900	CAIXA DE PASSAGEM ELETRICA DE PAREDE, DE SOBREPOR, EM PVC, COM TAMPA APARAFUSADA, DIMENSOES 300 X 300 X *100* MM
120901	CAIXA DE PASSAGEM ELETRICA DE PAREDE, DE SOBREPOR, EM PVC, COM TAMPA APARAFUSADA, DIMENSOES, 400 X 400 X *120* MM
120902	CAIXA DE PASSAGEM ELETRICA DE PAREDE, DE SOBREPOR, EM TERMOPLASTICO / PVC, COM TAMPA APARAFUSA, DIMENSOES 200 X 200 X *100* MM
120903	CAIXA DE PASSAGEM ELETRICA DE PAREDE, DE SOBREPOR, EM TERMOPLASTICO / PVC, COM TAMPA APARAFUSADA, DIMENSOES, 150 X 150 X *100* MM
120904	"CAIXA DE PASSAGEM ELETRICA, PARA PISO, EM PVC, DIMENSOES DE 3/4"" A 4"""
120905	CAIXA DE PASSAGEM METALICA DE SOBREPOR COM TAMPA PARAFUSADA, DIMENSOES 20 X 20 X 10 CM
120906	CAIXA DE PASSAGEM METALICA DE SOBREPOR COM TAMPA PARAFUSADA, DIMENSOES 30 X 30 X 10 CM
120907	CAIXA DE PASSAGEM METALICA DE SOBREPOR COM TAMPA PARAFUSADA, DIMENSOES 40 X 40 X 15 CM
120908	CAIXA DE PASSAGEM METALICA DE SOBREPOR COM TAMPA PARAFUSADA, DIMENSOES 50 X 50 X 15 CM
120909	CAIXA DE PASSAGEM METALICA DE SOBREPOR COM TAMPA PARAFUSADA, DIMENSOES 60 X 60 X 20 CM
120910	CAIXA DE PASSAGEM METALICA DE SOBREPOR COM TAMPA PARAFUSADA, DIMENSOES 70 X 70 X 20 CM
120911	CAIXA DE PASSAGEM METALICA DE SOBREPOR COM TAMPA PARAFUSADA, DIMENSOES 80 X 80 X 20 CM
120912	CAIXA DE PASSAGEM METALICA, DE SOBREPOR, COM TAMPA APARAFUSADA, DIMENSOES 15 X 15 X *10* CM
120913	CAIXA DE PASSAGEM METALICA, DE SOBREPOR, COM TAMPA APARAFUSADA, DIMENSOES 35 X 35 X *12* CM
120914	CAIXA DE PASSAGEM/ LUZ / TELEFONIA, DE EMBUTIR, EM CHAPA DE ACO GALVANIZADO, DIMENSOES 150 X 150 X 15 CM (PADRAO CONCESSIONARIA LOCAL)
120915	CAIXA DE PASSAGEM/ LUZ / TELEFONIA, DE EMBUTIR, EM CHAPA DE ACO GALVANIZADO, DIMENSOES 20 X 20 X *12* CM (PADRAO CONCESSIONARIA LOCAL)
120916	CAIXA DE PASSAGEM/ LUZ / TELEFONIA, DE EMBUTIR, EM CHAPA DE ACO GALVANIZADO, DIMENSOES 200 X 200 X 20 CM (PADRAO CONCESSIONARIA LOCAL)
120917	CAIXA DE PASSAGEM/ LUZ / TELEFONIA, DE EMBUTIR, EM CHAPA DE ACO GALVANIZADO, DIMENSOES 40 X 40 X *12* CM (PADRAO CONCESSIONARIA LOCAL)
120918	CAIXA DE PASSAGEM/ LUZ / TELEFONIA, DE EMBUTIR, EM CHAPA DE ACO GALVANIZADO, DIMENSOES 60 X 60 X *12* CM (PADRAO CONCESSIONARIA LOCAL)
120919	CAIXA DE PASSAGEM/ LUZ / TELEFONIA, DE EMBUTIR, EM CHAPA DE ACO GALVANIZADO, DIMENSOES 80 X 80 X *12* CM (PADRAO CONCESSIONARIA LOCAL)
120920	CAIXA DE PASSAGEM/ LUZ / TELEFONIA, DE EMBUTIR, EM CHAPA DE ACO GALVANIZADO, DIMENSOES 120 X 120 X *12* CM (PADRAO CONCESSIONARIA LOCAL)
120921	CAIXA DE PASSAGEM/ LUZ / TELEFONIA, DE SOBREPOR, EM CHAPA DE ACO GALVANIZADO, DIMENSOES 80 X 80 X *12* CM (PADRAO CONCESSIONARIA LOCAL)
120922	"CAIXA DE PASSAGEM, EM PVC, DE 4"" X 2"", PARA ELETRODUTO FLEXIVEL CORRUGADO"
120923	"CAIXA DE PASSAGEM, EM PVC, DE 4"" X 4"", PARA ELETRODUTO FLEXIVEL CORRUGADO"
120924	CAIXA DE PROTECAO EXTERNA PARA MEDIDOR HOROSAZONAL, DE BAIXA TENSAO, COM MODULO, EM CHAPA DE ACO (PADRAO DA CONCESSIONARIA LOCAL)
120925	CAIXA DE PROTECAO PARA TRANSFORMADOR CORRENTE, EM CHAPA DE ACO 18 USG (PADRAO DA CONCESSIONARIA LOCAL)
120926	CAIXA INSPECAO EM POLIETILENO PARA ATERRAMENTO E PARA RAIOS DIAMETRO = 300 MM
120927	CAIXA INTERNA/EXTERNA DE MEDICAO PARA 1 MEDIDOR TRIFASICO, COM VISOR, EM CHAPA DE ACO 18 USG (PADRAO DA CONCESSIONARIA LOCAL)
120928	CAIXA INTERNA/EXTERNA DE MEDICAO PARA 4 MEDIDORES MONOFASICOS, COM VISOR, EM CHAPA DE ACO 18 USG (PADRAO DA CONCESSIONARIA LOCAL)
120929	CAIXA MODULAR PARA MEDIDOR DE ENERGIA AGRUPADA, EM POLICARBONATO / TERMOPLASTICO, COM SUPORTE PARA DISJUNTOR (PADRAO DA CONCESSIONARIA LOCAL)
120930	"CAIXA OCTOGONAL DE FUNDO MOVEL, EM PVC, DE 3"" X 3"", PARA ELETRODUTO FLEXIVEL CORRUGADO"
120931	"CAIXA OCTOGONAL DE FUNDO MOVEL, EM PVC, DE 4"" X 4"", PARA ELETRODUTO FLEXIVEL CORRUGADO"
120932	CAIXA PARA HIDROMETRO CONCRETO PRE MOLDADO, *0,24 M X 0,45 M X 0,30* M (L X C X A)
120933	CAIXA PARA MEDICAO COLETIVA TIPO L, PADRAO BIFASICO OU TRIFASICO, PARA ATE 4 MEDIDORES, SEM BARRAMENTO E COM PORTAS INFERIOR E SUPERIOR
120934	CAIXA PARA MEDICAO COLETIVA TIPO M, PADRAO BIFASICO OU TRIFASICO, PARA ATE 8 MEDIDORES, SEM BARRAMENTO E COM PORTAS INFERIOR E SUPERIOR
120935	CAIXA PARA MEDICAO COLETIVA TIPO N, PADRAO BIFASICO OU TRIFASICO, PARA ATE 12 MEDIDORES, SEM BARRAMENTO E COM PORTAS INFERIOR E SUPERIOR
120936	CAIXA PARA MEDIDOR MONOFASICO, EM POLICARBONATO / TERMOPLASTICO, PARA ALOJAR 1 DISJUNTOR (PADRAO DA CONCESSIONARIA LOCAL)
120937	CAIXA PARA MEDIDOR POLIFASICO, EM POLICARBONATO / TERMOPLASTICO, PARA ALOJAR 1 DISJUNTOR (PADRAO DA CONCESSIONARIA LOCAL)
120938	CAIXA PRE-MOLDADA PARA BOCA DE LOBO, EM CONCRETO ARMADO, COM FCK DE 25 MPA, COM DIMENSOES 1,10 X 0,65 X 1,00 M (COMPRIMENTO X LARGURA X ALTURA)
120939	CAIXA SIFONADA PVC, 100 X 100 X 50 MM, COM GRELHA REDONDA BRANCA
120940	CAIXA SIFONADA PVC, 150 X 150 X 50 MM, COM GRELHA QUADRADA BRANCA (NBR 5688)
120941	CAIXA SIFONADA PVC, 150 X 150 X 50 MM, COM GRELHA REDONDA BRANCA
120942	CAIXA SIFONADA PVC, 150 X 185 X 75 MM, COM GRELHA QUADRADA BRANCA
120943	CAIXA SIFONADA PVC, 250 X 230 X 75 MM, COM TAMPA E PORTA TAMPA QUADRADA BRANCA
120944	CAL HIDRATADA CH-I PARA ARGAMASSAS
120945	CAL HIDRATADA PARA PINTURA
120946	CAL VIRGEM COMUM PARA ARGAMASSAS (NBR 6453)
120948	CALCETEIRO
120949	CALCETEIRO (MENSALISTA)
120950	CALHA MOLDURA AMERICANA DE CHAPA DE ACO GALVANIZADA NUM 26, CORTE 33 CM
120951	CALHA PARA AGUA FURTADA DE CHAPA DE ACO GALVANIZADA NUM 26, CORTE 40 CM
120952	CALHA PARA AGUA FURTADA DE CHAPA DE ACO GALVANIZADA NUM 26, CORTE 50 CM
120953	CALHA PLATIBANDA DE CHAPA DE ACO GALVANIZADA NUM 26, CORTE 45 CM
120954	CALHA PLUVIAL DE PVC, DIAMETRO ENTRE 119 E 170 MM, COMPRIMENTO DE 3 M, PARA DRENAGEM PREDIAL
120955	CALHA QUADRADA DE CHAPA DE ACO GALVANIZADA NUM 24, CORTE 100 CM
120956	CALHA QUADRADA DE CHAPA DE ACO GALVANIZADA NUM 24, CORTE 33 CM
120957	CALHA QUADRADA DE CHAPA DE ACO GALVANIZADA NUM 24, CORTE 50 CM
120958	CALHA QUADRADA DE CHAPA DE ACO GALVANIZADA NUM 26, CORTE 33 CM
120959	CALHA QUADRADA DE CHAPA DE ACO GALVANIZADA NUM 28, CORTE 25 CM
120960	CALHA/CANALETA DE CONCRETO SIMPLES, TIPO MEIA CANA, DIAMETRO DE 20 CM, PARA AGUA PLUVIAL
120961	CALHA/CANALETA DE CONCRETO SIMPLES, TIPO MEIA CANA, DIAMETRO DE 30 CM, PARA AGUA PLUVIAL
120962	CALHA/CANALETA DE CONCRETO SIMPLES, TIPO MEIA CANA, DIAMETRO DE 40 CM, PARA AGUA PLUVIAL
120963	CALHA/CANALETA DE CONCRETO SIMPLES, TIPO MEIA CANA, DIAMETRO DE 50 CM, PARA AGUA PLUVIAL
120964	CALHA/CANALETA DE CONCRETO SIMPLES, TIPO MEIA CANA, DIAMETRO DE 60 CM, PARA AGUA PLUVIAL
120965	CALHA/CANALETA DE CONCRETO SIMPLES, TIPO MEIA CANA, DIAMETRO DE 80 CM, PARA AGUA PLUVIAL
120966	CAMADA SEPARADORA DE FILME DE POLIETILENO 20 A 25 MICRA
120967	CAMINHAO TOCO, PESO BRUTO TOTAL 13000 KG, CARGA UTIL MAXIMA 7925 KG, DISTANCIA ENTRE EIXOS 4,80 M, POTENCIA 189 CV (INCLUI CABINE E CHASSI, NAO INCLUI CARROCERIA)
120968	CAMINHAO TOCO, PESO BRUTO TOTAL 14300 KG, CARGA UTIL MAXIMA 9590 KG, DISTANCIA ENTRE EIXOS 4,76 M, POTENCIA 185 CV (INCLUI CABINE E CHASSI, NAO INCLUI CARROCERIA)
120969	CAMINHAO TOCO, PESO BRUTO TOTAL 14300 KG, CARGA UTIL MAXIMA 9710 KG, DISTANCIA ENTRE EIXOS 3,56 M, POTENCIA 185 CV (INCLUI CABINE E CHASSI, NAO INCLUI CARROCERIA)
120970	CAMINHAO TOCO, PESO BRUTO TOTAL 16000 KG, CARGA UTIL MAXIMA DE 10685 KG, DISTANCIA ENTRE EIXOS 4,8M, POTENCIA 189 CV (INCLUI CABINE E CHASSI, NAO INCLUI CARROCERIA)
120971	CAMINHAO TOCO, PESO BRUTO TOTAL 16000 KG, CARGA UTIL MAXIMA 10600 KG, DISTANCIA ENTRE EIXOS 4,80 M, POTENCIA 275 CV (INCLUI CABINE E CHASSI, NAO INCLUI CARROCERIA)
120972	CAMINHAO TOCO, PESO BRUTO TOTAL 16000 KG, CARGA UTIL MAXIMA 10780 KG, DISTANCIA ENTRE EIXOS 3,56 M, POTENCIA 275 CV (INCLUI CABINE E CHASSI, NAO INCLUI CARROCERIA)
120973	CAMINHAO TOCO, PESO BRUTO TOTAL 16000 KG, CARGA UTIL MAXIMA 11030 KG, DISTANCIA ENTRE EIXOS 3,56M, POTENCIA 186 CV (INCLUI CABINE E CHASSI, NAO INCLUI CARROCERIA)
120974	CAMINHAO TOCO, PESO BRUTO TOTAL 16000 KG, CARGA UTIL MAXIMA 11130 KG, DISTANCIA ENTRE EIXOS 5,36 M, POTENCIA 185 CV (INCLUI CABINE E CHASSI, NAO INCLUI CARROCERIA)
120975	CAMINHAO TOCO, PESO BRUTO TOTAL 16000 KG, CARGA UTIL MAXIMA 13071 KG, DISTANCIA ENTRE EIXOS 4,80 M, POTENCIA 230 CV (INCLUI CABINE E CHASSI, NAO INCLUI CARROCERIA)
120976	CAMINHAO TOCO, PESO BRUTO TOTAL 8250 KG, CARGA UTIL MAXIMA 5110 KG, DISTANCIA ENTRE EIXOS 4,30 M, POTENCIA 162 CV (INCLUI CABINE E CHASSI, NAO INCLUI CARROCERIA)
120977	CAMINHAO TOCO, PESO BRUTO TOTAL 9000 KG, CARGA UTIL MAXIMA 5940 KG, DISTANCIA ENTRE EIXOS 3,69 M, POTENCIA 177 CV (INCLUI CABINE E CHASSI, NAO INCLUI CARROCERIA)
120978	CAMINHAO TOCO, PESO BRUTO TOTAL 9600 KG, CARGA UTIL MAXIMA 6110 KG, DISTANCIA ENTRE EIXOS 3,70 M, POTENCIA 156 CV (INCLUI CABINE E CHASSI, NAO INCLUI CARROCERIA)
120979	CAMINHAO TOCO, PESO BRUTO TOTAL 9600 KG, CARGA UTIL MAXIMA 6200 KG, DISTANCIA ENTRE EIXOS 3,10 M, POTENCIA 156 CV (INCLUI CABINE E CHASSI, NAO INCLUI CARROCERIA)
120980	CAMINHAO TOCO, PESO BRUTO TOTAL 9700 KG, CARGA UTIL MAXIMA 6360 KG, DISTANCIA ENTRE EIXOS 4,30 M, POTENCIA 160 CV (INCLUI CABINE E CHASSI, NAO INCLUI CARROCERIA)
120981	CAMINHAO TRUCADO, PESO BRUTO TOTAL 22000 KG, CARGA UTIL MAXIMA 15350 KG, DISTANCIA ENTRE EIXOS 5,17 M, POTENCIA 238 CV (INCLUI CABINE E CHASSI, NAO INCLUI CARROCERIA)
120982	CAMINHAO TRUCADO, PESO BRUTO TOTAL 23000 KG, CARGA UTIL MAXIMA 15378 KG, DISTANCIA ENTRE EIXOS 4,80 M, POTENCIA 326 CV (INCLUI CABINE E CHASSI, NAO INCLUI CARROCERIA)
120983	CAMINHAO TRUCADO, PESO BRUTO TOTAL 23000 KG, CARGA UTIL MAXIMA 15935 KG, DISTANCIA ENTRE EIXOS 4,80 M, POTENCIA 230 CV (INCLUI CABINE E CHASSI, NAO INCLUI CARROCERIA)
120984	CAMINHAO TRUCADO, PESO BRUTO TOTAL 23000 KG, CARGA UTIL MAXIMA 15940 KG, DISTANCIA ENTRE EIXOS 3,60 M, POTENCIA 286 CV (INCLUI CABINE E CHASSI, NAO INCLUI CARROCERIA)
120985	CAMINHAO TRUCADO, PESO BRUTO TOTAL 23000 KG, CARGA UTIL MAXIMA 16190 KG, DISTANCIA ENTRE EIXOS 3,60 M, POTENCIA 286 CV (INCLUI CABINE E CHASSI, NAO INCLUI CARROCERIA)
120986	CAMINHAO TRUCADO, PESO BRUTO TOTAL 23000 KG, CARGA UTIL MAXIMA 16360 KG, CABINE ESTENDIDA, DISTANCIA ENTRE EIXOS 3,56 M, POTENCIA 275 CV (INCLUI CABINE E CHASSI, NAO INCLUI CARROCERIA)
120987	CAMINHONETE COM MOTOR A DIESEL, POTENCIA *160* CV, CABINE DUPLA, 4X4
120988	CAMPAINHA ALTA POTENCIA 110V / 220V, DIAMETRO 150 MM
120989	CAMPAINHA CIGARRA 127 V / 220 V (APENAS MODULO)
120990	"CAMPAINHA CIGARRA 127 V / 220 V, CONJUNTO MONTADO PARA EMBUTIR 4"" X 2"" (PLACA + SUPORTE + MODULO)"
120991	CANALETA DE CONCRETO ESTRUTURAL 14 X 19 X 29 CM, FBK 14 MPA (NBR 6136)
120992	CANALETA DE CONCRETO ESTRUTURAL 14 X 19 X 29 CM, FBK 4,5 MPA (NBR 6136)
120993	CANALETA DE CONCRETO ESTRUTURAL 14 X 19 X 39 CM, FBK 14 MPA (NBR 6136)
120994	CANALETA DE CONCRETO ESTRUTURAL 14 X 19 X 39 CM, FBK 4,5 MPA (NBR 6136)
120995	CANALETA DE CONCRETO 14 X 19 X 19 CM (CLASSE C - NBR 6136)
120996	CANALETA DE CONCRETO 19 X 19 X 19 CM (CLASSE C - NBR 6136)
120997	CANALETA DE CONCRETO 9 X 19 X 19 CM (CLASSE C - NBR 6136)
120998	CANALETA ESTRUTURAL CERAMICA, 14 X 19 X 19 CM, 6,0 MPA (NBR 15270)
120999	CANALETA ESTRUTURAL CERAMICA, 14 X 19 X 29 CM, 6,0 MPA (NBR 15270)
121000	CANALETA ESTRUTURAL CERAMICA, 14 X 19 X 39 CM, 6,0 MPA (NBR 15270)
121001	CANOPLA ACABAMENTO CROMADO PARA INSTALACAO DE SPRINKLER, SOB FORRO, 15 MM
121002	CANTONEIRA (ABAS IGUAIS) EM FERRO GALVANIZADO, 25,4 MM X 3,17 MM (L X E), 1,27KG/M
121003	CANTONEIRA (ABAS IGUAIS) EM FERRO GALVANIZADO, 38,1 MM X 3,17 MM (L X E), 3,48 KG/M
121004	CANTONEIRA (ABAS IGUAIS) EM FERRO GALVANIZADO, 50,8 MM X 9,53 MM (L X E), 6,99 KG/M
121005	"CANTONEIRA ""U"" ALUMINIO ABAS IGUAIS 1 "", E = 3/32 """
121006	"CANTONEIRA ACO ABAS IGUAIS (QUALQUER BITOLA), ESPESSURA ENTRE 1/8"" E 1/4"""
121007	"CANTONEIRA ALUMINIO ABAS DESIGUAIS 1"" X 3/4 "", E = 1/8 """
121008	"CANTONEIRA ALUMINIO ABAS DESIGUAIS 2 1/2"" X 1/2 "", E = 3/16 """
121009	"CANTONEIRA ALUMINIO ABAS IGUAIS 1 "", E = 1/8 "", 25,40 X 3,17 MM (0,408 KG/M)"
121010	"CANTONEIRA ALUMINIO ABAS IGUAIS 1 "", E = 3 /16 """
121011	"CANTONEIRA ALUMINIO ABAS IGUAIS 1 1/2 "", E = 3/16 """
121012	"CANTONEIRA ALUMINIO ABAS IGUAIS 1 1/4 "", E = 3/16 """
121013	"CANTONEIRA ALUMINIO ABAS IGUAIS 2 "", E = 1/4 """
121014	"CANTONEIRA ALUMINIO ABAS IGUAIS 2 "", E = 1/8 """
121015	"CAP OU TAMPAO DE FERRO GALVANIZADO, COM ROSCA BSP, DE 1 1/2"""
121016	"CAP OU TAMPAO DE FERRO GALVANIZADO, COM ROSCA BSP, DE 1 1/4"""
121017	"CAP OU TAMPAO DE FERRO GALVANIZADO, COM ROSCA BSP, DE 1/2"""
121018	"CAP OU TAMPAO DE FERRO GALVANIZADO, COM ROSCA BSP, DE 1/4"""
121019	"CAP OU TAMPAO DE FERRO GALVANIZADO, COM ROSCA BSP, DE 1"""
121020	"CAP OU TAMPAO DE FERRO GALVANIZADO, COM ROSCA BSP, DE 2 1/2"""
121021	"CAP OU TAMPAO DE FERRO GALVANIZADO, COM ROSCA BSP, DE 2"""
121022	"CAP OU TAMPAO DE FERRO GALVANIZADO, COM ROSCA BSP, DE 3/4"""
121023	"CAP OU TAMPAO DE FERRO GALVANIZADO, COM ROSCA BSP, DE 3/8"""
121024	"CAP OU TAMPAO DE FERRO GALVANIZADO, COM ROSCA BSP, DE 3"""
121025	"CAP OU TAMPAO DE FERRO GALVANIZADO, COM ROSCA BSP, DE 4"""
121026	CAP PPR DN 20 MM, PARA AGUA QUENTE PREDIAL
121027	CAP PPR DN 25 MM, PARA AGUA QUENTE PREDIAL
121028	"CAP PVC, ROSCAVEL, 1 1/2"", AGUA FRIA PREDIAL"
121029	"CAP PVC, ROSCAVEL, 1 1/4"", AGUA FRIA PREDIAL"
121030	"CAP PVC, ROSCAVEL, 1/2"", PARA AGUA FRIA PREDIAL"
121031	"CAP PVC, ROSCAVEL, 1"", PARA AGUA FRIA PREDIAL"
121032	"CAP PVC, ROSCAVEL, 2 1/2"", AGUA FRIA PREDIAL"
121033	"CAP PVC, ROSCAVEL, 2"", AGUA FRIA PREDIAL"
121034	"CAP PVC, ROSCAVEL, 3/4"", PARA AGUA FRIA PREDIAL"
121035	"CAP PVC, ROSCAVEL, 3"", AGUA FRIA PREDIAL"
121036	CAP PVC, SERIE R, DN 100 MM, PARA ESGOTO OU AGUAS PLUVIAIS PREDIAIS
121037	CAP PVC, SERIE R, DN 150 MM, PARA ESGOTO OU AGUAS PLUVIAIS PREDIAIS
121038	CAP PVC, SERIE R, DN 75 MM, PARA ESGOTO OU AGUAS PLUVIAIS PREDIAIS
121039	CAP PVC, SOLDAVEL, DN 100 MM, SERIE NORMAL, PARA ESGOTO PREDIAL
121040	CAP PVC, SOLDAVEL, DN 50 MM, SERIE NORMAL, PARA ESGOTO PREDIAL
121041	CAP PVC, SOLDAVEL, DN 75 MM, SERIE NORMAL, PARA ESGOTO PREDIAL
121042	CAP PVC, SOLDAVEL, 110 MM, PARA AGUA FRIA PREDIAL
121043	CAP PVC, SOLDAVEL, 20 MM, PARA AGUA FRIA PREDIAL
121044	CAP PVC, SOLDAVEL, 25 MM, PARA AGUA FRIA PREDIAL
121045	CAP PVC, SOLDAVEL, 32 MM, PARA AGUA FRIA PREDIAL
121046	CAP PVC, SOLDAVEL, 40 MM, PARA AGUA FRIA PREDIAL
121047	CAP PVC, SOLDAVEL, 50 MM, PARA AGUA FRIA PREDIAL
121048	CAP PVC, SOLDAVEL, 60 MM, PARA AGUA FRIA PREDIAL
121049	CAP PVC, SOLDAVEL, 75 MM, PARA AGUA FRIA PREDIAL
121050	CAP PVC, SOLDAVEL, 85 MM, PARA AGUA FRIA PREDIAL
121051	CAP, PVC PBA, JE, DN 100 / DE 110 MM, PARA REDE DE AGUA (NBR 10351)
121052	CAP, PVC PBA, JE, DN 50 / DE 60 MM, PARA REDE DE AGUA (NBR 10351)
121053	CAP, PVC PBA, JE, DN 75 / DE 85 MM, PARA REDE DE AGUA (NBR 10351)
121054	CAP, PVC, JE, OCRE, DN 150 MM (CONEXAO PARA TUBO COLETOR DE ESGOTO)
121055	CAP, PVC, JE, OCRE, DN 200 MM (CONEXAO PARA TUBO COLETOR DE ESGOTO)
121056	CAPA PARA CHUVA EM PVC COM FORRO DE POLIESTER, COM CAPUZ (AMARELA OU AZUL)
121057	CAPACETE DE SEGURANCA ABA FRONTAL COM SUSPENSAO DE POLIETILENO, SEM JUGULAR (CLASSE B)
121058	CAPACITOR TRIFASICO, POTENCIA 2,5 KVAR, TENSAO 220 V, FORNECIDO COM CAPA PROTETORA, RESISTOR INTERNO A UNIDADE CAPACITIVA
121059	CAPACITOR TRIFASICO, POTENCIA 5 KVAR, TENSAO 220 V, FORNECIDO COM CAPA PROTETORA, RESISTOR INTERNO A UNIDADE CAPACITIVA
121060	CAPIM BRAQUIARIA DECUMBENS/ BRAQUIARINHA, VC *70*% MINIMO
121061	CARENAGEM /TAMPA, EM PLASTICO, COR BRANCA, UTILIZADO EM KIT CHASSI METALICO PARA INSTALACAO HIDRAULICA DE CUBA SIMPLES SEM MAQUINA DE LAVAR ROUPA, LARGURA *355* MM X ALTURA *670* MM (COM FUROS E DEMAIS ENCAIXES)
121062	CARENAGEM /TAMPA, EM PLASTICO, COR BRANCA, UTILIZADO EM KIT CHASSI METALICO PARA INSTALACAO HIDRAULICA DE TANQUE COM MAQUINA DE LAVAR ROUPA, LARGURA *360* MM X ALTURA *470* MM (COM FUROS E DEMAIS ENCAIXES)
121063	CARPETE DE NYLON EM MANTA PARA TRAFEGO COMERCIAL PESADO, E = 6 A 7 MM (INSTALADO)
121064	CARPETE DE NYLON EM MANTA PARA TRAFEGO COMERCIAL PESADO, E = 9 A 10 MM (INSTALADO)
121065	CARPETE DE NYLON EM PLACAS 50 X 50 CM PARA TRAFEGO COMERCIAL PESADO, E = 6,5 MM (INSTALADO)
121066	CARPETE DE POLIESTER EM MANTA PARA TRAFEGO COMERCIAL PESADO, E = 4 A 5 MM (INSTALADO)
121067	CARPETE DE POLIPROPILENO EM MANTA PARA TRAFEGO COMERCIAL MEDIO, E = 5 A 6 MM (INSTALADO)
121068	CARPINTEIRO AUXILIAR
121069	CARPINTEIRO AUXILIAR (MENSALISTA)
121070	CARPINTEIRO DE ESQUADRIAS
121071	CARPINTEIRO DE ESQUADRIAS (MENSALISTA)
121072	CARPINTEIRO DE FORMAS
121073	CARPINTEIRO DE FORMAS (MENSALISTA)
121074	CARRANCA PARA JANELA VENEZIANA DE ABRIR, EM LATAO CROMADO, SIMPLES, PARA APARAFUSAR NA PAREDE
121075	CARRINHO COM 2 PNEUS PARA TRANSPORTAR TUBO CONCRETO, ALTURA ATE 1,0 M E DIAMETRO ATE 1000MM, COM ESTRUTURA EM PERFIL OU TUBO METALICO
121076	CARRINHO DE MAO DE ACO CAPACIDADE 50 A 60 L, PNEU COM CAMARA
121077	CARROCERIA FIXA ABERTA DE MADEIRA PARA TRANSPORTE GERAL DE CARGA SECA DIMENSOES APROXIMADAS 2,25 X 4,10 X 0,50 M (INCLUI MONTAGEM, NAO INCLUI CAMINHAO)
121078	CARROCERIA FIXA ABERTA DE MADEIRA PARA TRANSPORTE GERAL DE CARGA SECA DIMENSOES APROXIMADAS 2,5 X 5,5 X 0,50 M (INCLUI MONTAGEM, NAO INCLUI CAMINHAO)
121079	CARROCERIA FIXA ABERTA DE MADEIRA PARA TRANSPORTE GERAL DE CARGA SECA DIMENSOES APROXIMADAS 2,5 X 6,00 X 0,50 M (INCLUI MONTAGEM, NAO INCLUI CAMINHAO)
121080	CARROCERIA FIXA ABERTA DE MADEIRA PARA TRANSPORTE GERAL DE CARGA SECA DIMENSOES APROXIMADAS 2,5 X 6,5 X 0,50 M (INCLUI MONTAGEM, NAO INCLUI CAMINHAO)
121081	CARROCERIA FIXA ABERTA DE MADEIRA PARA TRANSPORTE GERAL DE CARGA SECA DIMENSOES APROXIMADAS 2,5 X 7,00 X 0,50 M (INCLUI MONTAGEM, NAO INCLUI CAMINHAO)
121082	CARROCERIA FIXA ABERTA DE MADEIRA PARA TRANSPORTE GERAL DE CARGA SECA DIMENSOES APROXIMADAS 2,5 X 7,5 X 0,50 M (INCLUI MONTAGEM, NAO INCLUI CAMINHAO)
121083	CARVAO ANTRACITO PARA FILTRO, GRAO VARIANDO DE 0,8 ATE 1,1 MM, COEFICIENTE DE UNIFORMIDADE MENOR QUE 1,7 MM
121084	CARVAO ANTRACITO PARA FILTRO, GRAO VARIANDO DE 0,8 ATE 1,1 MM, COEFICIENTE DE UNIFORMIDADE MENOR QUE 1,7 MM (DISTRIBUIDOR)
121085	CASCALHO DE CAVA
121086	CASCALHO DE RIO
121087	CASCALHO LAVADO
121088	CAVALETE PARA TALHA COM ESTRUTURA EM TUBO METALICO ALTURA MINIMA 3,2 M EQUIPADO COM RODAS DE BORRACHA PARA MOVIMENTACAO DE TUBOS DE CONCRETO NA CENTRAL DE PREMOLDADOS COM CAPACIDADE DE CARGA DE 3 TONELADAS
121089	CAVALO MECANICO TRACAO 4X2, PESO BRUTO TOTAL COMBINADO 49000 KG, CAPACIDADE MAXIMA DE TRACAO *66000* KG, POTENCIA *360* CV (INCLUI CABINE E CHASSI, NAO INCLUI SEMIRREBOQUE)
121090	CAVALO MECANICO TRACAO 4X2, PESO BRUTO TOTAL 16000 KG, CAPACIDADE MAXIMA DE TRACAO *36000* KG, DISTANCIA ENTRE EIXOS *3,56* M, POTENCIA *286* CV (INCLUI CABINE E CHASSI, NAO INCLUI SEMIRREBOQUE)
121091	CAVALO MECANICO TRACAO 4X2, PESO BRUTO TOTAL 16000 KG, CAPACIDADE MAXIMA DE TRACAO *45000* KG, DISTANCIA ENTRE EIXOS *3,56* M, POTENCIA *330* CV (INCLUI CABINE E CHASSI, NAO INCLUI SEMIRREBOQUE)
121092	CAVALO MECANICO TRACAO 4X2, PESO BRUTO TOTAL 16000 KG, CAPACIDADE MAXIMA DE TRACAO *80000* KG, POTENCIA *380* CV (INCLUI CABINE E CHASSI, NAO INCLUI SEMIRREBOQUE)
121093	CAVALO MECANICO TRACAO 6X2, PESO BRUTO TOTAL COMBINADO 56000 KG, CAPACIDADE MAXIMA DE TRACAO *66000* KG, POTENCIA *360* CV (INCLUI CABINE E CHASSI, NAO INCLUI SEMIRREBOQUE)
121094	CAVOUQUEIRO OU OPERADOR DE PERFURATRIZ / ROMPEDOR
121095	CAVOUQUEIRO OU OPERADOR DE PERFURATRIZ / ROMPEDOR (MENSALISTA)
121096	CENTRALIZADOR DE BARRA DE ACO (CHUMBADOR TIPO CARAMBOLA), PARA ACO ATE 20 MM
121097	CENTRO DE MEDICAO AGRUPADA, EM POLICARBONATO / PVC, COM 12 MEDIDORES E PROTECAO GERAL (INCLUI BARRAMENTO, DISJUNTORES E ACESSORIOS DE FIXACAO) (PADRAO CONCESSIONARIA LOCAL)
121098	CENTRO DE MEDICAO AGRUPADA, EM POLICARBONATO / PVC, COM 16 MEDIDORES E PROTECAO GERAL (INCLUI BARRAMENTO, DISJUNTORES E ACESSORIOS DE FIXACAO) (PADRAO CONCESSIONARIA LOCAL)
121099	CENTRO DE MEDICAO AGRUPADA, EM POLICARBONATO / PVC, COM 4 MEDIDORES E PROTECAO GERAL (INCLUI BARRAMENTO, DISJUNTORES E ACESSORIOS DE FIXACAO) (PADRAO CONCESSIONARIA LOCAL)
121100	CENTRO DE MEDICAO AGRUPADA, EM POLICARBONATO / PVC, COM 8 MEDIDORES E PROTECAO GERAL (INCLUI BARRAMENTO, DISJUNTORES E ACESSORIOS DE FIXACAO) (PADRAO CONCESSIONARIA LOCAL)
121101	CERA LIQUIDA
121102	CHAPA ACO INOX AISI 304 NUMERO 4 (E = 6 MM), ACABAMENTO NUMERO 1 (LAMINADO A QUENTE, FOSCO)
121103	CHAPA ACO INOX AISI 304 NUMERO 9 (E = 4 MM), ACABAMENTO NUMERO 1 (LAMINADO A QUENTE, FOSCO)
121104	CHAPA DE ACO CARBONO GALVANIZADA, PERFURADA (GRADE FUROS) E = 1,5 MM, DIAMETRO DO FURO = 9,52 MM (FUROS ALTERNADOS HORIZ.)
121105	"CHAPA DE ACO CARBONO LAMINADO A QUENTE, QUALIDADE ESTRUTURAL, BITOLA 3/16"", E =4,75 MM (37,29 KG/M2)"
121106	CHAPA DE ACO FINA A FRIO BITOLA MSG 20, E = 0,90 MM (7,20 KG/M2)
121107	CHAPA DE ACO FINA A FRIO BITOLA MSG 24, E = 0,60 MM (4,80 KG/M2)
121108	CHAPA DE ACO FINA A FRIO BITOLA MSG 26, E = 0,45 MM (3,60 KG/M2)
121109	CHAPA DE ACO FINA A QUENTE BITOLA MSG 13, E = 2,25 MM (18,00 KG/M2)
121110	CHAPA DE ACO FINA A QUENTE BITOLA MSG 14, E = 2,00 MM (16,0 KG/M2)
121111	CHAPA DE ACO FINA A QUENTE BITOLA MSG 16, E = 1,50 MM (12,00 KG/M2)
121112	CHAPA DE ACO FINA A QUENTE BITOLA MSG 18, E = 1,20 MM (9,60 KG/M2)
121113	"CHAPA DE ACO FINA A QUENTE BITOLA MSG 3/16 "", E = 4,75 MM (38,00 KG/M2)"
121114	CHAPA DE ACO GALVANIZADA BITOLA GSG 14, E = 1,95 MM (15,60 KG/M2)
121115	CHAPA DE ACO GALVANIZADA BITOLA GSG 16, E = 1,55 MM (12,40 KG/M2)
121116	CHAPA DE ACO GALVANIZADA BITOLA GSG 18, E = 1,25 MM (10,00 KG/M2)
121117	CHAPA DE ACO GALVANIZADA BITOLA GSG 19, E = 1,11 MM (8,88 KG/M2)
121118	CHAPA DE ACO GALVANIZADA BITOLA GSG 20, E = 0,95 MM (7,60 KG/M2)
121119	CHAPA DE ACO GALVANIZADA BITOLA GSG 22, E = 0,80 MM (6,40 KG/M2)
121120	CHAPA DE ACO GALVANIZADA BITOLA GSG 24, E = 0,64 (5,12 KG/M2)
121121	CHAPA DE ACO GALVANIZADA BITOLA GSG 26, E = 0,50 MM (4,00 KG/M2)
121122	CHAPA DE ACO GALVANIZADA BITOLA GSG 30, E = 0,35 MM (2,80 KG/M2)
121123	"CHAPA DE ACO GROSSA, ASTM A36, E = 1 "" (25,40 MM) 199,18 KG/M2"
121124	"CHAPA DE ACO GROSSA, ASTM A36, E = 1/2 "" (12,70 MM) 99,59 KG/M2"
121125	"CHAPA DE ACO GROSSA, ASTM A36, E = 1/4 "" (6,35 MM) 49,79 KG/M2"
121126	"CHAPA DE ACO GROSSA, ASTM A36, E = 3/4 "" (19,05 MM) 149,39 KG/M2"
121127	"CHAPA DE ACO GROSSA, ASTM A36, E = 3/8 "" (9,53 MM) 74,69 KG/M2"
121128	"CHAPA DE ACO GROSSA, ASTM A36, E = 5/8 "" (15,88 MM) 124,49 KG/M2"
121129	"CHAPA DE ACO GROSSA, ASTM A36, E = 7/8 "" (22,23 MM) 174,28 KG/M2"
121130	"CHAPA DE ACO GROSSA, SAE 1020, BITOLA 1/4"", E = 6,35 MM (49,85 KG/M2)"
121131	"CHAPA DE ACO XADREZ PARA PISOS, E = 1/4 "" (6,30 MM) 54,53 KG/M2"
121132	CHAPA DE LAMINADO MELAMINICO, LISO BRILHANTE, DE *1,25 X 3,08* M, E = 0,8 MM
121133	CHAPA DE LAMINADO MELAMINICO, LISO FOSCO, DE *1,25 X 3,08* M, E = 0,8 MM
121134	CHAPA DE LAMINADO MELAMINICO, TEXTURIZADO, DE *1,25 X 3,08* M, E = 0,8 MM
121135	CHAPA DE MADEIRA COMPENSADA NAVAL (COM COLA FENOLICA), E = 10 MM, DE *1,60 X 2,20* M
121136	CHAPA DE MADEIRA COMPENSADA NAVAL (COM COLA FENOLICA), E = 12 MM, DE *1,60 X 2,20* M
121137	CHAPA DE MADEIRA COMPENSADA NAVAL (COM COLA FENOLICA), E = 15 MM, DE *1,60 X 2,20* M
121138	CHAPA DE MADEIRA COMPENSADA NAVAL (COM COLA FENOLICA), E = 18 MM, DE *1,60 X 2,20* M
121139	CHAPA DE MADEIRA COMPENSADA NAVAL (COM COLA FENOLICA), E = 20 MM, DE *1,60 X 2,20* M
121140	CHAPA DE MADEIRA COMPENSADA NAVAL (COM COLA FENOLICA), E = 25 MM, DE *1,60 X 2,20* M
121141	CHAPA DE MADEIRA COMPENSADA NAVAL (COM COLA FENOLICA), E = 4 MM, DE *1,60 X 2,20* M
121142	CHAPA DE MADEIRA COMPENSADA NAVAL (COM COLA FENOLICA), E = 6 MM, DE *1,60 X 2,20* M
121143	CHAPA DE MADEIRA COMPENSADA PLASTIFICADA PARA FORMA DE CONCRETO, DE 2,20 x 1,10 M, E = 10 MM
121144	CHAPA DE MADEIRA COMPENSADA PLASTIFICADA PARA FORMA DE CONCRETO, DE 2,20 x 1,10 M, E = 18 MM
121145	CHAPA DE MADEIRA COMPENSADA PLASTIFICADA PARA FORMA DE CONCRETO, DE 2,20 X 1,10 M, E = 12 MM
121146	CHAPA DE MADEIRA COMPENSADA RESINADA PARA FORMA DE CONCRETO, DE *2,2 X 1,1* M, E = 14 MM
121147	CHAPA DE MADEIRA COMPENSADA RESINADA PARA FORMA DE CONCRETO, DE *2,2 X 1,1* M, E = 17 MM
121148	CHAPA DE MDF BRANCO LISO 1 FACE, E = 12 MM, DE *2,75 X 1,85* M
121149	CHAPA DE MDF BRANCO LISO 1 FACE, E = 15 MM, DE *2,75 X 1,85* M
121150	CHAPA DE MDF BRANCO LISO 1 FACE, E = 18 MM, DE *2,75 X 1,85* M
121151	CHAPA DE MDF BRANCO LISO 1 FACE, E = 25 MM, DE *2,75 X 1,85* M
121152	CHAPA DE MDF BRANCO LISO 1 FACE, E = 6 MM, DE *2,75 X 1,85* M
121153	CHAPA DE MDF BRANCO LISO 1 FACE, E = 9 MM, DE *2,75 X 1,85* M
121154	CHAPA DE MDF BRANCO LISO 2 FACES, E = 12 MM, DE *2,75 X 1,85* M
121155	CHAPA DE MDF BRANCO LISO 2 FACES, E = 15 MM, DE *2,75 X 1,85* M
121156	CHAPA DE MDF BRANCO LISO 2 FACES, E = 18 MM, DE *2,75 X 1,85* M
121157	CHAPA DE MDF BRANCO LISO 2 FACES, E = 25 MM, DE *2,75 X 1,85* M
121158	CHAPA DE MDF BRANCO LISO 2 FACES, E = 6 MM, DE *2,75 X 1,85* M
121159	CHAPA DE MDF BRANCO LISO 2 FACES, E = 9 MM, DE *2,75 X 1,85* M
121160	CHAPA DE MDF CRU, E = 12 MM, DE *2,75 X 1,85* M
121161	CHAPA DE MDF CRU, E = 15 MM, DE *2,75 X 1,85* M
121162	CHAPA DE MDF CRU, E = 18 MM, DE *2,75 X 1,85* M
121163	CHAPA DE MDF CRU, E = 20 MM, DE *2,75 X 1,85* M
121164	CHAPA DE MDF CRU, E = 25 MM, DE *2,75 X 1,85* M
121165	CHAPA DE MDF CRU, E = 6 MM, DE *2,75 X 1,85* M
121166	CHAPA DE MDF CRU, E = 9 MM, DE *2,75 X 1,85* M
121167	CHAPA EM ACO GALVANIZADO PARA STEEL DECK, COM NERVURAS TRAPEZOIDAIS, LARGURA UTIL DE 915 MM E ESPESSURA DE 0,80 MM
121168	CHAPA EM ACO GALVANIZADO PARA STEEL DECK, COM NERVURAS TRAPEZOIDAIS, LARGURA UTIL DE 915 MM E ESPESSURA DE 0,95 MM
121169	CHAPA EM ACO GALVANIZADO PARA STEEL DECK, COM NERVURAS TRAPEZOIDAIS, LARGURA UTIL DE 915 MM E ESPESSURA DE 1,25 MM
121170	"CHAPA PARA EMENDA DE VIGA, EM ACO GROSSO, QUALIDADE ESTRUTURAL, BITOLA 3/16 "", E= 4,75 MM, 4 FUROS, LARGURA 45 MM, COMPRIMENTO 500 MM"
121171	CHAPA/BOBINA LISA EM ALUMINIO, LIGA 1.200 - H14, QUALQUER ESPESSURA, QUALQUER LARGURA
121172	CHAVE BLINDADA TRIPOLAR PARA MOTORES, DO TIPO FACA, COM PORTA FUSIVEL DO TIPO CARTUCHO, CORRENTE NOMINAL DE 100 A, TENSAO NOMINAL DE 250 V
121173	CHAVE BLINDADA TRIPOLAR PARA MOTORES, DO TIPO FACA, COM PORTA FUSIVEL DO TIPO CARTUCHO, CORRENTE NOMINAL DE 30 A, TENSAO NOMINAL DE 250 V
121174	CHAVE BLINDADA TRIPOLAR PARA MOTORES, DO TIPO FACA, COM PORTA FUSIVEL DO TIPO CARTUCHO, CORRENTE NOMINAL DE 60 A, TENSAO NOMINAL DE 250 V
121175	CHAVE DE PARTIDA DIRETA TRIFASICA, COM CAIXA TERMOPLASTICA, COM FUSIVEL DE 25 A, PARA MOTOR COM POTENCIA DE 7,5 CV E TENSAO DE 380 V
121176	CHAVE DE PARTIDA DIRETA TRIFASICA, COM CAIXA TERMOPLASTICA, COM FUSIVEL DE 35 A, PARA MOTOR COM POTENCIA DE 5 CV E TENSAO DE 220 V
121177	CHAVE DE PARTIDA DIRETA TRIFASICA, COM CAIXA TERMOPLASTICA, COM FUSIVEL DE 63 A, PARA MOTOR COM POTENCIA DE 10 CV E TENSAO DE 220 V
121178	"CHAVE DUPLA PARA CONEXOES TIPO STORZ, ENGATE RAPIDO 1 1/2"" X 2 1/2"", EM LATAO, PARA INSTALACAO PREDIAL COMBATE A INCENDIO"
121179	CHAVE FUSIVEL PARA REDES DE DISTRIBUICAO, TENSAO DE 15,0 KV, CORRENTE NOMINAL DO PORTA FUSIVEL DE 100 A, CAPACIDADE DE INTERRUPCAO SIMETRICA DE 7,10 KA, CAPACIDADE DE INTERRUPCAO ASSIMETRICA 10,00 KA
121180	CHAVE SECCIONADORA-FUSIVEL BLINDADA TRIPOLAR, ABERTURA COM CARGA, PARA FUSIVEL NH00, CORRENTE NOMINAL DE 160 A, TENSAO DE 500 V
121181	CHAVE SECCIONADORA-FUSIVEL BLINDADA TRIPOLAR, ABERTURA COM CARGA, PARA FUSIVEL NH01, CORRENTE NOMINAL DE 250 A, TENSAO DE 500 V
121182	"CHUMBADOR DE ACO TIPO PARABOLT, * 5/8"" X 200* MM, COM PORCA E ARRUELA"
121183	"CHUMBADOR DE ACO, DIAMETRO 1/2"", COMPRIMENTO 75 MM"
121184	"CHUMBADOR DE ACO, DIAMETRO 5/8"", COMPRIMENTO 6"", COM PORCA"
121185	"CHUMBADOR DE ACO, 1"" X 600 MM, PARA POSTES DE ACO COM BASE, INCLUSO PORCA E ARRUELA"
121186	"CHUMBADOR, DIAMETRO 1/4"" COM PARAFUSO 1/4"" X 40 MM"
121187	CHUVEIRO COMUM EM PLASTICO BRANCO, COM CANO, 3 TEMPERATURAS, 5500 W (110/220 V)
121188	CHUVEIRO COMUM EM PLASTICO CROMADO, COM CANO, 4 TEMPERATURAS (110/220 V)
121189	"CHUVEIRO PLASTICO BRANCO SIMPLES 5 '' PARA ACOPLAR EM HASTE 1/2 "", AGUA FRIA"
121190	CIMENTO ASFALTICO DE PETROLEO A GRANEL (CAP) 50/70 (COLETADO CAIXA NA ANP ACRESCIDO DE ICMS)
121191	CIMENTO BRANCO
121192	CIMENTO IMPERMEABILIZANTE DE PEGA ULTRARRAPIDA PARA TAMPONAMENTOS
121193	CIMENTO PORTLAND COMPOSTO CP II-32
121194	CIMENTO PORTLAND DE ALTO FORNO (AF) CP III-40
121195	CIMENTO PORTLAND ESTRUTURAL BRANCO CPB-32
121196	CIMENTO PORTLAND POZOLANICO CP IV-32
121197	CINTA CIRCULAR EM ACO GALVANIZADO DE 150 MM DE DIAMETRO PARA FIXACAO DE CAIXA MEDICAO, INCLUI PARAFUSOS E PORCAS
121198	CINTA CIRCULAR EM ACO GALVANIZADO DE 210 MM DE DIAMETRO PARA INSTALACAO DE TRANSFORMADOR EM POSTE DE CONCRETO
121199	CINTURAO DE SEGURANCA TIPO PARAQUEDISTA, FIVELA EM ACO, AJUSTE NO SUSPENSARIO, CINTURA E PERNAS
121200	COBRE ELETROLITICO EM BARRA OU CHAPA
121201	COLA A BASE DE RESINA SINTETICA PARA CHAPA DE LAMINADO MELAMINICO
121202	COLA BRANCA BASE PVA
121203	"COLAR DE TOMADA EM POLIPROPILENO, PP, COM PARAFUSOS, PARA PEAD, 63 X 1/2"" - LIGACAO PREDIAL DE AGUA"
121204	"COLAR DE TOMADA EM POLIPROPILENO, PP, COM PARAFUSOS, PARA PEAD, 63 X 3/4"" - LIGACAO PREDIAL DE AGUA"
121205	"COLAR TOMADA PVC, COM TRAVAS, SAIDA COM ROSCA, DE 110 MM X 1/2"" OU 110 MM X 3/4"", PARA LIGACAO PREDIAL DE AGUA"
121206	"COLAR TOMADA PVC, COM TRAVAS, SAIDA COM ROSCA, DE 32 MM X 1/2"" OU 32 MM X 3/4"", PARA LIGACAO PREDIAL DE AGUA"
121207	"COLAR TOMADA PVC, COM TRAVAS, SAIDA COM ROSCA, DE 40 MM X 1/2"" OU 40 MM X 3/4"", PARA LIGACAO PREDIAL DE AGUA"
121208	"COLAR TOMADA PVC, COM TRAVAS, SAIDA COM ROSCA, DE 50 MM X 1/2"" OU 50 MM X 3/4"", PARA LIGACAO PREDIAL DE AGUA"
121209	"COLAR TOMADA PVC, COM TRAVAS, SAIDA COM ROSCA, DE 60 MM X 1/2"" OU 60 MM X 3/4"", PARA LIGACAO PREDIAL DE AGUA"
121210	"COLAR TOMADA PVC, COM TRAVAS, SAIDA COM ROSCA, DE 75 MM X 1/2"" OU 75 MM X 3/4"", PARA LIGACAO PREDIAL DE AGUA"
121211	"COLAR TOMADA PVC, COM TRAVAS, SAIDA COM ROSCA, DE 85 MM X 1/2"" OU 85 MM X 3/4"", PARA LIGACAO PREDIAL DE AGUA"
121212	"COLAR TOMADA PVC, COM TRAVAS, SAIDA ROSCAVEL COM BUCHA DE LATAO, DE 110 MM X 1/2"" OU 110 MM X 3/4"", PARA LIGACAO PREDIAL DE AGUA"
121213	"COLAR TOMADA PVC, COM TRAVAS, SAIDA ROSCAVEL COM BUCHA DE LATAO, DE 60 MM X 1/2"" OU 60 MM X 3/4"", PARA LIGACAO PREDIAL DE AGUA"
121214	"COLAR TOMADA PVC, COM TRAVAS, SAIDA ROSCAVEL COM BUCHA DE LATAO, DE 75 MM X 1/2"" OU 75 MM X 3/4"", PARA LIGACAO PREDIAL DE AGUA"
121215	"COLAR TOMADA PVC, COM TRAVAS, SAIDA ROSCAVEL COM BUCHA DE LATAO, DE 85 MM X 1/2"" OU 85 MM X 3/4"", PARA LIGACAO PREDIAL DE AGUA"
121216	COMPACTADOR DE SOLO A PERCUSSAO (SOQUETE), COM MOTOR GASOLINA DE 4 TEMPOS, PESO ENTRE 55 E 65 KG, FORCA DE IMPACTO DE 1.000 A 1.500 KGF, FREQUENCIA DE 600 A 700 GOLPES POR MINUTO, VELOCIDADE DE TRABALHO ENTRE 10 E 15 M/MIN, POTENCIA ENTRE 2,00 E 3,00 HP
121217	COMPACTADOR DE SOLO TIPO PLACA VIBRATORIA REVERSIVEL, A GASOLINA, 4 TEMPOS, PESO DE 125 A 150 KG, FORCA CENTRIFUGA DE 2500 A 2800 KGF, LARG. TRABALHO DE 400 A 450 MM, FREQ VIBRACAO DE 4300 A 4500 RPM, VELOC. TRABALHO DE 15 A 20 M/MIN, POT. DE 5,5 A 6,0 HP
121218	COMPACTADOR DE SOLO TIPO PLACA VIBRATORIA REVERSIVEL, A GASOLINA, 4 TEMPOS, PESO DE 150 A 175 KG, FORCA CENTRIFUGA DE 2800 A 3100 KGF, LARG. TRABALHO DE 450 A 520 MM, FREQ VIBRACAO DE 4000 A 4300 RPM, VELOC. TRABALHO DE 15 A 20 M/MIN, POT. DE 6,0 A 7,0 HP
121219	COMPACTADOR DE SOLO, TIPO PLACA VIBRATORIA NAO REVERSIVEL, COM MOTOR A GASOLINA DE 4 TEMPOS, PESO ENTRE 80 E 120 KG, FORCA CENTRIFUGA ENTRE 1300 E 2000 KGF, LARGURA DE TRABALHO ENTRE 400 E 500 MM, FREQUENCIA DE VIBRACAO ENTRE 4800 E 6000 RPM, VELOCIDADEDE TRABALHO ENTRE 20 E 30 M/MIN, POTENCIA ENTRE 5,0 E 6,0 HP
121220	COMPACTADOR DE SOLO, TIPO PLACA VIBRATORIA REVERSIVEL, COM MOTOR A DIESEL, PESO ENTRE 700 E 820 KG, FORCA CENTRIFUGA ENTRE 6.200 E 10.000 KGF, LARGURA DE TRABALHO ENTRE 650 E 720 MM, FREQUENCIA DE VIBRACAO ENTRE 3.000 E 3.500 RPM, VELOCIDADE DE TRABALHOENTRE 25 E 30 M/MIN, POTENCIA ENTRE 13,0 E 15,0 HP
121221	COMPACTADOR DE SOLO, TIPO PLACA VIBRATORIA REVERSIVEL, COM MOTOR A GASOLINA DE 4 TEMPOS, PESO ENTRE 160 E 265 KG, FORCA CENTRIFUGA ENTRE 2750 E 4000 KGF, LARGURA DE TRABALHO ENTRE 430 E 550 MM, FREQUENCIA DE VIBRACAO ENTRE 4000 E 5500 RPM, VELOCIDADE DETRABALHO ENTRE 20 E 25 M/MIN, POTENCIA ENTRE 7,5 E 9,0 HP
121222	COMPACTADOR DE SOLOS DE PERCURSAO (SOQUETE) COM MOTOR A GASOLINA 4 TEMPOS DE 4 HP (4 CV)
121223	COMPRESSOR DE AR ESTACIONARIO, VAZAO 620 PCM, PRESSAO EFETIVA DE TRABALHO 109 PSI, MOTOR ELETRICO, POTENCIA 127 CV
121224	COMPRESSOR DE AR REBOCAVEL VAZAO 400 PCM, PRESSAO EFETIVA DE TRABALHO 102 PSI, MOTOR DIESEL, POTENCIA 110 CV
121225	COMPRESSOR DE AR REBOCAVEL VAZAO 748 PCM, PRESSAO EFETIVA DE TRABALHO 102 PSI, MOTOR DIESEL, POTENCIA 210 CV
121226	COMPRESSOR DE AR REBOCAVEL VAZAO 860 PCM, PRESSAO EFETIVA DE TRABALHO 102 PSI, MOTOR DIESEL, POTENCIA 250 CV
121227	COMPRESSOR DE AR REBOCAVEL, VAZAO *89* PCM, PRESSAO EFETIVA DE TRABALHO *102* PSI, MOTOR DIESEL, POTENCIA *20* CV
121228	COMPRESSOR DE AR REBOCAVEL, VAZAO 152 PCM, PRESSAO EFETIVA DE TRABALHO 102 PSI, MOTOR DIESEL, POTENCIA 31,5 KW
121229	COMPRESSOR DE AR REBOCAVEL, VAZAO 189 PCM, PRESSAO EFETIVA DE TRABALHO 102 PSI, MOTOR DIESEL, POTENCIA 63 CV
121230	COMPRESSOR DE AR REBOCAVEL, VAZAO 250 PCM, PRESSAO EFETIVA DE TRABALHO 102 PSI, MOTOR DIESEL, POTENCIA 81 CV
121231	CONCERTINA CLIPADA (DUPLA) EM ACO GALVANIZADO DE ALTA RESISTENCIA, COM ESPIRAL DE 300 MM, D = 2,76 MM
121232	CONCERTINA SIMPLES EM ACO GALVANIZADO DE ALTA RESISTENCIA, COM ESPIRAL DE 300 MM, D = 2,76 MM
121233	CONCRETO AUTOADENSAVEL (CAA) CLASSE DE RESISTENCIA C15, ESPALHAMENTO SF2, INCLUI SERVICO DE BOMBEAMENTO (NBR 15823)
121234	CONCRETO AUTOADENSAVEL (CAA) CLASSE DE RESISTENCIA C20, ESPALHAMENTO SF2, INCLUI SERVICO DE BOMBEAMENTO (NBR 15823)
121235	CONCRETO AUTOADENSAVEL (CAA) CLASSE DE RESISTENCIA C25, ESPALHAMENTO SF2, INCLUI SERVICO DE BOMBEAMENTO (NBR 15823)
121236	CONCRETO AUTOADENSAVEL (CAA) CLASSE DE RESISTENCIA C30, ESPALHAMENTO SF2, INCLUI SERVICO DE BOMBEAMENTO (NBR 15823)
121237	CONCRETO BETUMINOSO USINADO A QUENTE (CBUQ) PARA PAVIMENTACAO ASFALTICA, PADRAO DNIT, FAIXA C, COM CAP 30/45 - AQUISICAO POSTO USINA
121238	CONCRETO BETUMINOSO USINADO A QUENTE (CBUQ) PARA PAVIMENTACAO ASFALTICA, PADRAO DNIT, FAIXA C, COM CAP 50/70 - AQUISICAO POSTO USINA
121239	CONCRETO BETUMINOSO USINADO A QUENTE (CBUQ) PARA PAVIMENTACAO ASFALTICA, PADRAO DNIT, PARA BINDER, COM CAP 50/70 - AQUISICAO POSTO USINA
121240	CONCRETO USINADO BOMBEAVEL, CLASSE DE RESISTENCIA C20, COM BRITA 0 E 1, SLUMP = 100 +/- 20 MM, EXCLUI SERVICO DE BOMBEAMENTO (NBR 8953)
121241	CONCRETO USINADO BOMBEAVEL, CLASSE DE RESISTENCIA C20, COM BRITA 0 E 1, SLUMP = 100 +/- 20 MM, INCLUI SERVICO DE BOMBEAMENTO (NBR 8953)
121242	CONCRETO USINADO BOMBEAVEL, CLASSE DE RESISTENCIA C20, COM BRITA 0 E 1, SLUMP = 130 +/- 20 MM, EXCLUI SERVICO DE BOMBEAMENTO (NBR 8953)
121243	CONCRETO USINADO BOMBEAVEL, CLASSE DE RESISTENCIA C20, COM BRITA 0 E 1, SLUMP = 190 +/- 20 MM, INCLUI SERVICO DE BOMBEAMENTO (NBR 8953)
121244	CONCRETO USINADO BOMBEAVEL, CLASSE DE RESISTENCIA C20, COM BRITA 0, SLUMP = 220 +/- 20 MM, INCLUI SERVICO DE BOMBEAMENTO (NBR 8953)
121245	CONCRETO USINADO BOMBEAVEL, CLASSE DE RESISTENCIA C25, COM BRITA 0 E 1, SLUMP = 100 +/- 20 MM, EXCLUI SERVICO DE BOMBEAMENTO (NBR 8953)
121246	CONCRETO USINADO BOMBEAVEL, CLASSE DE RESISTENCIA C25, COM BRITA 0 E 1, SLUMP = 100 +/- 20 MM, INCLUI SERVICO DE BOMBEAMENTO (NBR 8953)
121247	CONCRETO USINADO BOMBEAVEL, CLASSE DE RESISTENCIA C25, COM BRITA 0 E 1, SLUMP = 130 +/- 20 MM, EXCLUI SERVICO DE BOMBEAMENTO (NBR 8953)
121248	CONCRETO USINADO BOMBEAVEL, CLASSE DE RESISTENCIA C25, COM BRITA 0 E 1, SLUMP = 190 +/- 20 MM, EXCLUI SERVICO DE BOMBEAMENTO (NBR 8953)
121249	CONCRETO USINADO BOMBEAVEL, CLASSE DE RESISTENCIA C30, COM BRITA 0 E 1, SLUMP = 100 +/- 20 MM, EXCLUI SERVICO DE BOMBEAMENTO (NBR 8953)
121250	CONCRETO USINADO BOMBEAVEL, CLASSE DE RESISTENCIA C30, COM BRITA 0 E 1, SLUMP = 100 +/- 20 MM, INCLUI SERVICO DE BOMBEAMENTO (NBR 8953)
121251	CONCRETO USINADO BOMBEAVEL, CLASSE DE RESISTENCIA C30, COM BRITA 0 E 1, SLUMP = 130 +/- 20 MM, EXCLUI SERVICO DE BOMBEAMENTO (NBR 8953)
121252	CONCRETO USINADO BOMBEAVEL, CLASSE DE RESISTENCIA C30, COM BRITA 0 E 1, SLUMP = 190 +/- 20 MM, EXCLUI SERVICO DE BOMBEAMENTO (NBR 8953)
121253	CONCRETO USINADO BOMBEAVEL, CLASSE DE RESISTENCIA C30, COM BRITA 0 E 1, SLUMP = 220 +/- 30 MM, EXCLUI SERVICO DE BOMBEAMENTO (NBR 8953)
121254	CONCRETO USINADO BOMBEAVEL, CLASSE DE RESISTENCIA C35, COM BRITA 0 E 1, SLUMP = 100 +/- 20 MM, EXCLUI SERVICO DE BOMBEAMENTO (NBR 8953)
121255	CONCRETO USINADO BOMBEAVEL, CLASSE DE RESISTENCIA C35, COM BRITA 0 E 1, SLUMP = 100 +/- 20 MM, INCLUI SERVICO DE BOMBEAMENTO (NBR 8953)
121256	CONCRETO USINADO BOMBEAVEL, CLASSE DE RESISTENCIA C40, COM BRITA 0 E 1, SLUMP = 100 +/- 20 MM, EXCLUI SERVICO DE BOMBEAMENTO (NBR 8953)
121257	CONCRETO USINADO BOMBEAVEL, CLASSE DE RESISTENCIA C40, COM BRITA 0 E 1, SLUMP = 100 +/- 20 MM, INCLUI SERVICO DE BOMBEAMENTO (NBR 8953)
121258	CONCRETO USINADO BOMBEAVEL, CLASSE DE RESISTENCIA C45, COM BRITA 0 E 1, SLUMP = 100 +/- 20 MM, INCLUI SERVICO DE BOMBEAMENTO (NBR 8953)
121259	CONCRETO USINADO BOMBEAVEL, CLASSE DE RESISTENCIA C50, COM BRITA 0 E 1, SLUMP = 100 +/- 20 MM, INCLUI SERVICO DE BOMBEAMENTO (NBR 8953)
121260	CONCRETO USINADO BOMBEAVEL, CLASSE DE RESISTENCIA C60, COM BRITA 0 E 1, SLUMP = 100 +/- 20 MM, INCLUI SERVICO DE BOMBEAMENTO (NBR 8953)
121261	CONCRETO USINADO CONVENCIONAL (NAO BOMBEAVEL) CLASSE DE RESISTENCIA C10, COM BRITA 1 E 2, SLUMP = 80 MM +/- 10 MM (NBR 8953)
121262	CONCRETO USINADO CONVENCIONAL (NAO BOMBEAVEL) CLASSE DE RESISTENCIA C15, COM BRITA 1 E 2, SLUMP = 80 MM +/- 10 MM (NBR 8953)
121263	"CONDULETE DE ALUMINIO TIPO B, PARA ELETRODUTO ROSCAVEL DE 1/2"", COM TAMPA CEGA"
121264	"CONDULETE DE ALUMINIO TIPO B, PARA ELETRODUTO ROSCAVEL DE 1"", COM TAMPA CEGA"
121265	"CONDULETE DE ALUMINIO TIPO B, PARA ELETRODUTO ROSCAVEL DE 3/4"", COM TAMPA CEGA"
121266	"CONDULETE DE ALUMINIO TIPO C, PARA ELETRODUTO ROSCAVEL DE 1/2"", COM TAMPA CEGA"
121267	"CONDULETE DE ALUMINIO TIPO C, PARA ELETRODUTO ROSCAVEL DE 1"", COM TAMPA CEGA"
121268	"CONDULETE DE ALUMINIO TIPO C, PARA ELETRODUTO ROSCAVEL DE 3/4"", COM TAMPA CEGA"
121269	"CONDULETE DE ALUMINIO TIPO C, PARA ELETRODUTO ROSCAVEL DE 4"", COM TAMPA CEGA"
121270	"CONDULETE DE ALUMINIO TIPO E, PARA ELETRODUTO ROSCAVEL DE 1 1/4"", COM TAMPA CEGA"
121271	"CONDULETE DE ALUMINIO TIPO E, PARA ELETRODUTO ROSCAVEL DE 1 1/2"", COM TAMPA CEGA"
121272	"CONDULETE DE ALUMINIO TIPO E, PARA ELETRODUTO ROSCAVEL DE 1/2"", COM TAMPA CEGA"
121273	"CONDULETE DE ALUMINIO TIPO E, PARA ELETRODUTO ROSCAVEL DE 1"", COM TAMPA CEGA"
121274	"CONDULETE DE ALUMINIO TIPO E, PARA ELETRODUTO ROSCAVEL DE 2"", COM TAMPA CEGA"
121275	"CONDULETE DE ALUMINIO TIPO E, PARA ELETRODUTO ROSCAVEL DE 3/4"", COM TAMPA CEGA"
121276	"CONDULETE DE ALUMINIO TIPO E, PARA ELETRODUTO ROSCAVEL DE 3"", COM TAMPA CEGA"
121277	"CONDULETE DE ALUMINIO TIPO E, PARA ELETRODUTO ROSCAVEL DE 4"", COM TAMPA CEGA"
121278	"CONDULETE DE ALUMINIO TIPO LR, PARA ELETRODUTO ROSCAVEL DE 1 1/2"", COM TAMPA CEGA"
121279	"CONDULETE DE ALUMINIO TIPO LR, PARA ELETRODUTO ROSCAVEL DE 1 1/4"", COM TAMPA CEGA"
121280	"CONDULETE DE ALUMINIO TIPO LR, PARA ELETRODUTO ROSCAVEL DE 1/2"", COM TAMPA CEGA"
121281	"CONDULETE DE ALUMINIO TIPO LR, PARA ELETRODUTO ROSCAVEL DE 1"", COM TAMPA CEGA"
121282	"CONDULETE DE ALUMINIO TIPO LR, PARA ELETRODUTO ROSCAVEL DE 2"", COM TAMPA CEGA"
121283	"CONDULETE DE ALUMINIO TIPO LR, PARA ELETRODUTO ROSCAVEL DE 3/4"", COM TAMPA CEGA"
121284	"CONDULETE DE ALUMINIO TIPO LR, PARA ELETRODUTO ROSCAVEL DE 3"", COM TAMPA CEGA"
121285	"CONDULETE DE ALUMINIO TIPO LR, PARA ELETRODUTO ROSCAVEL DE 4"", COM TAMPA CEGA"
121286	"CONDULETE DE ALUMINIO TIPO T, PARA ELETRODUTO ROSCAVEL DE 1 1/2"", COM TAMPA CEGA"
121287	"CONDULETE DE ALUMINIO TIPO T, PARA ELETRODUTO ROSCAVEL DE 1 1/4"", COM TAMPA CEGA"
121288	"CONDULETE DE ALUMINIO TIPO T, PARA ELETRODUTO ROSCAVEL DE 1/2"", COM TAMPA CEGA"
121289	"CONDULETE DE ALUMINIO TIPO T, PARA ELETRODUTO ROSCAVEL DE 1"", COM TAMPA CEGA"
121290	"CONDULETE DE ALUMINIO TIPO T, PARA ELETRODUTO ROSCAVEL DE 2"", COM TAMPA CEGA"
121291	"CONDULETE DE ALUMINIO TIPO T, PARA ELETRODUTO ROSCAVEL DE 3/4"", COM TAMPA CEGA"
121292	"CONDULETE DE ALUMINIO TIPO T, PARA ELETRODUTO ROSCAVEL DE 3"", COM TAMPA CEGA"
121293	"CONDULETE DE ALUMINIO TIPO T, PARA ELETRODUTO ROSCAVEL DE 4"", COM TAMPA CEGA"
121294	"CONDULETE DE ALUMINIO TIPO TB, PARA ELETRODUTO ROSCAVEL DE 3"", COM TAMPA CEGA"
121295	"CONDULETE DE ALUMINIO TIPO X, PARA ELETRODUTO ROSCAVEL DE 1 1/2"", COM TAMPA CEGA"
121296	"CONDULETE DE ALUMINIO TIPO X, PARA ELETRODUTO ROSCAVEL DE 1 1/4"", COM TAMPA CEGA"
121297	"CONDULETE DE ALUMINIO TIPO X, PARA ELETRODUTO ROSCAVEL DE 1/2"", COM TAMPA CEGA"
121298	"CONDULETE DE ALUMINIO TIPO X, PARA ELETRODUTO ROSCAVEL DE 1"", COM TAMPA CEGA"
121299	"CONDULETE DE ALUMINIO TIPO X, PARA ELETRODUTO ROSCAVEL DE 2"", COM TAMPA CEGA"
121300	"CONDULETE DE ALUMINIO TIPO X, PARA ELETRODUTO ROSCAVEL DE 3/4"", COM TAMPA CEGA"
121301	"CONDULETE DE ALUMINIO TIPO X, PARA ELETRODUTO ROSCAVEL DE 3"", COM TAMPA CEGA"
121302	"CONDULETE DE ALUMINIO TIPO X, PARA ELETRODUTO ROSCAVEL DE 4"", COM TAMPA CEGA"
121303	"CONDULETE EM PVC, TIPO ""B"", SEM TAMPA, DE 1/2"" OU 3/4"""
121304	"CONDULETE EM PVC, TIPO ""B"", SEM TAMPA, DE 1"""
121305	"CONDULETE EM PVC, TIPO ""C"", SEM TAMPA, DE 1/2"""
121306	"CONDULETE EM PVC, TIPO ""C"", SEM TAMPA, DE 1"""
121307	"CONDULETE EM PVC, TIPO ""C"", SEM TAMPA, DE 3/4"""
121308	"CONDULETE EM PVC, TIPO ""E"", SEM TAMPA, DE 1/2"""
121309	"CONDULETE EM PVC, TIPO ""E"", SEM TAMPA, DE 1"""
121310	"CONDULETE EM PVC, TIPO ""E"", SEM TAMPA, DE 3/4"""
121311	"CONDULETE EM PVC, TIPO ""LB"", SEM TAMPA, DE 1/2"" OU 3/4"""
121312	"CONDULETE EM PVC, TIPO ""LB"", SEM TAMPA, DE 1"""
121313	"CONDULETE EM PVC, TIPO ""LL"", SEM TAMPA, DE 1/2"" OU 3/4"""
121314	"CONDULETE EM PVC, TIPO ""LL"", SEM TAMPA, DE 1"""
121315	"CONDULETE EM PVC, TIPO ""LR"", SEM TAMPA, DE 1/2"""
121316	"CONDULETE EM PVC, TIPO ""LR"", SEM TAMPA, DE 1"""
121317	"CONDULETE EM PVC, TIPO ""LR"", SEM TAMPA, DE 3/4"""
121318	"CONDULETE EM PVC, TIPO ""T"", SEM TAMPA, DE 1"""
121319	"CONDULETE EM PVC, TIPO ""T"", SEM TAMPA, DE 3/4"""
121320	"CONDULETE EM PVC, TIPO ""TB"", SEM TAMPA, DE 1/2"" OU 3/4"""
121321	"CONDULETE EM PVC, TIPO ""TB"", SEM TAMPA, DE 1"""
121322	"CONDULETE EM PVC, TIPO ""X"", SEM TAMPA, DE 1/2"""
121323	"CONDULETE EM PVC, TIPO ""X"", SEM TAMPA, DE 1"""
121324	"CONDULETE EM PVC, TIPO ""X"", SEM TAMPA, DE 3/4"""
121325	CONDUTOR PLUVIAL, PVC, CIRCULAR, DIAMETRO ENTRE 80 E 100 MM, PARA DRENAGEM PREDIAL
121326	CONE DE SINALIZACAO EM PVC FLEXIVEL, H = 70 / 76 CM (NBR 15071)
121327	CONE DE SINALIZACAO EM PVC RIGIDO COM FAIXA REFLETIVA, H = 70 / 76 CM
121328	"CONECTOR / ADAPTADOR FEMEA, COM INSERTO METALICO, PPR, DN 25 MM X 1/2"", PARA AGUA QUENTE E FRIA PREDIAL"
121329	"CONECTOR / ADAPTADOR FEMEA, COM INSERTO METALICO, PPR, DN 32 MM X 3/4"", PARA AGUA QUENTE E FRIA PREDIAL"
121330	"CONECTOR / ADAPTADOR MACHO, COM INSERTO METALICO, PPR, DN 25 MM X 1/2"", PARA AGUA QUENTE E FRIA PREDIAL"
121331	"CONECTOR / ADAPTADOR MACHO, COM INSERTO METALICO, PPR, DN 32 MM X 3/4"", PARA AGUA QUENTE E FRIA PREDIAL"
121332	"CONECTOR BRONZE/LATAO (REF 603) SEM ANEL DE SOLDA, BOLSA X ROSCA F, 15 MM X 1/2"""
121333	"CONECTOR BRONZE/LATAO (REF 603) SEM ANEL DE SOLDA, BOLSA X ROSCA F, 22 MM X 1/2"""
121334	"CONECTOR BRONZE/LATAO (REF 603) SEM ANEL DE SOLDA, BOLSA X ROSCA F, 22 MM X 3/4"""
121335	"CONECTOR BRONZE/LATAO (REF 603) SEM ANEL DE SOLDA, BOLSA X ROSCA F, 28 MM X 1/2"""
121336	"CONECTOR CURVO 90 GRAUS DE ALUMINIO, BITOLA 1 1/2"", PARA ADAPTAR ENTRADA DE ELETRODUTO METALICO FLEXIVEL EM QUADROS"
121337	"CONECTOR CURVO 90 GRAUS DE ALUMINIO, BITOLA 1 1/4"", PARA ADAPTAR ENTRADA DE ELETRODUTO METALICO FLEXIVEL EM QUADROS"
121338	"CONECTOR CURVO 90 GRAUS DE ALUMINIO, BITOLA 1/2"", PARA ADAPTAR ENTRADA DE ELETRODUTO METALICO FLEXIVEL EM QUADROS"
121339	"CONECTOR CURVO 90 GRAUS DE ALUMINIO, BITOLA 1"", PARA ADAPTAR ENTRADA DE ELETRODUTO METALICO FLEXIVEL EM QUADROS"
121340	"CONECTOR CURVO 90 GRAUS DE ALUMINIO, BITOLA 2 1/2"", PARA ADAPTAR ENTRADA DE ELETRODUTO METALICO FLEXIVEL EM QUADROS"
121341	"CONECTOR CURVO 90 GRAUS DE ALUMINIO, BITOLA 2"", PARA ADAPTAR ENTRADA DE ELETRODUTO METALICO FLEXIVEL EM QUADROS"
121342	"CONECTOR CURVO 90 GRAUS DE ALUMINIO, BITOLA 3/4"", PARA ADAPTAR ENTRADA DE ELETRODUTO METALICO FLEXIVEL EM QUADROS"
121343	"CONECTOR CURVO 90 GRAUS DE ALUMINIO, BITOLA 3"", PARA ADAPTAR ENTRADA DE ELETRODUTO METALICO FLEXIVEL EM QUADROS"
121344	"CONECTOR CURVO 90 GRAUS DE ALUMINIO, BITOLA 4"", PARA ADAPTAR ENTRADA DE ELETRODUTO METALICO FLEXIVEL EM QUADROS"
121345	"CONECTOR DE ALUMINIO TIPO PRENSA CABO, BITOLA 1 1/2"", PARA CABOS DE DIAMETRO DE 37 A 40 MM"
121346	"CONECTOR DE ALUMINIO TIPO PRENSA CABO, BITOLA 1 1/4"", PARA CABOS DE DIAMETRO DE 31 A 34 MM"
121347	"CONECTOR DE ALUMINIO TIPO PRENSA CABO, BITOLA 1/2"", PARA CABOS DE DIAMETRO DE 12,5 A 15 MM"
121348	"CONECTOR DE ALUMINIO TIPO PRENSA CABO, BITOLA 1"", PARA CABOS DE DIAMETRO DE 22,5 A 25 MM"
121349	"CONECTOR DE ALUMINIO TIPO PRENSA CABO, BITOLA 2"", PARA CABOS DE DIAMETRO DE 47,5 A 50 MM"
121350	"CONECTOR DE ALUMINIO TIPO PRENSA CABO, BITOLA 3/4"", PARA CABOS DE DIAMETRO DE 17,5 A 20 MM"
121351	"CONECTOR DE ALUMINIO TIPO PRENSA CABO, BITOLA 3/8"", PARA CABOS DE DIAMETRO DE 9 A 10 MM"
121352	CONECTOR FEMEA RJ - 45, CATEGORIA 5 E
121353	CONECTOR FEMEA RJ - 45, CATEGORIA 6
121354	CONECTOR MACHO RJ - 45, CATEGORIA 5 E
121355	CONECTOR MACHO RJ - 45, CATEGORIA 6
121356	CONECTOR METALICO TIPO PARAFUSO FENDIDO (SPLIT BOLT), COM SEPARADOR DE CABOS BIMETALICOS, PARA CABOS ATE 25 MM2
121357	CONECTOR METALICO TIPO PARAFUSO FENDIDO (SPLIT BOLT), COM SEPARADOR DE CABOS BIMETALICOS, PARA CABOS ATE 50 MM2
121358	CONECTOR METALICO TIPO PARAFUSO FENDIDO (SPLIT BOLT), COM SEPARADOR DE CABOS BIMETALICOS, PARA CABOS ATE 70 MM2
121359	CONECTOR METALICO TIPO PARAFUSO FENDIDO (SPLIT BOLT), PARA CABOS ATE 10 MM2
121360	CONECTOR METALICO TIPO PARAFUSO FENDIDO (SPLIT BOLT), PARA CABOS ATE 120 MM2
121361	CONECTOR METALICO TIPO PARAFUSO FENDIDO (SPLIT BOLT), PARA CABOS ATE 150 MM2
121362	CONECTOR METALICO TIPO PARAFUSO FENDIDO (SPLIT BOLT), PARA CABOS ATE 16 MM2
121363	CONECTOR METALICO TIPO PARAFUSO FENDIDO (SPLIT BOLT), PARA CABOS ATE 185 MM2
121364	CONECTOR METALICO TIPO PARAFUSO FENDIDO (SPLIT BOLT), PARA CABOS ATE 25 MM2
121365	CONECTOR METALICO TIPO PARAFUSO FENDIDO (SPLIT BOLT), PARA CABOS ATE 35 MM2
121366	CONECTOR METALICO TIPO PARAFUSO FENDIDO (SPLIT BOLT), PARA CABOS ATE 50 MM2
121367	CONECTOR METALICO TIPO PARAFUSO FENDIDO (SPLIT BOLT), PARA CABOS ATE 6 MM2
121368	CONECTOR METALICO TIPO PARAFUSO FENDIDO (SPLIT BOLT), PARA CABOS ATE 70 MM2
121369	CONECTOR METALICO TIPO PARAFUSO FENDIDO (SPLIT BOLT), PARA CABOS ATE 95 MM2
121370	"CONECTOR RETO DE ALUMINIO PARA ELETRODUTO DE 1 1/2"", PARA ADAPTAR ENTRADA DE ELETRODUTO METALICO FLEXIVEL EM QUADROS"
121371	"CONECTOR RETO DE ALUMINIO PARA ELETRODUTO DE 1 1/4"", PARA ADAPTAR ENTRADA DE ELETRODUTO METALICO FLEXIVEL EM QUADROS"
121372	"CONECTOR RETO DE ALUMINIO PARA ELETRODUTO DE 1/2"", PARA ADAPTAR ENTRADA DE ELETRODUTO METALICO FLEXIVEL EM QUADROS"
121373	"CONECTOR RETO DE ALUMINIO PARA ELETRODUTO DE 1"", PARA ADAPTAR ENTRADA DE ELETRODUTO METALICO FLEXIVEL EM QUADROS"
121374	"CONECTOR RETO DE ALUMINIO PARA ELETRODUTO DE 2 1/2"", PARA ADAPTAR ENTRADA DE ELETRODUTO METALICO FLEXIVEL EM QUADROS"
121375	"CONECTOR RETO DE ALUMINIO PARA ELETRODUTO DE 2"", PARA ADAPTAR ENTRADA DE ELETRODUTO METALICO FLEXIVEL EM QUADROS"
121376	"CONECTOR RETO DE ALUMINIO PARA ELETRODUTO DE 3/4"", PARA ADAPTAR ENTRADA DE ELETRODUTO METALICO FLEXIVEL EM QUADROS"
121377	"CONECTOR RETO DE ALUMINIO PARA ELETRODUTO DE 3"", PARA ADAPTAR ENTRADA DE ELETRODUTO METALICO FLEXIVEL EM QUADROS"
121378	"CONECTOR RETO DE ALUMINIO PARA ELETRODUTO DE 4"", PARA ADAPTAR ENTRADA DE ELETRODUTO METALICO FLEXIVEL EM QUADROS"
121379	"CONECTOR, CPVC, SOLDAVEL, 15 MM X 1/2"", PARA AGUA QUENTE"
121380	"CONECTOR, CPVC, SOLDAVEL, 22 MM X 1/2"", PARA AGUA QUENTE"
121381	"CONECTOR, CPVC, SOLDAVEL, 22 MM X 3/4"", PARA AGUA QUENTE"
121382	"CONECTOR, CPVC, SOLDAVEL, 28 MM X 1"", PARA AGUA QUENTE"
121383	"CONECTOR, CPVC, SOLDAVEL, 35 MM X 1 1/4"", PARA AGUA QUENTE"
121384	"CONECTOR, CPVC, SOLDAVEL, 42 MM X 1 1/2"", PARA AGUA QUENTE"
121385	"CONEXAO FIXA, ROSCA FEMEA, EM PLASTICO, DN 16 MM X 1/2"", PARA CONEXAO COM CRIMPAGEM EM TUBO PEX"
121386	"CONEXAO FIXA, ROSCA FEMEA, EM PLASTICO, DN 16 MM X 3/4"", PARA CONEXAO COM CRIMPAGEM EM TUBO PEX"
121387	"CONEXAO FIXA, ROSCA FEMEA, EM PLASTICO, DN 20 MM X 1/2"", PARA CONEXAO COM CRIMPAGEM EM TUBO PEX"
121388	"CONEXAO FIXA, ROSCA FEMEA, EM PLASTICO, DN 20 MM X 3/4"", PARA CONEXAO COM CRIMPAGEM EM TUBO PEX"
121389	"CONEXAO FIXA, ROSCA FEMEA, EM PLASTICO, DN 25 MM X 1/2"", PARA CONEXAO COM CRIMPAGEM EM TUBO PEX"
121390	"CONEXAO FIXA, ROSCA FEMEA, EM PLASTICO, DN 25 MM X 3/4"", PARA CONEXAO COM CRIMPAGEM EM TUBO PEX"
121391	"CONEXAO FIXA, ROSCA FEMEA, EM PLASTICO, DN 32 MM X 3/4"", PARA CONEXAO COM CRIMPAGEM EM TUBO PEX"
121392	"CONEXAO FIXA, ROSCA FEMEA, METALICA, COM ANEL DESLIZANTE, DN 16 MM X 1/2"", PARA TUBO PEX"
121393	"CONEXAO FIXA, ROSCA FEMEA, METALICA, COM ANEL DESLIZANTE, DN 20 MM X 1/2"", PARA TUBO PEX"
121394	"CONEXAO FIXA, ROSCA FEMEA, METALICA, COM ANEL DESLIZANTE, DN 20 MM X 3/4"", PARA TUBO PEX"
121395	"CONEXAO FIXA, ROSCA FEMEA, METALICA, COM ANEL DESLIZANTE, DN 25 MM X 1"", PARA TUBO PEX"
121396	"CONEXAO FIXA, ROSCA FEMEA, METALICA, COM ANEL DESLIZANTE, DN 25 MM X 3/4"", PARA TUBO PEX"
121397	"CONEXAO FIXA, ROSCA FEMEA, METALICA, COM ANEL DESLIZANTE, DN 32 MM X 1"", PARA TUBO PEX"
121398	"CONEXAO FIXA, ROSCA MACHO, METALICA, PARA TUBO PEX, DN 16 MM X 1/2"""
121399	"CONEXAO FIXA, ROSCA MACHO, METALICA, PARA TUBO PEX, DN 16 MM X 3/4"""
121400	"CONEXAO FIXA, ROSCA MACHO, METALICA, PARA TUBO PEX, DN 20 MM X 1/2"""
121401	"CONEXAO FIXA, ROSCA MACHO, METALICA, PARA TUBO PEX, DN 20 MM X 3/4"""
121402	"CONEXAO FIXA, ROSCA MACHO, METALICA, PARA TUBO PEX, DN 25 MM X 1/2"""
121403	"CONEXAO FIXA, ROSCA MACHO, METALICA, PARA TUBO PEX, DN 25 MM X 1"""
121404	"CONEXAO FIXA, ROSCA MACHO, METALICA, PARA TUBO PEX, DN 25 MM X 3/4"""
121405	"CONEXAO FIXA, ROSCA MACHO, METALICA, PARA TUBO PEX, DN 32 MM X 1"""
121406	"CONEXAO MOVEL, ROSCA FEMEA, METALICA, COM ANEL DESLIZANTE, PARA TUBO PEX, DN 16 MM X 1/2"""
121407	"CONEXAO MOVEL, ROSCA FEMEA, METALICA, COM ANEL DESLIZANTE, PARA TUBO PEX, DN 16 MM X 3/4"""
121408	"CONEXAO MOVEL, ROSCA FEMEA, METALICA, COM ANEL DESLIZANTE, PARA TUBO PEX, DN 20 MM X 1/2"""
121409	"CONEXAO MOVEL, ROSCA FEMEA, METALICA, COM ANEL DESLIZANTE, PARA TUBO PEX, DN 20 MM X 3/4"""
121410	"CONEXAO MOVEL, ROSCA FEMEA, METALICA, COM ANEL DESLIZANTE, PARA TUBO PEX, DN 25 MM X 1"""
121411	"CONEXAO MOVEL, ROSCA FEMEA, METALICA, COM ANEL DESLIZANTE, PARA TUBO PEX, DN 25 MM X 3/4"""
121412	"CONEXAO MOVEL, ROSCA FEMEA, METALICA, COM ANEL DESLIZANTE, PARA TUBO PEX, DN 32 MM X 1"""
121413	CONJ. DE FERRAGENS PARA PORTA DE VIDRO TEMPERADO, EM ZAMAC CROMADO, CONTEMPLANDO: DOBRADICA INF.; DOBRADICA SUP.; PIVO PARA DOBRADICA INF.; PIVO PARA DOBRADICA SUP.; FECHADURA CENTRAL EM ZAMC CROMADO; CONTRA FECHADURA DE PRESSAO
121414	"CONJUNTO ARRUELAS DE VEDACAO 5/16"" PARA TELHA FIBROCIMENTO (UMA ARRUELA METALICA E UMA ARRUELA PVC - CONICAS)"
121415	CONJUNTO DE FERRAGENS PIVO, PARA PORTA PIVOTANTE DE ATE 100 KG, REGULAVEL COM ESFERA , CROMADO - SUPERIOR E INFERIOR - COMPLETO
121416	CONJUNTO DE LIGACAO PARA BACIA SANITARIA AJUSTAVEL, EM PLASTICO BRANCO, COM TUBO, CANOPLA E ESPUDE
121417	CONJUNTO DE LIGACAO PARA BACIA SANITARIA EM PLASTICO BRANCO COM TUBO, CANOPLA E ANEL DE EXPANSAO (TUBO 1.1/2 '' X 20 CM)
121418	CONJUNTO MONTADO ESTOPIM COM ESPOLETA COMUM NUMERO 8, COM CABECA ACENDEDORA, 1,5 M
121419	"CONJUNTO PARA FUTSAL COM TRAVES OFICIAIS DE 3,00 X 2,00 M EM TUBO DE ACO GALVANIZADO 3"" COM REQUADRO EM TUBO DE 1"", PINTURA EM PRIMER COM TINTA ESMALTE SINTETICO E REDES DE POLIETILENO FIO 4 MM"
121420	"CONJUNTO PARA QUADRA DE VOLEI COM POSTES EM TUBO DE ACO GALVANIZADO 3"", H = *255* CM, PINTURA EM TINTA ESMALTE SINTETICO, REDE DE NYLON COM 2 MM, MALHA 10 X 10 CM E ANTENAS OFICIAIS EM FIBRA DE VIDRO"
121421	CONJUNTO PRE-MOLDADO COMPOSTO POR GRELHA (0,99 X 0,45 M), QUADRO (1,10 X 0,52 M) E CANTONEIRA (1,10 X 0,35 M), EM CONCRETO ARMADO, COM FCK DE 21 MPA
121422	CONTAINER ALMOXARIFADO, DE *2,40* X *6,00* M, PADRAO SIMPLES, SEM REVESTIMENTO E SEM DIVISORIAS INTERNOS E SEM SANITARIO, PARA USO EM CANTEIRO DE OBRAS
121423	CONTATOR TRIPOLAR, CORRENTE DE *110* A, TENSAO NOMINAL DE *500* V, CATEGORIA AC-2 E AC-3
121424	CONTATOR TRIPOLAR, CORRENTE DE *185* A, TENSAO NOMINAL DE *500* V, CATEGORIA AC-2 E AC-3
121425	CONTATOR TRIPOLAR, CORRENTE DE *22* A, TENSAO NOMINAL DE *500* V, CATEGORIA AC-2 E AC-3
121426	CONTATOR TRIPOLAR, CORRENTE DE *265* A, TENSAO NOMINAL DE *500* V, CATEGORIA AC-2 E AC-3
121427	CONTATOR TRIPOLAR, CORRENTE DE *38* A, TENSAO NOMINAL DE *500* V, CATEGORIA AC-2 E AC-3
121428	CONTATOR TRIPOLAR, CORRENTE DE *500* A, TENSAO NOMINAL DE *500* V, CATEGORIA AC-2 E AC-3
121429	CONTATOR TRIPOLAR, CORRENTE DE *65* A, TENSAO NOMINAL DE *500* V, CATEGORIA AC-2 E AC-3
121430	CONTATOR TRIPOLAR, CORRENTE DE 12 A, TENSAO NOMINAL DE *500* V, CATEGORIA AC-2 E AC-3
121431	CONTATOR TRIPOLAR, CORRENTE DE 25 A, TENSAO NOMINAL DE *500* V, CATEGORIA AC-2 E AC-3
121432	CONTATOR TRIPOLAR, CORRENTE DE 250 A, TENSAO NOMINAL DE *500* V, PARA ACIONAMENTO DE CAPACITORES
121433	CONTATOR TRIPOLAR, CORRENTE DE 300 A, TENSAO NOMINAL DE *500* V, CATEGORIA AC-2 E AC-3
121434	CONTATOR TRIPOLAR, CORRENTE DE 32 A, TENSAO NOMINAL DE *500* V, CATEGORIA AC-2 E AC-3
121435	CONTATOR TRIPOLAR, CORRENTE DE 400 A, TENSAO NOMINAL DE *500* V, CATEGORIA AC-2 E AC-3
121436	CONTATOR TRIPOLAR, CORRENTE DE 45 A, TENSAO NOMINAL DE *500* V, CATEGORIA AC-2 E AC-3
121437	CONTATOR TRIPOLAR, CORRENTE DE 630 A, TENSAO NOMINAL DE *500* V, CATEGORIA AC-2 E AC-3
121438	CONTATOR TRIPOLAR, CORRENTE DE 75 A, TENSAO NOMINAL DE *500* V, CATEGORIA AC-2 E AC-3
121439	CONTATOR TRIPOLAR, CORRENTE DE 9 A, TENSAO NOMINAL DE *500* V, CATEGORIA AC-2 E AC-3
121440	CONTATOR TRIPOLAR, CORRENTE DE 95 A, TENSAO NOMINAL DE *500* V, CATEGORIA AC-2 E AC-3
121441	"CONTRA-PORCA SEXTAVADA, DIAMETRO NOMINAL 1 3/8"", ALTURA 35 MM"
121442	COORDENADOR / GERENTE DE OBRA
121443	COORDENADOR / GERENTE DE OBRA (MENSALISTA)
121444	CORDA DE POLIAMIDA 12 MM TIPO BOMBEIRO, PARA TRABALHO EM ALTURA
121445	CORDAO DE COBRE, FLEXIVEL, TORCIDO, CLASSE 4 OU 5, ISOLACAO EM PVC/D, 300 V, 2 CONDUTORES DE 0,5 MM2
121446	CORDAO DE COBRE, FLEXIVEL, TORCIDO, CLASSE 4 OU 5, ISOLACAO EM PVC/D, 300 V, 2 CONDUTORES DE 0,75 MM2
121447	CORDAO DE COBRE, FLEXIVEL, TORCIDO, CLASSE 4 OU 5, ISOLACAO EM PVC/D, 300 V, 2 CONDUTORES DE 1,0 MM2
121448	CORDAO DE COBRE, FLEXIVEL, TORCIDO, CLASSE 4 OU 5, ISOLACAO EM PVC/D, 300 V, 2 CONDUTORES DE 1,5 MM2
121449	CORDAO DE COBRE, FLEXIVEL, TORCIDO, CLASSE 4 OU 5, ISOLACAO EM PVC/D, 300 V, 2 CONDUTORES DE 2,5 MM2
121450	CORDAO DE COBRE, FLEXIVEL, TORCIDO, CLASSE 4 OU 5, ISOLACAO EM PVC/D, 300 V, 2 CONDUTORES DE 4 MM2
121451	CORDEL DETONANTE, NP 05 G/M
121452	CORDEL DETONANTE, NP 10 G/M
121453	"CORRENTE DE ELO CURTO COMUM, SOLDADA, GALVANIZADA, ESPESSURA DO ELO = 1/2"" (12,5 MM)"
121454	"CORTADEIRA DE PISO DE CONCRETO E ASFALTO, PARA DISCO PADRAO DE DIAMETRO 350 MM (14"") OU 450 MM (18"") , MOTOR A GASOLINA, POTENCIA 13 HP, SEM DISCO"
121455	CORTADEIRA HIDRAULICA DE VERGALHAO, PARA ACO DE DIAMETRO ATE 50 MM, MOTOR ELETRICO TRIFASICO, POTENCIA DE 5,5 HP A 7,5 HP
121456	"COTOVELO BRONZE/LATAO (REF 707-3) SEM ANEL DE SOLDA, BOLSA X ROSCA F, 15MM X 1/2"""
121457	"COTOVELO BRONZE/LATAO (REF 707-3) SEM ANEL DE SOLDA, BOLSA X ROSCA F, 22MM X 1/2"""
121458	"COTOVELO BRONZE/LATAO (REF 707-3) SEM ANEL DE SOLDA, BOLSA X ROSCA F, 22MM X 3/4"""
121459	COTOVELO DE COBRE 90 GRAUS (REF 607) SEM ANEL DE SOLDA, BOLSA X BOLSA, 104 MM
121460	COTOVELO DE COBRE 90 GRAUS (REF 607) SEM ANEL DE SOLDA, BOLSA X BOLSA, 15 MM
121461	COTOVELO DE COBRE 90 GRAUS (REF 607) SEM ANEL DE SOLDA, BOLSA X BOLSA, 22 MM
121462	COTOVELO DE COBRE 90 GRAUS (REF 607) SEM ANEL DE SOLDA, BOLSA X BOLSA, 28 MM
121463	COTOVELO DE COBRE 90 GRAUS (REF 607) SEM ANEL DE SOLDA, BOLSA X BOLSA, 35 MM
121464	COTOVELO DE COBRE 90 GRAUS (REF 607) SEM ANEL DE SOLDA, BOLSA X BOLSA, 42 MM
121465	COTOVELO DE COBRE 90 GRAUS (REF 607) SEM ANEL DE SOLDA, BOLSA X BOLSA, 54 MM
121466	COTOVELO DE COBRE 90 GRAUS (REF 607) SEM ANEL DE SOLDA, BOLSA X BOLSA, 66 MM
121467	COTOVELO DE COBRE 90 GRAUS (REF 607) SEM ANEL DE SOLDA, BOLSA X BOLSA, 79 MM
121468	"COTOVELO DE REDUCAO 90 GRAUS DE FERRO GALVANIZADO, COM ROSCA BSP, DE 1 1/2"" X 1"""
121469	"COTOVELO DE REDUCAO 90 GRAUS DE FERRO GALVANIZADO, COM ROSCA BSP, DE 1 1/2"" X 3/4"""
121470	"COTOVELO DE REDUCAO 90 GRAUS DE FERRO GALVANIZADO, COM ROSCA BSP, DE 1 1/4"" X 1"""
121471	"COTOVELO DE REDUCAO 90 GRAUS DE FERRO GALVANIZADO, COM ROSCA BSP, DE 1"" X 1/2"""
121472	"COTOVELO DE REDUCAO 90 GRAUS DE FERRO GALVANIZADO, COM ROSCA BSP, DE 1"" X 3/4"""
121473	"COTOVELO DE REDUCAO 90 GRAUS DE FERRO GALVANIZADO, COM ROSCA BSP, DE 2 1/2"" X 2"""
121474	"COTOVELO DE REDUCAO 90 GRAUS DE FERRO GALVANIZADO, COM ROSCA BSP, DE 2"" X 1 1/2"""
121475	"COTOVELO DE REDUCAO 90 GRAUS DE FERRO GALVANIZADO, COM ROSCA BSP, DE 3/4"" X 1/2"""
121476	"COTOVELO 45 GRAUS DE FERRO GALVANIZADO, COM ROSCA BSP, DE 1 1/2"""
121477	"COTOVELO 45 GRAUS DE FERRO GALVANIZADO, COM ROSCA BSP, DE 1 1/4"""
121478	"COTOVELO 45 GRAUS DE FERRO GALVANIZADO, COM ROSCA BSP, DE 1/2"""
121479	"COTOVELO 45 GRAUS DE FERRO GALVANIZADO, COM ROSCA BSP, DE 1"""
121480	"COTOVELO 45 GRAUS DE FERRO GALVANIZADO, COM ROSCA BSP, DE 2 1/2"""
121481	"COTOVELO 45 GRAUS DE FERRO GALVANIZADO, COM ROSCA BSP, DE 2"""
121482	"COTOVELO 45 GRAUS DE FERRO GALVANIZADO, COM ROSCA BSP, DE 3/4"""
121483	"COTOVELO 45 GRAUS DE FERRO GALVANIZADO, COM ROSCA BSP, DE 3"""
121484	"COTOVELO 45 GRAUS DE FERRO GALVANIZADO, COM ROSCA BSP, DE 4"""
121485	COTOVELO 45 GRAUS, PEAD PE 100, DE 125 MM, PARA ELETROFUSAO
121486	COTOVELO 45 GRAUS, PEAD PE 100, DE 200 MM, PARA ELETROFUSAO
121487	COTOVELO 45 GRAUS, PEAD PE 100, DE 32 MM, PARA ELETROFUSAO
121488	COTOVELO 45 GRAUS, PEAD PE 100, DE 40 MM, PARA ELETROFUSAO
121489	COTOVELO 45 GRAUS, PEAD PE 100, DE 63 MM, PARA ELETROFUSAO
121490	"COTOVELO 90 GRAUS DE FERRO GALVANIZADO, COM ROSCA BSP MACHO/FEMEA, DE 1 1/2"""
121491	"COTOVELO 90 GRAUS DE FERRO GALVANIZADO, COM ROSCA BSP MACHO/FEMEA, DE 1 1/4"""
121492	"COTOVELO 90 GRAUS DE FERRO GALVANIZADO, COM ROSCA BSP MACHO/FEMEA, DE 1/2"""
121493	"COTOVELO 90 GRAUS DE FERRO GALVANIZADO, COM ROSCA BSP MACHO/FEMEA, DE 1"""
121494	"COTOVELO 90 GRAUS DE FERRO GALVANIZADO, COM ROSCA BSP MACHO/FEMEA, DE 2 1/2"""
121495	"COTOVELO 90 GRAUS DE FERRO GALVANIZADO, COM ROSCA BSP MACHO/FEMEA, DE 2"""
121496	"COTOVELO 90 GRAUS DE FERRO GALVANIZADO, COM ROSCA BSP MACHO/FEMEA, DE 3/4"""
121497	"COTOVELO 90 GRAUS DE FERRO GALVANIZADO, COM ROSCA BSP MACHO/FEMEA, DE 3"""
121498	"COTOVELO 90 GRAUS DE FERRO GALVANIZADO, COM ROSCA BSP, DE 1 1/2"""
121499	"COTOVELO 90 GRAUS DE FERRO GALVANIZADO, COM ROSCA BSP, DE 1 1/4"""
121500	"COTOVELO 90 GRAUS DE FERRO GALVANIZADO, COM ROSCA BSP, DE 1/2"""
121501	"COTOVELO 90 GRAUS DE FERRO GALVANIZADO, COM ROSCA BSP, DE 1"""
121502	"COTOVELO 90 GRAUS DE FERRO GALVANIZADO, COM ROSCA BSP, DE 2 1/2"""
121503	"COTOVELO 90 GRAUS DE FERRO GALVANIZADO, COM ROSCA BSP, DE 2"""
121504	"COTOVELO 90 GRAUS DE FERRO GALVANIZADO, COM ROSCA BSP, DE 3/4"""
121505	"COTOVELO 90 GRAUS DE FERRO GALVANIZADO, COM ROSCA BSP, DE 3"""
121506	"COTOVELO 90 GRAUS DE FERRO GALVANIZADO, COM ROSCA BSP, DE 4"""
121507	"COTOVELO 90 GRAUS DE FERRO GALVANIZADO, COM ROSCA BSP, DE 5"""
121508	"COTOVELO 90 GRAUS DE FERRO GALVANIZADO, COM ROSCA BSP, DE 6"""
121509	COTOVELO 90 GRAUS, PEAD PE 100, DE 125 MM, PARA ELETROFUSAO
121510	COTOVELO 90 GRAUS, PEAD PE 100, DE 20 MM, PARA ELETROFUSAO
121511	COTOVELO 90 GRAUS, PEAD PE 100, DE 200 MM, PARA ELETROFUSAO
121512	COTOVELO 90 GRAUS, PEAD PE 100, DE 32 MM, PARA ELETROFUSAO
121513	COTOVELO 90 GRAUS, PEAD PE 100, DE 63 MM, PARA ELETROFUSAO
121514	"COTOVELO/JOELHO COM ADAPTADOR, 90 GRAUS, EM POLIPROPILENO, PN 16, PARA TUBOS PEAD, 20 MM X 1/2"" - LIGACAO PREDIAL DE AGUA"
121515	"COTOVELO/JOELHO COM ADAPTADOR, 90 GRAUS, EM POLIPROPILENO, PN 16, PARA TUBOS PEAD, 20 MM X 3/4"" - LIGACAO PREDIAL DE AGUA"
121516	"COTOVELO/JOELHO COM ADAPTADOR, 90 GRAUS, EM POLIPROPILENO, PN 16, PARA TUBOS PEAD, 32 MM X 1"" - LIGACAO PREDIAL DE AGUA"
121517	COTOVELO/JOELHO 90 GRAUS, EM POLIPROPILENO, PN 16, PARA TUBOS PEAD, 20 X 20 MM - LIGACAO PREDIAL DE AGUA
121518	COTOVELO/JOELHO 90 GRAUS, EM POLIPROPILENO, PN 16, PARA TUBOS PEAD, 32 X 32 MM - LIGACAO PREDIAL DE AGUA
121519	CREMONA RETANGULAR INJETADA LISA COM CHAVE, COM CASTANHA / ALCA, EM LATAO, COM ACABAMENTO CROMADO, DE SOBREPOR / EMBUTIR
121520	CREMONA RETANGULAR INJETADA LISA, COM CASTANHA / ALCA, EM LATAO, COM ACABAMENTO CROMADO, DE SOBREPOR / EMBUTIR
121521	CRUZETA DE CONCRETO LEVE, COMP. 2000 MM SECAO, 90 X 90 MM
121522	"CRUZETA DE FERRO GALVANIZADO, COM ROSCA BSP, DE 1 1/2"""
121523	"CRUZETA DE FERRO GALVANIZADO, COM ROSCA BSP, DE 1 1/4"""
121524	"CRUZETA DE FERRO GALVANIZADO, COM ROSCA BSP, DE 1/2"""
121525	"CRUZETA DE FERRO GALVANIZADO, COM ROSCA BSP, DE 1"""
121526	"CRUZETA DE FERRO GALVANIZADO, COM ROSCA BSP, DE 2 1/2"""
121527	"CRUZETA DE FERRO GALVANIZADO, COM ROSCA BSP, DE 2"""
121528	"CRUZETA DE FERRO GALVANIZADO, COM ROSCA BSP, DE 3/4"""
121529	"CRUZETA DE FERRO GALVANIZADO, COM ROSCA BSP, DE 3"""
121530	CRUZETA DE MADEIRA TRATADA, *90 X 115 X 2400* MM, EM EUCALIPTO OU EQUIVALENTE DA REGIAO
121531	"CUBA ACO INOX (AISI 304) DE EMBUTIR COM VALVULA DE 3 1/2 "", DE *56 X 33 X 12* CM"
121532	"CUBA ACO INOX (AISI 304) DE EMBUTIR COM VALVULA 3 1/2 "", DE *40 X 34 X 12* CM"
121533	"CUBA ACO INOX (AISI 304) DE EMBUTIR COM VALVULA 3 1/2 "", DE *46 X 30 X 12* CM"
121534	CUMEEIRA ARTICULADA (ABA INFERIOR) PARA TELHA ONDULADA DE FIBROCIMENTO E = 4 MM, ABA *330* MM, COMPRIMENTO 500 MM (SEM AMIANTO)
121535	CUMEEIRA ARTICULADA (ABA INTERNA INFERIOR OU EXTERNA SUPERIOR) PARA TELHA ESTRUTURAL DE FIBROCIMENTO, 1 ABA, E = 6 MM (SEM AMIANTO)
121536	CUMEEIRA ARTICULADA (ABA SUPERIOR) PARA TELHA ONDULADA DE FIBROCIMENTO E = 4 MM, ABA *330* MM, COMPRIMENTO 500 MM (SEM AMIANTO)
121537	CUMEEIRA ARTICULADA (PAR) PARA TELHA ONDULADA DE FIBROCIMENTO, E = 6 MM, ABA 350 MM, COMPRIMENTO 1100 MM (SEM AMIANTO)
121538	CUMEEIRA NORMAL PARA TELHA ESTRUTURAL DE FIBROCIMENTO 1 ABA, E = 6 MM, COMPRIMENTO 608 MM (SEM AMIANTO)
121539	CUMEEIRA NORMAL PARA TELHA ESTRUTURAL DE FIBROCIMENTO 2 ABAS, E = 6 MM, DE 1050 X 935 MM (SEM AMIANTO)
121540	CUMEEIRA NORMAL PARA TELHA ONDULADA DE FIBROCIMENTO, E = 6 MM, ABA 300 MM, COMPRIMENTO 1100 MM (SEM AMIANTO)
121541	CUMEEIRA PARA TELHA CERAMICA, COMPRIMENTO DE *41* CM, RENDIMENTO DE *3* TELHAS/M
121542	CUMEEIRA PARA TELHA DE CONCRETO, PARA 2 AGUAS DE TELHADO, COR CINZA, RENDIMENTO DE *3* TELHAS/M
121543	CUMEEIRA SHED PARA TELHA ONDULADA DE FIBROCIMENTO, E = 6 MM, ABA 280 MM, COMPRIMENTO 1100 MM (SEM AMIANTO)
121544	CUMEEIRA UNIVERSAL PARA TELHA ONDULADA DE FIBROCIMENTO, E = 6 MM, ABA 210 MM, COMPRIMENTO 1100 MM (SEM AMIANTO)
121545	CURVA CPVC, 90 GRAUS, SOLDAVEL, 22 MM, PARA AGUA QUENTE
121546	CURVA CPVC, 90 GRAUS, SOLDAVEL, 28 MM, PARA AGUA QUENTE
121547	CURVA CPVC, 90 GRAUS, SOLDAVEL,15 MM, PARA AGUA QUENTE
121548	CURVA CURTA PVC, PB, JE, 45 GRAUS, DN 100 MM, PARA REDE COLETORA ESGOTO (NBR 10569)
121549	CURVA CURTA PVC, PB, JE, 90 GRAUS, DN 100 MM, PARA REDE COLETORA ESGOTO (NBR 10569)
121550	CURVA DE PVC 45 GRAUS, SOLDAVEL, 110 MM, PARA AGUA FRIA PREDIAL (NBR 5648)
121551	CURVA DE PVC 45 GRAUS, SOLDAVEL, 20 MM, PARA AGUA FRIA PREDIAL (NBR 5648)
121552	CURVA DE PVC 45 GRAUS, SOLDAVEL, 25 MM, PARA AGUA FRIA PREDIAL (NBR 5648)
121553	CURVA DE PVC 45 GRAUS, SOLDAVEL, 32 MM, PARA AGUA FRIA PREDIAL (NBR 5648)
121554	CURVA DE PVC 45 GRAUS, SOLDAVEL, 40 MM, PARA AGUA FRIA PREDIAL (NBR 5648)
121555	CURVA DE PVC 45 GRAUS, SOLDAVEL, 50 MM, PARA AGUA FRIA PREDIAL (NBR 5648)
121556	CURVA DE PVC 45 GRAUS, SOLDAVEL, 60 MM, PARA AGUA FRIA PREDIAL (NBR 5648)
121557	CURVA DE PVC 45 GRAUS, SOLDAVEL, 75 MM, PARA AGUA FRIA PREDIAL (NBR 5648)
121558	CURVA DE PVC 45 GRAUS, SOLDAVEL, 85 MM, PARA AGUA FRIA PREDIAL (NBR 5648)
121559	CURVA DE PVC 90 GRAUS, SOLDAVEL, 110 MM, PARA AGUA FRIA PREDIAL (NBR 5648)
121560	CURVA DE PVC 90 GRAUS, SOLDAVEL, 20 MM, PARA AGUA FRIA PREDIAL (NBR 5648)
121561	CURVA DE PVC 90 GRAUS, SOLDAVEL, 25 MM, PARA AGUA FRIA PREDIAL (NBR 5648)
121562	CURVA DE PVC 90 GRAUS, SOLDAVEL, 32 MM, PARA AGUA FRIA PREDIAL (NBR 5648)
121563	CURVA DE PVC 90 GRAUS, SOLDAVEL, 40 MM, PARA AGUA FRIA PREDIAL (NBR 5648)
121564	CURVA DE PVC 90 GRAUS, SOLDAVEL, 50 MM, PARA AGUA FRIA PREDIAL (NBR 5648)
121565	CURVA DE PVC 90 GRAUS, SOLDAVEL, 60 MM, PARA AGUA FRIA PREDIAL (NBR 5648)
121566	CURVA DE PVC 90 GRAUS, SOLDAVEL, 75 MM, PARA AGUA FRIA PREDIAL (NBR 5648)
121567	CURVA DE PVC 90 GRAUS, SOLDAVEL, 85 MM, PARA AGUA FRIA PREDIAL (NBR 5648)
121568	CURVA DE PVC, 45 GRAUS, SERIE R, DN 100 MM, PARA ESGOTO OU AGUAS PLUVIAIS PREDIAIS
121569	CURVA DE PVC, 90 GRAUS, SERIE R, DN 100 MM, PARA ESGOTO OU AGUAS PLUVIAIS PREDIAIS
121570	CURVA DE PVC, 90 GRAUS, SERIE R, DN 50 MM, PARA ESGOTO OU AGUAS PLUVIAIS PREDIAIS
121571	CURVA DE PVC, 90 GRAUS, SERIE R, DN 75 MM, PARA ESGOTO OU AGUAS PLUVIAIS PREDIAIS
121572	CURVA DE TRANSPOSICAO BRONZE/LATAO (REF 736) SEM ANEL DE SOLDA, BOLSA X BOLSA, 15 MM
121573	CURVA DE TRANSPOSICAO BRONZE/LATAO (REF 736) SEM ANEL DE SOLDA, BOLSA X BOLSA, 22 MM
121574	CURVA DE TRANSPOSICAO BRONZE/LATAO (REF 736) SEM ANEL DE SOLDA, BOLSA X BOLSA, 28 MM
121575	CURVA DE TRANSPOSICAO, CPVC, SOLDAVEL, 15 MM
121576	CURVA DE TRANSPOSICAO, CPVC, SOLDAVEL, 22 MM
121577	CURVA DE TRANSPOSICAO, PVC SOLDAVEL, 20 MM, PARA AGUA FRIA PREDIAL
121578	CURVA DE TRANSPOSICAO, PVC, SOLDAVEL, 25 MM, PARA AGUA FRIA PREDIAL
121579	CURVA DE TRANSPOSICAO, PVC, SOLDAVEL, 32 MM, PARA AGUA FRIA PREDIAL
121580	CURVA LONGA PVC, PB, JE, 45 GRAUS, DN 100 MM, PARA REDE COLETORA ESGOTO (NBR 10569)
121581	CURVA LONGA PVC, PB, JE, 45 GRAUS, DN 150 MM, PARA REDE COLETORA ESGOTO (NBR 10569)
121582	CURVA LONGA PVC, PB, JE, 90 GRAUS, DN 100 MM, PARA REDE COLETORA ESGOTO (NBR 10569)
121583	CURVA LONGA PVC, PB, JE, 90 GRAUS, DN 150 MM, PARA REDE COLETORA ESGOTO (NBR 10569)
121584	CURVA PPR 90 GRAUS, DN 20 MM, PARA AGUA QUENTE PREDIAL
121585	CURVA PPR 90 GRAUS, DN 25 MM, PARA AGUA QUENTE PREDIAL
121586	CURVA PVC CURTA 90 G, DN 50 MM, PARA ESGOTO PREDIAL
121587	CURVA PVC CURTA 90 GRAUS, DN 40 MM, PARA ESGOTO PREDIAL
121588	CURVA PVC CURTA 90 GRAUS, DN 75 MM, PARA ESGOTO PREDIAL
121589	CURVA PVC CURTA 90 GRAUS, 100 MM, PARA ESGOTO PREDIAL
121590	CURVA PVC LEVE, 90 GRAUS, COM PONTA E BOLSA LISA, DN 150 MM
121591	CURVA PVC LEVE, 90 GRAUS, COM PONTA E BOLSA LISA, DN 250 MM
121592	CURVA PVC LEVE, 90 GRAUS, COM PONTA E BOLSA LISA, DN 300 MM
121593	CURVA PVC LONGA 45 GRAUS, 100 MM, PARA ESGOTO PREDIAL
121594	CURVA PVC LONGA 45G, DN 50 MM, PARA ESGOTO PREDIAL
121595	CURVA PVC LONGA 45G, DN 75 MM, PARA ESGOTO PREDIAL
121596	CURVA PVC LONGA 90 GRAUS, 100 MM, PARA ESGOTO PREDIAL
121597	CURVA PVC LONGA 90 GRAUS, 40 MM, PARA ESGOTO PREDIAL
121598	CURVA PVC LONGA 90 GRAUS, 50 MM, PARA ESGOTO PREDIAL
121599	CURVA PVC LONGA 90 GRAUS, 75 MM, PARA ESGOTO PREDIAL
121600	CURVA PVC PBA, JE, PB, 22 GRAUS, DN 100 / DE 110 MM, PARA REDE AGUA (NBR 10351)
121601	CURVA PVC PBA, JE, PB, 22 GRAUS, DN 50 / DE 60 MM, PARA REDE AGUA (NBR 10351)
121602	CURVA PVC PBA, JE, PB, 22 GRAUS, DN 75 / DE 85 MM, PARA REDE AGUA (NBR 10351)
121603	CURVA PVC PBA, JE, PB, 45 GRAUS, DN 100 / DE 110 MM, PARA REDE AGUA (NBR 10351)
121604	CURVA PVC PBA, JE, PB, 45 GRAUS, DN 50 / DE 60 MM, PARA REDE AGUA (NBR 10351)
121605	CURVA PVC PBA, JE, PB, 45 GRAUS, DN 75 / DE 85 MM, PARA REDE AGUA (NBR 10351)
121606	CURVA PVC PBA, JE, PB, 90 GRAUS, DN 100 / DE 110 MM, PARA REDE AGUA (NBR 10351)
121607	CURVA PVC PBA, JE, PB, 90 GRAUS, DN 50 / DE 60 MM, PARA REDE AGUA (NBR 10351)
121608	CURVA PVC PBA, JE, PB, 90 GRAUS, DN 75 / DE 85 MM, PARA REDE AGUA (NBR 10351)
121609	"CURVA PVC 90 GRAUS, ROSCAVEL, 1 1/2"", AGUA FRIA PREDIAL"
121610	"CURVA PVC 90 GRAUS, ROSCAVEL, 1 1/4"", AGUA FRIA PREDIAL"
121611	"CURVA PVC 90 GRAUS, ROSCAVEL, 1/2"", AGUA FRIA PREDIAL"
121612	"CURVA PVC 90 GRAUS, ROSCAVEL, 1"", AGUA FRIA PREDIAL"
121613	"CURVA PVC 90 GRAUS, ROSCAVEL, 2"", AGUA FRIA PREDIAL"
121614	"CURVA PVC 90 GRAUS, ROSCAVEL, 3/4"", AGUA FRIA PREDIAL"
121615	CURVA PVC, BB, JE, 45 GRAUS, DN 200 MM, PARA TUBO CORRUGADO E/OU LISO, REDE COLETORA ESGOTO (NBR 10569)
121616	CURVA PVC, BB, JE, 45 GRAUS, DN 250 MM, PARA TUBO CORRUGADO E/OU LISO, REDE COLETORA ESGOTO (NBR 10569)
121617	CURVA PVC, BB, JE, 90 GRAUS, DN 200 MM, PARA TUBO CORRUGADO E/OU LISO, REDE COLETORA ESGOTO (NBR 10569)
121618	CURVA PVC, BB, JE, 90 GRAUS, DN 250 MM, PARA TUBO CORRUGADO E/OU LISO, REDE COLETORA ESGOTO (NBR 10569)
121619	CURVA PVC, SERIE R, 87.30 GRAUS, CURTA, 100 MM, PARA ESGOTO OU AGUAS PLUVIAIS PREDIAIS (PARA PE-DE-COLUNA)
121620	CURVA PVC, SERIE R, 87.30 GRAUS, CURTA, 150 MM, PARA ESGOTO OU AGUAS PLUVIAIS PREDIAIS (PARA PE-DE-COLUNA)
121621	CURVA PVC, SERIE R, 87.30 GRAUS, CURTA, 75 MM, PARA ESGOTO OU AGUAS PLUVIAIS PREDIAIS (PARA PE-DE-COLUNA)
121622	CURVA PVC, 45 GRAUS, CURTA, PB, DN 100 MM, PARA ESGOTO PREDIAL
121623	"CURVA 135 GRAUS, DE PVC RIGIDO ROSCAVEL, DE 1"", PARA ELETRODUTO"
121624	"CURVA 135 GRAUS, DE PVC RIGIDO ROSCAVEL, DE 3/4"", PARA ELETRODUTO"
121625	"CURVA 135 GRAUS, PARA ELETRODUTO, EM ACO GALVANIZADO ELETROLITICO, DIAMETRO DE 100 MM (4"")"
121626	"CURVA 135 GRAUS, PARA ELETRODUTO, EM ACO GALVANIZADO ELETROLITICO, DIAMETRO DE 15 MM (1/2"")"
121627	"CURVA 135 GRAUS, PARA ELETRODUTO, EM ACO GALVANIZADO ELETROLITICO, DIAMETRO DE 20 MM (3/4"")"
121628	"CURVA 135 GRAUS, PARA ELETRODUTO, EM ACO GALVANIZADO ELETROLITICO, DIAMETRO DE 25 MM (1"")"
121629	"CURVA 135 GRAUS, PARA ELETRODUTO, EM ACO GALVANIZADO ELETROLITICO, DIAMETRO DE 32 MM (1 1/4"")"
121630	"CURVA 135 GRAUS, PARA ELETRODUTO, EM ACO GALVANIZADO ELETROLITICO, DIAMETRO DE 40 MM (1 1/2"")"
121631	"CURVA 135 GRAUS, PARA ELETRODUTO, EM ACO GALVANIZADO ELETROLITICO, DIAMETRO DE 50 MM (2"")"
121632	"CURVA 135 GRAUS, PARA ELETRODUTO, EM ACO GALVANIZADO ELETROLITICO, DIAMETRO DE 65 MM (2 1/2"")"
121633	"CURVA 135 GRAUS, PARA ELETRODUTO, EM ACO GALVANIZADO ELETROLITICO, DIAMETRO DE 80 MM (3"")"
121634	"CURVA 180 GRAUS, DE PVC RIGIDO ROSCAVEL, DE 1 1/2"", PARA ELETRODUTO"
121635	"CURVA 180 GRAUS, DE PVC RIGIDO ROSCAVEL, DE 1 1/4"", PARA ELETRODUTO"
121636	"CURVA 180 GRAUS, DE PVC RIGIDO ROSCAVEL, DE 1/2"", PARA ELETRODUTO"
121637	"CURVA 180 GRAUS, DE PVC RIGIDO ROSCAVEL, DE 1"", PARA ELETRODUTO"
121638	"CURVA 180 GRAUS, DE PVC RIGIDO ROSCAVEL, DE 2"", PARA ELETRODUTO"
121639	"CURVA 180 GRAUS, DE PVC RIGIDO ROSCAVEL, DE 3/4"", PARA ELETRODUTO"
121640	CURVA 45 GRAUS DE COBRE (REF 606) SEM ANEL DE SOLDA, BOLSA X BOLSA, 15 MM
121641	CURVA 45 GRAUS DE COBRE (REF 606) SEM ANEL DE SOLDA, BOLSA X BOLSA, 22 MM
121642	CURVA 45 GRAUS DE COBRE (REF 606) SEM ANEL DE SOLDA, BOLSA X BOLSA, 28 MM
121643	CURVA 45 GRAUS DE COBRE (REF 606) SEM ANEL DE SOLDA, BOLSA X BOLSA, 35 MM
121644	CURVA 45 GRAUS DE COBRE (REF 606) SEM ANEL DE SOLDA, BOLSA X BOLSA, 42 MM
121645	CURVA 45 GRAUS DE COBRE (REF 606) SEM ANEL DE SOLDA, BOLSA X BOLSA, 54 MM
121646	CURVA 45 GRAUS DE COBRE (REF 606) SEM ANEL DE SOLDA, BOLSA X BOLSA, 66 MM
121647	"CURVA 45 GRAUS DE FERRO GALVANIZADO, COM ROSCA BSP FEMEA, DE 1 1/2"""
121648	"CURVA 45 GRAUS DE FERRO GALVANIZADO, COM ROSCA BSP FEMEA, DE 1 1/4"""
121649	"CURVA 45 GRAUS DE FERRO GALVANIZADO, COM ROSCA BSP FEMEA, DE 1/2"""
121650	"CURVA 45 GRAUS DE FERRO GALVANIZADO, COM ROSCA BSP FEMEA, DE 1"""
121651	"CURVA 45 GRAUS DE FERRO GALVANIZADO, COM ROSCA BSP FEMEA, DE 2 1/2"""
121652	"CURVA 45 GRAUS DE FERRO GALVANIZADO, COM ROSCA BSP FEMEA, DE 2"""
121653	"CURVA 45 GRAUS DE FERRO GALVANIZADO, COM ROSCA BSP FEMEA, DE 3/4"""
121654	"CURVA 45 GRAUS DE FERRO GALVANIZADO, COM ROSCA BSP FEMEA, DE 3"""
121655	"CURVA 45 GRAUS DE FERRO GALVANIZADO, COM ROSCA BSP FEMEA, DE 4"""
121656	"CURVA 45 GRAUS DE FERRO GALVANIZADO, COM ROSCA BSP MACHO/FEMEA, DE 1 1/2"""
121657	"CURVA 45 GRAUS DE FERRO GALVANIZADO, COM ROSCA BSP MACHO/FEMEA, DE 1 1/4"""
121658	"CURVA 45 GRAUS DE FERRO GALVANIZADO, COM ROSCA BSP MACHO/FEMEA, DE 1/2"""
121659	"CURVA 45 GRAUS DE FERRO GALVANIZADO, COM ROSCA BSP MACHO/FEMEA, DE 1"""
121660	"CURVA 45 GRAUS DE FERRO GALVANIZADO, COM ROSCA BSP MACHO/FEMEA, DE 2 1/2"""
121661	"CURVA 45 GRAUS DE FERRO GALVANIZADO, COM ROSCA BSP MACHO/FEMEA, DE 2"""
121662	"CURVA 45 GRAUS DE FERRO GALVANIZADO, COM ROSCA BSP MACHO/FEMEA, DE 3/4"""
121663	"CURVA 45 GRAUS DE FERRO GALVANIZADO, COM ROSCA BSP MACHO/FEMEA, DE 3"""
121664	"CURVA 45 GRAUS EM ACO CARBONO, SOLDAVEL, PRESSAO 3.000 LBS, DN 1 1/2"""
121665	"CURVA 45 GRAUS EM ACO CARBONO, SOLDAVEL, PRESSAO 3.000 LBS, DN 1 1/4"""
121666	"CURVA 45 GRAUS EM ACO CARBONO, SOLDAVEL, PRESSAO 3.000 LBS, DN 1/2"""
121667	"CURVA 45 GRAUS EM ACO CARBONO, SOLDAVEL, PRESSAO 3.000 LBS, DN 1"""
121668	"CURVA 45 GRAUS EM ACO CARBONO, SOLDAVEL, PRESSAO 3.000 LBS, DN 2 1/2"""
121669	"CURVA 45 GRAUS EM ACO CARBONO, SOLDAVEL, PRESSAO 3.000 LBS, DN 2"""
121670	"CURVA 45 GRAUS EM ACO CARBONO, SOLDAVEL, PRESSAO 3.000 LBS, DN 3/4"""
121671	"CURVA 45 GRAUS EM ACO CARBONO, SOLDAVEL, PRESSAO 3.000 LBS, DN 3"""
121672	"CURVA 45 GRAUS RANHURADA EM FERRO FUNDIDO, DN 50 MM (2"")"
121673	"CURVA 45 GRAUS RANHURADA EM FERRO FUNDIDO, DN 65 MM (2 1/2"")"
121674	"CURVA 45 GRAUS RANHURADA EM FERRO FUNDIDO, DN 80 MM (3"")"
121675	"CURVA 45 GRAUS, PARA ELETRODUTO, EM ACO GALVANIZADO ELETROLITICO, DIAMETRO DE 20 MM (3/4"")"
121676	"CURVA 45 GRAUS, PARA ELETRODUTO, EM ACO GALVANIZADO ELETROLITICO, DIAMETRO DE 25 MM (1"")"
121677	"CURVA 45 GRAUS, PARA ELETRODUTO, EM ACO GALVANIZADO ELETROLITICO, DIAMETRO DE 40 MM (1 1/2"")"
121678	"CURVA 90 GRAUS DE BARRA CHATA EM ALUMINIO 3/4 "" X 1/4 "" X 300 MM"
121679	"CURVA 90 GRAUS DE FERRO GALVANIZADO, COM ROSCA BSP FEMEA, DE 1 1/2"""
121680	"CURVA 90 GRAUS DE FERRO GALVANIZADO, COM ROSCA BSP FEMEA, DE 1 1/4"""
121681	"CURVA 90 GRAUS DE FERRO GALVANIZADO, COM ROSCA BSP FEMEA, DE 1/2"""
121682	"CURVA 90 GRAUS DE FERRO GALVANIZADO, COM ROSCA BSP FEMEA, DE 1"""
121683	"CURVA 90 GRAUS DE FERRO GALVANIZADO, COM ROSCA BSP FEMEA, DE 2 1/2"""
121684	"CURVA 90 GRAUS DE FERRO GALVANIZADO, COM ROSCA BSP FEMEA, DE 2"""
121685	"CURVA 90 GRAUS DE FERRO GALVANIZADO, COM ROSCA BSP FEMEA, DE 3/4"""
121686	"CURVA 90 GRAUS DE FERRO GALVANIZADO, COM ROSCA BSP FEMEA, DE 3"""
121687	"CURVA 90 GRAUS DE FERRO GALVANIZADO, COM ROSCA BSP FEMEA, DE 4"""
121688	"CURVA 90 GRAUS DE FERRO GALVANIZADO, COM ROSCA BSP MACHO/FEMEA, DE 1 1/2"""
121689	"CURVA 90 GRAUS DE FERRO GALVANIZADO, COM ROSCA BSP MACHO/FEMEA, DE 1 1/4"""
121690	"CURVA 90 GRAUS DE FERRO GALVANIZADO, COM ROSCA BSP MACHO/FEMEA, DE 1/2"""
121691	"CURVA 90 GRAUS DE FERRO GALVANIZADO, COM ROSCA BSP MACHO/FEMEA, DE 1"""
121692	"CURVA 90 GRAUS DE FERRO GALVANIZADO, COM ROSCA BSP MACHO/FEMEA, DE 2 1/2"""
121693	"CURVA 90 GRAUS DE FERRO GALVANIZADO, COM ROSCA BSP MACHO/FEMEA, DE 2"""
121694	"CURVA 90 GRAUS DE FERRO GALVANIZADO, COM ROSCA BSP MACHO/FEMEA, DE 3/4"""
121695	"CURVA 90 GRAUS DE FERRO GALVANIZADO, COM ROSCA BSP MACHO/FEMEA, DE 3"""
121696	"CURVA 90 GRAUS DE FERRO GALVANIZADO, COM ROSCA BSP MACHO/FEMEA, DE 4"""
121697	"CURVA 90 GRAUS DE FERRO GALVANIZADO, COM ROSCA BSP MACHO, DE 1 1/2"""
121698	"CURVA 90 GRAUS DE FERRO GALVANIZADO, COM ROSCA BSP MACHO, DE 1 1/4"""
121699	"CURVA 90 GRAUS DE FERRO GALVANIZADO, COM ROSCA BSP MACHO, DE 1/2"""
121700	"CURVA 90 GRAUS DE FERRO GALVANIZADO, COM ROSCA BSP MACHO, DE 1"""
121701	"CURVA 90 GRAUS DE FERRO GALVANIZADO, COM ROSCA BSP MACHO, DE 2 1/2"""
121702	"CURVA 90 GRAUS DE FERRO GALVANIZADO, COM ROSCA BSP MACHO, DE 2"""
121703	"CURVA 90 GRAUS DE FERRO GALVANIZADO, COM ROSCA BSP MACHO, DE 3/4"""
121704	"CURVA 90 GRAUS DE FERRO GALVANIZADO, COM ROSCA BSP MACHO, DE 3"""
121705	"CURVA 90 GRAUS DE FERRO GALVANIZADO, COM ROSCA BSP MACHO, DE 4"""
121706	"CURVA 90 GRAUS DE FERRO GALVANIZADO, COM ROSCA BSP MACHO, DE 6"""
121707	"CURVA 90 GRAUS EM ACO CARBONO, RAIO CURTO, SOLDAVEL, PRESSAO 3.000 LBS, DN 1 1/2"""
121708	"CURVA 90 GRAUS EM ACO CARBONO, RAIO CURTO, SOLDAVEL, PRESSAO 3.000 LBS, DN 1 1/4"""
121709	"CURVA 90 GRAUS EM ACO CARBONO, RAIO CURTO, SOLDAVEL, PRESSAO 3.000 LBS, DN 1/2"""
121710	"CURVA 90 GRAUS EM ACO CARBONO, RAIO CURTO, SOLDAVEL, PRESSAO 3.000 LBS, DN 1"""
121711	"CURVA 90 GRAUS EM ACO CARBONO, RAIO CURTO, SOLDAVEL, PRESSAO 3.000 LBS, DN 2 1/2"""
121712	"CURVA 90 GRAUS EM ACO CARBONO, RAIO CURTO, SOLDAVEL, PRESSAO 3.000 LBS, DN 2"""
121713	"CURVA 90 GRAUS EM ACO CARBONO, RAIO CURTO, SOLDAVEL, PRESSAO 3.000 LBS, DN 3/4"""
121714	"CURVA 90 GRAUS EM ACO CARBONO, RAIO CURTO, SOLDAVEL, PRESSAO 3.000 LBS, DN 3"""
121715	"CURVA 90 GRAUS RANHURADA EM FERRO FUNDIDO, DN 50 MM (2"")"
121716	"CURVA 90 GRAUS RANHURADA EM FERRO FUNDIDO, DN 65 MM (2 1/2"")"
121717	"CURVA 90 GRAUS RANHURADA EM FERRO FUNDIDO, DN 80 MM (3"")"
121718	"CURVA 90 GRAUS, CURTA, DE PVC RIGIDO ROSCAVEL, DE 1/2"", PARA ELETRODUTO"
121719	"CURVA 90 GRAUS, CURTA, DE PVC RIGIDO ROSCAVEL, DE 1"", PARA ELETRODUTO"
121720	"CURVA 90 GRAUS, CURTA, DE PVC RIGIDO ROSCAVEL, DE 3/4"", PARA ELETRODUTO"
121721	"CURVA 90 GRAUS, LONGA, DE PVC RIGIDO ROSCAVEL, DE 1 1/2"", PARA ELETRODUTO"
121722	"CURVA 90 GRAUS, LONGA, DE PVC RIGIDO ROSCAVEL, DE 1 1/4"", PARA ELETRODUTO"
121723	"CURVA 90 GRAUS, LONGA, DE PVC RIGIDO ROSCAVEL, DE 1/2"", PARA ELETRODUTO"
121724	"CURVA 90 GRAUS, LONGA, DE PVC RIGIDO ROSCAVEL, DE 1"", PARA ELETRODUTO"
121725	"CURVA 90 GRAUS, LONGA, DE PVC RIGIDO ROSCAVEL, DE 2 1/2"", PARA ELETRODUTO"
121726	"CURVA 90 GRAUS, LONGA, DE PVC RIGIDO ROSCAVEL, DE 2"", PARA ELETRODUTO"
121727	"CURVA 90 GRAUS, LONGA, DE PVC RIGIDO ROSCAVEL, DE 3/4"", PARA ELETRODUTO"
121728	"CURVA 90 GRAUS, LONGA, DE PVC RIGIDO ROSCAVEL, DE 3"", PARA ELETRODUTO"
121729	"CURVA 90 GRAUS, LONGA, DE PVC RIGIDO ROSCAVEL, DE 4"", PARA ELETRODUTO"
121730	"CURVA 90 GRAUS, PARA ELETRODUTO, EM ACO GALVANIZADO ELETROLITICO, DIAMETRO DE 100 MM (4"")"
121731	"CURVA 90 GRAUS, PARA ELETRODUTO, EM ACO GALVANIZADO ELETROLITICO, DIAMETRO DE 15 MM (1/2"")"
121732	"CURVA 90 GRAUS, PARA ELETRODUTO, EM ACO GALVANIZADO ELETROLITICO, DIAMETRO DE 20 MM (3/4"")"
121733	"CURVA 90 GRAUS, PARA ELETRODUTO, EM ACO GALVANIZADO ELETROLITICO, DIAMETRO DE 25 MM (1"")"
121734	"CURVA 90 GRAUS, PARA ELETRODUTO, EM ACO GALVANIZADO ELETROLITICO, DIAMETRO DE 32 MM (1 1/4"")"
121735	"CURVA 90 GRAUS, PARA ELETRODUTO, EM ACO GALVANIZADO ELETROLITICO, DIAMETRO DE 40 MM (1 1/2"")"
121736	"CURVA 90 GRAUS, PARA ELETRODUTO, EM ACO GALVANIZADO ELETROLITICO, DIAMETRO DE 50 MM (2"")"
121737	"CURVA 90 GRAUS, PARA ELETRODUTO, EM ACO GALVANIZADO ELETROLITICO, DIAMETRO DE 65 MM (2 1/2"")"
121738	"CURVA 90 GRAUS, PARA ELETRODUTO, EM ACO GALVANIZADO ELETROLITICO, DIAMETRO DE 80 MM (3"")"
121739	DENTE PARA FRESADORA
121740	DESEMPENADEIRA DE ACO DENTADA 12 X *25* CM, DENTES 8 X 8 MM, CABO FECHADO DE MADEIRA
121741	DESEMPENADEIRA DE ACO LISA 12 X *25* CM COM CABO FECHADO DE MADEIRA
121742	DESEMPENADEIRA PLASTICA LISA *14 X 27* CM
121743	DESENHISTA COPISTA
121744	DESENHISTA COPISTA (MENSALISTA)
121745	DESENHISTA DETALHISTA
121746	DESENHISTA DETALHISTA (MENSALISTA)
121747	DESENHISTA PROJETISTA
121748	DESENHISTA PROJETISTA (MENSALISTA)
121749	DESENHISTA TECNICO AUXILIAR
121750	DESENHISTA TECNICO AUXILIAR (MENSALISTA)
121751	DESMOLDANTE PARA CONCRETO ESTAMPADO
121752	DESMOLDANTE PARA FORMAS METALICAS A BASE DE OLEO VEGETAL
121753	DESMOLDANTE PROTETOR PARA FORMAS DE MADEIRA, DE BASE OLEOSA EMULSIONADA EM AGUA
121754	DILUENTE EPOXI
121755	"DISCO DE BORRACHA PARA LIXADEIRA RIGIDO 7 "" COM ARRUELA CENTRAL"
121756	"DISCO DE CORTE DIAMANTADO SEGMENTADO DIAMETRO DE 180 MM PARA ESMERILHADEIRA 7 """
121757	DISCO DE CORTE DIAMANTADO SEGMENTADO PARA CONCRETO, DIAMETRO DE 110 MM, FURO DE 20 MM
121758	"DISCO DE CORTE DIAMANTADO SEGMENTADO PARA CONCRETO, DIAMETRO DE 350 MM, FURO DE 1 "" (14 X 1 "")"
121759	"DISCO DE CORTE PARA METAL COM DUAS TELAS 12 X 1/8 X 3/4 "" (300 X 3,2 X 19,05 MM)"
121760	"DISCO DE DESBASTE PARA METAL FERROSO EM GERAL, COM TRES TELAS, 9 X 1/4 X 7/8 "" (228,6 X 6,4 X 22,2 MM)"
121762	DISJUNTOR TERMOMAGNETICO TRIPOLAR 3 X 400 A / ICC - 25 KA
121763	DISJUNTOR TERMICO E MAGNETICO AJUSTAVEIS, TRIPOLAR DE 100 ATE 250A, CAPACIDADE DE INTERRUPCAO DE 35KA
121764	DISJUNTOR TERMICO E MAGNETICO AJUSTAVEIS, TRIPOLAR DE 300 ATE 400A, CAPACIDADE DE INTERRUPCAO DE 35KA
121765	DISJUNTOR TERMICO E MAGNETICO AJUSTAVEIS, TRIPOLAR DE 450 ATE 600A, CAPACIDADE DE INTERRUPCAO DE 35KA
121766	DISJUNTOR TERMOMAGNETICO TRIPOLAR 125A
121767	DISJUNTOR TERMOMAGNETICO TRIPOLAR 150 A / 600 V, TIPO FXD / ICC - 35 KA
121768	DISJUNTOR TERMOMAGNETICO TRIPOLAR 200 A / 600 V, TIPO FXD / ICC - 35 KA
121769	DISJUNTOR TERMOMAGNETICO TRIPOLAR 250 A / 600 V, TIPO FXD
121770	DISJUNTOR TERMOMAGNETICO TRIPOLAR 3 X 250 A/ICC - 25 KA
121771	DISJUNTOR TERMOMAGNETICO TRIPOLAR 3 X 350 A/ICC - 25 KA
121772	DISJUNTOR TERMOMAGNETICO TRIPOLAR 300 A / 600 V, TIPO JXD / ICC - 40 KA
121773	DISJUNTOR TERMOMAGNETICO TRIPOLAR 400 A / 600 V, TIPO JXD / ICC - 40 KA
121774	DISJUNTOR TERMOMAGNETICO TRIPOLAR 600 A / 600 V, TIPO LXD / ICC - 40 KA
121775	DISJUNTOR TERMOMAGNETICO TRIPOLAR 800 A / 600 V, TIPO LMXD
121776	DISJUNTOR TIPO DIN / IEC, MONOPOLAR DE 40 ATE 50A
121777	DISJUNTOR TIPO DIN/IEC, BIPOLAR DE 6 ATE 32A
121778	DISJUNTOR TIPO DIN/IEC, BIPOLAR 40 ATE 50A
121779	DISJUNTOR TIPO DIN/IEC, BIPOLAR 63 A
121780	DISJUNTOR TIPO DIN/IEC, MONOPOLAR DE 6 ATE 32A
121781	DISJUNTOR TIPO DIN/IEC, MONOPOLAR DE 63 A
121782	DISJUNTOR TIPO DIN/IEC, TRIPOLAR DE 10 ATE 50A
121783	DISJUNTOR TIPO DIN/IEC, TRIPOLAR 63 A
121784	DISJUNTOR TIPO NEMA, BIPOLAR 10 ATE 50 A, TENSAO MAXIMA 415 V
121785	DISJUNTOR TIPO NEMA, BIPOLAR 60 ATE 100A, TENSAO MAXIMA 415 V
121786	DISJUNTOR TIPO NEMA, MONOPOLAR DE 60 ATE 70A, TENSAO MAXIMA DE 240 V
121787	DISJUNTOR TIPO NEMA, MONOPOLAR 10 ATE 30A, TENSAO MAXIMA DE 240 V
121788	DISJUNTOR TIPO NEMA, MONOPOLAR 35 ATE 50 A, TENSAO MAXIMA DE 240 V
121789	DISJUNTOR TIPO NEMA, TRIPOLAR 10 ATE 50A, TENSAO MAXIMA DE 415 V
121790	DISJUNTOR TIPO NEMA, TRIPOLAR 60 ATE 100 A, TENSAO MAXIMA DE 415 V
121791	DISPOSITIVO DPS CLASSE II, 1 POLO, TENSAO MAXIMA DE 175 V, CORRENTE MAXIMA DE *20* KA (TIPO AC)
121792	DISPOSITIVO DPS CLASSE II, 1 POLO, TENSAO MAXIMA DE 175 V, CORRENTE MAXIMA DE *30* KA (TIPO AC)
121793	DISPOSITIVO DPS CLASSE II, 1 POLO, TENSAO MAXIMA DE 175 V, CORRENTE MAXIMA DE *45* KA (TIPO AC)
121794	DISPOSITIVO DPS CLASSE II, 1 POLO, TENSAO MAXIMA DE 175 V, CORRENTE MAXIMA DE *90* KA (TIPO AC)
121795	DISPOSITIVO DPS CLASSE II, 1 POLO, TENSAO MAXIMA DE 275 V, CORRENTE MAXIMA DE *20* KA (TIPO AC)
121796	DISPOSITIVO DPS CLASSE II, 1 POLO, TENSAO MAXIMA DE 275 V, CORRENTE MAXIMA DE *30* KA (TIPO AC)
121797	DISPOSITIVO DPS CLASSE II, 1 POLO, TENSAO MAXIMA DE 275 V, CORRENTE MAXIMA DE *45* KA (TIPO AC)
121798	DISPOSITIVO DPS CLASSE II, 1 POLO, TENSAO MAXIMA DE 275 V, CORRENTE MAXIMA DE *90* KA (TIPO AC)
121799	DISPOSITIVO DPS CLASSE II, 1 POLO, TENSAO MAXIMA DE 385 V, CORRENTE MAXIMA DE *20* KA (TIPO AC)
121800	DISPOSITIVO DPS CLASSE II, 1 POLO, TENSAO MAXIMA DE 385 V, CORRENTE MAXIMA DE *30* KA (TIPO AC)
121801	DISPOSITIVO DPS CLASSE II, 1 POLO, TENSAO MAXIMA DE 385 V, CORRENTE MAXIMA DE *45* KA (TIPO AC)
121802	DISPOSITIVO DPS CLASSE II, 1 POLO, TENSAO MAXIMA DE 385 V, CORRENTE MAXIMA DE *90* KA (TIPO AC)
121803	DISPOSITIVO DPS CLASSE II, 1 POLO, TENSAO MAXIMA DE 460 V, CORRENTE MAXIMA DE *20* KA (TIPO AC)
121804	DISPOSITIVO DPS CLASSE II, 1 POLO, TENSAO MAXIMA DE 460 V, CORRENTE MAXIMA DE *30* KA (TIPO AC)
121805	DISPOSITIVO DPS CLASSE II, 1 POLO, TENSAO MAXIMA DE 460 V, CORRENTE MAXIMA DE *45* KA (TIPO AC)
121806	DISPOSITIVO DPS CLASSE II, 1 POLO, TENSAO MAXIMA DE 460 V, CORRENTE MAXIMA DE *90* KA (TIPO AC)
121807	DISPOSITIVO DR, 2 POLOS, SENSIBILIDADE DE 30 MA, CORRENTE DE 100 A, TIPO AC
121808	DISPOSITIVO DR, 2 POLOS, SENSIBILIDADE DE 30 MA, CORRENTE DE 25 A, TIPO AC
121809	DISPOSITIVO DR, 2 POLOS, SENSIBILIDADE DE 30 MA, CORRENTE DE 40 A, TIPO AC
121810	DISPOSITIVO DR, 2 POLOS, SENSIBILIDADE DE 30 MA, CORRENTE DE 63 A, TIPO AC
121811	DISPOSITIVO DR, 2 POLOS, SENSIBILIDADE DE 30 MA, CORRENTE DE 80 A, TIPO AC
121812	DISPOSITIVO DR, 2 POLOS, SENSIBILIDADE DE 300 MA, CORRENTE DE 25 A, TIPO AC
121813	DISPOSITIVO DR, 2 POLOS, SENSIBILIDADE DE 300 MA, CORRENTE DE 40 A, TIPO AC
121814	DISPOSITIVO DR, 2 POLOS, SENSIBILIDADE DE 300 MA, CORRENTE DE 63 A, TIPO AC
121815	DISPOSITIVO DR, 2 POLOS, SENSIBILIDADE DE 300 MA, CORRENTE DE 80 A, TIPO AC
121816	DISPOSITIVO DR, 4 POLOS, SENSIBILIDADE DE 30 MA, CORRENTE DE 100 A, TIPO AC
121817	DISPOSITIVO DR, 4 POLOS, SENSIBILIDADE DE 30 MA, CORRENTE DE 25 A, TIPO AC
121818	DISPOSITIVO DR, 4 POLOS, SENSIBILIDADE DE 30 MA, CORRENTE DE 40 A, TIPO AC
121819	DISPOSITIVO DR, 4 POLOS, SENSIBILIDADE DE 30 MA, CORRENTE DE 63 A, TIPO AC
121820	DISPOSITIVO DR, 4 POLOS, SENSIBILIDADE DE 30 MA, CORRENTE DE 80 A, TIPO AC
121821	DISPOSITIVO DR, 4 POLOS, SENSIBILIDADE DE 300 MA, CORRENTE DE 100 A, TIPO AC
121822	DISPOSITIVO DR, 4 POLOS, SENSIBILIDADE DE 300 MA, CORRENTE DE 25 A, TIPO AC
121823	DISPOSITIVO DR, 4 POLOS, SENSIBILIDADE DE 300 MA, CORRENTE DE 40 A, TIPO AC
121824	DISPOSITIVO DR, 4 POLOS, SENSIBILIDADE DE 300 MA, CORRENTE DE 63 A, TIPO AC
121825	DISPOSITIVO DR, 4 POLOS, SENSIBILIDADE DE 300 MA, CORRENTE DE 80 A, TIPO AC
121826	DISTRIBUIDOR DE AGREGADOS AUTOPROPELIDO, CAP 3 M3, A DIESEL, 6 CC, 176 CV
121827	DISTRIBUIDOR DE AGREGADOS REBOCAVEL, CAPACIDADE 1,9 M3, LARGURA DE TRABALHO 3,66 M
121828	"DISTRIBUIDOR METALICO, COM ROSCA, 2 SAIDAS, DN 1"" X 1/2"", PARA CONEXAO COM ANEL DESLIZANTE EM TUBO PEX"
121829	"DISTRIBUIDOR METALICO, COM ROSCA, 2 SAIDAS, DN 3/4"" X 1/2"", PARA CONEXAO COM ANEL DESLIZANTE EM TUBO PEX"
121830	"DISTRIBUIDOR METALICO, COM ROSCA, 3 SAIDAS, DN 1"" X 1/2"", PARA CONEXAO COM ANEL DESLIZANTE EM TUBO PEX"
121831	"DISTRIBUIDOR METALICO, COM ROSCA, 3 SAIDAS, DN 3/4"" X 1/2"", PARA CONEXAO COM ANEL DESLIZANTE EM TUBO PEX"
121832	DISTRIBUIDOR, PLASTICO, 2 SAIDAS, DN 32 X 16 MM, PARA CONEXAO COM CRIMPAGEM EM TUBO PEX
121833	DISTRIBUIDOR, PLASTICO, 2 SAIDAS, DN 32 X 20 MM, PARA CONEXAO COM CRIMPAGEM EM TUBO PEX
121834	DISTRIBUIDOR, PLASTICO, 2 SAIDAS, DN 32 X 25 MM, PARA CONEXAO COM CRIMPAGEM EM TUBO PEX
121835	DISTRIBUIDOR, PLASTICO, 3 SAIDAS, DN 32 X 16 MM, PARA CONEXAO COM CRIMPAGEM EM TUBO PEX
121836	DISTRIBUIDOR, PLASTICO, 3 SAIDAS, DN 32 X 20 MM, PARA CONEXAO COM CRIMPAGEM EM TUBO PEX
121837	DISTRIBUIDOR, PLASTICO, 3 SAIDAS, DN 32 X 25 MM, PARA CONEXAO COM CRIMPAGEM EM TUBO PEX
121838	DIVISORIA EM GRANITO, COM DUAS FACES POLIDAS, TIPO ANDORINHA/ QUARTZ/ CASTELO/ CORUMBA OU OUTROS EQUIVALENTES DA REGIAO, E= *3,0* CM
121839	DIVISORIA EM MARMORE, COM DUAS FACES POLIDAS, BRANCO COMUM, E= *3,0* CM
121840	DIVISORIA, PLACA PRE-MOLDADA EM GRANILITE, MARMORITE OU GRANITINA, E = *3 CM
121841	"DOBRADEIRA ELETROMECANICA DE VERGALHAO, PARA ACO DE DIAMETRO ATE 1 1/2 ""Â, MOTOR ELETRICO TRIFASICO, POTENCIA DE 3 HP ATE 5 HP"
121842	"DOBRADICA EM ACO/FERRO, 3 1/2"" X 3"", E= 1,9 A 2 MM, COM ANEL, CROMADO OU ZINCADO, TAMPA BOLA, COM PARAFUSOS"
121843	"DOBRADICA EM ACO/FERRO, 3"" X 2 1/2"", E= 1,2 A 1,8 MM, SEM ANEL, CROMADO OU ZINCADO, TAMPA CHATA, COM PARAFUSOS"
121844	"DOBRADICA EM ACO/FERRO, 3"" X 2 1/2"", E= 1,9 A 2 MM, SEM ANEL, CROMADO OU ZINCADO, TAMPA BOLA, COM PARAFUSOS"
121845	"DOBRADICA EM LATAO, 3 "" X 2 1/2 "", E= 1,9 A 2 MM, COM ANEL, CROMADO, TAMPA BOLA, COM PARAFUSOS"
121846	DOBRADICA TIPO VAI-E-VEM EM ACO/FERRO, TAMANHO 3'', GALVANIZADO, COM PARAFUSOS
121847	DOMOS INDIVIDUAL EM ACRILICO BRANCO *95 X 95* CM, SEM INSTALACAO
121848	DOSADOR DE AREIA, CAPACIDADE DE *26* LITROS
121849	"DUCHA HIGIENICA PLASTICA COM REGISTRO METALICO 1/2 """
121850	DUCHA METALICA DE PAREDE, ARTICULAVEL, COM BRACO/CANO, SEM DESVIADOR
121851	DUCHA METALICA DE PAREDE, ARTICULAVEL, COM DESVIADOR E DUCHA MANUAL
121852	DUMPER COM CAPACIDADE DE CARGA DE 1700 KG, PARTIDA ELETRICA, MOTOR DIESEL COM POTENCIA DE 16 CV
121853	ELEMENTO VAZADO CERAMICO DIAGONAL (TIPO FLOR/QUADRADO/XIS) 25 X 18 X 7 CM
121854	ELEMENTO VAZADO CERAMICO QUADRADO (RETO OU REDONDO), *7 A 9 X 20 X 20* CM (L X A X C)
121855	ELEMENTO VAZADO DE CONCRETO, QUADRICULADO, 1 FURO *10 X 10 X 10* CM
121856	ELEMENTO VAZADO DE CONCRETO, QUADRICULADO, 1 FURO *20 X 10 X 7* CM
121857	ELEMENTO VAZADO DE CONCRETO, QUADRICULADO, 1 FURO *20 X 20 X 6,5* CM
121858	ELEMENTO VAZADO DE CONCRETO, QUADRICULADO, 16 FUROS *29 X 29 X 6* CM
121859	ELEMENTO VAZADO DE CONCRETO, QUADRICULADO, 16 FUROS *33 X 33 X 10* CM
121860	ELEMENTO VAZADO DE CONCRETO, QUADRICULADO, 16 FUROS *40 X 40 X 7* CM
121861	ELEMENTO VAZADO DE CONCRETO, QUADRICULADO, 16 FUROS *50 X 50 X 7* CM
121862	ELEMENTO VAZADO DE CONCRETO, QUADRICULADO, 25 FUROS *50 X 50 X 5* CM
121863	ELEMENTO VAZADO DE CONCRETO, VENEZIANA *39 X 22 X 15* CM
121864	ELEMENTO VAZADO DE CONCRETO, VENEZIANA *39 X 29 X 10* CM
121865	ELEMENTO VAZADO DE CONCRETO, VENEZIANA *40 X 10 X 10* CM
121866	ELETRICISTA
121867	ELETRICISTA (MENSALISTA)
121868	ELETRICISTA DE MANUTENCAO INDUSTRIAL
121869	ELETRICISTA DE MANUTENCAO INDUSTRIAL (MENSALISTA)
121870	ELETRODO REVESTIDO AWS - E-6010, DIAMETRO IGUAL A 4,00 MM
121871	ELETRODO REVESTIDO AWS - E6013, DIAMETRO IGUAL A 2,50 MM
121872	ELETRODO REVESTIDO AWS - E6013, DIAMETRO IGUAL A 4,00 MM
121873	ELETRODO REVESTIDO AWS - E7018, DIAMETRO IGUAL A 4,00 MM
121874	"ELETRODUTO DE PVC RIGIDO ROSCAVEL DE 1 "", SEM LUVA"
121875	"ELETRODUTO DE PVC RIGIDO ROSCAVEL DE 1 1/2 "", SEM LUVA"
121876	"ELETRODUTO DE PVC RIGIDO ROSCAVEL DE 1 1/4 "", SEM LUVA"
121877	"ELETRODUTO DE PVC RIGIDO ROSCAVEL DE 1/2 "", SEM LUVA"
121878	"ELETRODUTO DE PVC RIGIDO ROSCAVEL DE 2 "", SEM LUVA"
121879	"ELETRODUTO DE PVC RIGIDO ROSCAVEL DE 2 1/2 "", SEM LUVA"
121880	"ELETRODUTO DE PVC RIGIDO ROSCAVEL DE 3 "", SEM LUVA"
121881	"ELETRODUTO DE PVC RIGIDO ROSCAVEL DE 3/4 "", SEM LUVA"
121882	"ELETRODUTO DE PVC RIGIDO ROSCAVEL DE 4 "", SEM LUVA"
121883	ELETRODUTO DE PVC RIGIDO SOLDAVEL, CLASSE B, DE 20 MM
121884	ELETRODUTO DE PVC RIGIDO SOLDAVEL, CLASSE B, DE 25 MM
121885	ELETRODUTO DE PVC RIGIDO SOLDAVEL, CLASSE B, DE 32 MM
121886	ELETRODUTO DE PVC RIGIDO SOLDAVEL, CLASSE B, DE 40 MM
121887	ELETRODUTO DE PVC RIGIDO SOLDAVEL, CLASSE B, DE 50 MM
121888	ELETRODUTO DE PVC RIGIDO SOLDAVEL, CLASSE B, DE 60 MM
121889	ELETRODUTO FLEXIVEL PLANO EM PEAD, COR PRETA E LARANJA, DIAMETRO 32 MM
121890	ELETRODUTO FLEXIVEL PLANO EM PEAD, COR PRETA E LARANJA, DIAMETRO 40 MM
121891	ELETRODUTO FLEXIVEL PLANO EM PEAD, COR PRETA E LARANJA, DIAMETRO 25 MM
121892	"ELETRODUTO FLEXIVEL, EM ACO GALVANIZADO, REVESTIDO EXTERNAMENTE COM PVC PRETO, DIAMETRO EXTERNO DE 25 MM (3/4""), TIPO SEALTUBO"
121893	"ELETRODUTO FLEXIVEL, EM ACO GALVANIZADO, REVESTIDO EXTERNAMENTE COM PVC PRETO, DIAMETRO EXTERNO DE 32 MM (1""), TIPO SEALTUBO"
121894	"ELETRODUTO FLEXIVEL, EM ACO GALVANIZADO, REVESTIDO EXTERNAMENTE COM PVC PRETO, DIAMETRO EXTERNO DE 40 MM (1 1/4""), TIPO SEALTUBO"
121895	"ELETRODUTO FLEXIVEL, EM ACO GALVANIZADO, REVESTIDO EXTERNAMENTE COM PVC PRETO, DIAMETRO EXTERNO DE 50 MM( 1 1/2""), TIPO SEALTUBO"
121896	"ELETRODUTO FLEXIVEL, EM ACO GALVANIZADO, REVESTIDO EXTERNAMENTE COM PVC PRETO, DIAMETRO EXTERNO DE 60 MM (2""), TIPO SEALTUBO"
121897	"ELETRODUTO FLEXIVEL, EM ACO GALVANIZADO, REVESTIDO EXTERNAMENTE COM PVC PRETO, DIAMETRO EXTERNO DE 75 MM (2 1/2""), TIPO SEALTUBO"
121898	"ELETRODUTO FLEXIVEL, EM ACO, TIPO CONDUITE, DIAMETRO DE 1 1/2"""
121899	"ELETRODUTO FLEXIVEL, EM ACO, TIPO CONDUITE, DIAMETRO DE 1 1/4"""
121900	"ELETRODUTO FLEXIVEL, EM ACO, TIPO CONDUITE, DIAMETRO DE 1/2"""
121901	"ELETRODUTO FLEXIVEL, EM ACO, TIPO CONDUITE, DIAMETRO DE 1"""
121902	"ELETRODUTO FLEXIVEL, EM ACO, TIPO CONDUITE, DIAMETRO DE 2 1/2"""
121903	"ELETRODUTO FLEXIVEL, EM ACO, TIPO CONDUITE, DIAMETRO DE 2"""
121904	"ELETRODUTO FLEXIVEL, EM ACO, TIPO CONDUITE, DIAMETRO DE 3"""
121905	"ELETRODUTO METALICO FLEXIVEL REVESTIDO COM PVC PRETO, DIAMETRO EXTERNO DE 15 MM (3/8""), TIPO COPEX"
121906	ELETRODUTO PVC FLEXIVEL CORRUGADO, COR AMARELA, DE 16 MM
121907	ELETRODUTO PVC FLEXIVEL CORRUGADO, COR AMARELA, DE 20 MM
121908	ELETRODUTO PVC FLEXIVEL CORRUGADO, COR AMARELA, DE 25 MM
121909	ELETRODUTO PVC FLEXIVEL CORRUGADO, COR AMARELA, DE 32 MM
121910	ELETRODUTO PVC FLEXIVEL CORRUGADO, REFORCADO, COR LARANJA, DE 20 MM, PARA LAJES E PISOS
121911	ELETRODUTO PVC FLEXIVEL CORRUGADO, REFORCADO, COR LARANJA, DE 25 MM, PARA LAJES E PISOS
121912	ELETRODUTO PVC FLEXIVEL CORRUGADO, REFORCADO, COR LARANJA, DE 32 MM, PARA LAJES E PISOS
121913	"ELETRODUTO/CONDULETE DE PVC RIGIDO, LISO, COR CINZA, DE 1/2"", PARA INSTALACOES APARENTES (NBR 5410)"
121914	"ELETRODUTO/CONDULETE DE PVC RIGIDO, LISO, COR CINZA, DE 1"", PARA INSTALACOES APARENTES (NBR 5410)"
121915	"ELETRODUTO/CONDULETE DE PVC RIGIDO, LISO, COR CINZA, DE 3/4"", PARA INSTALACOES APARENTES (NBR 5410)"
121916	"ELETRODUTO/DUTO PEAD FLEXIVEL PAREDE SIMPLES, CORRUGACAO HELICOIDAL, COR PRETA, SEM ROSCA, DE 2"", PARA CABEAMENTO SUBTERRANEO (NBR 15715)"
121917	"ELETRODUTO/DUTO PEAD FLEXIVEL PAREDE SIMPLES, CORRUGACAO HELICOIDAL, COR PRETA, SEM ROSCA, DE 3"", PARA CABEAMENTO SUBTERRANEO (NBR 15715)"
121918	"ELETRODUTODUTO PEAD FLEXIVEL PAREDE SIMPLES, CORRUGACAO HELICOIDAL, COR PRETA, SEM ROSCA, DE 1 1/2"", PARA CABEAMENTO SUBTERRANEO (NBR 15715)"
121919	"ELETRODUTODUTO PEAD FLEXIVEL PAREDE SIMPLES, CORRUGACAO HELICOIDAL, COR PRETA, SEM ROSCA, DE 1 1/4"", PARA CABEAMENTO SUBTERRANEO (NBR 15715)"
121920	"ELETRODUTODUTO PEAD FLEXIVEL PAREDE SIMPLES, CORRUGACAO HELICOIDAL, COR PRETA, SEM ROSCA, DE 4"", PARA CABEAMENTO SUBTERRANEO (NBR 15715)"
121921	ELETROTECNICO
121922	ELETROTECNICO (MENSALISTA)
121923	ELEVADOR DE CARGA A CABO, CABINE SEMI FECHADA 2,0 X 1,5 X 2,0 M, CAPACIDADE DE CARGA 1000 KG, TORRE 2,38 X 2,21 X 15 M, GUINCHO DE EMBREAGEM, FREIO DE SEGURANCA, LIMITADOR DE VELOCIDADE E CANCELA
121924	ELEVADOR DE CREMALHEIRA CABINE FECHADA 1,5 X 2,5 X 2,35 M (UMA POR TORRE), CAPACIDADE DE CARGA 1200 KG (15 PESSOAS), TORRE 24 M (16 MODULOS), FREIO DE SEGURANCA, LIMITADOR DE CARGA
121925	EMENDA PARA CALHA PLUVIAL, PVC, DIAMETRO ENTRE 119 E 170 MM, PARA DRENAGEM PREDIAL
121926	EMULSAO ASFALTICA ANIONICA
121927	EMULSAO ASFALTICA CATIONICA RL-1C PARA USO EM PAVIMENTACAO ASFALTICA (COLETADO CAIXA NA ANP ACRESCIDO DE ICMS)
121928	EMULSAO ASFALTICA CATIONICA RR-2C PARA USO EM PAVIMENTACAO ASFALTICA (COLETADO CAIXA NA ANP ACRESCIDO DE ICMS)
121929	"EMULSAO EXPLOSIVA EM CARTUCHOS DE 1"" X 12"", DENSIDADE 1.15 G/CM3, INICIACAO ESPOLETA N. 8 / CORDEL"
121930	"EMULSAO EXPLOSIVA EM CARTUCHOS DE 1"" X 24"", DENSIDADE 1.15 G/CM3, INICIACAO ESPOLETA N. 8 / CORDEL"
121931	"EMULSAO EXPLOSIVA EM CARTUCHOS DE 1"" X 8"", DENSIDADE 1.15 G/CM3, INICIACAO ESPOLETA N. 8 / CORDEL"
121932	"EMULSAO EXPLOSIVA EM CARTUCHOS DE 2 1/2"" X 24"", DENSIDADE 1.15 G/CM3, INICIACAO ESPOLETA N. 8 / CORDEL"
121933	"EMULSAO EXPLOSIVA EM CARTUCHOS DE 2 1/4"" X 24"", DENSIDADE 1.15 G/CM3, INICIACAO ESPOLETA N. 8 / CORDEL"
121934	"EMULSAO EXPLOSIVA EM CARTUCHOS DE 2"" X 24"", DENSIDADE 1.15 G/CM3, INICIACAO ESPOLETA N. 8 / CORDEL"
121935	ENCANADOR OU BOMBEIRO HIDRAULICO
121936	ENCANADOR OU BOMBEIRO HIDRAULICO (MENSALISTA)
121937	ENCARREGADO GERAL DE OBRAS
121938	ENCARREGADO GERAL DE OBRAS (MENSALISTA)
121939	ENDURECEDOR MINERAL DE BASE CIMENTICIA PARA PISO DE CONCRETO
121940	ENERGIA ELETRICA ATE 2000 KWH INDUSTRIAL, SEM DEMANDA
121941	ENERGIA ELETRICA COMERCIAL, BAIXA TENSAO, RELATIVA AO CONSUMO DE ATE 100 KWH, INCLUINDO ICMS, PIS/PASEP E COFINS
121942	"ENGATE / RABICHO FLEXIVEL INOX 1/2 "" X 30 CM"
121943	"ENGATE / RABICHO FLEXIVEL INOX 1/2 "" X 40 CM"
121944	"ENGATE/RABICHO FLEXIVEL PLASTICO (PVC OU ABS) BRANCO 1/2 "" X 30 CM"
121945	"ENGATE/RABICHO FLEXIVEL PLASTICO (PVC OU ABS) BRANCO 1/2 "" X 40 CM"
121946	ENGENHEIRO CIVIL DE OBRA JUNIOR
121947	ENGENHEIRO CIVIL DE OBRA JUNIOR (MENSALISTA)
121948	ENGENHEIRO CIVIL DE OBRA PLENO
121949	ENGENHEIRO CIVIL DE OBRA PLENO (MENSALISTA)
121950	ENGENHEIRO CIVIL DE OBRA SENIOR
121951	ENGENHEIRO CIVIL DE OBRA SENIOR (MENSALISTA)
121952	ENGENHEIRO CIVIL JUNIOR
121953	ENGENHEIRO CIVIL JUNIOR (MENSALISTA)
121954	ENGENHEIRO CIVIL PLENO
121955	ENGENHEIRO CIVIL PLENO (MENSALISTA)
121956	ENGENHEIRO CIVIL SENIOR
121957	ENGENHEIRO CIVIL SENIOR (MENSALISTA)
121958	ENGENHEIRO ELETRICISTA
121959	ENGENHEIRO ELETRICISTA (MENSALISTA)
121960	ENGENHEIRO SANITARISTA
121961	ENGENHEIRO SANITARISTA (MENSALISTA)
121962	ENXADA ESTREITA *25 X 23* CM COM CABO
121963	EPI - FAMILIA ALMOXARIFE - HORISTA (ENCARGOS COMPLEMENTARES - COLETADO CAIXA)
121964	EPI - FAMILIA ALMOXARIFE - MENSALISTA (ENCARGOS COMPLEMENTARES - COLETADO CAIXA)
121965	EPI - FAMILIA CARPINTEIRO DE FORMAS - HORISTA (ENCARGOS COMPLEMENTARES - COLETADO CAIXA)
121966	EPI - FAMILIA CARPINTEIRO DE FORMAS - MENSALISTA (ENCARGOS COMPLEMENTARES - COLETADO CAIXA)
121967	EPI - FAMILIA ELETRICISTA - HORISTA (ENCARGOS COMPLEMENTARES - COLETADO CAIXA)
121968	EPI - FAMILIA ELETRICISTA - MENSALISTA (ENCARGOS COMPLEMENTARES - COLETADO CAIXA)
121969	EPI - FAMILIA ENCANADOR - HORISTA (ENCARGOS COMPLEMENTARES - COLETADO CAIXA)
121970	EPI - FAMILIA ENCANADOR - MENSALISTA (ENCARGOS COMPLEMENTARES - COLETADO CAIXA)
121971	EPI - FAMILIA ENCARREGADO GERAL - HORISTA (ENCARGOS COMPLEMENTARES - COLETADO CAIXA)
121972	EPI - FAMILIA ENCARREGADO GERAL - MENSALISTA (ENCARGOS COMPLEMENTARES - COLETADO CAIXA)
121973	EPI - FAMILIA ENGENHEIRO CIVIL - HORISTA (ENCARGOS COMPLEMENTARES - COLETADO CAIXA)
121974	EPI - FAMILIA ENGENHEIRO CIVIL - MENSALISTA (ENCARGOS COMPLEMENTARES - COLETADO CAIXA)
121975	EPI - FAMILIA OPERADOR ESCAVADEIRA - HORISTA (ENCARGOS COMPLEMENTARES - COLETADO CAIXA)
121976	EPI - FAMILIA OPERADOR ESCAVADEIRA - MENSALISTA (ENCARGOS COMPLEMENTARES - COLETADO CAIXA)
121977	EPI - FAMILIA PEDREIRO - HORISTA (ENCARGOS COMPLEMENTARES - COLETADO CAIXA)
121978	EPI - FAMILIA PEDREIRO - MENSALISTA (ENCARGOS COMPLEMENTARES - COLETADO CAIXA)
121979	EPI - FAMILIA PINTOR - HORISTA (ENCARGOS COMPLEMENTARES - COLETADO CAIXA)
121980	EPI - FAMILIA PINTOR - MENSALISTA (ENCARGOS COMPLEMENTARES - COLETADO CAIXA)
121981	EPI - FAMILIA SERVENTE - HORISTA (ENCARGOS COMPLEMENTARES - COLETADO CAIXA)
121982	EPI - FAMILIA SERVENTE - MENSALISTA (ENCARGOS COMPLEMENTARES - COLETADO CAIXA)
121983	EPI - FAMILIA SOLDADOR - HORISTA (ENCARGOS COMPLEMENTARES - COLETADO CAIXA)
121984	EPI - FAMILIA SOLDADOR - MENSALISTA (ENCARGOS COMPLEMENTARES - COLETADO CAIXA)
121985	EPI - FAMILIA TOPOGRAFO - HORISTA (ENCARGOS COMPLEMENTARES - COLETADO CAIXA)
121986	EPI - FAMILIA TOPOGRAFO - MENSALISTA (ENCARGOS COMPLEMENTARES - COLETADO CAIXA)
121987	EQUIPAMENTO DE LIMPEZA COMBINADO (VACUO/ALTA PRESSAO) 95% VACUO, TANQUE 7000 L, BOMBA 140 KGF/CM2 66 L/MIN COM MOTOR INDEPENDENTE A DIESEL DE 60 CV (INCLUI MONTAGEM, NAO INCLUI CAMINHAO)
121988	EQUIPAMENTO PARA DEMARCACAO DE FAIXAS DE TRAFEGO A FRIO, A SER MONTADO SOBRE CAMINHAO DE PBT MINIMO DE 9 T E DISTANCIA MINIMA ENTRE EIXOS DE 4,3 M, CAPACIDADE PARA 800 L DE TINTA (INCLUI MONTAGEM, NAO INCLUI CAMINHAO)
121990	ESCADA DUPLA DE ABRIR EM ALUMINIO, MODELO PINTOR, 8 DEGRAUS
121991	ESCADA EXTENSIVEL EM ALUMINIO COM 6,00 M ESTENDIDA
121992	ESCAVADEIRA HIDRAULICA SOBRE ESTEIRA, COM GARRA GIRATORIA DE MANDIBULAS, PESO OPERACIONAL ENTRE 22,00 E 25,50 TON, POTENCIA LIQUIDA ENTRE 150 E 160 HP
121993	ESCAVADEIRA HIDRAULICA SOBRE ESTEIRAS CACAMBA 0,40 A 1,20 M3, PESO OPERACIONAL 21,19 T, POTENCIA LIQUIDA 173 HP
121994	ESCAVADEIRA HIDRAULICA SOBRE ESTEIRAS COM CACAMBA DE 1,20 M3, PESO OPERACIONAL 21 T, POTENCIA BRUTA 155 HP
121995	ESCAVADEIRA HIDRAULICA SOBRE ESTEIRAS, CACAMBA 0,80 M3, PESO OPERACIONAL 17,8 T, POTENCIA LIQUIDA 110 HP
121996	ESCAVADEIRA HIDRAULICA SOBRE ESTEIRAS, CACAMBA 0,4 A 1,70 M3, PESO OPERACIONAL 23,2 T, POTENCIA BRUTA 183 HP
121997	ESCAVADEIRA HIDRAULICA SOBRE ESTEIRAS, CACAMBA 0,62M3, PESO OPERACIONAL 12,61T, POTENCIA LIQUIDA 95HP
121998	ESCAVADEIRA HIDRAULICA SOBRE ESTEIRAS, CACAMBA 0,80 A 1,30 M3, PESO OPERACIONAL 22,18 T, POTENCIA LIQUIDA 170 HP
121999	ESCAVADEIRA HIDRAULICA SOBRE ESTEIRAS, CACAMBA 0,80M3, PESO OPERACIONAL 17T, POTENCIA BRUTA 111HP
122000	ESCAVADEIRA HIDRAULICA SOBRE ESTEIRAS, CAPACIDADE DA CACAMBA ENTRE 1,20 E 1,50 M3, PESO OPERACIONAL ENTRE 20,00 E 22,00 TON, POTENCIA LIQUIDA ENTRE 150 E 155 HP, EQUIPADA COM CLAMSHELL
122001	ESCORA PRE-MOLDADA EM CONCRETO, *10 X 10* CM, H = 2,30M
122002	"ESCOVA CIRCULAR EM ACO LATONADO, 6 X 1 "" (DIAMETRO X ESPESSURA), FURO DE 1 1/4 "", FIO ONDULADO *0,30* MM"
122003	ESCOVA DE ACO, COM CABO, *4 X 15* FILEIRAS DE CERDAS
122004	"ESGUICHO JATO REGULAVEL, TIPO ELKHART, ENGATE RAPIDO 1 1/2"", PARA COMBATE A INCENDIO"
122005	"ESGUICHO JATO REGULAVEL, TIPO ELKHART, ENGATE RAPIDO 2 1/2"", PARA COMBATE A INCENDIO"
122006	"ESGUICHO TIPO JATO SOLIDO, EM LATAO, ENGATE RAPIDO 1 1/2"" X 13 MM, PARA MANGUEIRA EM INSTALACAO PREDIAL COMBATE A INCENDIO"
122007	"ESGUICHO TIPO JATO SOLIDO, EM LATAO, ENGATE RAPIDO 1 1/2"" X 16 MM, PARA MANGUEIRA EM INSTALACAO PREDIAL COMBATE A INCENDIO"
122008	"ESGUICHO TIPO JATO SOLIDO, EM LATAO, ENGATE RAPIDO 1 1/2"" X 19 MM, PARA MANGUEIRA EM INSTALACAO PREDIAL COMBATE A INCENDIO"
122009	"ESGUICHO TIPO JATO SOLIDO, EM LATAO, ENGATE RAPIDO 2 1/2"" X 13 MM, PARA MANGUEIRA EM INSTALACAO PREDIAL COMBATE A INCENDIO"
122010	"ESGUICHO TIPO JATO SOLIDO, EM LATAO, ENGATE RAPIDO 2 1/2"" X 16 MM, PARA MANGUEIRA EM INSTALACAO PREDIAL COMBATE A INCENDIO"
122011	"ESGUICHO TIPO JATO SOLIDO, EM LATAO, ENGATE RAPIDO 2 1/2"" X 19 MM, PARA MANGUEIRA EM INSTALACAO PREDIAL COMBATE A INCENDIO"
122012	ESMERILHADEIRA ANGULAR ELETRICA, DIAMETRO DO DISCO 7 '' (180 MM), ROTACAO 8500 RPM, POTENCIA 2400 W
122013	ESPACADOR / DISTANCIADOR CIRCULAR COM ENTRADA LATERAL, EM PLASTICO, PARA VERGALHAO *4,2 A 12,5* MM, COBRIMENTO 20 MM
122014	ESPACADOR / DISTANCIADOR TIPO GARRA DUPLA, EM PLASTICO, COBRIMENTO *20* MM, PARA FERRAGENS DE LAJES E FUNDO DE VIGAS
122015	ESPACADOR / DISTANCIADOR TIPO PINO EM PLASTICO, PARA VERGALHAO ATE 10 MM, PARA APOIO DE ARMADURA
122016	ESPACADOR / SEPARADOR DE BARRA , METALICO, TIPO CARAMBOLA, PARA TIRANTES, 25 X 84 MM
122017	ESPACADOR OU DISTANCIADOR, EM PLASTICO, TIPO APOIO DE CORDOALHA (CARANGUEJO), PARA ARMADURA NEGATIVA E PROTENSAO, COBRIMENTO 50 MM
122018	ESPACADOR/SEPARADOR DE CORDOALHA TIPO DISCO 12 FUROS DE 14 MM, PARA TIRANTES
122019	ESPARGIDOR DE ASFALTO PRESSURIZADO, REBOCAVEL, TANQUE DE 2500 L, PNEUMATICO, COM MOTOR A GASOLINA 3,4HP
122020	ESPARGIDOR DE ASFALTO PRESSURIZADO, TANQUE 6 M3 COM ISOLACAO TERMICA, AQUECIDO COM 2 MACARICOS, COM BARRA ESPARGIDORA 3,60 M, A SER MONTADO SOBRE CAMINHAO
122021	ESPATULA DE ACO INOX COM CABO DE MADEIRA, LARGURA 8 CM
122022	ESPATULA DE PLASTICO LISA, LARGURA 10 CM
122023	"ESPELHO / PLACA CEGA 4"" X 2"", PARA INSTALACAO DE TOMADAS E INTERRUPTORES"
122024	"ESPELHO / PLACA CEGA 4"" X 4"", PARA INSTALACAO DE TOMADAS E INTERRUPTORES"
122025	"ESPELHO / PLACA DE 1 POSTO 4"" X 2"", PARA INSTALACAO DE TOMADAS E INTERRUPTORES"
122026	"ESPELHO / PLACA DE 2 POSTOS 4"" X 2"", PARA INSTALACAO DE TOMADAS E INTERRUPTORES"
122027	"ESPELHO / PLACA DE 2 POSTOS 4"" X 4"", PARA INSTALACAO DE TOMADAS E INTERRUPTORES"
122028	"ESPELHO / PLACA DE 3 POSTOS 4"" X 2"", PARA INSTALACAO DE TOMADAS E INTERRUPTORES"
122029	"ESPELHO / PLACA DE 4 POSTOS 4"" X 4"", PARA INSTALACAO DE TOMADAS E INTERRUPTORES"
122030	"ESPELHO / PLACA DE 6 POSTOS 4"" X 4"", PARA INSTALACAO DE TOMADAS E INTERRUPTORES"
122031	ESPELHO CRISTAL E = 4 MM
122032	ESPELHO, RETO OU CURVO, EM LATAO CROMADO, ESPESSURA ATE 6 MM, LARGURA *40*MM, ALTURA *180*MM - PARA FECHADURA DE EMBUTIR
122033	ESPELHO, RETO OU CURVO, EM LATAO CROMADO, ESPESSURA MINIMA 6 MM, LARGURA *43*MM, ALTURA *230*MM - PARA FECHADURA DE EMBUTIR
122034	ESPOLETA SIMPLES N 8.
122035	ESPUMA EXPANSIVA DE POLIURETANO, APLICACAO MANUAL - 500 ML
122036	"ESQUADRO DE ACO 12 "" (300 MM), CABO DE ALUMINIO"
122037	ESQUADRO INTERNO OU EXTERNO PARA CALHA PLUVIAL, PVC, DIAMETRO ENTRE 119 E 170 MM, PARA DRENAGEM PREDIAL
122038	ESQUI TRIPLO, EM TUBO DE ACO CARBONO, PINTURA NO PROCESSO ELETROSTATICO - EQUIPAMENTO DE GINASTICA PARA ACADEMIA AO AR LIVRE / ACADEMIA DA TERCEIRA IDADE - ATI
122039	ESTABILIZADOR BIVOLT AUTOMATICO, 1000 VA
122040	ESTABILIZADOR BIVOLT AUTOMATICO, 1500 VA
122041	ESTABILIZADOR BIVOLT AUTOMATICO, 2000 VA
122042	ESTABILIZADOR BIVOLT AUTOMATICO, 300 VA
122043	ESTABILIZADOR BIVOLT AUTOMATICO, 500 VA
122044	ESTACA PRE-MOLDADA MACICA DE CONCRETO VIBRADO ARMADO, PARA CARGA DE 25 T, SECAO QUADRADA DE *16 X 16*, COM ANEL METALICO INCORPORADO A PECA (SOMENTE FORNECIMENTO)
122045	ESTACA PRE-MOLDADA MACICA DE CONCRETO VIBRADO ARMADO, PARA CARGA DE 50 T, SECAO QUADRADA, COM ANEL METALICO INCORPORADO A PECA (SOMENTE FORNECIMENTO)
122046	ESTACA PRE-MOLDADA VAZADA DE CONCRETO CENTRIFUGADO, PARA CARGA DE 100 T, SECAO CIRCULAR, COM ANEL METALICO INCORPORADO A PECA (SOMENTE FORNECIMENTO)
122047	ESTILETE DE METAL, LAMINA 18 MM
122048	ESTOPA
122049	ESTOPIM SIMPLES
122050	"ESTRIBO COM PARAFUSO EM CHAPA DE FERRO FUNDIDO DE 2"" X 3/16"" X 35 CM, SECAO ""U"", PARA MADEIRAMENTO DE TELHADO"
122051	ETANOL
122052	EXAMES - HORISTA (COLETADO CAIXA)
122053	EXAMES - MENSALISTA (COLETADO CAIXA)
122054	EXTENSAO DE SOLDA 201 ACETILENO, E = *1,5 A 2,5* MM
122055	EXTENSAO DE SOLDA 201 GLP, E = *2,5 A 4,0* MM
122056	EXTINTOR DE INCENDIO PORTATIL COM CARGA DE AGUA PRESSURIZADA DE 10 L, CLASSE A
122057	EXTINTOR DE INCENDIO PORTATIL COM CARGA DE GAS CARBONICO CO2 DE 4 KG, CLASSE BC
122058	EXTINTOR DE INCENDIO PORTATIL COM CARGA DE GAS CARBONICO CO2 DE 6 KG, CLASSE BC
122059	EXTINTOR DE INCENDIO PORTATIL COM CARGA DE PO QUIMICO SECO (PQS) DE 12 KG, CLASSE BC
122060	EXTINTOR DE INCENDIO PORTATIL COM CARGA DE PO QUIMICO SECO (PQS) DE 4 KG, CLASSE BC
122061	EXTINTOR DE INCENDIO PORTATIL COM CARGA DE PO QUIMICO SECO (PQS) DE 6 KG, CLASSE BC
122062	EXTINTOR DE INCENDIO PORTATIL COM CARGA DE PO QUIMICO SECO (PQS) DE 8 KG, CLASSE BC
122063	EXTREMIDADE PVC PBA, BF, JE, DN 100/ DE 110 MM (NBR 10351)
122064	EXTREMIDADE PVC PBA, BF, JE, DN 50 / DE 60 MM (NBR 10351)
122065	EXTREMIDADE PVC PBA, BF, JE, DN 75/ DE 85 MM (NBR 10351)
122066	EXTREMIDADE PVC PBA, PF, JE, DN 100 / DE 110 MM (NBR 10351)
122067	EXTREMIDADE PVC PBA, PF, JE, DN 50/ DE 60 MM (NBR 10351)
122068	EXTREMIDADE PVC PBA, PF, JE, DN 75 / DE 85 MM (NBR 10351)
122069	"EXTREMIDADE/TUBETE PARA HIDROMETRO PVC, COM ROSCA, CURTA, COM BUCHA LATAO, 1/2"""
122070	"EXTREMIDADE/TUBETE PARA HIDROMETRO PVC, COM ROSCA, CURTA, COM BUCHA LATAO, 3/4"""
122071	"EXTREMIDADE/TUBETE PARA HIDROMETRO PVC, COM ROSCA, CURTA, SEM BUCHA LATAO, 1/2"""
122072	"EXTREMIDADE/TUBETE PARA HIDROMETRO PVC, COM ROSCA, CURTA, SEM BUCHA LATAO, 3/4"""
122073	"EXTREMIDADE/TUBETE PARA HIDROMETRO PVC, COM ROSCA, LONGA, SEM BUCHA LATAO, 1/2"""
122074	"EXTREMIDADE/TUBETE PARA HIDROMETRO PVC, COM ROSCA, LONGA, SEM BUCHA LATAO, 3/4"""
122075	FECHADRUA BICO DE PAPAGAIO PARA PORTA DE CORRER EXTERNA, EM ACO INOX COM ACABAMENTO CROMADO, MAQUINA COM 45 MM, INCLUINDO CHAVE TIPO CILINDRO
122076	FECHADRUA BICO DE PAPAGAIO PARA PORTA DE CORRER INTERNA, EM ACO INOX COM ACABAMENTO CROMADO, MAQUINA COM 45 MM, INCLUINDO CHAVE TIPO BIPARTIDA
122077	FECHADURA AUXILIAR DE SEGURANCA PARA PORTA EXTERNA, EM ACO INOX, BROCA DE 45 A 55 MM, LINGUETA COM 3 AVANCOS, INCLUINDO 2 CHAVES TIPO CILINDRO
122078	FECHADURA DE EMBUTIR PARA GAVETA E MOVEIS DE MADEIRA, EM ACO INOX COM ACABAMENTO CROMADO, COM ABAS LATERAIS, CILINDRO COM 22 MM DE DIAMETRO, INCLUINDO CHAVE COM PERFIL METALICO E CAPA ESCAMOTEAVEL
122079	FECHADURA DE SOBREPOR PARA GAVETAS E ARMARIOS, EM ACO INOX COM ACABAMENTO CROMADO, COM CILINDRO DE APROX 20 MM
122080	FECHADURA DE SOBREPOR PARA PORTAO, EM ACO INOX COM ACABAMENTO CROMADO, CAIXA DE 100 MM, INCLUINDO CHAVE TIPO CILINDRO
122081	FECHADURA DE SOBREPOR PARA PORTAO, EM ACO INOX COM ACABAMENTO CROMADO, CAIXA DE 100 MM, INCLUINDO CHAVE TIPO TETRA
122082	FECHADURA DE SOBREPOR TIPO CAIXAO, EM FERRO COM ACABAMENTO RESINADO, SEM MACANETA, SEM CILINDRO, INCLUINDO CHAVE TIPO SIMPLES
122083	FECHADURA ESPELHO PARA PORTA DE BANHEIRO, EM ACO INOX (MAQUINA, TESTA E CONTRA-TESTA) E EM ZAMAC (MACANETA, LINGUETA E TRINCOS) COM ACABAMENTO CROMADO, MAQUINA DE 40 MM, INCLUINDO CHAVE TIPO TRANQUETA
122084	FECHADURA ESPELHO PARA PORTA DE BANHEIRO, EM ACO INOX (MAQUINA, TESTA E CONTRA-TESTA) E EM ZAMAC (MACANETA, LINGUETA E TRINCOS) COM ACABAMENTO CROMADO, MAQUINA DE 55 MM, INCLUINDO CHAVE TIPO TRANQUETA (CONJUNTO DE FECHADURAS)
122085	FECHADURA ESPELHO PARA PORTA EXTERNA, EM ACO INOX (MAQUINA, TESTA E CONTRA-TESTA) E EM ZAMAC (MACANETA, LINGUETA E TRINCOS) COM ACABAMENTO CROMADO, MAQUINA DE 40 MM, INCLUINDO CHAVE TIPO CILINDRO
122086	FECHADURA ESPELHO PARA PORTA EXTERNA, EM ACO INOX (MAQUINA, TESTA E CONTRA-TESTA) E EM ZAMAC (MACANETA, LINGUETA E TRINCOS) COM ACABAMENTO CROMADO, MAQUINA DE 55 MM, INCLUINDO CHAVE TIPO CILINDRO
122087	FECHADURA ESPELHO PARA PORTA INTERNA, EM ACO INOX (MAQUINA, TESTA E CONTRA-TESTA) E EM ZAMAC (MACANETA, LINGUETA E TRINCOS) COM ACABAMENTO CROMADO, MAQUINA DE 40 MM, INCLUINDO CHAVE TIPO INTERNA
122088	FECHADURA ESPELHO PARA PORTA INTERNA, EM ACO INOX (MAQUINA, TESTA E CONTRA-TESTA) E EM ZAMAC (MACANETA, LINGUETA E TRINCOS) COM ACABAMENTO CROMADO, MAQUINA DE 55 MM, INCLUINDO CHAVE TIPO INTERNA
122089	FECHADURA PARA PORTA PIVOTANTE DE VIDRO TEMPERADO, EM ACO INOX COM ACABAMENTO CROMADO, RECORTE PADRAO SANTA MARINA, COM CILINDRO EM LATAO, INCLUINDO CHAVE TIPO CILINDRO
122090	FECHADURA ROSETA REDONDA PARA PORTA DE BANHEIRO, EM ACO INOX (MAQUINA, TESTA E CONTRA-TESTA) E EM ZAMAC (MACANETA, LINGUETA E TRINCOS) COM ACABAMENTO CROMADO, MAQUINA DE 40 MM, INCLUINDO CHAVE TIPO TRANQUETA
122091	FECHADURA ROSETA REDONDA PARA PORTA DE BANHEIRO, EM ACO INOX (MAQUINA, TESTA E CONTRA-TESTA) E EM ZAMAC (MACANETA, LINGUETA E TRINCOS) COM ACABAMENTO CROMADO, MAQUINA DE 55 MM, INCLUINDO CHAVE TIPO TRANQUETA
122092	FECHADURA ROSETA REDONDA PARA PORTA EXTERNA, EM ACO INOX (MAQUINA, TESTA E CONTRA-TESTA) E EM ZAMAC (MACANETA, LINGUETA E TRINCOS) COM ACABAMENTO CROMADO, MAQUINA DE 40 MM, INCLUINDO CHAVE TIPO CILINDRO
122093	FECHADURA ROSETA REDONDA PARA PORTA EXTERNA, EM ACO INOX (MAQUINA, TESTA E CONTRA-TESTA) E EM ZAMAC (MACANETA, LINGUETA E TRINCOS) COM ACABAMENTO CROMADO, MAQUINA DE 55 MM, INCLUINDO CHAVE TIPO CILINDRO
122094	FECHADURA ROSETA REDONDA PARA PORTA INTERNA, EM ACO INOX (MAQUINA, TESTA E CONTRA-TESTA) E EM ZAMAC (MACANETA, LINGUETA E TRINCOS) COM ACABAMENTO CROMADO, MAQUINA DE 40 MM, INCLUINDO CHAVE TIPO INTERNA (CONJUNTO DE FECHADURAS)
122095	FECHADURA ROSETA REDONDA PARA PORTA INTERNA, EM ACO INOX (MAQUINA, TESTA E CONTRA-TESTA) E EM ZAMAC (MACANETA, LINGUETA E TRINCOS) COM ACABAMENTO CROMADO, MAQUINA DE 55 MM, INCLUINDO CHAVE TIPO INTERNA
122096	FECHO / FECHADURA COM PUXADOR CONCHA, COM TRANCA TIPO TRAVA, PARA JANELA / PORTA DE CORRER (INCLUI TESTA, FECHADURA, PUXADOR) - COMPLETA
122097	FECHO / TRINCO TIPO AVIAO, EM ZAMAC CROMADO, *60* MM, PARA JANELAS - INCLUI PARAFUSOS
122098	FECHO DE SEGURANCA, TIPO BATOM, EM LATAO / ZAMAC, CROMADO, PARA PORTAS E JANELAS - INCLUI PARAFUSOS
122099	FECHO QUEBRA UNHA, EM LATAO COM ACABAMENTO CROMADO, DE EMBUTIR, COM COMANDO ALAVANCA, ALTURA DE DE 22 CM, LARGURA MINIMA DE 1,90 CM E ESPESSURA MINIMA DE 1,90 MM, PARA PORTAS E JANELAS (INCLUI PARAFUSOS)
122100	FECHO QUEBRA UNHA, EM LATAO COM ACABAMENTO CROMADO, DE EMBUTIR, COM COMANDO ALAVANCA, ALTURA DE DE 40 CM, LARGURA MINIMA DE 1,90 CM E ESPESSURA MINIMA DE 1,90 MM, PARA PORTAS E JANELAS (INCLUI PARAFUSOS)
122101	FECHO QUEBRA UNHA, EM LATAO COM ACABAMENTO CROMADO, DE EMBUTIR, COM COMANDO DESLIZANTE, ALTURA DE 12 CM, LARGURA MINIMA DE 1,90 CM E ESPESSURA MINIMA DE 1,90 MM
122102	FECHO QUEBRA UNHA, EM LATAO COM ACABAMENTO CROMADO, DE EMBUTIR, COM COMANDO DESLIZANTE, ALTURA DE 22 CM, LARGURA MINIMA DE 1,90 CM E ESPESSURA MINIMA DE 1,90 MM
122103	FECHO QUEBRA UNHA, EM LATAO COM ACABAMENTO CROMADO, DE EMBUTIR, COM COMANDO DESLIZANTE, ALTURA DE 40 CM, LARGURA MINIMA DE 1,90 CM E ESPESSURA MINIMA DE 1,90 MM
122104	FERRAMENTAS - FAMILIA ALMOXARIFE - HORISTA (ENCARGOS COMPLEMENTARES - COLETADO CAIXA)
122105	FERRAMENTAS - FAMILIA ALMOXARIFE - MENSALISTA (ENCARGOS COMPLEMENTARES - COLETADO CAIXA)
122106	FERRAMENTAS - FAMILIA CARPINTEIRO DE FORMAS - HORISTA (ENCARGOS COMPLEMENTARES - COLETADO CAIXA)
122107	FERRAMENTAS - FAMILIA CARPINTEIRO DE FORMAS - MENSALISTA (ENCARGOS COMPLEMENTARES - COLETADO CAIXA)
122108	FERRAMENTAS - FAMILIA ELETRICISTA - HORISTA (ENCARGOS COMPLEMENTARES - COLETADO CAIXA)
122109	FERRAMENTAS - FAMILIA ELETRICISTA - MENSALISTA (ENCARGOS COMPLEMENTARES - COLETADO CAIXA)
122110	FERRAMENTAS - FAMILIA ENCANADOR - HORISTA (ENCARGOS COMPLEMENTARES - COLETADO CAIXA)
122111	FERRAMENTAS - FAMILIA ENCANADOR - MENSALISTA (ENCARGOS COMPLEMENTARES - COLETADO CAIXA)
122112	FERRAMENTAS - FAMILIA ENCARREGADO GERAL - HORISTA (ENCARGOS COMPLEMENTARES - COLETADO CAIXA)
122113	FERRAMENTAS - FAMILIA ENCARREGADO GERAL - MENSALISTA (ENCARGOS COMPLEMENTARES - COLETADO CAIXA)
122114	FERRAMENTAS - FAMILIA ENGENHEIRO CIVIL - HORISTA (ENCARGOS COMPLEMENTARES - COLETADO CAIXA)
122115	FERRAMENTAS - FAMILIA ENGENHEIRO CIVIL - MENSALISTA (ENCARGOS COMPLEMENTARES - COLETADO CAIXA)
122116	FERRAMENTAS - FAMILIA OPERADOR ESCAVADEIRA - HORISTA (ENCARGOS COMPLEMENTARES - COLETADO CAIXA)
122117	FERRAMENTAS - FAMILIA OPERADOR ESCAVADEIRA - MENSALISTA (ENCARGOS COMPLEMENTARES - COLETADO CAIXA)
122118	FERRAMENTAS - FAMILIA PEDREIRO - HORISTA (ENCARGOS COMPLEMENTARES - COLETADO CAIXA)
122119	FERRAMENTAS - FAMILIA PEDREIRO - MENSALISTA (ENCARGOS COMPLEMENTARES - COLETADO CAIXA)
122120	FERRAMENTAS - FAMILIA PINTOR - HORISTA (ENCARGOS COMPLEMENTARES - COLETADO CAIXA)
122121	FERRAMENTAS - FAMILIA PINTOR - MENSALISTA (ENCARGOS COMPLEMENTARES - COLETADO CAIXA)
122122	FERRAMENTAS - FAMILIA SERVENTE - HORISTA (ENCARGOS COMPLEMENTARES - COLETADO CAIXA)
122123	FERRAMENTAS - FAMILIA SERVENTE - MENSALISTA (ENCARGOS COMPLEMENTARES - COLETADO CAIXA)
122124	FERRAMENTAS - FAMILIA SOLDADOR - HORISTA (ENCARGOS COMPLEMENTARES - COLETADO CAIXA)
122125	FERRAMENTAS - FAMILIA SOLDADOR - MENSALISTA (ENCARGOS COMPLEMENTARES - COLETADO CAIXA)
122126	FERRAMENTAS - FAMILIA TOPOGRAFO - HORISTA (ENCARGOS COMPLEMENTARES - COLETADO CAIXA)
122127	FERRAMENTAS - FAMILIA TOPOGRAFO - MENSALISTA (ENCARGOS COMPLEMENTARES - COLETADO CAIXA)
122128	"FERROLHO COM FECHO / TRINCO REDONDO, EM ACO GALVANIZADO / ZINCADO, DE SOBREPOR, COM COMPRIMENTO DE 2"" E ESPESSURA MINIMA DA CHAPA DE 0,90 MM, PARA PORTAS E JANELAS"
122129	"FERROLHO COM FECHO / TRINCO REDONDO, EM ACO GALVANIZADO / ZINCADO, DE SOBREPOR, COM COMPRIMENTO DE 3"" A 4"" E ESPESSURA MINIMA DA CHAPA DE 0,90 MM"
122130	"FERROLHO COM FECHO / TRINCO REDONDO, EM ACO GALVANIZADO / ZINCADO, DE SOBREPOR, COM COMPRIMENTO DE 5"" E ESPESSURA MINIMA DA CHAPA DE 0,90 MM"
122131	"FERROLHO COM FECHO / TRINCO REDONDO, EM ACO GALVANIZADO / ZINCADO, DE SOBREPOR, COM COMPRIMENTO DE 6"" E ESPESSURA MINIMA DA CHAPA DE 1,50 MM"
122132	"FERROLHO COM FECHO / TRINCO REDONDO, EM ACO GALVANIZADO / ZINCADO, DE SOBREPOR, COM COMPRIMENTO DE 8"" E ESPESSURA MINIMA DA CHAPA DE 1,50 MM"
122133	"FERROLHO COM FECHO /TRINCO REDONDO, EM ACO GALVANIZADO / ZINCADO, DE SOBREPOR, COM COMPRIMENTO DE 10"" A 12"" E ESPESSURA MINIMA DA CHAPA DE 1,50 MM"
122134	"FERROLHO COM FECHO CHATO E PORTA CADEADO , EM ACO GALVANIZADO / ZINCADO, DE SOBREPOR, COM COMPRIMENTO DE 3"" A 4"", CHAPA COM ESPESSURA MINIMA DE 0,90 MM E LARGURA MINIMA DE 3,20 CM (FECHO SIMPLES / LEVE) (INCLUI PARAFUSOS)"
122135	"FERROLHO COM FECHO CHATO E PORTA CADEADO , EM ACO GALVANIZADO / ZINCADO, DE SOBREPOR, COM COMPRIMENTO DE 3"" A 4"", CHAPA COM ESPESSURA MINIMA DE 1,70 MM E LARGURA MINIMA DE 5,00 CM (FECHO REFORCADO)"
122136	"FERROLHO COM FECHO CHATO E PORTA CADEADO , EM ACO GALVANIZADO / ZINCADO, DE SOBREPOR, COM COMPRIMENTO DE 5"", CHAPA COM ESPESSURA MINIMA DE 0,90 MM E LARGURA MINIMA DE 3,20 CM (FECHO SIMPLES)"
122137	"FERROLHO COM FECHO CHATO E PORTA CADEADO , EM ACO GALVANIZADO / ZINCADO, DE SOBREPOR, COM COMPRIMENTO DE 5"", CHAPA COM ESPESSURA MINIMA DE 1,70 MM E LARGURA MINIMA DE 5,00 CM (FECHO REFORCADO)"
122138	"FERROLHO COM FECHO CHATO E PORTA CADEADO , EM ACO GALVANIZADO / ZINCADO, DE SOBREPOR, COM COMPRIMENTO DE 6"", CHAPA COM ESPESSURA MINIMA DE 0,90 MM E LARGURA MINIMA DE 3,80 CM (FECHO SIMPLES)"
122139	"FERROLHO COM FECHO CHATO E PORTA CADEADO , EM ACO GALVANIZADO / ZINCADO, DE SOBREPOR, COM COMPRIMENTO DE 6"", CHAPA COM ESPESSURA MINIMA DE 1,70 MM E LARGURA /MINIMA DE 5,00 CM (FECHO REFORCADO) (INCLUI PARAFUSOS)"
122141	FERTILIZANTE NPK - 4: 14: 8
122142	FERTILIZANTE ORGANICO COMPOSTO, CLASSE A
122143	FIBRA DE ACO PARA REFORCO DO CONCRETO, SOLTA, TIPO A-I, FATOR DE FORMA *50* L / D, COMPRIMENTO DE *30* MM E RESISTENCIA A TRACAO DO ACO MAIOR 1000 MPA
122144	FILTRO ANAEROBIO, EM POLIETILENO DE ALTA DENSIDADE (PEAD), CAPACIDADE *1100* LITROS (NBR 13969)
122145	FILTRO ANAEROBIO, EM POLIETILENO DE ALTA DENSIDADE (PEAD), CAPACIDADE *2800* LITROS (NBR 13969)
122146	FILTRO ANAEROBIO, EM POLIETILENO DE ALTA DENSIDADE (PEAD), CAPACIDADE *5000* LITROS (NBR 13969)
122147	FINCAPINO CURTO CALIBRE 22 VERMELHO, CARGA MEDIA (ACAO DIRETA)
122148	FINCAPINO LONGO CALIBRE 22, CARGA FORTE (ACAO DIRETA)
122149	FIO COBRE NU DE 150 A 500 MM2, PARA TENSOES DE ATE 600 V
122150	FIO COBRE NU DE 16 A 35 MM2, PARA TENSOES DE ATE 600 V
122151	FIO COBRE NU DE 50 A 120 MM2, PARA TENSOES DE ATE 600 V
122152	FIO DE COBRE, SOLIDO, CLASSE 1, ISOLACAO EM PVC/A, ANTICHAMA BWF-B, 450/750V, SECAO NOMINAL 1,5 MM2
122153	FIO DE COBRE, SOLIDO, CLASSE 1, ISOLACAO EM PVC/A, ANTICHAMA BWF-B, 450/750V, SECAO NOMINAL 10 MM2
122154	FIO DE COBRE, SOLIDO, CLASSE 1, ISOLACAO EM PVC/A, ANTICHAMA BWF-B, 450/750V, SECAO NOMINAL 2,5 MM2
122155	FIO DE COBRE, SOLIDO, CLASSE 1, ISOLACAO EM PVC/A, ANTICHAMA BWF-B, 450/750V, SECAO NOMINAL 4 MM2
122156	FIO DE COBRE, SOLIDO, CLASSE 1, ISOLACAO EM PVC/A, ANTICHAMA BWF-B, 450/750V, SECAO NOMINAL 6 MM2
122157	FIO TELEFONICO EXTERNO (FE) EM ACO COBREADO, ISOLACAO EM PEAD OU PVC ANTI-CHAMA, 2 CONDUTORES
122158	FIO TELEFONICO INTERNO (FI) EM COBRE ESTANHADO, ISOLACAO EM PVC ANTICHAMA, 2 CONDUTORES DE 0,6 MM (NBR 9115:2005)
122159	FITA ACO INOX PARA CINTAR POSTE, L = 19 MM, E = 0,5 MM (ROLO DE 30M)
122160	FITA ADESIVA ALUMINIZADA, PARA INSTALACAO DE MANTAS DE SUBCOBERTURA, L = *5* CM
122161	FITA ADESIVA ANTICORROSIVA DE PVC FLEXIVEL, COR PRETA, PARA PROTECAO TUBULACAO, 50 MM X 30 M (L X C), E= *0,25* MM
122162	FITA ADESIVA ASFALTICA ALUMINIZADA MULTIUSO, L = 10 CM, ROLO DE 10 M
122163	FITA CREPE ROLO DE 25 MM X 50 M
122164	FITA DE ALUMINIO PARA PROTECAO DO CONDUTOR LARGURA 10 MM
122165	FITA DE PAPEL MICROPERFURADO, 50 X 150 MM, PARA TRATAMENTO DE JUNTAS DE CHAPA DE GESSO PARA DRYWALL
122166	FITA DE PAPEL REFORCADA COM LAMINA DE METAL PARA REFORCO DE CANTOS DE CHAPA DE GESSO PARA DRYWALL
122167	FITA ISOLANTE ADESIVA ANTICHAMA, USO ATE 750 V, EM ROLO DE 19 MM X 20 M
122168	FITA ISOLANTE ADESIVA ANTICHAMA, USO ATE 750 V, EM ROLO DE 19 MM X 5 M
122169	FITA ISOLANTE DE BORRACHA AUTOFUSAO, USO ATE 69 KV (ALTA TENSAO)
122170	FITA METALICA GRAVADA, L = 17 MM, ROLO DE 25 M, CARGA RECOMENDADA = *120* KGF
122171	FITA METALICA PERFURADA, L = *18* MM, ROLO DE 30 M, CARGA RECOMENDADA = *30* KGF
122172	FITA METALICA PERFURADA, L = 17 MM, ROLO DE 30 M, CARGA RECOMENDADA = *19* KGF
122173	FITA METALICA PERFURADA, L = 25 MM, ROLO DE 30 M, CARGA RECOMENDADA = *222,5* KGF
122174	FITA VEDA ROSCA EM ROLOS DE 18 MM X 10 M (L X C)
122175	FITA VEDA ROSCA EM ROLOS DE 18 MM X 25 M (L X C)
122176	FITA VEDA ROSCA EM ROLOS DE 18 MM X 50 M (L X C)
122177	FIXADOR DE ABA AUTOTRAVANTE PARA TELHA DE FIBROCIMENTO, TIPO CANALETE 90 OU KALHETAO
122178	FIXADOR DE ABA SIMPLES PARA TELHA DE FIBROCIMENTO, TIPO CANALETA 49 OU KALHETA
122179	FIXADOR DE ABA SIMPLES PARA TELHA DE FIBROCIMENTO, TIPO CANALETA 90 OU KALHETAO
122180	FLANELA *30 X 40* CM
122181	"FLANGE PVC, ROSCAVEL SEXTAVADO SEM FUROS 3/4"""
122182	"FLANGE PVC, ROSCAVEL, SEXTAVADO, SEM FUROS 3"""
122183	"FLANGE PVC, ROSCAVEL, SEXTAVADO, SEM FUROS, 1 1/2"""
122184	"FLANGE PVC, ROSCAVEL, SEXTAVADO, SEM FUROS, 1 1/4"""
122185	"FLANGE PVC, ROSCAVEL, SEXTAVADO, SEM FUROS, 1/2"""
122186	"FLANGE PVC, ROSCAVEL, SEXTAVADO, SEM FUROS, 1"""
122187	"FLANGE PVC, ROSCAVEL, SEXTAVADO, SEM FUROS, 2 1/2"""
122188	"FLANGE PVC, ROSCAVEL, SEXTAVADO, SEM FUROS, 2"""
122189	"FLANGE SEXTAVADO DE FERRO GALVANIZADO, COM ROSCA BSP, DE 1 1/2"""
122190	"FLANGE SEXTAVADO DE FERRO GALVANIZADO, COM ROSCA BSP, DE 1 1/4"""
122191	"FLANGE SEXTAVADO DE FERRO GALVANIZADO, COM ROSCA BSP, DE 1/2"""
122192	"FLANGE SEXTAVADO DE FERRO GALVANIZADO, COM ROSCA BSP, DE 1"""
122193	"FLANGE SEXTAVADO DE FERRO GALVANIZADO, COM ROSCA BSP, DE 2 1/2"""
122194	"FLANGE SEXTAVADO DE FERRO GALVANIZADO, COM ROSCA BSP, DE 2"""
122195	"FLANGE SEXTAVADO DE FERRO GALVANIZADO, COM ROSCA BSP, DE 3/4"""
122196	"FLANGE SEXTAVADO DE FERRO GALVANIZADO, COM ROSCA BSP, DE 3"""
122197	"FLANGE SEXTAVADO DE FERRO GALVANIZADO, COM ROSCA BSP, DE 4"""
122198	"FLANGE SEXTAVADO DE FERRO GALVANIZADO, COM ROSCA BSP, DE 6"""
122199	FORRO COMPOSTO POR PAINEIS DE LA DE VIDRO, REVESTIDOS EM PVC MICROPERFURADO, DE *1250 X 625* MM, ESPESSURA 15 MM (COM COLOCACAO)
122200	FORRO DE FIBRA MINERAL EM PLACAS DE 1250 X 625 MM, E = 15 MM, BORDA RETA, COM PINTURA ANTIMOFO, APOIADO EM PERFIL DE ACO GALVANIZADO COM 24 MM DE BASE - INSTALADO
122201	FORRO DE FIBRA MINERAL EM PLACAS DE 625 X 625 MM, E = 15 MM, BORDA RETA, COM PINTURA ANTIMOFO, APOIADO EM PERFIL DE ACO GALVANIZADO COM 24 MM DE BASE - INSTALADO
122202	FORRO DE FIBRA MINERAL EM PLACAS DE 625 X 625 MM, E = 15/16 MM, BORDA REBAIXADA, COM PINTURA ANTIMOFO, APOIADO EM PERFIL DE ACO GALVANIZADO COM 24 MM DE BASE - INSTALADO
122203	FORRO DE MADEIRA CEDRINHO OU EQUIVALENTE DA REGIAO, ENCAIXE MACHO/FEMEA COM FRISO, *10 X 1* CM (SEM COLOCACAO)
122204	FORRO DE MADEIRA CUMARU/IPE CHAMPANHE OU EQUIVALENTE DA REGIAO, ENCAIXE MACHO/FEMEA COM FRISO, *10 X 1* CM (SEM COLOCACAO)
122205	FORRO DE MADEIRA PINUS OU EQUIVALENTE DA REGIAO, ENCAIXE MACHO/FEMEA COM FRISO, *10 X 1* CM (SEM COLOCACAO)
122206	FORRO DE PVC LISO, BRANCO, REGUA DE 10 CM, ESPESSURA DE 8 MM A 10 MM (COM COLOCACAO / SEM ESTRUTURA METALICA)
122207	FORRO DE PVC LISO, BRANCO, REGUA DE 20 CM, ESPESSURA DE 8 MM A 10 MM, COMPRIMENTO 6 M (SEM COLOCACAO)
122208	FORRO DE PVC, FRISADO, BRANCO, REGUA DE 10 CM, ESPESSURA DE 8 MM A 10 MM E COMPRIMENTO 6 M (SEM COLOCACAO)
122209	FORRO DE PVC, FRISADO, BRANCO, REGUA DE 20 CM, ESPESSURA DE 8 MM A 10 MM E COMPRIMENTO 6 M (SEM COLOCACAO)
122210	FOSSA SEPTICA, SEM FILTRO, PARA 15 A 30 CONTRIBUINTES, CILINDRICA, COM TAMPA, EM POLIETILENO DE ALTA DENSIDADE (PEAD), CAPACIDADE APROXIMADA DE 5500 LITROS (NBR 7229)
122211	FOSSA SEPTICA, SEM FILTRO, PARA 4 A 7 CONTRIBUINTES, CILINDRICA, COM TAMPA, EM POLIETILENO DE ALTA DENSIDADE (PEAD), CAPACIDADE APROXIMADA DE 1100 LITROS (NBR 7229)
122212	FOSSA SEPTICA, SEM FILTRO, PARA 8 A 14 CONTRIBUINTES, CILINDRICA, COM TAMPA, EM POLIETILENO DE ALTA DENSIDADE (PEAD), CAPACIDADE APROXIMADA DE 3000 LITROS (NBR 7229)
122213	FOSSA SEPTICA,SEM FILTRO, PARA 40 A 52 CONTRIBUINTES, CILINDRICA, COM TAMPA, EM POLIETILENO DE ALTA DENSIDADE (PEAD), CAPACIDADE APROXIMADA DE 10000 LITROS (NBR 7229)
122214	FRESADORA DE ASFALTO A FRIO SOBRE ESTEIRAS, LARG. FRESAGEM 2,00 M, POT. 410 KW/550 HP
122215	FRESADORA DE ASFALTO A FRIO SOBRE RODAS, LARG. FRESAGEM 1,00 M, POT. 155 KW/208 HP
122216	FUNDO ANTICORROSIVO PARA METAIS FERROSOS (ZARCAO)
122217	FUNDO PREPARADOR ACRILICO BASE AGUA
122218	FURO PARA TORNEIRA OU OUTROS ACESSORIOS EM BANCADA DE MARMORE/ GRANITO OU OUTRO TIPO DE PEDRA NATURAL
122219	FUSIVEL DIAZED 20 A TAMANHO DII, CAPACIDADE DE INTERRUPCAO DE 50 KA EM VCA E 8 KA EM VCC, TENSAO NOMIMNAL DE 500 V
122220	FUSIVEL DIAZED 35 A TAMANHO DIII, CAPACIDADE DE INTERRUPCAO DE 50 KA EM VCA E 8 KA EM VCC, TENSAO NOMIMNAL DE 500 V
122221	FUSIVEL NH *36* A 80 AMPERES, TAMANHO 00, CAPACIDADE DE INTERRUPCAO DE 120 KA, TENSAO NOMIMNAL DE 500 V
122222	FUSIVEL NH 100 A TAMANHO 00, CAPACIDADE DE INTERRUPCAO DE 120 KA, TENSAO NOMIMNAL DE 500 V
122223	FUSIVEL NH 125 A TAMANHO 00, CAPACIDADE DE INTERRUPCAO DE 120 KA, TENSAO NOMIMNAL DE 500 V
122224	FUSIVEL NH 160 A TAMANHO 00, CAPACIDADE DE INTERRUPCAO DE 120 KA, TENSAO NOMIMNAL DE 500 V
122225	FUSIVEL NH 20 A TAMANHO 000, CAPACIDADE DE INTERRUPCAO DE 120 KA, TENSAO NOMIMNAL DE 500 V
122226	FUSIVEL NH 200 A 250 AMPERES, TAMANHO 1, CAPACIDADE DE INTERRUPCAO DE 120 KA, TENSAO NOMIMNAL DE 500 V
122227	GABIAO TIPO CAIXA, MALHA HEXAGONAL 8 X 10 CM (ZN/AL), FIO 2,7 MM, DIMENSOES 2,0 X 1,0 X 0,5 M (C X L X A)
122228	GABIAO MANTA (COLCHAO) MALHA HEXAGONAL 6 X 8 CM (ZN/AL REVESTIDO COM POLIMERO), DIMENSOES 4,0 X 2,0 X 0,17 M (C X L X A) FIO 2 MM
122229	GABIAO MANTA (COLCHAO) MALHA HEXAGONAL 6 X 8 CM (ZN/AL REVESTIDO COM POLIMERO), FIO 2 MM, DIMENSOES 4,0 X 2,0 X 0,23 M (C X L X A)
122230	GABIAO MANTA (COLCHAO) MALHA HEXAGONAL 6 X 8 CM (ZN/AL REVESTIDO COM POLIMERO), FIO 2 MM, DIMENSOES 4,0 X 2,0 X 0,3 M (C X L X A)
122231	GABIAO MANTA (COLCHAO) MALHA HEXAGONAL 6 X 8 CM (ZN/AL REVESTIDO COM POLIMERO), FIO 2,0 MM, DIMENSOES 5,0 X 2,0 X 0,17 M (C X L X A)
122232	GABIAO MANTA (COLCHAO) MALHA HEXAGONAL 6 X 8 CM (ZN/AL REVESTIDO COM POLIMERO), FIO 2,0 MM, DIMENSOES 5,0 X 2,0 X 0,23 M (C X L X A)
122233	GABIAO MANTA (COLCHAO) MALHA HEXAGONAL 6 X 8 CM (ZN/AL REVESTIDO COM POLIMERO), FIO 2,0 MM, DIMENSOES 5,0 X 2,0 X 0,30 M (C X L X A)
122234	GABIAO SACO MALHA HEXAGONAL 8 X 10 CM (ZN/AL REVESTIDO COM POLIMERO), FIO 2,4 MM, DIMENSOES 3,0 X 0,65 M
122235	GABIAO SACO MALHA HEXAGONAL 8 X 10 CM (ZN/AL REVESTIDO COM POLIMERO), FIO 2,4 MM, H = 0,65 M
122236	GABIAO SACO MALHA HEXAGONAL 8 X 10 CM (ZN/AL), FIO 2,7 MM, DIMENSOES 4,0 X 0,65 M
122237	GABIAO TIPO CAIXA MALHA HEXAGONAL 8 X 10 CM (ZN/AL REVESTIDO COM POLIMERO), FIO 2,4 MM, DIMENSOES 2,0 X 1,0 X 1,0 M (C X L X A)
122238	GABIAO TIPO CAIXA MALHA HEXAGONAL 8 X 10 CM (ZN/AL REVESTIDO COM POLIMERO), FIO 2,4 MM, H = 0,50 M
122239	GABIAO TIPO CAIXA MALHA HEXAGONAL 8 X 10 CM (ZN/AL), FIO 2,7 MM, DIMENSOES 2,0 X 1,0 X 1,0 M (C X L X A)
122240	GABIAO TIPO CAIXA MALHA HEXAGONAL 8 X 10 CM (ZN/AL), FIO 2,7 MM, H = 0,50 M
122241	GABIAO TIPO CAIXA PARA SOLO REFORCADO, MALHA HEXAGONAL DE DUPLA TORCAO 8 X 10 CM (ZN/AL REVESTIDO COM POLIMERO), FIO 2,7 MM, DIMENSOES 2,0 X 1,0 X 0,5 M, COM CAUDA DE 3,0 M
122242	GABIAO TIPO CAIXA PARA SOLO REFORCADO, MALHA HEXAGONAL DE DUPLA TORCAO 8 X 10 CM (ZN/AL REVESTIDO COM POLIMERO), FIO 2,7 MM, DIMENSOES 2,0 X 1,0 X 1,0 M, COM CAUDA DE 3,0 M
122243	GABIAO TIPO CAIXA PARA SOLO REFORCADO, MALHA HEXAGONAL DE DUPLA TORCAO 8 X 10 CM (ZN/AL REVESTIDO COM POLIMERO), FIO 2,7 MM, DIMENSOES 2,0 X 1,0 X 1,0 M, COM CAUDA DE 4,0 M
122244	GABIAO TIPO CAIXA PARA SOLO REFORCADO, MALHA HEXAGONAL 8 X 10 CM (ZN/AL REVESTIDO COM POLIMERO), FIO 2,7 MM, DIMENSOES 2,0 X 1,0 X 0,5 M, COM CAUDA DE 4,0 M
122245	GABIAO TIPO CAIXA PARA SOLO REFORCADO, MALHA HEXAGONAL 8 X 10 CM (ZN/AL REVESTIDO COM POLIMERO), FIO 2,7 MM, DIMENSOES 2,0 X 1,0 X 1,0 M, COM CAUDA DE 4,0 M
122246	GABIAO TIPO CAIXA TRAPEZOIDAL, MALHA HEXAGONAL 10 X 12 CM (ZN/AL REVESTIDO COM POLIMERO) FIO 2,7 MM, FACE COM 65 GRAUS, COM GEOSSINTETICO, DIMENSOES 2,0 X 1,5 X 1,0 M (C X L X A)
122247	GABIAO TIPO CAIXA, MALHA HEXAGONAL 8 X 10 CM (ZN/AL REVESTIDO COM POLIMERO), FIO DE 2,4 MM, DIMENSOES 2,0 x 1,0 x 1,0 M (C X L X A)
122248	GABIAO TIPO CAIXA, MALHA HEXAGONAL 8 X 10 CM (ZN/AL REVESTIDO COM POLIMERO), FIO 2,4 MM, DIMENSOES 2,0 X 1,0 X 0,5 M (C X L X A)
122249	GABIAO TIPO CAIXA, MALHA HEXAGONAL 8 X 10 CM (ZN/AL), FIO DE 2,7 MM, DIMENSOES 2,0 X 1,0 X 1,0 M (C X L X A)
122250	GABIAO TIPO CAIXA, MALHA HEXAGONAL 8 X 10 CM (ZN/AL), FIO DE 2,7 MM, DIMENSOES 5,0 X 1,0 X 1,0 M (C X L X A)
122251	"GANCHO CHATO EM FERRO GALVANIZADO, L = 110 MM, RECOBRIMENTO = 100MM, SECAO 1/8 X 1/2"" (3 MM X 12 MM), PARA FIXAR TELHA DE FIBROCIMENTO ONDULADA"
122252	GANCHO OLHAL EM ACO GALVANIZADO, ESPESSURA 16MM, ABERTURA 21MM
122253	GAS DE COZINHA - GLP
122254	GASOLINA COMUM
122255	GEOGRELHA TECIDA COM FILAMENTOS DE POLIESTER + PVC, RESISTENCIA LONGITUDINAL: 90 KN/M, RESISTENCIA TRANSVERSAL: 30 KN/M, ALONGAMENTO = 12 POR CENTO
122256	GEOTEXTIL NAO TECIDO AGULHADO DE FILAMENTOS CONTINUOS 100% POLIESTER, RESITENCIA A TRACAO = 09 KN/M
122257	GEOTEXTIL NAO TECIDO AGULHADO DE FILAMENTOS CONTINUOS 100% POLIESTER, RESITENCIA A TRACAO = 10 KN/M
122258	GEOTEXTIL NAO TECIDO AGULHADO DE FILAMENTOS CONTINUOS 100% POLIESTER, RESITENCIA A TRACAO = 14 KN/M
122259	GEOTEXTIL NAO TECIDO AGULHADO DE FILAMENTOS CONTINUOS 100% POLIESTER, RESITENCIA A TRACAO = 16 KN/M
122260	GEOTEXTIL NAO TECIDO AGULHADO DE FILAMENTOS CONTINUOS 100% POLIESTER, RESITENCIA A TRACAO = 21 KN/M
122261	GEOTEXTIL NAO TECIDO AGULHADO DE FILAMENTOS CONTINUOS 100% POLIESTER, RESITENCIA A TRACAO = 26 KN/M
122262	GEOTEXTIL NAO TECIDO AGULHADO DE FILAMENTOS CONTINUOS 100% POLIESTER, RESITENCIA A TRACAO = 31 KN/M
122263	GERADOR PORTATIL MONOFASICO, POTENCIA 5500 VA, MOTOR A GASOLINA, POTENCIA DO MOTOR 13 CV
122264	GESSEIRO
122265	GESSEIRO (MENSALISTA)
122266	GESSO EM PO PARA REVESTIMENTOS/MOLDURAS/SANCAS E USO GERAL
122267	GESSO PROJETADO
122268	GONZO DE EMBUTIR, EM LATAO / ZAMAC, *20 X 48* MM, PARA JANELA BASCULANTE / PIVOTANTE, JOGO COM 4 PECAS (PAR) - INCLUI PARAFUSOS
122269	GONZO DE SOBREPOR, EM LATAO / ZAMAC, PARA JANELA PIVOTANTE - INCLUI PARAFUSOS
122270	"GRADE DE DISCOS COM CONTROLE REMOTO, REBOCAVEL, COM 24 DISCOS 24"" X 6 MM, COM PNEUS PARA TRANSPORTE"
122271	"GRADE DE DISCOS MECANICA 20X24"" COM 20 DISCOS 24"" X 6MM COM PNEUS PARA TRANSPORTE"
122272	GRAMA BATATAIS EM PLACAS, SEM PLANTIO
122273	GRAMA ESMERALDA OU SAO CARLOS OU CURITIBANA, EM PLACAS, SEM PLANTIO
122274	"GRAMPO DE ACO POLIDO 1 "" X 9"
122275	"GRAMPO DE ACO POLIDO 7/8 "" X 9"
122276	GRAMPO LINHA VIVA DE LATAO ESTANHADO, DIAMETRO DO CONDUTOR PRINCIPAL DE 10 A 120 MM2, DIAMETRO DA DERIVACAO DE 10 A 70 MM2
122277	GRAMPO METALICO TIPO OLHAL PARA HASTE DE ATERRAMENTO DE 1/2'', CONDUTOR DE *10* A 50 MM2
122278	GRAMPO METALICO TIPO OLHAL PARA HASTE DE ATERRAMENTO DE 1'', CONDUTOR DE *10* A 50 MM2
122279	GRAMPO METALICO TIPO OLHAL PARA HASTE DE ATERRAMENTO DE 3/4'', CONDUTOR DE *10* A 50 MM2
122280	GRAMPO METALICO TIPO OLHAL PARA HASTE DE ATERRAMENTO DE 5/8'', CONDUTOR DE *10* A 50 MM2
122281	GRAMPO METALICO TIPO U PARA HASTE DE ATERRAMENTO DE ATE 3/4'', CONDUTOR DE 10 A 25 MM2
122282	GRAMPO METALICO TIPO U PARA HASTE DE ATERRAMENTO DE ATE 5/8'', CONDUTOR DE 10 A 25 MM2
122283	GRAMPO PARALELO METALICO PARA CABO DE 6 A 50 MM2, COM 2 PARAFUSOS
122284	"GRAMPO U DE 5/8 "" N8 EM FERRO GALVANIZADO"
122285	GRANALHA DE ACO, ANGULAR (GRIT), PARA JATEAMENTO, PENEIRA 0,117 A 1,00 MM, (SAE G-40 A G-80)
122286	GRANALHA DE ACO, ANGULAR (GRIT), PARA JATEAMENTO, PENEIRA 1,41 A 1,19 MM (SAE G16)
122287	GRANALHA DE ACO, ESFERICA (SHOT), PARA JATEAMENTO, PENEIRA 0,40 A 1,00 MM (SAE S-170 A S-280)
122288	GRANALHA DE ACO, ESFERICA (SHOT), PARA JATEAMENTO, PENEIRA 1,19 A 1,00 MM (SAE S390)
122289	GRANILHA/ GRANA/ PEDRISCO OU AGREGADO EM MARMORE/ GRANITO/ QUARTZO E CALCARIO, PRETO, CINZA, PALHA OU BRANCO
122290	GRANITO PARA BANCADA, POLIDO, TIPO ANDORINHA/ QUARTZ/ CASTELO/ CORUMBA OU OUTROS EQUIVALENTES DA REGIAO, E= *2,5* CM
122291	GRAUTE CIMENTICIO PARA USO GERAL
122292	GRAXA LUBRIFICANTE
122293	GRELHA FOFO ARTICULADA, CARGA MAXIMA 1,5 T, *300 X 1000* MM, E= *15* MM
122294	GRELHA FOFO SIMPLES COM REQUADRO, CARGA MAXIMA 12,5 T, *300 X 1000* MM, E= *15* MM, AREA ESTACIONAMENTO CARRO PASSEIO
122295	GRELHA FOFO SIMPLES COM REQUADRO, CARGA MAXIMA 1,5 T, 150 X 1000 MM, E= *15* MM
122296	GRELHA FOFO SIMPLES COM REQUADRO, CARGA MAXIMA 1,5 T, 200 X 1000 MM, E= *15* MM
122297	GRELHA PVC BRANCA QUADRADA, 150 X 150 MM
122298	GRELHA PVC CROMADA REDONDA, 150 MM
122299	GRUA ASCENCIONAL, LANCA DE 30 M, CAPACIDADE DE 1,0 T A 30 M, ALTURA ATE 39 M
122300	GRUA ASCENCIONAL, LANCA DE 42 M, CAPACIDADE DE 1,5 T A 30 M, ALTURA ATE 39 M
122301	GRUA ASCENCIONAL, LANCA DE 50 M, CAPACIDADE DE 2,33 T A 30 M, ALTURA ATE 48 M
122302	GRUPO DE SOLDAGEM C/ GERADOR A DIESEL 60 CV PARA SOLDA ELETRICA, SOBRE 04 RODAS, COM MOTOR 4 CILINDROS
122303	GRUPO DE SOLDAGEM COM GERADOR A DIESEL 30 CV, PARA SOLDA ELETRICA, SOBRE DUAS RODAS
122304	GRUPO GERADOR A GASOLINA, POTENCIA NOMINAL 2,2 KW, TENSAO DE SAIDA 110/220 V, MOTOR POTENCIA 6,5 HP
122305	GRUPO GERADOR DIESEL, COM CARENAGEM, POTENCIA STANDART ENTRE 100 E 110 KVA, VELOCIDADE DE 1800 RPM, FREQUENCIA DE 60 HZ
122306	GRUPO GERADOR DIESEL, COM CARENAGEM, POTENCIA STANDART ENTRE 140 E 150 KVA, VELOCIDADE DE 1800 RPM, FREQUENCIA DE 60 HZ
122307	GRUPO GERADOR DIESEL, COM CARENAGEM, POTENCIA STANDART ENTRE 210 E 220 KVA, VELOCIDADE DE 1800 RPM, FREQUENCIA DE 60 HZ
122308	GRUPO GERADOR DIESEL, COM CARENAGEM, POTENCIA STANDART ENTRE 250 E 260 KVA, VELOCIDADE DE 1800 RPM, FREQUENCIA DE 60 HZ
122309	GRUPO GERADOR DIESEL, COM CARENAGEM, POTENCIA STANDART ENTRE 50 E 55 KVA, VELOCIDADE DE 1800 RPM, FREQUENCIA DE 60 HZ
122310	GRUPO GERADOR DIESEL, SEM CARENAGEM, POTENCIA STANDART ENTRE 100 E 110 KVA, VELOCIDADE DE 1800 RPM, FREQUENCIA DE 60 HZ
122311	GRUPO GERADOR DIESEL, SEM CARENAGEM, POTENCIA STANDART ENTRE 210 E 220 KVA, VELOCIDADE DE 1800 RPM, FREQUENCIA DE 60 HZ
122312	GRUPO GERADOR DIESEL, SEM CARENAGEM, POTENCIA STANDART ENTRE 250 E 260 KVA, VELOCIDADE DE 1800 RPM, FREQUENCIA DE 60 HZ
122313	GRUPO GERADOR DIESEL, SEM CARENAGEM, POTENCIA STANDART ENTRE 80 E 90 KVA, VELOCIDADE DE 1800 RPM, FREQUENCIA DE 60 HZ
122315	GRUPO GERADOR ESTACIONARIO, MOTOR DIESEL POTENCIA 170 KVA
122316	GRUPO GERADOR ESTACIONARIO, POTENCIA 150 KVA, MOTOR DIESEL
122318	GRUPO GERADOR REBOCAVEL, POTENCIA *66* KVA, MOTOR A DIESEL
122319	GUARNICAO / ALIZAR / VISTA LISA EM MADEIRA MACICA, PARA PORTA , E = *1* CM, L = *5* CM, CEDRINHO / ANGELIM COMERCIAL / TAURI/ CURUPIXA / PEROBA / CUMARU OU EQUIVALENTE DA REGIAO
122320	GUARNICAO / ALIZAR / VISTA LISA EM MADEIRA MACICA, PARA PORTA , E = *1* CM, L = *5* CM, PINUS /EUCALIPTO / VIROLA OU EQUIVALENTE DA REGIAO
122321	GUARNICAO / ALIZAR / VISTA, E = *1,5* CM, L = *5,0* CM, EM POLIESTIRENO, BRANCO (JOGO PARA 1 FACE)
122322	GUARNICAO/ALIZAR/VISTA, E = *1,3* CM, L = *5,0* CM HASTE REGULAVEL = *35* MM, EM MDF/PVC WOOD/ POLIESTIRENO OU MADEIRA LAMINADA, PRIMER BRANCO (JOGO PARA 1 FACE)
122323	GUARNICAO/ALIZAR/VISTA, E = *1,3* CM, L = *7,0* CM, EM POLIESTIRENO, BRANCO (JOGO PARA 1 FACE)
122324	GUARNICAO/MOLDURA DE ACABAMENTO PARA ESQUADRIA DE ALUMINIO ANODIZADO NATURAL, PARA 1 FACE
122325	GUINCHO DE ALAVANCA MANUAL, CAPACIDADE DE 1,6 T, COM 20 M DE CABO DE ACO (AQUISICAO)
122326	GUINCHO DE ALAVANCA MANUAL, CAPACIDADE 3,2 T COM 20 M DE CABO DE ACO DIAMETRO 16,3 MM
122327	GUINCHO ELETRICO DE COLUNA, CAPACIDADE 400 KG, COM MOTO FREIO, MOTOR TRIFASICO DE 1,25 CV
122331	GUINDAUTO HIDRAULICO, CAPACIDADE MAXIMA DE CARGA 10000 KG, MOMENTO MAXIMO DE CARGA 23 TM , ALCANCE MAXIMO HORIZONTAL 11,80 M, PARA MONTAGEM SOBRE CHASSI DE CAMINHAO PBT MINIMO 15000 KG (INCLUI MONTAGEM, NAO INCLUI CAMINHAO)
122332	GUINDAUTO HIDRAULICO, CAPACIDADE MAXIMA DE CARGA 14340 KG, MOMENTO MAXIMO DE CARGA 42,3 TM, ALCANCE MAXIMO HORIZONTAL 16,80 M, PARA MONTAGEM SOBRE CHASSI DE CAMINHAO PBT MINIMO 23000 KG (INCLUI MONTAGEM, NAO INCLUI CAMINHAO)
122333	GUINDAUTO HIDRAULICO, CAPACIDADE MAXIMA DE CARGA 30000 KG, MOMENTO MAXIMO DE CARGA 92,2 TM , ALCANCE MAXIMO HORIZONTAL 22,00 M, PARA MONTAGEM SOBRE CHASSI DE CAMINHAO PBT MINIMO 30000 KG (INCLUI MONTAGEM, NAO INCLUI CAMINHAO)
122334	GUINDAUTO HIDRAULICO, CAPACIDADE MAXIMA DE CARGA 3300 KG, MOMENTO MAXIMO DE CARGA 5,8 TM , ALCANCE MAXIMO HORIZONTAL 7,60 M, PARA MONTAGEM SOBRE CHASSI DE CAMINHAO PBT MINIMO 8000 KG (INCLUI MONTAGEM, NAO INCLUI CAMINHAO)
122335	GUINDAUTO HIDRAULICO, CAPACIDADE MAXIMA DE CARGA 6200 KG, MOMENTO MAXIMO DE CARGA 11,7 TM , ALCANCE MAXIMO HORIZONTAL 9,70 M, PARA MONTAGEM SOBRE CHASSI DE CAMINHAO PBT MINIMO 13000 KG (INCLUI MONTAGEM, NAO INCLUI CAMINHAO)
122336	GUINDAUTO HIDRAULICO, CAPACIDADE MAXIMA DE CARGA 8500 KG, MOMENTO MAXIMO DE CARGA 30,4 TM , ALCANCE MAXIMO HORIZONTAL 14,30 M, PARA MONTAGEM SOBRE CHASSI DE CAMINHAO PBT MINIMO 23000 KG (INCLUI MONTAGEM, NAO INCLUI CAMINHAO)
122337	HASTE ANCORA EM ACO GALVANIZADO, DIMENSOES 16 MM X 2000 MM
122338	"HASTE DE ACO GALVANIZADO PARA FIXACAO DE CONCERTINA 2 ""/3 M"
122339	"HASTE DE ATERRAMENTO EM ACO GALVANIZADO TIPO CANTONEIRA COM 2,00 M DE COMPRIMENTO, 25 X 25 MM E CHAPA DE 3/16"""
122340	HASTE METALICA PARA FIXACAO DE CALHA PLUVIAL, ZINCADA, DOBRADA 90 GRAUS
122341	"HASTE RETA PARA GANCHO DE FERRO GALVANIZADO, COM ROSCA 1/4 "" X 30 CM PARA FIXACAO DE TELHA METALICA, INCLUI PORCA E ARRUELAS DE VEDACAO"
122342	"HASTE RETA PARA GANCHO DE FERRO GALVANIZADO, COM ROSCA 1/4 "" X 40 CM PARA FIXACAO DE TELHA DE FIBROCIMENTO, INCLUI PORCA SEXTAVADA DE ZINCO"
122343	"HASTE RETA PARA GANCHO DE FERRO GALVANIZADO, COM ROSCA 5/16"" X 35 CM PARA FIXACAO DE TELHA DE FIBROCIMENTO, INCLUI PORCA E ARRUELAS DE VEDACAO"
122344	"HASTE RETA PARA GANCHO DE FERRO GALVANIZADO, COM ROSCA 5/16"" X 40 CM PARA FIXACAO DE TELHA DE FIBROCIMENTO, INCLUI PORCA SEXTAVADA DE ZINCO"
122345	"HASTE RETA PARA GANCHO DE FERRO GALVANIZADO, COM ROSCA 5/16"" X 45 CM PARA FIXACAO DE TELHA DE FIBROCIMENTO, INCLUI PORCA E ARRUELAS DE VEDACAO"
122346	HIDRANTE DE COLUNA COMPLETO, EM FERRO FUNDIDO, DN = 100 MM, COM REGISTRO, CUNHA DE BORRACHA, CURVA DESSIMETRICA, EXTREMIDADE E TAMPAS (INCLUI KIT FIXACAO)
122347	HIDRANTE DE COLUNA COMPLETO, EM FERRO FUNDIDO, DN = 75 MM, COM REGISTRO, CUNHA DE BORRACHA, CURVA DESSIMETRICA, EXTREMIDADE E TAMPAS (INCLUI KIT FIXACAO)
122348	HIDRANTE SUBTERRANEO, EM FERRO FUNDIDO, COM CURVA CURTA E CAIXA, DN 75 MM
122349	HIDRANTE SUBTERRANEO, EM FERRO FUNDIDO, COM CURVA LONGA E CAIXA, DN 75 MM
122350	HIDROJATEADORA PARA DESOBSTRUCAO DE REDES E GALERIAS, TANQUE 7000 L, BOMBA TRIPLEX 120 KGF/CM2 128 L/MIN (INCLUI MONTAGEM, NAO INCLUI CAMINHAO)
122351	HIDROJATEADORA PARA DESOBSTRUCAO DE REDES E GALERIAS, TANQUE 7000 L, BOMBA TRIPLEX 140 KGF/CM2 260 L/MIN ALIMENTADA POR MOTOR INDEPENDENTE A DIESEL POTENCIA 125 CV (INCLUI MONTAGEM, NAO INCLUI CAMINHAO)
122352	"HIDROMETRO MULTIJATO / MEDIDOR DE AGUA, DN 1 1/2"", VAZAO MAXIMA DE 20 M3/H, PARA AGUA POTAVEL FRIA, RELOJOARIA PLANA, CLASSE B, HORIZONTAL (SEM CONEXOES)"
122353	"HIDROMETRO MULTIJATO / MEDIDOR DE AGUA, DN 1"", VAZAO MAXIMA DE 10 M3/H, PARA AGUA POTAVEL FRIA, RELOJOARIA PLANA, CLASSE B, HORIZONTAL (SEM CONEXOES)"
122354	"HIDROMETRO MULTIJATO / MEDIDOR DE AGUA, DN 1"", VAZAO MAXIMA DE 7 M3/H, PARA AGUA POTAVEL FRIA, RELOJOARIA PLANA, CLASSE B, HORIZONTAL (SEM CONEXOES)"
122355	"HIDROMETRO MULTIJATO / MEDIDOR DE AGUA, DN 2"", VAZAO MAXIMA DE 30 M3/H, PARA AGUA POTAVEL FRIA, RELOJOARIA PLANA, CLASSE B, HORIZONTAL (SEM CONEXOES)"
122356	"HIDROMETRO UNIJATO / MEDIDOR DE AGUA, DN 1/2"", VAZAO MAXIMA DE 1,5 M3/H, PARA AGUA POTAVEL FRIA, RELOJOARIA PLANA, CLASSE B, HORIZONTAL (SEM CONEXOES)"
122357	"HIDROMETRO UNIJATO / MEDIDOR DE AGUA, DN 1/2"", VAZAO MAXIMA DE 3 M3/H, PARA AGUA POTAVEL FRIA, RELOJOARIA PLANA, CLASSE B, HORIZONTAL (SEM CONEXOES)"
122358	"HIDROMETRO UNIJATO / MEDIDOR DE AGUA, DN 3/4"", VAZAO MAXIMA DE 5 M3/H, PARA AGUA POTAVEL FRIA, RELOJOARIA PLANA, CLASSE B, HORIZONTAL (SEM CONEXOES)0,"
122359	"HIDROMETRO WOLTMANN, DN 2"", VAZAO MAXIMA DE 50 M3/H, PARA AGUA POTAVEL FRIA, RELOJOARIA PLANA, TURBINA HORIZONTAL, EQUIPADO COM TELIMETRIA (SEM CONEXOES)"
122360	"HIDROMETRO WOLTMANN, DN 3"", VAZAO MAXIMA DE 80 M3/H, PARA AGUA POTAVEL FRIA, RELOJOARIA PLANA, TURBINA HORIZONTAL, EQUIPADO COM TELIMETRIA (SEM CONEXOES)"
122361	IGNITOR PARA LAMPADA DE VAPOR DE SODIO / VAPOR METALICO ATE 2000 W, TENSAO DE PULSO ENTRE 600 A 750 V
122362	IGNITOR PARA LAMPADA DE VAPOR DE SODIO / VAPOR METALICO ATE 400 W, TENSAO DE PULSO ENTRE 3000 A 4500 V
122363	IGNITOR PARA LAMPADA DE VAPOR DE SODIO / VAPOR METALICO ATE 400 W, TENSAO DE PULSO ENTRE 580 A 750 V
122364	IMPERMEABILIZADOR
122365	IMPERMEABILIZADOR (MENSALISTA)
122366	IMPERMEABILIZANTE FLEXIVEL BRANCO DE BASE ACRILICA PARA COBERTURAS
122367	IMPERMEABILIZANTE INCOLOR PARA TRATAMENTO DE FACHADAS E TELHAS, BASE SILICONE
122368	IMUNIZANTE PARA MADEIRA, INCOLOR
122369	INSTALADOR DE TUBULACOES (TUBOS/EQUIPAMENTOS)
122370	INSTALADOR DE TUBULACOES (TUBOS/EQUIPAMENTOS) (MENSALISTA)
122371	INTERRUPTOR BIPOLAR SIMPLES 10 A, 250 V (APENAS MODULO)
122372	"INTERRUPTOR BIPOLAR 10A, 250V, CONJUNTO MONTADO PARA EMBUTIR 4"" X 2"" (PLACA + SUPORTE + MODULO)"
122373	INTERRUPTOR INTERMEDIARIO 10 A, 250 V (APENAS MODULO)
122374	"INTERRUPTOR INTERMEDIARIO 10A, 250V, CONJUNTO MONTADO PARA EMBUTIR 4"" X 2"" (PLACA + SUPORTE + MODULO)"
122375	"INTERRUPTOR PARALELO + TOMADA 2P+T 10A, 250V, CONJUNTO MONTADO PARA EMBUTIR 4"" X 2"" (PLACA + SUPORTE + MODULOS)"
122376	INTERRUPTOR PARALELO 10A, 250V (APENAS MODULO)
122377	"INTERRUPTOR PARALELO 10A, 250V, CONJUNTO MONTADO PARA EMBUTIR 4"" X 2"" (PLACA + SUPORTE + MODULO)"
122378	"INTERRUPTOR SIMPLES + INTERRUPTOR PARALELO + TOMADA 2P+T 10A, 250V, CONJUNTO MONTADO PARA EMBUTIR 4"" X 2"" (PLACA + SUPORTE + MODULOS)"
122379	"INTERRUPTOR SIMPLES + INTERRUPTOR PARALELO 10A, 250V, CONJUNTO MONTADO PARA EMBUTIR 4"" X 2"" (PLACA + SUPORTE + MODULOS)"
122380	"INTERRUPTOR SIMPLES + TOMADA 2P+T 10A, 250V, CONJUNTO MONTADO PARA EMBUTIR 4"" X 2"" (PLACA + SUPORTE + MODULOS)"
122381	"INTERRUPTOR SIMPLES + 2 INTERRUPTORES PARALELOS 10A, 250V, CONJUNTO MONTADO PARA EMBUTIR 4"" X 2"" (PLACA + SUPORTE + MODULOS)"
122382	INTERRUPTOR SIMPLES 10A, 250V (APENAS MODULO)
122383	"INTERRUPTOR SIMPLES 10A, 250V, CONJUNTO MONTADO PARA EMBUTIR 4"" X 2"" (PLACA + SUPORTE + MODULO)"
122384	"INTERRUPTOR SIMPLES 10A, 250V, CONJUNTO MONTADO PARA SOBREPOR 4"" X 2"" (CAIXA + MODULO)"
122385	"INTERRUPTOR SIMPLES 10A, 250V, CONJUNTO MONTADO PARA SOBREPOR 4"" X 2"" (CAIXA + 2 MODULOS)"
122386	"INTERRUPTORES PARALELOS (2 MODULOS) + TOMADA 2P+T 10A, 250V, CONJUNTO MONTADO PARA EMBUTIR 4"" X 2"" (PLACA + SUPORTE + MODULOS)"
122387	"INTERRUPTORES PARALELOS (2 MODULOS) 10A, 250V, CONJUNTO MONTADO PARA EMBUTIR 4"" X 2"" (PLACA + SUPORTE + MODULOS)"
122388	"INTERRUPTORES PARALELOS (3 MODULOS) 10A, 250V, CONJUNTO MONTADO PARA EMBUTIR 4"" X 2"" (PLACA + SUPORTE + MODULO)"
122389	"INTERRUPTORES SIMPLES (2 MODULOS) + TOMADA 2P+T 10A, 250V, CONJUNTO MONTADO PARA EMBUTIR 4"" X 2"" (PLACA + SUPORTE + MODULOS)"
122390	"INTERRUPTORES SIMPLES (2 MODULOS) + 1 INTERRUPTOR PARALELO 10A, 250V, CONJUNTO MONTADO PARA EMBUTIR 4"" X 2"" (PLACA + SUPORTE + MODULOS)"
122391	"INTERRUPTORES SIMPLES (2 MODULOS) 10A, 250V, CONJUNTO MONTADO PARA EMBUTIR 4"" X 2"" (PLACA + SUPORTE + MODULOS)"
122392	"INTERRUPTORES SIMPLES (3 MODULOS) 10A, 250V, CONJUNTO MONTADO PARA EMBUTIR 4"" X 2"" (PLACA + SUPORTE + MODULOS)"
122393	INVERSOR DE SOLDA MONOFASICO DE 160 A, POTENCIA DE 5400 W, TENSAO DE 220 V, TURBO VENTILADO, PROTECAO POR FUSIVEL TERMICO, PARA ELETRODOS DE 2,0 A 4,0 MM
122394	ISOLADOR DE PORCELANA SUSPENSO, DISCO TIPO GARFO OLHAL, DIAMETRO DE 152 MM, PARA TENSAO DE *15* KV
122395	ISOLADOR DE PORCELANA, TIPO BUCHA, PARA TENSAO DE *15* KV
122396	ISOLADOR DE PORCELANA, TIPO BUCHA, PARA TENSAO DE *35* KV
122397	ISOLADOR DE PORCELANA, TIPO PINO MONOCORPO, PARA TENSAO DE *15* KV
122398	ISOLADOR DE PORCELANA, TIPO PINO MONOCORPO, PARA TENSAO DE *35* KV
122399	ISOLADOR DE PORCELANA, TIPO ROLDANA, DIMENSOES DE *72* X *72* MM, PARA USO EM BAIXA TENSAO
122400	JANELA BASCULANTE EM ALUMINIO, 80 X 60 CM (A X L), ACABAMENTO ACET OU BRILHANTE, BATENTE/REQUADRO DE 3 A 14 CM, COM VIDRO, SEM GUARNICAO/ALIZAR
122401	JANELA BASCULANTE EM MADEIRA PINUS/ EUCALIPTO/ TAUARI/ VIROLA OU EQUIVALENTE DA REGIAO, *60 X 60*, CAIXA DO BATENTE/ MARCO E = *10* CM, 2 BASCULAS PARA VIDRO, COM FERRAGENS (SEM VIDRO, SEM GUARNICAO/ALIZAR E SEM ACABAMENTO)
122402	JANELA BASCULANTE EM MADEIRA PINUS/ EUCALIPTO/ TAUARI/ VIROLA OU EQUIVALENTE DA REGIAO, CAIXA DO BATENTE/ MARCO *10* CM, *2* FOLHAS BASCULANTES PARA VIDRO, COM FERRAGENS (SEM VIDRO, SEM GUARNICAO/ALIZAR E SEM ACABAMENTO)
122403	JANELA BASCULANTE, ACO, COM BATENTE/REQUADRO, 60 X 60 CM (SEM VIDROS)
122404	JANELA DE ABRIR EM MADEIRA IMBUIA/CEDRO ARANA/CEDRO ROSA OU EQUIVALENTE DA REGIAO, CAIXA DO BATENTE/MARCO *10* CM, 2 FOLHAS DE ABRIR TIPO VENEZIANA E 2 FOLHAS DE ABRIR PARA VIDRO, COM GUARNICAO/ALIZAR, COM FERRAGENS, (SEM VIDRO E SEM ACABAMENTO)
122405	JANELA DE ABRIR EM MADEIRA PINUS/EUCALIPTO/ TAUARI/ VIROLA OU EQUIVALENTE DA REGIAO, CAIXA DO BATENTE/MARCO *10* CM, 2 FOLHAS DE ABRIR TIPO VENEZIANA E 2 FOLHAS GUILHOTINA PARA VIDRO, COM FERRAGENS (SEM VIDRO,SEM GUARNICAO/ALIZAR E SEM ACABAMENTO)
122406	JANELA DE CORRER EM ALUMINIO, VENEZIANA, 120 X 120 CM (A X L), 3 FLS (2 VENEZIANAS E 1 VIDRO), SEM BANDEIRA, ACABAMENTO ACET OU BRILHANTE, BATENTE/REQUADRO DE 6 A 14 CM, COM VIDRO, SEM GUARNICAO/ALIZAR
122407	JANELA DE CORRER EM ALUMINIO, VENEZIANA, 120 X 150 CM (A X L), 6 FLS (4 VENEZIANAS E 2 VIDROS), SEM BANDEIRA, ACABAMENTO ACET OU BRILHANTE, BATENTE/REQUADRO DE 6 A 14 CM, COM VIDRO, SEM GUARNICAO/ALIZAR
122408	JANELA DE CORRER EM ALUMINIO, 100 X 120 CM (A X L), 2 FLS, SEM BANDEIRA, ACABAMENTO ACET OU BRILHANTE, BATENTE/REQUADRO DE 6 A 14 CM, COM VIDRO, SEM GUARNICAO
122409	JANELA DE CORRER EM ALUMINIO, 100 X 150 CM (A X L), 2 FLS, SEM BANDEIRA, ACABAMENTO ACET OU BRILHANTE, BATENTE/REQUADRO DE 6 A 14 CM, COM VIDRO, SEM GUARNICAO/ALIZAR
122410	JANELA DE CORRER EM ALUMINIO, 100 X 150 CM (A X L), 4 FLS, SEM BANDEIRA, ACABAMENTO ACET OU BRILHANTE, BATENTE/REQUADRO DE 6 A 14 CM, COM VIDRO, SEM GUARNICAO/ALIZAR
122411	JANELA DE CORRER EM ALUMINIO, 100 X 200 CM, 4 FLS, BANDEIRA COM BASCULA, ACABAMENTO ACET OU BRILHANTE, BATENTE/REQUADRO DE 6 A 14 CM, COM VIDRO, SEM GUARNICAO/ALIZAR
122412	JANELA DE CORRER EM ALUMINIO, 120 X 150 CM (A X L), 4 FLS, BANDEIRA COM BASCULA, ACABAMENTO ACET OU BRILHANTE, BATENTE/REQUADRO DE 6 A 14 CM, COM VIDRO, SEM GUARNICAO/ALIZAR
122413	JANELA DE 6 FOLHAS DE CORRER EM MADEIRA CEDRINHO/ ANGELIM COMERCIAL/ CURUPIXA/ CUMARU OU EQUIVALENTE DA REGIAO, CAIXA DO BATENTE/MARCO *10* CM, 2 FOLHAS DE CORRER VENEZIANA, 2 FOLHAS FIXAS VENEZIANA E 2 FOLHAS DE CORRER PARA VIDRO, COM FERRAGENS (SEM VIDRO, SEM ACABAMENTO E SEM GUARNICAO/ALIZAR)
122414	JANELA DE 6 FOLHAS DE CORRER EM MADEIRA IMBUIA/CEDRO ARANA/CEDRO ROSA OU EQUIVALENTE DA REGIAO, CAIXA DO BATENTE/MARCO *10* CM, 2 FOLHAS DE CORRER VENEZIANA, 2 FOLHAS FIXAS VENEZIANA E 2 FOLHAS DE CORRER PARA VIDRO, COM FERRAGENS (SEM VIDRO, SEM ACABAMENTO E SEM GUARNICAO/ALIZAR)
122415	JANELA DE 6 FOLHAS DE CORRER EM MADEIRA PINUS/ EUCALIPTO/ TAUARI/ VIROLA OU EQUIVALENTE DA REGIAO, CAIXA DO BATENTE/MARCO *10* CM, 2 FOLHAS DE CORRER VENEZIANA, 2 FOLHAS FIXAS VENEZIANA E 2 FOLHAS DE CORRER PARA VIDRO, COM FERRAGENS (SEM VIDRO, SEM ACABAMENTO E SEM GUARNICAO/ALIZAR)
122416	JANELA EM MADEIRA CEDRINHO/ ANGELIM COMERCIAL/ CURUPIXA/ CUMARU OU EQUIVALENTE DA REGIAO, CAIXA DO BATENTE/MARCO *10* CM, 2 FOLHAS DE ABRIR TIPO VENEZIANA E 2 FOLHAS GUILHOTINA PARA VIDRO, COM GUARNICAO/ALIZAR, COM FERRAGENS (SEM VIDRO E SEM ACABAMENTO)
122417	JANELA FIXA EM ALUMINIO, 60 X 80 CM (A X L), BATENTE/REQUADRO DE 3 A 14 CM, COM VIDRO, SEM GUARNICAO/ALIZAR
122418	JANELA MAXIM AR EM ALUMINIO, 80 X 60 CM (A X L), BATENTE/REQUADRO DE 4 A 14 CM, COM VIDRO, SEM GUARNICAO/ALIZAR
122419	JANELA MAXIM AR EM MADEIRA CEDRINHO/ ANGELIM COMERCIAL/ CURUPIXA/ CUMARU OU EQUIVALENTE DA REGIAO, CAIXA DO BATENTE/MARCO *10* CM, 1 FOLHA PARA VIDRO, COM GUARNICAO/ALIZAR, COM FERRAGENS, (SEM VIDRO E SEM ACABAMENTO)
122420	JANELA MAXIMO AR, ACO, BATENTE / REQUADRO DE 6 A 14 CM, PINT ANTICORROSIVA, SEM VIDRO, COM GRADE, 1 FL, 60 X 80 CM (A X L)
122421	JARDINEIRO
122422	JARDINEIRO (MENSALISTA)
122423	JOELHO COM VISITA, PVC SERIE R, 90 GRAUS, 100 X 75 MM, PARA ESGOTO OU AGUAS PLUVIAIS PREDIAIS
122424	JOELHO CPVC, SOLDAVEL, 45 GRAUS, 15 MM, PARA AGUA QUENTE
122425	JOELHO CPVC, SOLDAVEL, 45 GRAUS, 22 MM, PARA AGUA QUENTE
122426	JOELHO CPVC, SOLDAVEL, 45 GRAUS, 28 MM, PARA AGUA QUENTE
122427	JOELHO CPVC, SOLDAVEL, 45 GRAUS, 35 MM, PARA AGUA QUENTE
122428	JOELHO CPVC, SOLDAVEL, 45 GRAUS, 42 MM, PARA AGUA QUENTE
122429	JOELHO CPVC, SOLDAVEL, 45 GRAUS, 54 MM, PARA AGUA QUENTE
122430	JOELHO CPVC, SOLDAVEL, 45 GRAUS, 73 MM, PARA AGUA QUENTE
122431	JOELHO CPVC, SOLDAVEL, 45 GRAUS, 89 MM, PARA AGUA QUENTE
122432	JOELHO CPVC, SOLDAVEL, 90 GRAUS, 15 MM, PARA AGUA QUENTE
122433	JOELHO CPVC, SOLDAVEL, 90 GRAUS, 22 MM, PARA AGUA QUENTE
122434	JOELHO CPVC, SOLDAVEL, 90 GRAUS, 28 MM, PARA AGUA QUENTE
122435	JOELHO CPVC, SOLDAVEL, 90 GRAUS, 35 MM, PARA AGUA QUENTE
122436	JOELHO CPVC, SOLDAVEL, 90 GRAUS, 42 MM, PARA AGUA QUENTE
122437	JOELHO CPVC, SOLDAVEL, 90 GRAUS, 54 MM, PARA AGUA QUENTE
122438	JOELHO CPVC, SOLDAVEL, 90 GRAUS, 73 MM, PARA AGUA QUENTE
122439	JOELHO CPVC, SOLDAVEL, 90 GRAUS, 89 MM, PARA AGUA QUENTE
122440	JOELHO DE REDUCAO, PVC SOLDAVEL, 90 GRAUS, 25 MM X 20 MM, PARA AGUA FRIA PREDIAL
122441	JOELHO DE REDUCAO, PVC SOLDAVEL, 90 GRAUS, 32 MM X 25 MM, PARA AGUA FRIA PREDIAL
122442	"JOELHO DE REDUCAO, PVC, ROSCAVEL COM BUCHA DE LATAO, 90 GRAUS, 3/4"" X 1/2"", PARA AGUA FRIA PREDIAL"
122443	"JOELHO DE REDUCAO, PVC, ROSCAVEL, 90 GRAUS, 1"" X 3/4"", PARA AGUA FRIA PREDIAL"
122444	"JOELHO DE REDUCAO, PVC, ROSCAVEL, 90 GRAUS, 3/4"" X 1/2"", PARA AGUA FRIA PREDIAL"
122445	"JOELHO DE TRANSICAO, CPVC, SOLDAVEL, 90 GRAUS, 15 MM X 1/2"", PARA AGUA QUENTE"
122446	"JOELHO DE TRANSICAO, CPVC, SOLDAVEL, 90 GRAUS, 22 MM X 1/2"", PARA AGUA QUENTE"
122447	"JOELHO DE TRANSICAO, CPVC, SOLDAVEL, 90 GRAUS, 22 MM X 3/4"", PARA AGUA QUENTE"
122448	JOELHO PPR 45 GRAUS, SOLDAVEL, DN 20 MM, PARA AGUA QUENTE PREDIAL
122449	JOELHO PPR 45 GRAUS, SOLDAVEL, DN 25 MM, PARA AGUA QUENTE PREDIAL
122450	JOELHO PPR, 45 GRAUS, SOLDAVEL, DN 32 MM, PARA AGUA QUENTE PREDIAL
122451	JOELHO PPR, 90 GRAUS, SOLDAVEL, DN 110 MM, PARA AGUA QUENTE PREDIAL
122452	JOELHO PPR, 90 GRAUS, SOLDAVEL, DN 20 MM, PARA AGUA QUENTE PREDIAL
122453	JOELHO PPR, 90 GRAUS, SOLDAVEL, DN 25 MM, PARA AGUA QUENTE PREDIAL
122454	JOELHO PPR, 90 GRAUS, SOLDAVEL, DN 32 MM, PARA AGUA QUENTE PREDIAL
122455	JOELHO PPR, 90 GRAUS, SOLDAVEL, DN 40 MM, PARA AGUA QUENTE PREDIAL
122456	JOELHO PPR, 90 GRAUS, SOLDAVEL, DN 50 MM, PARA AGUA QUENTE PREDIAL
122457	JOELHO PPR, 90 GRAUS, SOLDAVEL, DN 63 MM, PARA AGUA QUENTE PREDIAL
122458	JOELHO PPR, 90 GRAUS, SOLDAVEL, DN 75 MM, PARA AGUA QUENTE PREDIAL
122459	JOELHO PPR, 90 GRAUS, SOLDAVEL, DN 90 MM, PARA AGUA QUENTE PREDIAL
122460	JOELHO PVC COM VISITA, 90 GRAUS, DN 100 X 50 MM, SERIE NORMAL, PARA ESGOTO PREDIAL
122461	JOELHO PVC LEVE, 45 GRAUS, DN 150 MM, PARA ESGOTO PREDIAL
122462	JOELHO PVC LEVE, 90 GRAUS, DN 150 MM, PARA ESGOTO PREDIAL
122463	"JOELHO PVC, SOLDAVEL COM ROSCA, 90 GRAUS, 20 MM X 1/2"", PARA AGUA FRIA PREDIAL"
122464	"JOELHO PVC, SOLDAVEL COM ROSCA, 90 GRAUS, 25 MM X 1/2"", PARA AGUA FRIA PREDIAL"
122465	"JOELHO PVC, SOLDAVEL COM ROSCA, 90 GRAUS, 25 MM X 3/4"", PARA AGUA FRIA PREDIAL"
122466	"JOELHO PVC, SOLDAVEL COM ROSCA, 90 GRAUS, 32 MM X 3/4"", PARA AGUA FRIA PREDIAL"
122467	JOELHO PVC, COM BOLSA E ANEL, 90 GRAUS, DN 40 X *38* MM, SERIE NORMAL, PARA ESGOTO PREDIAL
122468	"JOELHO PVC, ROSCAVEL, 45 GRAUS, 1/2"", PARA AGUA FRIA PREDIAL"
122469	"JOELHO PVC, ROSCAVEL, 45 GRAUS, 1"", PARA AGUA FRIA PREDIAL"
122470	"JOELHO PVC, ROSCAVEL, 45 GRAUS, 3/4"", PARA AGUA FRIA PREDIAL"
122471	"JOELHO PVC, ROSCAVEL, 90 GRAUS, 1/2"", PARA AGUA FRIA PREDIAL"
122472	"JOELHO PVC, ROSCAVEL, 90 GRAUS, 1"", PARA AGUA FRIA PREDIAL"
122473	"JOELHO PVC, ROSCAVEL, 90 GRAUS, 3/4"", PARA AGUA FRIA PREDIAL"
122474	JOELHO PVC, SOLDAVEL, BB, 45 GRAUS, DN 40 MM, PARA ESGOTO PREDIAL
122475	JOELHO PVC, SOLDAVEL, BB, 90 GRAUS, DN 40 MM, PARA ESGOTO PREDIAL
122476	"JOELHO PVC, SOLDAVEL, COM BUCHA DE LATAO, 90 GRAUS, 20 MM X 1/2"", PARA AGUA FRIA PREDIAL"
122477	"JOELHO PVC, SOLDAVEL, COM BUCHA DE LATAO, 90 GRAUS, 25 MM X 1/2"", PARA AGUA FRIA PREDIAL"
122478	"JOELHO PVC, SOLDAVEL, COM BUCHA DE LATAO, 90 GRAUS, 25 MM X 3/4"", PARA AGUA FRIA PREDIAL"
122479	"JOELHO PVC, SOLDAVEL, COM BUCHA DE LATAO, 90 GRAUS, 32 MM X 3/4"", PARA AGUA FRIA PREDIAL"
122480	JOELHO PVC, SOLDAVEL, PB, 45 GRAUS, DN 100 MM, PARA ESGOTO PREDIAL
122481	JOELHO PVC, SOLDAVEL, PB, 45 GRAUS, DN 150 MM, PARA ESGOTO PREDIAL
122482	JOELHO PVC, SOLDAVEL, PB, 45 GRAUS, DN 40 MM, PARA ESGOTO PREDIAL
122483	JOELHO PVC, SOLDAVEL, PB, 45 GRAUS, DN 50 MM, PARA ESGOTO PREDIAL
122484	JOELHO PVC, SOLDAVEL, PB, 45 GRAUS, DN 75 MM, PARA ESGOTO PREDIAL
122485	JOELHO PVC, SOLDAVEL, PB, 90 GRAUS, DN 100 MM, PARA ESGOTO PREDIAL
122486	JOELHO PVC, SOLDAVEL, PB, 90 GRAUS, DN 150 MM, PARA ESGOTO PREDIAL
122487	JOELHO PVC, SOLDAVEL, PB, 90 GRAUS, DN 40 MM, PARA ESGOTO PREDIAL
122488	JOELHO PVC, SOLDAVEL, PB, 90 GRAUS, DN 50 MM, PARA ESGOTO PREDIAL
122489	JOELHO PVC, SOLDAVEL, PB, 90 GRAUS, DN 75 MM, PARA ESGOTO PREDIAL
122490	JOELHO PVC, SOLDAVEL, 90 GRAUS, 110 MM, PARA AGUA FRIA PREDIAL
122491	JOELHO PVC, SOLDAVEL, 90 GRAUS, 20 MM, PARA AGUA FRIA PREDIAL
122492	JOELHO PVC, SOLDAVEL, 90 GRAUS, 25 MM, PARA AGUA FRIA PREDIAL
122493	JOELHO PVC, SOLDAVEL, 90 GRAUS, 32 MM, PARA AGUA FRIA PREDIAL
122494	JOELHO PVC, SOLDAVEL, 90 GRAUS, 40 MM, PARA AGUA FRIA PREDIAL
122495	JOELHO PVC, SOLDAVEL, 90 GRAUS, 50 MM, PARA AGUA FRIA PREDIAL
122496	JOELHO PVC, SOLDAVEL, 90 GRAUS, 60 MM, PARA AGUA FRIA PREDIAL
122497	JOELHO PVC, SOLDAVEL, 90 GRAUS, 85 MM, PARA AGUA FRIA PREDIAL
122498	"JOELHO PVC, 45 GRAUS, ROSCAVEL, 1 1/2"", AGUA FRIA PREDIAL"
122499	"JOELHO PVC, 45 GRAUS, ROSCAVEL, 1 1/4"", AGUA FRIA PREDIAL"
122500	"JOELHO PVC, 45 GRAUS, ROSCAVEL, 2"", AGUA FRIA PREDIAL"
122501	JOELHO PVC, 60 GRAUS, DIAMETRO ENTRE 80 E 100 MM, PARA DRENAGEM PLUVIAL PREDIAL
122502	JOELHO PVC, 90 GRAUS, DIAMETRO ENTRE 80 E 100 MM, PARA DRENAGEM PLUVIAL PREDIAL
122503	"JOELHO PVC, 90 GRAUS, ROSCAVEL, 1 1/2"", AGUA FRIA PREDIAL"
122504	"JOELHO PVC, 90 GRAUS, ROSCAVEL, 1 1/4"", AGUA FRIA PREDIAL"
122505	"JOELHO PVC, 90 GRAUS, ROSCAVEL, 2"", AGUA FRIA PREDIAL"
122506	"JOELHO ROSCA FEMEA MOVEL, METALICO, PARA CONEXAO COM ANEL DESLIZANTE EM TUBO PEX, DN 16 MM X 1/2"""
122507	"JOELHO ROSCA FEMEA MOVEL, METALICO, PARA CONEXAO COM ANEL DESLIZANTE EM TUBO PEX, DN 20 MM X 1/2"""
122508	"JOELHO ROSCA FEMEA MOVEL, METALICO, PARA CONEXAO COM ANEL DESLIZANTE EM TUBO PEX, DN 20 MM X 3/4"""
122509	"JOELHO ROSCA FEMEA MOVEL, METALICO, PARA CONEXAO COM ANEL DESLIZANTE EM TUBO PEX, DN 25 MM X 3/4"""
122510	JOELHO 45 GRAUS, PPR, SOLDAVEL, F/ F, DN 40 MM, PARA AQUA QUENTE E FRIA PREDIAL
122511	JOELHO 45 GRAUS, PPR, SOLDAVEL, F/ F, DN 50 MM, PARA AQUA QUENTE E FRIA PREDIAL
122512	JOELHO 45 GRAUS, PPR, SOLDAVEL, F/ F, DN 63 MM, PARA AQUA QUENTE E FRIA PREDIAL
122513	JOELHO 45 GRAUS, PPR, SOLDAVEL, F/ F, DN 75 MM, PARA AQUA QUENTE E FRIA PREDIAL
122514	JOELHO 45 GRAUS, PPR, SOLDAVEL, F/ F, DN 90 MM, PARA AQUA QUENTE E FRIA PREDIAL
122515	JOELHO 90 GRAUS, METALICO, PARA CONEXAO COM ANEL DESLIZANTE EM TUBO PEX, DN 16 MM
122516	JOELHO 90 GRAUS, METALICO, PARA CONEXAO COM ANEL DESLIZANTE EM TUBO PEX, DN 20 MM
122517	JOELHO 90 GRAUS, METALICO, PARA CONEXAO COM ANEL DESLIZANTE EM TUBO PEX, DN 25 MM
122518	JOELHO 90 GRAUS, METALICO, PARA CONEXAO COM ANEL DESLIZANTE EM TUBO PEX, DN 32 MM
122519	JOELHO 90 GRAUS, PLASTICO, PARA CONEXAO COM CRIMPAGEM EM TUBO PEX, DN 16 MM
122520	JOELHO 90 GRAUS, PLASTICO, PARA CONEXAO COM CRIMPAGEM EM TUBO PEX, DN 20 MM
122521	JOELHO 90 GRAUS, PLASTICO, PARA CONEXAO COM CRIMPAGEM EM TUBO PEX, DN 25 MM
122522	JOELHO 90 GRAUS, PLASTICO, PARA CONEXAO COM CRIMPAGEM EM TUBO PEX, DN 32 MM
122523	"JOELHO 90 GRAUS, ROSCA FEMEA TERMINAL, METALICO, PARA CONEXAO COM ANEL DESLIZANTE EM TUBO PEX, DN 16 MM X 1/2"""
122524	"JOELHO 90 GRAUS, ROSCA FEMEA TERMINAL, METALICO, PARA CONEXAO COM ANEL DESLIZANTE EM TUBO PEX, DN 20 MM X 1/2"""
122525	"JOELHO 90 GRAUS, ROSCA FEMEA TERMINAL, METALICO, PARA CONEXAO COM ANEL DESLIZANTE EM TUBO PEX, DN 20 MM X 3/4"""
122526	"JOELHO 90 GRAUS, ROSCA FEMEA TERMINAL, METALICO, PARA CONEXAO COM ANEL DESLIZANTE EM TUBO PEX, DN 25 MM X 3/4"""
122527	"JOELHO 90 GRAUS, ROSCA FEMEA TERMINAL, PLASTICO, PARA CONEXAO COM CRIMPAGEM EM TUBO PEX, DN 16 MM X 1/2"""
122528	"JOELHO 90 GRAUS, ROSCA FEMEA TERMINAL, PLASTICO, PARA CONEXAO COM CRIMPAGEM EM TUBO PEX, DN 16 MM X 3/4"""
122529	"JOELHO 90 GRAUS, ROSCA FEMEA TERMINAL, PLASTICO, PARA CONEXAO COM CRIMPAGEM EM TUBO PEX, DN 20 MM X 1/2"""
122530	"JOELHO 90 GRAUS, ROSCA FEMEA TERMINAL, PLASTICO, PARA CONEXAO COM CRIMPAGEM EM TUBO PEX, DN 20 MM X 3/4"""
122531	"JOELHO 90 GRAUS, ROSCA FEMEA TERMINAL, PLASTICO, PARA CONEXAO COM CRIMPAGEM EM TUBO PEX, DN 25 MM X 1/2"""
122532	"JOELHO 90 GRAUS, ROSCA FEMEA TERMINAL, PLASTICO, PARA CONEXAO COM CRIMPAGEM EM TUBO PEX, DN 25 MM X 1"""
122533	"JOELHO 90 GRAUS, ROSCA FEMEA TERMINAL, PLASTICO, PARA CONEXAO COM CRIMPAGEM EM TUBO PEX, DN 25 MM X 3/4"""
122534	"JOELHO 90 GRAUS, ROSCA FEMEA TERMINAL, PLASTICO, PARA CONEXAO COM CRIMPAGEM EM TUBO PEX, DN 32 MM X 1"""
122535	"JOELHO 90 GRAUS, ROSCA MACHO TERMINAL, METALICO, PARA CONEXAO COM ANEL DESLIZANTE EM TUBO PEX, DN 16 MM X 1/2"""
122536	"JOELHO 90 GRAUS, ROSCA MACHO TERMINAL, METALICO, PARA CONEXAO COM ANEL DESLIZANTE EM TUBO PEX, DN 20 MM X 1/2"""
122537	"JOELHO 90 GRAUS, ROSCA MACHO TERMINAL, METALICO, PARA CONEXAO COM ANEL DESLIZANTE EM TUBO PEX, DN 20 MM X 3/4"""
122538	"JOELHO 90 GRAUS, ROSCA MACHO TERMINAL, METALICO, PARA CONEXAO COM ANEL DESLIZANTE EM TUBO PEX, DN 25 MM X 3/4"""
122539	"JOELHO 90 GRAUS, ROSCA MACHO TERMINAL, PLASTICO, PARA CONEXAO COM CRIMPAGEM EM TUBO PEX, DN 25 MM X 1/2"""
122540	"JOELHO 90 GRAUS, ROSCA MACHO TERMINAL, PLASTICO, PARA CONEXAO COM CRIMPAGEM EM TUBO PEX, DN 25 MM X 1"""
122541	"JOELHO 90 GRAUS, ROSCA MACHO TERMINAL, PLASTICO, PARA CONEXAO COM CRIMPAGEM EM TUBO PEX, DN 32 MM X 1"""
122542	"JOELHO, PVC COM ROSCA E BUCHA LATAO, 90 GRAUS, 3/4"", PARA AGUA FRIA PREDIAL"
122543	JOELHO, PVC SERIE R, 45 GRAUS, DN 100 MM, PARA ESGOTO OU AGUAS PLUVIAIS PREDIAIS
122544	JOELHO, PVC SERIE R, 45 GRAUS, DN 150 MM, PARA ESGOTO OU AGUAS PLUVIAIS PREDIAIS
122545	JOELHO, PVC SERIE R, 45 GRAUS, DN 40 MM, PARA ESGOTO OU AGUAS PLUVIAIS PREDIAIS
122546	JOELHO, PVC SERIE R, 45 GRAUS, DN 50 MM, PARA ESGOTO OU AGUAS PLUVIAIS PREDIAIS
122547	JOELHO, PVC SERIE R, 45 GRAUS, DN 75 MM, PARA ESGOTO OU AGUAS PLUVIAIS PREDIAIS
122548	JOELHO, PVC SERIE R, 90 GRAUS, DN 100 MM, PARA ESGOTO OU AGUAS PLUVIAIS PREDIAIS
122549	JOELHO, PVC SERIE R, 90 GRAUS, DN 150 MM, PARA ESGOTO OU AGUAS PLUVIAIS PREDIAIS
122550	JOELHO, PVC SERIE R, 90 GRAUS, DN 40 MM, PARA ESGOTO OU AGUAS PLUVIAIS PREDIAIS
122551	JOELHO, PVC SERIE R, 90 GRAUS, DN 50 MM, PARA ESGOTO OU AGUAS PLUVIAIS PREDIAIS
122552	JOELHO, PVC SERIE R, 90 GRAUS, DN 75 MM, PARA ESGOTO OU AGUAS PLUVIAIS PREDIAIS
122553	JOELHO, PVC SOLDAVEL, 45 GRAUS, 110 MM, PARA AGUA FRIA PREDIAL
122554	JOELHO, PVC SOLDAVEL, 45 GRAUS, 20 MM, PARA AGUA FRIA PREDIAL
122555	JOELHO, PVC SOLDAVEL, 45 GRAUS, 25 MM, PARA AGUA FRIA PREDIAL
122556	JOELHO, PVC SOLDAVEL, 45 GRAUS, 32 MM, PARA AGUA FRIA PREDIAL
122557	JOELHO, PVC SOLDAVEL, 45 GRAUS, 40 MM, PARA AGUA FRIA PREDIAL
122558	JOELHO, PVC SOLDAVEL, 45 GRAUS, 50 MM, PARA AGUA FRIA PREDIAL
122559	JOELHO, PVC SOLDAVEL, 45 GRAUS, 60 MM, PARA AGUA FRIA PREDIAL
122560	JOELHO, PVC SOLDAVEL, 45 GRAUS, 75 MM, PARA AGUA FRIA PREDIAL
122561	JOELHO, PVC SOLDAVEL, 45 GRAUS, 85 MM, PARA AGUA FRIA PREDIAL
122562	JOELHO, PVC SOLDAVEL, 90 GRAUS, 75 MM, PARA AGUA FRIA PREDIAL
122563	"JOELHO, ROSCA FEMEA, COM BASE FIXA, METALICO, PARA CONEXAO COM ANEL DESLIZANTE EM TUBO PEX, DN 16 MM X 1/2"""
122564	"JOELHO, ROSCA FEMEA, COM BASE FIXA, METALICO, PARA CONEXAO COM ANEL DESLIZANTE EM TUBO PEX, DN 20 MM X 1/2"""
122565	"JOELHO, ROSCA FEMEA, COM BASE FIXA, METALICO, PARA CONEXAO COM ANEL DESLIZANTE EM TUBO PEX, DN 25 MM X 3/4"""
122566	"JOELHO, ROSCA FEMEA, COM BASE FIXA, PLASTICO, PARA CONEXAO COM CRIMPAGEM EM TUBO PEX, DN 25 MM X 1/2"""
122567	"JOELHO, ROSCA FEMEA, COM BASE FIXA, PLASTICO, PARA CONEXAO POR CRIMPAGEM EM TUBO PEX, DN 16 MM X 3/4"""
122568	"JOELHO, ROSCA FEMEA, COM BASE FIXA, PLASTICO, PARA CONEXAO POR CRIMPAGEM EM TUBO PEX, DN 20 MM X 3/4"""
122569	JOGO DE TRANQUETA E ROSETA QUADRADA DE SOBREPOR SEM FUROS, EM LATAO CROMADO, *50 X 50* MM, PARA FECHADURA DE PORTA DE BANHEIRO
122570	JOGO DE TRANQUETA E ROSETA REDONDA DE SOBREPOR SEM FUROS, EM LATAO CROMADO, DIAMETRO *50* MM, PARA FECHADURA DE PORTA DE BANHEIRO
122571	JUNCAO DE REDUCAO INVERTIDA, PVC SOLDAVEL, 100 X 50 MM, SERIE NORMAL PARA ESGOTO PREDIAL
122572	JUNCAO DE REDUCAO INVERTIDA, PVC SOLDAVEL, 100 X 75 MM, SERIE NORMAL PARA ESGOTO PREDIAL
122573	JUNCAO DE REDUCAO INVERTIDA, PVC SOLDAVEL, 75 X 50 MM, SERIE NORMAL PARA ESGOTO PREDIAL
122574	JUNCAO DE REDUCAO SIMPLES, COM BOLSA PARA ANEL, PVC LEVE, 150 X 100 MM, PARA ESGOTO PREDIAL
122575	JUNCAO DUPLA, PVC SERIE R, DN 100 X 100 X 100 MM, PARA ESGOTO OU AGUAS PLUVIAIS PREDIAIS
122576	JUNCAO DUPLA, PVC SOLDAVEL, DN 100 X 100 X 100 MM , SERIE NORMAL PARA ESGOTO PREDIAL
122577	JUNCAO DUPLA, PVC SOLDAVEL, DN 75 X 75 X 75 MM , SERIE NORMAL PARA ESGOTO PREDIAL
122578	JUNCAO INVERTIDA, PVC SOLDAVEL, 75 X 75 MM, SERIE NORMAL PARA ESGOTO PREDIAL
122579	"JUNCAO PVC ROSCAVEL, 45 GRAUS, 1/2"", PARA AGUA FRIA PREDIAL"
122580	"JUNCAO PVC ROSCAVEL, 45 GRAUS, 3/4"", PARA AGUA FRIA PREDIAL"
122581	"JUNCAO PVC, 45 GRAUS, ROSCAVEL, 1 1/4"", AGUA FRIA PREDIAL"
122582	JUNCAO PVC, 60 GRAUS, CIRCULAR, DIAMETRO ENTRE 80 E 100 MM, PARA DRENAGEM PLUVIAL PREDIAL
122583	JUNCAO SIMPLES, PVC LEVE, 150 MM, PARA ESGOTO PREDIAL
122584	JUNCAO SIMPLES, PVC SERIE R, DN 100 X 100 MM, PARA ESGOTO OU AGUAS PLUVIAIS PREDIAIS
122585	JUNCAO SIMPLES, PVC SERIE R, DN 100 X 75 MM, PARA ESGOTO OU AGUAS PLUVIAIS PREDIAIS
122586	JUNCAO SIMPLES, PVC SERIE R, DN 150 X 100 MM, PARA ESGOTO OU AGUAS PLUVIAIS PREDIAIS
122587	JUNCAO SIMPLES, PVC SERIE R, DN 150 X 150 MM, PARA ESGOTO OU AGUAS PLUVIAIS PREDIAIS
122588	JUNCAO SIMPLES, PVC SERIE R, DN 40 X 40 MM, PARA ESGOTO OU AGUAS PLUVIAIS PREDIAIS
122589	JUNCAO SIMPLES, PVC SERIE R, DN 50 X 50 MM, PARA ESGOTO OU AGUAS PLUVIAIS PREDIAIS
122590	JUNCAO SIMPLES, PVC SERIE R, DN 75 X 75 MM, PARA ESGOTO OU AGUAS PLUVIAIS PREDIAIS
122591	JUNCAO SIMPLES, PVC, DN 100 X 50 MM, SERIE NORMAL PARA ESGOTO PREDIAL
122592	JUNCAO SIMPLES, PVC, DN 100 X 75 MM, SERIE NORMAL PARA ESGOTO PREDIAL
122593	JUNCAO SIMPLES, PVC, DN 50 X 50 MM, SERIE NORMAL PARA ESGOTO PREDIAL
122594	JUNCAO SIMPLES, PVC, DN 75 X 50 MM, SERIE NORMAL PARA ESGOTO PREDIAL
122595	JUNCAO SIMPLES, PVC, DN 75 X 75 MM, SERIE NORMAL PARA ESGOTO PREDIAL
122596	JUNCAO SIMPLES, PVC, 45 GRAUS, DN 100 X 100 MM, SERIE NORMAL PARA ESGOTO PREDIAL
122597	JUNCAO SIMPLES, PVC, 45 GRAUS, DN 40 X 40 MM, SERIE NORMAL PARA ESGOTO PREDIAL
122598	JUNCAO 2 GARRAS PARA FITA PERFURADA
122599	JUNCAO, PVC, 45 GRAUS, JE, BBB, DN 100 MM, PARA REDE COLETORA DE ESGOTO (NBR 10569)
122600	JUNCAO, PVC, 45 GRAUS, JE, BBB, DN 150 MM, PARA REDE COLETORA DE ESGOTO (NBR 10569)
122601	JUNCAO, PVC, 45 GRAUS, JE, BBB, DN 150 MM, PARA TUBO CORRUGADO E/OU LISO, REDE COLETORA DE ESGOTO (NBR 10569)
122602	JUNCAO, PVC, 45 GRAUS, JE, BBB, DN 200 MM, PARA TUBO CORRUGADO E/OU LISO, REDE COLETORA DE ESGOTO (NBR 10569)
122603	JUNCAO, PVC, 45 GRAUS, JE, BBB, DN 250 MM, PARA TUBO CORRUGADO E/OU LISO, REDE COLETORA DE ESGOTO (NBR 10569)
122604	JUNTA DE EXPANSAO BRONZE/LATAO (REF 900), PONTA X PONTA, 35 MM
122605	JUNTA DE EXPANSAO BRONZE/LATAO (REF 900), PONTA X PONTA, 42 MM
122606	JUNTA DE EXPANSAO BRONZE/LATAO (REF 900), PONTA X PONTA, 54 MM
122607	JUNTA DE EXPANSAO BRONZE/LATAO (REF 900), PONTA X PONTA, 66 MM
122608	JUNTA DE EXPANSAO DE COBRE (REF 900), PONTA X PONTA, 15 MM
122609	JUNTA DE EXPANSAO DE COBRE (REF 900), PONTA X PONTA, 22 MM
122610	JUNTA DE EXPANSAO DE COBRE (REF 900), PONTA X PONTA, 28 MM
122611	JUNTA DILATACAO ELASTICA PARA CONCRETO (FUGENBAND) O-12, ATE 5 MCA
122612	JUNTA DILATACAO ELASTICA PARA CONCRETO (FUGENBAND) O-22, ATE 30 MCA
122613	JUNTA DILATACAO ELASTICA PARA CONCRETO (FUGENBAND) O-35/10, ATE 100 MCA
122614	JUNTA DILATACAO ELASTICA PARA CONCRETO (FUGENBAND) O-35/6, ATE 100 MCA
122615	JUNTA PLASTICA DE DILATACAO PARA PISOS, COR CINZA, 10 X 4,5 MM (ALTURA X ESPESSURA)
122616	JUNTA PLASTICA DE DILATACAO PARA PISOS, COR CINZA, 17 X 3 MM (ALTURA X ESPESSURA)
122617	JUNTA PLASTICA DE DILATACAO PARA PISOS, COR CINZA, 27 X 3 MM (ALTURA X ESPESSURA)
122618	KIT ACESSORIOS PARA COMPRESSOR DE AR, 5 PECAS (PISTOLAS PINTURA, LIMPEZA E PULVERIZACAO, CALIBRADOR E MANGUEIRA)
122619	"KIT CAVALETE, PVC, COM REGISTRO, PARA HIDROMETRO, BITOLAS 1/2"" OU 3/4"" - COMPLETO"
122620	KIT CHASSI COZINHA, CUBA SIMPLES SEM MAQUINA LAVAR LOUCA PARA INSTALACAO PEX, QUADRO METALICO COM TRAVESSA COM FURO PARA ESGOTO DN 50 MM E FUROS SUPERIORES PARA AGUA, LARGURA *340* MM X ALTURA *650* MM, PARA CONEXAO COM ANEL DESLIZANTE (INCLUI TUBOS E CONEXOES PEX E TUBO E CONEXAO ESGOTO, NAO INCLUI CARENAGEM)
122621	KIT CHASSI COZINHA, CUBA SIMPLES SEM MAQUINA LAVAR LOUCA PARA INSTALACAO PEX, QUADRO METALICO COM TRAVESSA COM FURO PARA ESGOTO DN 50 MM E FUROS SUPERIORES PARA AGUA, LARGURA *340* MM X ALTURA *650* MM, PARA CONEXAO COM CRIMPAGEM (INCLUI TUBOS E CONEXOESPEX E TUBO E CONEXAO ESGOTO, NAO INCLUI CARENAGEM)
122622	KIT CHASSI TANQUE COM MAQUINA LAVAR ROUPA PARA INSTALACAO PEX, QUADRO METALICO COM TRAVESSA COM FURO PARA ESGOTO DN 50 MM, FURO LATERAL PARA MAQUINA E FUROS SUPERIORES PARA AGUA, LARGURA *344* MM X ALTURA *442* MM, PARA CONEXAO COM CRIMPAGEM (INCLUI TUBOS E CONEXOES PEX E TUBO E CONEXAO ESGOTO, NAO INCLUI CARENAGEM)
122623	KIT CHASSI TANQUE COM MAQUINA LAVAR ROUPA PARA INSTALACAO PEX, QUADRO METALICO COM TRAVESSA COM FURO PARA ESGOTO DN 50 MM, FURO LATERAL PARA MAQUINA E FUROS SUPERIORES PARA AGUA, LARGURA *344* MM X ALTURA *442* MM, PARA CONEXAO COM ANEL DESLIZANTE (INCLUI TUBOS E CONEXOES PEX E TUBO E CONEXAO ESGOTO, NAO INCLUI CARENAGEM)
122624	"KIT CHUVEIRO PARA INSTALACAO PEX, QUADRO METALICO COM 2 TRAVESSAS, SUPERIOR COM ESPERA PARA CHUVEIRO E INFERIOR COM 2 REGISTROS DE PRESSAO DE 1/2 "", LARGURA DE *390* MM X ALTURA DE *900* MM, PARA CONEXAO COM ANEL DESLIZANTE (INCLUI REGISTROS PRESSAO E TUBOS PEX COM CONEXOES, SEM REGISTRO GAVETA, NAO INCLUI CARENAGEM)"
122625	"KIT CHUVEIRO PARA INSTALACAO PEX, QUADRO METALICO COM 2 TRAVESSAS, SUPERIOR COM ESPERA PARA CHUVEIRO E INFERIOR COM 2 REGISTROS DE PRESSAO DE 1/2 "", LARGURA DE *390* MM X ALTURA DE *900* MM, PARA CONEXAO COM CRIMPAGEM (INCLUI REGISTROS PRESSAO E TUBOS PEX COM CONEXOES, SEM REGISTRO GAVETA, NAO INCLUI CARENAGEM)"
122626	KIT DE ACESSORIOS PARA BANHEIRO EM METAL CROMADO, 5 PECAS
122627	KIT DE MATERIAIS PARA BRACADEIRA PARA FIXACAO EM POSTE CIRCULAR, CONTEM TRES FIXADORES E UM ROLO DE FITA DE 3 M EM ACO CARBONO
122628	KIT DE PROTECAO ARSTOP PARA AR CONDICIONADO, TOMADA PADRAO 2P+T 20 A, COM DISJUNTOR UNIPOLAR DIN 20A
122629	KIT PORTA PRONTA DE MADEIRA, FOLHA LEVE (NBR 15930) DE 600 X 2100 MM OU 700 X 2100 MM, DE 35 MM A 40 MM DE ESPESSURA, COM MARCO EM ACO, NUCLEO COLMEIA, CAPA LISA EM HDF, ACABAMENTO MELAMINICO BRANCO (INCLUI MARCO, ALIZARES, DOBRADICAS E FECHADURA)
122630	KIT PORTA PRONTA DE MADEIRA, FOLHA LEVE (NBR 15930) DE 600 X 2100 MM OU 700 X 2100 MM, DE 35 MM A 40 MM DE ESPESSURA, NUCLEO COLMEIA, ESTRUTURA USINADA PARA FECHADURA, CAPA LISA EM HDF, ACABAMENTO EM PRIMER PARA PINTURA (INCLUI MARCO, ALIZARES E DOBRADICAS)
122631	KIT PORTA PRONTA DE MADEIRA, FOLHA LEVE (NBR 15930) DE 800 X 2100 MM, DE 35 MM A 40 MM DE ESPESSURA, COM MARCO EM ACO, NUCLEO COLMEIA, CAPA LISA EM HDF, ACABAMENTO MELAMINICO BRANCO (INCLUI MARCO, ALIZARES, DOBRADICAS E FECHADURA)
122632	KIT PORTA PRONTA DE MADEIRA, FOLHA LEVE (NBR 15930) DE 800 X 2100 MM, DE 35 MM A 40 MM DE ESPESSURA, NUCLEO COLMEIA, ESTRUTURA USINADA PARA FECHADURA, CAPA LISA EM HDF, ACABAMENTO EM PRIMER PARA PINTURA (INCLUI MARCO, ALIZARES E DOBRADICAS)
122633	KIT PORTA PRONTA DE MADEIRA, FOLHA LEVE (NBR 15930) DE 900 X 2100 MM, DE 35 MM A 40 MM DE ESPESSURA, COM MARCO EM ACO, NUCLEO COLMEIA, CAPA LISA EM HDF, ACABAMENTO MELAMINICO BRANCO (INCLUI MARCO, ALIZARES, DOBRADICAS E FECHADURA)
122634	KIT PORTA PRONTA DE MADEIRA, FOLHA LEVE (NBR 15930) DE 900 X 2100 MM, DE 35 MM A 40 MM DE ESPESSURA, NUCLEO COLMEIA, ESTRUTURA USINADA PARA FECHADURA, CAPA LISA EM HDF, ACABAMENTO EM PRIMER PARA PINTURA (INCLUI MARCO, ALIZARES E DOBRADICAS)
122635	KIT PORTA PRONTA DE MADEIRA, FOLHA MEDIA (NBR 15930) DE 600 X 2100 MM OU 700 X 2100 MM, DE 35 MM A 40 MM DE ESPESSURA, NUCLEO SEMI-SOLIDO (SARRAFEADO), ESTRUTURA USINADA PARA FECHADURA, CAPA LISA EM HDF, ACABAMENTO MELAMINICO BRANCO (INCLUI MARCO, ALIZARES E DOBRADICAS)
122636	KIT PORTA PRONTA DE MADEIRA, FOLHA MEDIA (NBR 15930) DE 600 X 2100 MM, DE 35 MM A 40 MM DE ESPESSURA, NUCLEO SEMI-SOLIDO (SARRAFEADO), ESTRUTURA USINADA PARA FECHADURA, CAPA LISA EM HDF, ACABAMENTO EM PRIMER PARA PINTURA (INCLUI MARCO, ALIZARES E DOBRADICAS)
122637	KIT PORTA PRONTA DE MADEIRA, FOLHA MEDIA (NBR 15930) DE 700 X 2100 MM, DE 35 MM A 40 MM DE ESPESSURA, NUCLEO SEMI-SOLIDO (SARRAFEADO), ESTRUTURA USINADA PARA FECHADURA, CAPA LISA EM HDF, ACABAMENTO EM PRIMER PARA PINTURA (INCLUI MARCO, ALIZARES E DOBRADICAS)
122638	KIT PORTA PRONTA DE MADEIRA, FOLHA MEDIA (NBR 15930) DE 800 X 2100 MM, DE 35 MM A 40 MM DE ESPESSURA, NUCLEO SEMI-SOLIDO (SARRAFEADO), ESTRUTURA USINADA PARA FECHADURA, CAPA LISA EM HDF, ACABAMENTO EM PRIMER PARA PINTURA (INCLUI MARCO, ALIZARES E DOBRADICAS)
122639	KIT PORTA PRONTA DE MADEIRA, FOLHA MEDIA (NBR 15930) DE 800 X 2100 MM, DE 35 MM A 40 MM DE ESPESSURA, NUCLEO SEMI-SOLIDO (SARRAFEADO), ESTRUTURA USINADA PARA FECHADURA, CAPA LISA EM HDF, ACABAMENTO MELAMINICO BRANCO (INCLUI MARCO, ALIZARES E DOBRADICAS)
122640	KIT PORTA PRONTA DE MADEIRA, FOLHA MEDIA (NBR 15930) DE 900 X 2100 MM, DE 35 MM A 40 MM DE ESPESSURA, NUCLEO SEMI-SOLIDO (SARRAFEADO), ESTRUTURA USINADA PARA FECHADURA, CAPA LISA EM HDF, ACABAMENTO EM PRIMER PARA PINTURA (INCLUI MARCO, ALIZARES E DOBRADICAS)
122641	KIT PORTA PRONTA DE MADEIRA, FOLHA MEDIA (NBR 15930) DE 900 X 2100 MM, DE 35 MM A 40 MM DE ESPESSURA, NUCLEO SEMI-SOLIDO (SARRAFEADO), ESTRUTURA USINADA PARA FECHADURA, CAPA LISA EM HDF, ACABAMENTO MELAMINICO BRANCO (INCLUI MARCO, ALIZARES E DOBRADICAS)
122642	KIT PORTA PRONTA DE MADEIRA, FOLHA PESADA (NBR 15930) DE 800 X 2100 MM, DE 40 MM A 45 MM DE ESPESSURA, NUCLEO SOLIDO, CAPA LISA EM HDF, ACABAMENTO MELAMINICO BRANCO (INCLUI MARCO, ALIZARES, DOBRADICAS E FECHADURA EXTERNA)
122643	KIT PORTA PRONTA DE MADEIRA, FOLHA PESADA (NBR 15930) DE 800 X 2100 MM, DE 40 MM A 45 MM DE ESPESSURA , NUCLEO SOLIDO, ESTRUTURA USINADA PARA FECHADURA, CAPA LISA EM HDF, ACABAMENTO EM LAMINADO NATURAL COM VERNIZ (INCLUI MARCO, ALIZARES E DOBRADICAS)
122644	KIT PORTA PRONTA DE MADEIRA, FOLHA PESADA (NBR 15930) DE 800 X 2100 MM, DE 40 MM A 45 MM DE ESPESSURA, COM MARCO EM ACO, NUCLEO SOLIDO, CAPA LISA EM HDF, ACABAMENTO MELAMINICO BRANCO (INCLUI MARCO, ALIZARES, DOBRADICAS E FECHADURA)
122645	KIT PORTA PRONTA DE MADEIRA, FOLHA PESADA (NBR 15930) DE 900 X 2100 MM, DE 40 MM A 45 MM DE ESPESSURA, NUCLEO SOLIDO, CAPA LISA EM HDF, ACABAMENTO MELAMINICO BRANCO (INCLUI MARCO, ALIZARES, DOBRADICAS E FECHADURA EXTERNA)
122646	KIT PORTA PRONTA DE MADEIRA, FOLHA PESADA (NBR 15930) DE 900 X 2100 MM, DE 40 MM A 45 MM DE ESPESSURA , NUCLEO SOLIDO, ESTRUTURA USINADA PARA FECHADURA, CAPA LISA EM HDF, ACABAMENTO EM LAMINADO NATURAL COM VERNIZ (INCLUI MARCO, ALIZARES E DOBRADICAS)
122647	KIT PORTA PRONTA DE MADEIRA, FOLHA PESADA (NBR 15930) DE 900 X 2100 MM, DE 40 MM A 45 MM DE ESPESSURA, COM MARCO EM ACO, NUCLEO SOLIDO, CAPA LISA EM HDF, ACABAMENTO MELAMINICO BRANCO (INCLUI MARCO, ALIZARES, DOBRADICAS E FECHADURA)
122648	LADRILHO HIDRAULICO, *20 x 20* CM, E= 2 CM, PADRAO COPACABANA, 2 CORES (PRETO E BRANCO)
122649	LADRILHO HIDRAULICO, *20 X 20* CM, E= 2 CM, DADOS, COR NATURAL
122650	LADRILHO HIDRAULICO, *20 X 20* CM, E= 2 CM, RAMPA, NATURAL
122651	LADRILHO HIDRAULICO, *20 X 20* CM, E= 2 CM, TATIL ALERTA OU DIRECIONAL, AMARELO
122652	LADRILHO HIDRAULICO, *30 X 30* CM, E= 2 CM, MILANO, NATURAL
122653	LAJE PRE-MOLDADA CONVENCIONAL (LAJOTAS + VIGOTAS) PARA FORRO, UNIDIRECIONAL, SOBRECARGA DE 100 KG/M2, VAO ATE 4,00 M (SEM COLOCACAO)
122654	LAJE PRE-MOLDADA CONVENCIONAL (LAJOTAS + VIGOTAS) PARA FORRO, UNIDIRECIONAL, SOBRECARGA DE 100 KG/M2, VAO ATE 4,50 M (SEM COLOCACAO)
122655	LAJE PRE-MOLDADA CONVENCIONAL (LAJOTAS + VIGOTAS) PARA FORRO, UNIDIRECIONAL, SOBRECARGA 100 KG/M2, VAO ATE 5,00 M (SEM COLOCACAO)
122656	LAJE PRE-MOLDADA CONVENCIONAL (LAJOTAS + VIGOTAS) PARA PISO, UNIDIRECIONAL, SOBRECARGA DE 200 KG/M2, VAO ATE 3,50 M (SEM COLOCACAO)
122657	LAJE PRE-MOLDADA CONVENCIONAL (LAJOTAS + VIGOTAS) PARA PISO, UNIDIRECIONAL, SOBRECARGA DE 200 KG/M2, VAO ATE 4,50 M (SEM COLOCACAO)
122658	LAJE PRE-MOLDADA CONVENCIONAL (LAJOTAS + VIGOTAS) PARA PISO, UNIDIRECIONAL, SOBRECARGA DE 200 KG/M2, VAO ATE 5,00 M (SEM COLOCACAO)
122659	LAJE PRE-MOLDADA CONVENCIONAL (LAJOTAS + VIGOTAS) PARA PISO, UNIDIRECIONAL, SOBRECARGA DE 350 KG/M2, VAO ATE 4,50 M (SEM COLOCACAO)
122660	LAJE PRE-MOLDADA CONVENCIONAL (LAJOTAS + VIGOTAS) PARA PISO, UNIDIRECIONAL, SOBRECARGA DE 350 KG/M2, VAO ATE 5,00 M (SEM COLOCACAO)
122661	LAJE PRE-MOLDADA CONVENCIONAL (LAJOTAS + VIGOTAS) PARA PISO, UNIDIRECIONAL, SOBRECARGA 350 KG/M2 VAO ATE 3,50 M (SEM COLOCACAO)
122662	LAJE PRE-MOLDADA DE TRANSICAO EXCENTRICA EM CONCRETO ARMADO, DN 1200 MM, FURO CIRCULAR DN 600 MM, ESPESSURA 12 CM
122663	LAJE PRE-MOLDADA DE TRANSICAO EXCENTRICA EM CONCRETO ARMADO, DN 1500 MM, FURO CIRCULAR DN 530 MM, ESPESSURA 15 CM
122664	LAJE PRE-MOLDADA TRELICADA (LAJOTAS + VIGOTAS) PARA FORRO, UNIDIRECIONAL, SOBRECARGA DE 100 KG/M2, VAO ATE 6,00 M (SEM COLOCACAO)
122665	LAJE PRE-MOLDADA TRELICADA (LAJOTAS + VIGOTAS) PARA PISO, UNIDIRECIONAL, SOBRECARGA DE 200 KG/M2, VAO ATE 6,00 M (SEM COLOCACAO)
122666	LAMBRI EM ALUMINIO, DE APROXIMADAMENTE 0,6 KG/M, COM APROXIMADAMENTE 168,0 MM DE LARGURA, 6,0 MM DE ALTURA E 6,0 M DE EXTENSAO
122667	LAMPADA DE LUZ MISTA 160 W, BASE E27 (220 V)
122668	LAMPADA DE LUZ MISTA 250 W, BASE E27 (220 V)
122669	LAMPADA DE LUZ MISTA 500 W, BASE E40 (220 V)
122670	LAMPADA FLUORESCENTE COMPACTA BRANCA 135 W, BASE E40 (127/220 V)
122671	LAMPADA FLUORESCENTE COMPACTA 2U BRANCA 15 W, BASE E27 (127/220 V)
122672	LAMPADA FLUORESCENTE COMPACTA 2U/3U BRANCA 9/10 W, BASE E27 (127/220 V)
122673	LAMPADA FLUORESCENTE COMPACTA 3U BRANCA 20 W, BASE E27 (127/220 V)
122674	LAMPADA FLUORESCENTE ESPIRAL BRANCA 45 W, BASE E27 (127/220 V)
122675	LAMPADA FLUORESCENTE ESPIRAL BRANCA 65 W, BASE E27 (127/220 V)
122676	LAMPADA FLUORESCENTE TUBULAR T10, DE 20 OU 40 W, BIVOLT
122677	LAMPADA FLUORESCENTE TUBULAR T5 DE 14 W, BIVOLT
122678	LAMPADA FLUORESCENTE TUBULAR T8 DE 16/18 W, BIVOLT
122679	LAMPADA FLUORESCENTE TUBULAR T8 DE 32/36 W, BIVOLT
122680	LAMPADA LED TIPO DICROICA BIVOLT, LUZ BRANCA, 5 W (BASE GU10)
122681	LAMPADA LED TUBULAR BIVOLT 18/20 W, BASE G13
122682	LAMPADA LED TUBULAR BIVOLT 9/10 W, BASE G13
122683	LAMPADA LED 10 W BIVOLT BRANCA, FORMATO TRADICIONAL (BASE E27)
122684	LAMPADA LED 6 W BIVOLT BRANCA, FORMATO TRADICIONAL (BASE E27)
122685	LAMPADA VAPOR DE SODIO OVOIDE 150 W (BASE E40)
122686	LAMPADA VAPOR DE SODIO OVOIDE 250 W (BASE E40)
122687	LAMPADA VAPOR DE SODIO OVOIDE 400 W (BASE E40)
122688	LAMPADA VAPOR MERCURIO 125 W (BASE E27)
122689	LAMPADA VAPOR MERCURIO 250 W (BASE E40)
122690	LAMPADA VAPOR MERCURIO 400 W (BASE E40)
122691	LAMPADA VAPOR METALICO OVOIDE 150 W, BASE E27/E40
122692	LAMPADA VAPOR METALICO TUBULAR 400 W (BASE E40)
122693	LAVADORA DE ALTA PRESSAO (LAVA - JATO) PARA AGUA FRIA, PRESSAO DE OPERACAO ENTRE 1400 E 1900 LIB/POL2, VAZAO MAXIMA ENTRE 400 E 700 L/H, POTENCIA DE OPERACAO ENTRE 2,50 E 3,00 CV
122694	LAVATORIO / CUBA DE EMBUTIR, OVAL, DE LOUCA BRANCA, SEM LADRAO, DIMENSOES *50 X 35* CM (L X C)
122695	LAVATORIO / CUBA DE EMBUTIR, OVAL, DE LOUCA COLORIDA, SEM LADRAO, DIMENSOES *50 X 35* CM (L X C)
122696	LAVATORIO / CUBA DE SOBREPOR, OVAL PEQUENA, DE LOUCA BRANCA, SEM LADRAO, DIMENSOES *44 X 31* CM (L X C)
122697	LAVATORIO / CUBA DE SOBREPOR, RETANGULAR, DE LOUCA BRANCA, COM LADRAO, DIMENSOES *52 X 45* CM (L X C)
122698	LAVATORIO / CUBA DE SOBREPOR, RETANGULAR, DE LOUCA COLORIDA, COM LADRAO, DIMENSOES *52 X 45* CM (L X C)
122699	LAVATORIO DE CANTO DE LOUCA BRANCA, SUSPENSO (SEM COLUNA), DIMENSOES *40 X 30* CM (L X C)
122700	LAVATORIO DE LOUCA BRANCA, COM COLUNA, DIMENSOES *44 X 35* CM (L X C)
122701	LAVATORIO DE LOUCA BRANCA, COM COLUNA, DIMENSOES *54 X 44* CM (L X C)
122702	LAVATORIO DE LOUCA BRANCA, SUSPENSO (SEM COLUNA), DIMENSOES *40 X 30* CM
122703	LAVATORIO DE LOUCA COLORIDA, COM COLUNA, DIMENSOES *54 X 44* CM (L X C)
122704	LAVATORIO DE LOUCA COLORIDA, SUSPENSO (SEM COLUNA), DIMENSOES *40 X 30* CM (L X C)
122705	LEITURISTA OU CADASTRISTA DE REDES DE AGUA E ESGOTO
122706	LEITURISTA OU CADASTRISTA DE REDES DE AGUA E ESGOTO (MENSALISTA)
122707	LETRA ACO INOX (AISI 304), CHAPA NUM. 22, RECORTADO, H= 20 CM (SEM RELEVO)
122708	LEVANTADOR DE JANELA GUILHOTINA, EM LATAO CROMADO
122709	LIMPADORA A SUCCAO, TANQUE 12000 L, BASCULAMENTO HIDRAULICO, BOMBA 12 M3/MIN 95% VACUO (INCLUI MONTAGEM, NAO INCLUI CAMINHAO)
122710	LIMPADORA DE SUCCAO TANQUE 7000 L, BOMBA 12 M3/MIN 95% VACUO (INCLUI MONTAGEM, NAO INCLUI CAMINHAO)
122711	LIMPADORA DE SUCCAO, TANQUE 11000 L, BOMBA 340 M3/MIN (INCLUI MONTAGEM, NAO INCLUI CAMINHAO)
122712	LIMPADORA DE SUCCAO, TANQUE 5500 L, BOMBA 60M3/MIN, VACUO 500 MBAR (INCLUI MONTAGEM, NAO INCLUI CAMINHAO)
122713	LINHA DE PEDREIRO LISA 100 M
122714	LIXA D'AGUA EM FOLHA, GRAO 100
122715	LIXA EM FOLHA PARA FERRO, NUMERO 150
122716	LIXA EM FOLHA PARA PAREDE OU MADEIRA, NUMERO 120 (COR VERMELHA)
122717	LIXADEIRA ELETRICA ANGULAR PARA CONCRETO, POTENCIA 1.400 W, PRATO DIAMANTADO DE 5''
122718	"LIXADEIRA ELETRICA ANGULAR, PARA DISCO DE 7 "" (180 MM), POTENCIA DE 2.200 W, *5.000* RPM, 220 V"
122719	LIXEIRA DUPLA, COM CAPACIDADE VOLUMETRICA DE 60L*, FABRICADA EM TUBO DE ACO CARBONO, CESTOS EM CHAPA DE ACO E PINTURA NO PROCESSO ELETROSTATICO - PARA ACADEMIA AO AR LIVRE / ACADEMIA DA TERCEIRA IDADE - ATI
122720	LOCACAO DE ANDAIME METALICO TIPO FACHADEIRO, LARGURA DE 1,20 M, ALTURA POR PECA DE 2,0 M, INCLUINDO SAPATAS E ITENS NECESSARIOS A INSTALACAO
122721	LOCACAO DE ANDAIME METALICO TUBULAR DE ENCAIXE, TIPO DE TORRE, COM LARGURA DE 1 ATE 1,5 M E ALTURA DE *1,00* M (INCLUSO SAPATAS FIXAS OU RODIZIOS)
122722	LOCACAO DE ANDAIME SUSPENSO OU BALANCIM MANUAL, CAPACIDADE DE CARGA TOTAL DE APROXIMADAMENTE 250 KG/M2, PLATAFORMA DE 1,50 M X 0,80 M (C X L), CABO DE 45 M
122723	LOCACAO DE APRUMADOR METALICO DE PILAR, COM ALTURA E ANGULO REGULAVEIS, EXTENSAO DE *1,50* A *2,80* M
122724	"LOCACAO DE BARRA DE ANCORAGEM DE 0,80 A 1,20 M DE EXTENSAO, COM ROSCA DE 5/8"", INCLUINDO PORCA E FLANGE"
122725	LOCACAO DE BOMBA MANUAL PARA TESTE HIDROSTATICO ATE 30 BAR
122726	LOCACAO DE BOMBA MANUAL PARA TESTE HIDROSTATICO ATE 60 BAR
122727	"LOCACAO DE BOMBA SUBMERSIVEL PARA DRENAGEM E ESGOTAMENTO, MOTOR ELETRICO TRIFASICO, POTENCIA DE 1 CV, DIAMETRO DE RECALQUE DE 2"". FAIXA DE OPERACAO: Q=25 M3/H (+ OU - 1 M3/H) E AMT=2 M; Q=12 M3/H (+ OU - 2 M3/H) E AMT = 12 M (+ OU - 2 M)"
122728	"LOCACAO DE BOMBA SUBMERSIVEL PARA DRENAGEM E ESGOTAMENTO, MOTOR ELETRICO TRIFASICO, POTENCIA DE 2 CV, DIAMETRO DE RECALQUE DE 2"". FAIXA DE OPERACAO: Q=35 M3/H (+ OU - 3 M3/H) E AMT=2 M; Q=13 M3/H (+ OU - 3 M3/H) E AMT = 17 M (+ OU - 3 M)"
122729	"LOCACAO DE BOMBA SUBMERSIVEL PARA DRENAGEM E ESGOTAMENTO, MOTOR ELETRICO TRIFASICO, POTENCIA DE 2 CV, DIAMETRO DE RECALQUE DE 3"". FAIXA DE OPERACAO: Q=70 M3/H (+ OU - 2 M3/H) E AMT=2 M; Q=9,5 M3/H (+ OU - 3,5 M3/H) E AMT = 10 M (+ OU - 2 M)"
122730	"LOCACAO DE BOMBA SUBMERSIVEL PARA DRENAGEM E ESGOTAMENTO, MOTOR ELETRICO TRIFASICO, POTENCIA DE 3 CV, DIAMETRO DE RECALQUE DE 2"". FAIXA DE OPERACAO: Q=84 M3/H (+ OU - 2,5 M3/H) E AMT=2 M; Q=9,1 M3/H (+ OU - 2 M3/H) E AMT = 12 M (+ OU - 2 M)"
122731	"LOCACAO DE BOMBA SUBMERSIVEL PARA DRENAGEM E ESGOTAMENTO, MOTOR ELETRICO TRIFASICO, POTENCIA DE 4 CV, DIAMETRO DE RECALQUE DE 3"". FAIXA DE OPERACAO: Q=60 M3/H (+ OU - 1 M3/H) E AMT=2 M; Q=11 M3/H (+ OU - 1 M3/H) E AMT = 23 M (+ OU - 1 M)"
122732	LOCACAO DE CONTAINER 2,30 X 6,00 M, ALT. 2,50 M, COM 1 SANITARIO, PARA ESCRITORIO, COMPLETO, SEM DIVISORIAS INTERNAS
122733	LOCACAO DE CONTAINER 2,30 X 6,00 M, ALT. 2,50 M, PARA ESCRITORIO, SEM DIVISORIAS INTERNAS E SEM SANITARIO
122734	LOCACAO DE CONTAINER 2,30 X 4,30 M, ALT. 2,50 M, P/ SANITARIO, C/ 5 BACIAS, 1 LAVATORIO E 4 MICTORIOS
122735	LOCACAO DE CONTAINER 2,30 X 4,30 M, ALT. 2,50 M, PARA SANITARIO, COM 3 BACIAS, 4 CHUVEIROS, 1 LAVATORIO E 1 MICTORIO
122736	LOCACAO DE CONTAINER 2,30 X 6,00 M, ALT. 2,50 M, PARA SANITARIO, COM 4 BACIAS, 8 CHUVEIROS,1 LAVATORIO E 1 MICTORIO
122737	LOCACAO DE CRUZETA PARA ESCORA METALICA
122738	LOCACAO DE ESCORA METALICA TELESCOPICA, COM ALTURA REGULAVEL DE *1,80* A *3,20* M, COM CAPACIDADE DE CARGA DE NO MINIMO 1000 KGF (10 KN), INCLUSO TRIPE E FORCADO
122739	LOCACAO DE FORMA PLASTICA PARA LAJE NERVURADA, DIMENSOES *60* X *60* X *16* CM
122740	LOCACAO DE GRUPO GERADOR *80 A 125* KVA, MOTOR DIESEL, REBOCAVEL, ACIONAMENTO MANUAL
122741	LOCACAO DE GRUPO GERADOR ACIMA DE * 125 ATE 180* KVA, MOTOR DIESEL, REBOCAVEL, ACIONAMENTO MANUAL
122742	LOCACAO DE GRUPO GERADOR DE *260* KVA, DIESEL REBOCAVEL, ACIONAMENTO MANUAL
122743	LOCACAO DE NIVEL OPTICO, COM PRECISAO DE 0,7 MM, AUMENTO DE 32X
122744	LOCACAO DE PERFURATRIZ PNEUMATICA DE PESO MEDIO, * 18 * KG, PARA ROCHA
122745	LOCACAO DE PERFURATRIZ PNEUMATICA DE PESO MEDIO, * 24 * KG, PARA ROCHA
122746	LOCACAO DE TALHA ELETRICA 3 T, VELOCIDADE 2,1 M / MIN, POTENCIA 1,3 KW
122747	LOCACAO DE TALHA MANUAL DE CORRENTE, CAPACIDADE DE 2 T COM ELEVACAO DE 3 M
122748	LOCACAO DE TEODOLITO ELETRONICO, PRECISAO ANGULAR DE 5 A 7 SEGUNDOS, INCLUINDO TRIPE
122749	LOCACAO DE TORRE METALICA COMPLETA PARA UMA CARGA DE 8 TF (80 KN) E PE DIREITO DE 6 M, INCLUINDO MODULOS , DIAGONAIS, SAPATAS E FORCADOS
122750	LOCACAO DE VIGA SANDUICHE METALICA VAZADA PARA TRAVAMENTO DE PILARES, ALTURA DE *8* CM, LARGURA DE *6* CM E EXTENSAO DE 2 M
122751	LONA PLASTICA EXTRA FORTE PRETA, E = 200 MICRA
122752	LONA PLASTICA PESADA PRETA, E = 150 MICRA
122753	LUMINARIA ABERTA P/ ILUMINACAO PUBLICA, TIPO X-57 PETERCO OU EQUIV
122754	LUMINARIA ARANDELA TIPO MEIA-LUA COM VIDRO FOSCO *30 X 15* CM, PARA 1 LAMPADA, BASE E27, POTENCIA MAXIMA 40/60 W (NAO INCLUI LAMPADA)
122755	LUMINARIA DE EMBUTIR EM CHAPA DE ACO PARA 2 LAMPADAS FLUORESCENTES DE 14 W COM REFLETOR E ALETAS EM ALUMINIO, COMPLETA (INCLUI REATOR E LAMPADAS)
122756	LUMINARIA DE EMBUTIR EM CHAPA DE ACO PARA 4 LAMPADAS FLUORESCENTES DE 14 W *60 X 60 CM* ALETADA (NAO INCLUI REATOR E LAMPADAS)
122757	LUMINARIA DE EMERGENCIA 30 LEDS, POTENCIA 2 W, BATERIA DE LITIO, AUTONOMIA DE 6 HORAS
122758	LUMINARIA DE LED PARA ILUMINACAO PUBLICA, DE 138 W ATE 180 W, INVOLUCRO EM ALUMINIO OU ACO INOX
122759	LUMINARIA DE LED PARA ILUMINACAO PUBLICA, DE 181 W ATE 239 W, INVOLUCRO EM ALUMINIO OU ACO INOX
122760	LUMINARIA DE LED PARA ILUMINACAO PUBLICA, DE 240 W ATE 350 W, INVOLUCRO EM ALUMINIO OU ACO INOX
122761	LUMINARIA DE LED PARA ILUMINACAO PUBLICA, DE 33 W ATE 50 W, INVOLUCRO EM ALUMINIO OU ACO INOX
122762	LUMINARIA DE LED PARA ILUMINACAO PUBLICA, DE 51 W ATE 67 W, INVOLUCRO EM ALUMINIO OU ACO INOX
122763	LUMINARIA DE LED PARA ILUMINACAO PUBLICA, DE 68 W ATE 97 W, INVOLUCRO EM ALUMINIO OU ACO INOX
122764	LUMINARIA DE LED PARA ILUMINACAO PUBLICA, DE 98 W ATE 137 W, INVOLUCRO EM ALUMINIO OU ACO INOX
122765	LUMINARIA DE SOBREPOR EM CHAPA DE ACO COM ALETAS PLASTICAS, PARA 1 LAMPADA, BASE E27, POTENCIA MAXIMA 40/60 W (NAO INCLUI LAMPADA)
122766	LUMINARIA DE SOBREPOR EM CHAPA DE ACO COM ALETAS PLASTICAS, PARA 2 LAMPADAS, BASE E27, POTENCIA MAXIMA 40/60 W (NAO INCLUI LAMPADAS)
122767	LUMINARIA DE SOBREPOR EM CHAPA DE ACO PARA 1 LAMPADA FLUORESCENTE DE *18* W, ALETADA, COMPLETA (LAMPADA E REATOR INCLUSOS)
122768	LUMINARIA DE SOBREPOR EM CHAPA DE ACO PARA 1 LAMPADA FLUORESCENTE DE *18* W, PERFIL COMERCIAL (NAO INCLUI REATOR E LAMPADA)
122769	LUMINARIA DE SOBREPOR EM CHAPA DE ACO PARA 1 LAMPADA FLUORESCENTE DE *36* W, ALETADA, COMPLETA (LAMPADA E REATOR INCLUSOS)
122770	LUMINARIA DE SOBREPOR EM CHAPA DE ACO PARA 1 LAMPADA FLUORESCENTE DE *36* W, PERFIL COMERCIAL (NAO INCLUI REATOR E LAMPADA)
122771	LUMINARIA DE SOBREPOR EM CHAPA DE ACO PARA 2 LAMPADAS FLUORESCENTES DE *18* W, ALETADA, COMPLETA (LAMPADAS E REATOR INCLUSOS)
122772	LUMINARIA DE SOBREPOR EM CHAPA DE ACO PARA 2 LAMPADAS FLUORESCENTES DE *18* W, PERFIL COMERCIAL (NAO INCLUI REATOR E LAMPADAS)
122773	LUMINARIA DE SOBREPOR EM CHAPA DE ACO PARA 2 LAMPADAS FLUORESCENTES DE *36* W, ALETADA, COMPLETA (LAMPADAS E REATOR INCLUSOS)
122774	LUMINARIA DE SOBREPOR EM CHAPA DE ACO PARA 2 LAMPADAS FLUORESCENTES DE *36* W, PERFIL COMERCIAL (NAO INCLUI REATOR E LAMPADAS)
122775	LUMINARIA DE TETO PLAFON/PLAFONIER EM PLASTICO COM BASE E27, POTENCIA MAXIMA 60 W (NAO INCLUI LAMPADA)
122776	LUMINARIA DUPLA P/SINALIZACAO, TIPO WETZEL AS-2/110 OU EQUIV
122777	LUMINARIA HERMETICA IP-65 PARA 2 DUAS LAMPADAS DE 14/16/18/20 W (NAO INCLUI REATOR E LAMPADAS)
122778	LUMINARIA HERMETICA IP-65 PARA 2 DUAS LAMPADAS DE 28/32/36/40 W (NAO INCLUI REATOR E LAMPADAS)
122779	LUMINARIA LED PLAFON REDONDO DE SOBREPOR BIVOLT 12/13 W, D = *17* CM
122780	LUMINARIA LED REFLETOR RETANGULAR BIVOLT, LUZ BRANCA, 10 W
122781	LUMINARIA LED REFLETOR RETANGULAR BIVOLT, LUZ BRANCA, 30 W
122782	LUMINARIA LED REFLETOR RETANGULAR BIVOLT, LUZ BRANCA, 50 W
122783	LUMINARIA PLAFON REDONDO COM VIDRO FOSCO DIAMETRO *25* CM, PARA 1 LAMPADA, BASE E27, POTENCIA MAXIMA 40/60 W (NAO INCLUI LAMPADA)
122784	LUMINARIA PLAFON REDONDO COM VIDRO FOSCO DIAMETRO *30* CM, PARA 2 LAMPADAS, BASE E27, POTENCIA MAXIMA 40/60 W (NAO INCLUI LAMPADAS)
122785	LUMINARIA PROVA DE TEMPO PETERCO Y.31/1
122786	LUMINARIA SOLAR LED EXTERNA, TIPO ARANDELA DE PAREDE, EM ALUMINIO, 16 LEDS, LUZ BRANCA, *180* LUMENS, CAPACIDADE DE ILUMINACAO ATE 36 H, RETANGULAR, *13 X 9 X 7* (C X L X A), COM SENSOR DE MOVIMENTO / PRESENCA, BATERIA RECARREGAVEL COM LUZ SOLAR, RESISTENTE AO CALOR, A PROVA DE AGUA E POEIRA/ IMPERMEAVEL, IP65
122787	LUMINARIA SPOT DE SOBREPOR EM ALUMINIO COM ALETA PLASTICA PARA 1 LAMPADA, BASE E27, POTENCIA MAXIMA 40/60 W (NAO INCLUI LAMPADA)
122788	LUMINARIA SPOT DE SOBREPOR EM ALUMINIO COM ALETA PLASTICA PARA 2 LAMPADAS, BASE E27, POTENCIA MAXIMA 40/60 W (NAO INCLUI LAMPADA)
122789	LUMINARIA TIPO TARTARUGA A PROVA DE TEMPO, GASES, VAPOR E PO, EM ALUMINIO, COM GRADE, BASE E27, POTENCIA MAXIMA 100 W - REF Y 25/1 (NAO INCLUI LAMPADA)
122790	LUMINARIA TIPO TARTARUGA PARA AREA EXTERNA EM ALUMINIO, COM GRADE, PARA 1 LAMPADA, BASE E27, POTENCIA MAXIMA 40/60 W (NAO INCLUI LAMPADA)
122791	LUVA CPVC, SOLDAVEL, 15 MM, PARA AGUA QUENTE PREDIAL
122792	LUVA CPVC, SOLDAVEL, 22 MM, PARA AGUA QUENTE PREDIAL
122793	LUVA CPVC, SOLDAVEL, 28 MM, PARA AGUA QUENTE PREDIAL
122794	LUVA CPVC, SOLDAVEL, 35 MM, PARA AGUA QUENTE PREDIAL
122795	LUVA CPVC, SOLDAVEL, 42 MM, PARA AGUA QUENTE PREDIAL
122796	LUVA CPVC, SOLDAVEL, 54 MM, PARA AGUA QUENTE PREDIAL
122797	LUVA CPVC, SOLDAVEL, 73 MM, PARA AGUA QUENTE PREDIAL
122798	LUVA CPVC, SOLDAVEL, 89 MM, PARA AGUA QUENTE PREDIAL
122799	LUVA DE BORRACHA ISOLANTE PARA ALTA TENSAO, RESISTENTE A OZONIO, TENSAO DE ENSAIO 2,5 KV (PAR)
122800	LUVA DE COBRE (REF 600) SEM ANEL DE SOLDA, BOLSA X BOLSA, 104 MM
122801	LUVA DE COBRE (REF 600) SEM ANEL DE SOLDA, BOLSA X BOLSA, 15 MM
122802	LUVA DE COBRE (REF 600) SEM ANEL DE SOLDA, BOLSA X BOLSA, 22 MM
122803	LUVA DE COBRE (REF 600) SEM ANEL DE SOLDA, BOLSA X BOLSA, 28 MM
122804	LUVA DE COBRE (REF 600) SEM ANEL DE SOLDA, BOLSA X BOLSA, 35 MM
122805	LUVA DE COBRE (REF 600) SEM ANEL DE SOLDA, BOLSA X BOLSA, 42 MM
122806	LUVA DE COBRE (REF 600) SEM ANEL DE SOLDA, BOLSA X BOLSA, 54 MM
122807	LUVA DE COBRE (REF 600) SEM ANEL DE SOLDA, BOLSA X BOLSA, 66 MM
122808	LUVA DE COBRE (REF 600) SEM ANEL DE SOLDA, BOLSA X BOLSA, 79 MM
122809	LUVA DE CORRER DEFOFO, PVC, JE, DN 100 MM
122810	LUVA DE CORRER DEFOFO, PVC, JE, DN 150 MM
122811	LUVA DE CORRER DEFOFO, PVC, JE, DN 200 MM
122812	LUVA DE CORRER DEFOFO, PVC, JE, DN 250 MM
122813	LUVA DE CORRER DEFOFO, PVC, JE, DN 300 MM
122814	"LUVA DE CORRER PARA TUBO ROSCAVEL, PVC, 1 1/2"", PARA AGUA FRIA PREDIAL"
122815	"LUVA DE CORRER PARA TUBO ROSCAVEL, PVC, 1/2"", PARA AGUA FRIA PREDIAL"
122816	"LUVA DE CORRER PARA TUBO ROSCAVEL, PVC, 3/4"", PARA AGUA FRIA PREDIAL"
122817	LUVA DE CORRER PARA TUBO SOLDAVEL, PVC, 20 MM, PARA AGUA FRIA PREDIAL
122818	LUVA DE CORRER PARA TUBO SOLDAVEL, PVC, 25 MM, PARA AGUA FRIA PREDIAL
122819	LUVA DE CORRER PARA TUBO SOLDAVEL, PVC, 32 MM, PARA AGUA FRIA PREDIAL
122820	LUVA DE CORRER PARA TUBO SOLDAVEL, PVC, 50 MM, PARA AGUA FRIA PREDIAL
122821	LUVA DE CORRER PARA TUBO SOLDAVEL, PVC, 60 MM, PARA AGUA FRIA PREDIAL
122822	LUVA DE CORRER PVC, JE, DN 100 MM, PARA REDE COLETORA DE ESGOTO (NBR 10569)
122823	LUVA DE CORRER PVC, JE, DN 150 MM, PARA REDE COLETORA DE ESGOTO (NBR 10569)
122824	LUVA DE CORRER PVC, JE, DN 200 MM, PARA REDE COLETORA DE ESGOTO (NBR 10569)
122825	LUVA DE CORRER PVC, JE, DN 250 MM, PARA REDE COLETORA DE ESGOTO (NBR 10569)
122826	LUVA DE CORRER PVC, JE, DN 300 MM, PARA REDE COLETORA DE ESGOTO (NBR 10569)
122827	LUVA DE CORRER, CPVC, SOLDAVEL, 15 MM, PARA AGUA QUENTE PREDIAL
122828	LUVA DE CORRER, CPVC, SOLDAVEL, 22 MM, PARA AGUA QUENTE PREDIAL
122829	LUVA DE CORRER, CPVC, SOLDAVEL, 28 MM, PARA AGUA QUENTE PREDIAL
122830	LUVA DE CORRER, CPVC, SOLDAVEL, 35 MM, PARA AGUA QUENTE PREDIAL
122831	LUVA DE CORRER, CPVC, SOLDAVEL, 42 MM, PARA AGUA QUENTE PREDIAL
122832	LUVA DE CORRER, PVC PBA, JE, DN 100 / DE 110 MM, PARA REDE AGUA (NBR 10351)
122833	LUVA DE CORRER, PVC PBA, JE, DN 50 / DE 60 MM, PARA REDE AGUA (NBR 10351)
122834	LUVA DE CORRER, PVC PBA, JE, DN 75 / DE 85 MM, PARA REDE AGUA (NBR 10351)
122835	LUVA DE CORRER, PVC SERIE R, 100 MM, PARA ESGOTO OU AGUAS PLUVIAIS PREDIAIS
122836	LUVA DE CORRER, PVC SERIE R, 150 MM, PARA ESGOTO OU AGUAS PLUVIAIS PREDIAIS
122837	LUVA DE CORRER, PVC SERIE R, 75 MM, PARA ESGOTO OU AGUAS PLUVIAIS PREDIAIS
122838	LUVA DE CORRER, PVC, DN 100 MM, PARA ESGOTO PREDIAL
122839	LUVA DE CORRER, PVC, DN 50 MM, PARA ESGOTO PREDIAL
122840	LUVA DE CORRER, PVC, DN 75 MM, PARA ESGOTO PREDIAL
122841	"LUVA DE FERRO GALVANIZADO, COM ROSCA BSP MACHO/FEMEA, DE 3/4"""
122842	"LUVA DE FERRO GALVANIZADO, COM ROSCA BSP, DE 1 1/2"""
122843	"LUVA DE FERRO GALVANIZADO, COM ROSCA BSP, DE 1 1/4"""
122844	"LUVA DE FERRO GALVANIZADO, COM ROSCA BSP, DE 1/2"""
122845	"LUVA DE FERRO GALVANIZADO, COM ROSCA BSP, DE 1"""
122846	"LUVA DE FERRO GALVANIZADO, COM ROSCA BSP, DE 2 1/2"""
122847	"LUVA DE FERRO GALVANIZADO, COM ROSCA BSP, DE 2"""
122848	"LUVA DE FERRO GALVANIZADO, COM ROSCA BSP, DE 3/4"""
122849	"LUVA DE FERRO GALVANIZADO, COM ROSCA BSP, DE 3"""
122850	"LUVA DE FERRO GALVANIZADO, COM ROSCA BSP, DE 4"""
122851	"LUVA DE FERRO GALVANIZADO, COM ROSCA BSP, DE 5"""
122852	"LUVA DE FERRO GALVANIZADO, COM ROSCA BSP, DE 6"""
122853	LUVA DE PRESSAO, EM PVC, DE 20 MM, PARA ELETRODUTO FLEXIVEL
122854	LUVA DE PRESSAO, EM PVC, DE 25 MM, PARA ELETRODUTO FLEXIVEL
122855	LUVA DE PRESSAO, EM PVC, DE 32 MM, PARA ELETRODUTO FLEXIVEL
122856	"LUVA DE REDUCAO DE FERRO GALVANIZADO, COM ROSCA BSP MACHO/FEMEA, DE 1 1/2"" X 1"""
122857	"LUVA DE REDUCAO DE FERRO GALVANIZADO, COM ROSCA BSP MACHO/FEMEA, DE 1"" X 1/2"""
122858	"LUVA DE REDUCAO DE FERRO GALVANIZADO, COM ROSCA BSP MACHO/FEMEA, DE 1"" X 3/4"""
122859	"LUVA DE REDUCAO DE FERRO GALVANIZADO, COM ROSCA BSP MACHO/FEMEA, DE 3/4"" X 1/2"""
122860	"LUVA DE REDUCAO DE FERRO GALVANIZADO, COM ROSCA BSP, DE 1 1/2"" X 1 1/4"""
122861	"LUVA DE REDUCAO DE FERRO GALVANIZADO, COM ROSCA BSP, DE 1 1/2"" X 1/2"""
122862	"LUVA DE REDUCAO DE FERRO GALVANIZADO, COM ROSCA BSP, DE 1 1/2"" X 1"""
122863	"LUVA DE REDUCAO DE FERRO GALVANIZADO, COM ROSCA BSP, DE 1 1/2"" X 3/4"""
122864	"LUVA DE REDUCAO DE FERRO GALVANIZADO, COM ROSCA BSP, DE 1 1/4"" X 1/2"""
122865	"LUVA DE REDUCAO DE FERRO GALVANIZADO, COM ROSCA BSP, DE 1 1/4"" X 1"""
122866	"LUVA DE REDUCAO DE FERRO GALVANIZADO, COM ROSCA BSP, DE 1 1/4"" X 3/4"""
122867	"LUVA DE REDUCAO DE FERRO GALVANIZADO, COM ROSCA BSP, DE 1"" X 1/2"""
122868	"LUVA DE REDUCAO DE FERRO GALVANIZADO, COM ROSCA BSP, DE 1"" X 3/4"""
122869	"LUVA DE REDUCAO DE FERRO GALVANIZADO, COM ROSCA BSP, DE 2 1/2"" X 1 1/2"""
122870	"LUVA DE REDUCAO DE FERRO GALVANIZADO, COM ROSCA BSP, DE 2 1/2"" X 2"""
122871	"LUVA DE REDUCAO DE FERRO GALVANIZADO, COM ROSCA BSP, DE 2"" X 1 1/2"""
122872	"LUVA DE REDUCAO DE FERRO GALVANIZADO, COM ROSCA BSP, DE 2"" X 1 1/4"""
122873	"LUVA DE REDUCAO DE FERRO GALVANIZADO, COM ROSCA BSP, DE 2"" X 1"""
122874	"LUVA DE REDUCAO DE FERRO GALVANIZADO, COM ROSCA BSP, DE 3/4"" X 1/2"""
122875	"LUVA DE REDUCAO DE FERRO GALVANIZADO, COM ROSCA BSP, DE 3"" X 1 1/2"""
122876	"LUVA DE REDUCAO DE FERRO GALVANIZADO, COM ROSCA BSP, DE 3"" X 2 1/2"""
122877	"LUVA DE REDUCAO DE FERRO GALVANIZADO, COM ROSCA BSP, DE 3"" X 2"""
122878	"LUVA DE REDUCAO DE FERRO GALVANIZADO, COM ROSCA BSP, DE 4"" X 2 1/2"""
122879	"LUVA DE REDUCAO DE FERRO GALVANIZADO, COM ROSCA BSP, DE 4"" X 2"""
122880	"LUVA DE REDUCAO DE FERRO GALVANIZADO, COM ROSCA BSP, DE 4"" X 3"""
122881	"LUVA DE REDUCAO EM ACO CARBONO, COM ENCAIXE PARA SOLDA DN SW, PRESSAO 3.000 LBS, 3/4 "" X 1/2"""
122882	"LUVA DE REDUCAO EM ACO CARBONO, COM ENCAIXE PARA SOLDA DN SW, PRESSAO 3.000 LBS, DN 1 1/2"" X 1 1/4"""
122883	"LUVA DE REDUCAO EM ACO CARBONO, COM ENCAIXE PARA SOLDA DN SW, PRESSAO 3.000 LBS, DN 1 1/4"" X 1"""
122884	"LUVA DE REDUCAO EM ACO CARBONO, COM ENCAIXE PARA SOLDA DN SW, PRESSAO 3.000 LBS, DN 1"" X 3/4"""
122885	"LUVA DE REDUCAO EM ACO CARBONO, COM ENCAIXE PARA SOLDA DN SW, PRESSAO 3.000 LBS, DN 2 1/2"" X 2"""
122886	"LUVA DE REDUCAO EM ACO CARBONO, COM ENCAIXE PARA SOLDA DN SW, PRESSAO 3.000 LBS, DN 2"" X 1 1/2"""
122887	"LUVA DE REDUCAO EM ACO CARBONO, COM ENCAIXE PARA SOLDA DN SW, PRESSAO 3.000 LBS, DN 3"" X 2 1/2"""
122888	LUVA DE REDUCAO PARA TUBO PEX, METALICA, PARA CONEXAO COM ANEL DESLIZANTE, DN 20 X 16 MM
122889	LUVA DE REDUCAO PARA TUBO PEX, METALICA, PARA CONEXAO COM ANEL DESLIZANTE, DN 25 X 16 MM
122890	LUVA DE REDUCAO PARA TUBO PEX, METALICA, PARA CONEXAO COM ANEL DESLIZANTE, DN 25 X 20 MM
122891	LUVA DE REDUCAO PARA TUBO PEX, METALICA, PARA CONEXAO COM ANEL DESLIZANTE, DN 32 X 25 MM
122892	LUVA DE REDUCAO PARA TUBO PEX, PLASTICA, PARA CONEXAO COM CRIMPAGEM, DN 20 X 16 MM
122893	LUVA DE REDUCAO PARA TUBO PEX, PLASTICA, PARA CONEXAO COM CRIMPAGEM, DN 25 X 16 MM
122894	LUVA DE REDUCAO PARA TUBO PEX, PLASTICA, PARA CONEXAO COM CRIMPAGEM, DN 32 X 20 MM
122895	LUVA DE REDUCAO PARA TUBO PEX, PLASTICA, PARA CONEXAO COM CRIMPAGEM, DN 32 X 25 MM
122896	"LUVA DE REDUCAO ROSCAVEL, PVC, 1"" X 3/4"", PARA AGUA FRIA PREDIAL"
122897	"LUVA DE REDUCAO ROSCAVEL, PVC, 3/4"" X 1/2"", PARA AGUA FRIA PREDIAL"
122898	LUVA DE REDUCAO SOLDAVEL, PVC, 25 MM X 20 MM, PARA AGUA FRIA PREDIAL
122899	LUVA DE REDUCAO SOLDAVEL, PVC, 32 MM X 25 MM, PARA AGUA FRIA PREDIAL
122900	LUVA DE REDUCAO SOLDAVEL, PVC, 40 MM X 32 MM, PARA AGUA FRIA PREDIAL
122901	LUVA DE REDUCAO SOLDAVEL, PVC, 60 MM X 50 MM, PARA AGUA FRIA PREDIAL
122902	LUVA DE REDUCAO, PVC, SOLDAVEL, 50 X 25 MM, PARA AGUA FRIA PREDIAL
122903	LUVA DE TRANSICAO DE CPVC X PVC, SOLDAVEL, 22 X 25 MM, PARA AGUA QUENTE
122904	"LUVA DE TRANSICAO, CPVC, SOLDAVEL, 42 MM X 1 1/2"", PARA AGUA QUENTE"
122905	"LUVA DE TRANSICAO, CPVC, SOLDAVEL, 54 MM X 2"", PARA AGUA QUENTE PREDIAL"
122906	"LUVA DE TRANSICAO, CPVC, 15 MM X 1/2"", PARA AGUA QUENTE PREDIAL"
122907	"LUVA DE TRANSICAO, CPVC, 22 MM X 1/2"", PARA AGUA QUENTE"
122908	LUVA DUPLA, PVC LEVE, DN 150 MM
122909	"LUVA EM ACO CARBONO, SOLDAVEL, PRESSAO 3.000 LBS, DN 1 1/2"""
122910	"LUVA EM ACO CARBONO, SOLDAVEL, PRESSAO 3.000 LBS, DN 1 1/4"""
122911	"LUVA EM ACO CARBONO, SOLDAVEL, PRESSAO 3.000 LBS, DN 1/2"""
122912	"LUVA EM ACO CARBONO, SOLDAVEL, PRESSAO 3.000 LBS, DN 1"""
122913	"LUVA EM ACO CARBONO, SOLDAVEL, PRESSAO 3.000 LBS, DN 2 1/2"""
122914	"LUVA EM ACO CARBONO, SOLDAVEL, PRESSAO 3.000 LBS, DN 2"""
122915	"LUVA EM ACO CARBONO, SOLDAVEL, PRESSAO 3.000 LBS, DN 3/4"""
122916	"LUVA EM ACO CARBONO, SOLDAVEL, PRESSAO 3.000 LBS, DN 3"""
122917	"LUVA EM PVC RIGIDO ROSCAVEL, DE 1 1/2"", PARA ELETRODUTO"
122918	"LUVA EM PVC RIGIDO ROSCAVEL, DE 1 1/4"", PARA ELETRODUTO"
122919	"LUVA EM PVC RIGIDO ROSCAVEL, DE 1/2"", PARA ELETRODUTO"
122920	"LUVA EM PVC RIGIDO ROSCAVEL, DE 1"", PARA ELETRODUTO"
122921	"LUVA EM PVC RIGIDO ROSCAVEL, DE 2 1/2"", PARA ELETRODUTO"
122922	"LUVA EM PVC RIGIDO ROSCAVEL, DE 2"", PARA ELETRODUTO"
122923	"LUVA EM PVC RIGIDO ROSCAVEL, DE 3/4"", PARA ELETRODUTO"
122924	"LUVA EM PVC RIGIDO ROSCAVEL, DE 3"", PARA ELETRODUTO"
122925	"LUVA EM PVC RIGIDO ROSCAVEL, DE 4"", PARA ELETRODUTO"
122926	"LUVA PARA ELETRODUTO, EM ACO GALVANIZADO ELETROLITICO, DIAMETRO DE 100 MM (4"")"
122927	"LUVA PARA ELETRODUTO, EM ACO GALVANIZADO ELETROLITICO, DIAMETRO DE 15 MM (1/2"")"
122928	"LUVA PARA ELETRODUTO, EM ACO GALVANIZADO ELETROLITICO, DIAMETRO DE 20 MM (3/4"")"
122929	"LUVA PARA ELETRODUTO, EM ACO GALVANIZADO ELETROLITICO, DIAMETRO DE 25 MM (1"")"
122930	"LUVA PARA ELETRODUTO, EM ACO GALVANIZADO ELETROLITICO, DIAMETRO DE 32 MM (1 1/4"")"
122931	"LUVA PARA ELETRODUTO, EM ACO GALVANIZADO ELETROLITICO, DIAMETRO DE 40 MM (1 1/2"")"
122932	"LUVA PARA ELETRODUTO, EM ACO GALVANIZADO ELETROLITICO, DIAMETRO DE 50 MM (2"")"
122933	"LUVA PARA ELETRODUTO, EM ACO GALVANIZADO ELETROLITICO, DIAMETRO DE 65 MM (2 1/2"")"
122934	"LUVA PARA ELETRODUTO, EM ACO GALVANIZADO ELETROLITICO, DIAMETRO DE 80 MM (3"")"
122935	LUVA PARA TUBO PEX, METALICO, PARA CONEXAO COM ANEL DESLIZANTE, DN 16 MM
122936	LUVA PARA TUBO PEX, METALICO, PARA CONEXAO COM ANEL DESLIZANTE, DN 20 MM
122937	LUVA PARA TUBO PEX, METALICO, PARA CONEXAO COM ANEL DESLIZANTE, DN 25 MM
122938	LUVA PARA TUBO PEX, METALICO, PARA CONEXAO COM ANEL DESLIZANTE, DN 32 MM
122939	LUVA PARA TUBO PEX, PLASTICA, PARA CONEXAO COM CRIMPAGEM, DN 16 MM
122940	LUVA PARA TUBO PEX, PLASTICA, PARA CONEXAO COM CRIMPAGEM, DN 20 MM
122941	LUVA PARA TUBO PEX, PLASTICA, PARA CONEXAO COM CRIMPAGEM, DN 25 MM
122942	LUVA PARA TUBO PEX, PLASTICA, PARA CONEXAO COM CRIMPAGEM, DN 32 MM
122943	LUVA PASSANTE DE COBRE (REF 601) SEM ANEL DE SOLDA, BOLSA 15 MM
122944	LUVA PASSANTE DE COBRE (REF 601) SEM ANEL DE SOLDA, BOLSA 22 MM
122945	LUVA PASSANTE DE COBRE (REF 601) SEM ANEL DE SOLDA, BOLSA 28 MM
122946	LUVA PASSANTE DE COBRE (REF 601) SEM ANEL DE SOLDA, BOLSA 35 MM
122947	LUVA PASSANTE DE COBRE (REF 601) SEM ANEL DE SOLDA, BOLSA 42 MM
122948	LUVA PASSANTE DE COBRE (REF 601) SEM ANEL DE SOLDA, BOLSA 54 MM
122949	LUVA PASSANTE DE COBRE (REF 601) SEM ANEL DE SOLDA, BOLSA 66 MM
122950	LUVA PPR, SOLDAVEL, DN 110 MM, PARA AGUA QUENTE PREDIAL
122951	LUVA PPR, SOLDAVEL, DN 20 MM, PARA AGUA QUENTE PREDIAL
122952	LUVA PPR, SOLDAVEL, DN 25 MM, PARA AGUA QUENTE PREDIAL
122953	LUVA PPR, SOLDAVEL, DN 32 MM, PARA AGUA QUENTE PREDIAL
122954	LUVA PPR, SOLDAVEL, DN 40 MM, PARA AGUA QUENTE PREDIAL
122955	LUVA PPR, SOLDAVEL, DN 50 MM, PARA AGUA QUENTE PREDIAL
122956	LUVA PPR, SOLDAVEL, DN 63 MM, PARA AGUA QUENTE PREDIAL
122957	LUVA PPR, SOLDAVEL, DN 75 MM, PARA AGUA QUENTE PREDIAL
122958	LUVA PPR, SOLDAVEL, DN 90 MM, PARA AGUA QUENTE PREDIAL
122959	LUVA PVC SOLDAVEL, 110 MM, PARA AGUA FRIA PREDIAL
122960	LUVA PVC SOLDAVEL, 20 MM, PARA AGUA FRIA PREDIAL
122961	LUVA PVC SOLDAVEL, 25 MM, PARA AGUA FRIA PREDIAL
122962	LUVA PVC SOLDAVEL, 32 MM, PARA AGUA FRIA PREDIAL
122963	LUVA PVC SOLDAVEL, 40 MM, PARA AGUA FRIA PREDIAL
122964	LUVA PVC SOLDAVEL, 50 MM, PARA AGUA FRIA PREDIAL
122965	LUVA PVC SOLDAVEL, 60 MM, PARA AGUA FRIA PREDIAL
122966	LUVA PVC SOLDAVEL, 75 MM, PARA AGUA FRIA PREDIAL
122967	LUVA PVC SOLDAVEL, 85 MM, PARA AGUA FRIA PREDIAL
122968	"LUVA PVC, ROSCAVEL, 2 1/2"", AGUA FRIA PREDIAL"
122969	"LUVA PVC, ROSCAVEL, 1 1/2"", AGUA FRIA PREDIAL"
122970	"LUVA PVC, ROSCAVEL, 1 1/4"", AGUA FRIA PREDIAL"
122971	"LUVA PVC, ROSCAVEL, 2"", AGUA FRIA PREDIAL"
122972	"LUVA PVC, ROSCAVEL, 3"", AGUA FRIA PREDIAL"
122973	LUVA RASPA DE COURO, CANO CURTO (PUNHO *7* CM)
122974	"LUVA ROSCAVEL, PVC, 1/2"", AGUA FRIA PREDIAL"
122975	"LUVA ROSCAVEL, PVC, 1"", AGUA FRIA PREDIAL"
122976	"LUVA ROSCAVEL, PVC, 3/4"", AGUA FRIA PREDIAL"
122977	LUVA SIMPLES, PVC PBA, JE, DN 100 / DE 110 MM, PARA REDE AGUA (NBR 10351)
122978	LUVA SIMPLES, PVC PBA, JE, DN 50 / DE 60 MM, PARA REDE AGUA (NBR 10351)
122979	LUVA SIMPLES, PVC PBA, JE, DN 75 / DE 85 MM, PARA REDE AGUA (NBR 10351)
122980	LUVA SIMPLES, PVC SERIE R, 100 MM, PARA ESGOTO OU AGUAS PLUVIAIS PREDIAIS
122981	LUVA SIMPLES, PVC SERIE R, 150 MM, PARA ESGOTO OU AGUAS PLUVIAIS PREDIAIS
122982	LUVA SIMPLES, PVC SERIE R, 40 MM, PARA ESGOTO OU AGUAS PLUVIAIS PREDIAIS
122983	LUVA SIMPLES, PVC SERIE R, 50 MM, PARA ESGOTO OU AGUAS PLUVIAIS PREDIAIS
122984	LUVA SIMPLES, PVC SERIE R, 75 MM, PARA ESGOTO OU AGUAS PLUVIAIS PREDIAIS
122985	LUVA SIMPLES, PVC, SOLDAVEL, DN 100 MM, SERIE NORMAL, PARA ESGOTO PREDIAL
122986	LUVA SIMPLES, PVC, SOLDAVEL, DN 150 MM, SERIE NORMAL, PARA ESGOTO PREDIAL
122987	LUVA SIMPLES, PVC, SOLDAVEL, DN 40 MM, SERIE NORMAL, PARA ESGOTO PREDIAL
122988	LUVA SIMPLES, PVC, SOLDAVEL, DN 50 MM, SERIE NORMAL, PARA ESGOTO PREDIAL
122989	LUVA SIMPLES, PVC, SOLDAVEL, DN 75 MM, SERIE NORMAL, PARA ESGOTO PREDIAL
122990	"LUVA SOLDAVEL COM BUCHA DE LATAO, PVC, 20 MM X 1/2"""
122991	"LUVA SOLDAVEL COM BUCHA DE LATAO, PVC, 25 MM X 1/2"""
122992	"LUVA SOLDAVEL COM BUCHA DE LATAO, PVC, 25 MM X 3/4"""
122993	"LUVA SOLDAVEL COM BUCHA DE LATAO, PVC, 32 MM X 1"""
122994	"LUVA SOLDAVEL COM ROSCA, PVC, 20 MM X 1/2"", PARA AGUA FRIA PREDIAL"
122995	"LUVA SOLDAVEL COM ROSCA, PVC, 25 MM X 1/2"", PARA AGUA FRIA PREDIAL"
122996	"LUVA SOLDAVEL COM ROSCA, PVC, 25 MM X 3/4"", PARA AGUA FRIA PREDIAL"
122997	"LUVA SOLDAVEL COM ROSCA, PVC, 32 MM X 1"", PARA AGUA FRIA PREDIAL"
122998	"LUVA SOLDAVEL COM ROSCA, PVC, 40 MM X 1 1/4"", PARA AGUA FRIA PREDIAL"
122999	"LUVA SOLDAVEL COM ROSCA, PVC, 50 MM X 1 1/2"", PARA AGUA FRIA PREDIAL"
123000	LUVA, PEAD PE 100, DE 400 MM, PARA ELETROFUSAO
123001	LUVA, PEAD PE 100, DE 63 MM, PARA ELETROFUSAO
123002	LUVA, PEAD PE 100, DE 125 MM, PARA ELETROFUSAO
123003	LUVA, PEAD PE 100, DE 20 MM, PARA ELETROFUSAO
123004	LUVA, PEAD PE 100, DE 200 MM, PARA ELETROFUSAO
123005	LUVA, PEAD PE 100, DE 32 MM, PARA ELETROFUSAO
123006	MACANETA ALAVANCA RETA OCA, EM ZAMAC COM ACABAMENTO CROMADO, COMPRIMENTO APROX DE 15 CM
123007	MACANETA ALAVANCA, RETA SIMPLES / OCA, CROMADA, COMPRIMENTO DE 10 A 16 CM, ACABAMENTO PADRAO POPULAR - SOMENTE MACANETAS
123008	"MACANETA BOLA, EM ZAMAC COM ACABAMENTO CROMADO, DIAMETRO DE APROX 2 1/2"""
123009	MACARICO DE SOLDA 201 PARA EXTENSAO GLP OU ACETILENO
123010	MACARIQUEIRO
123011	MACARIQUEIRO (MENSALISTA)
123012	MADEIRA ROLICA TRATADA, D = 12 A 15 CM, H = 3,00 M, EM EUCALIPTO OU EQUIVALENTE DA REGIAO
123013	MADEIRA ROLICA TRATADA, D = 16 A 20 CM, H = 6,00 M, EM EUCALIPTO OU EQUIVALENTE DA REGIAO
123014	MADEIRA ROLICA TRATADA, D = 25 A 29 CM, H = 6,50 M, EM EUCALIPTO OU EQUIVALENTE DA REGIAO
123015	MADEIRA ROLICA TRATADA, D = 30 A 34 CM, H = 6,50 M, EM EUCALIPTO OU EQUIVALENTE DA REGIAO
123016	MADEIRA SERRADA EM PINUS, MISTA OU EQUIVALENTE DA REGIAO - BRUTA
123017	MANGOTE DE SEGURANCA EM RASPA DE COURO
123018	"MANGUEIRA CRISTAL PARA NIVEL, LISA, PVC TRANSPARENTE, 3/8"" X1,5 MM"
123019	"MANGUEIRA CRISTAL PARA NIVEL, LISA, PVC TRANSPARENTE, 5/16"" X1 MM"
123020	"MANGUEIRA CRISTAL TRANCADA, PVC COM REFORCO, COM PRESSAO DE TRABALHO (PT) 250 LBS/POL2, DE 3/4"" X *2,8* MM"
123021	"MANGUEIRA CRISTAL TRANCADA, PVC COM REFORCO, PRESSAO DE TRABALHO (PT) 250 LBS/POL2, DE 1"" X *3,4* MM"
123022	"MANGUEIRA CRISTAL, LISA, PVC TRANSPARENTE, 1/2"" X 2 MM"
123023	"MANGUEIRA CRISTAL, LISA, PVC TRANSPARENTE, 1/4"" X1 MM"
123024	"MANGUEIRA CRISTAL, LISA, PVC TRANSPARENTE, 1/4"" X1,5 MM"
123025	"MANGUEIRA CRISTAL, LISA, PVC TRANSPARENTE, 3/4"" X 2 MM"
123026	"MANGUEIRA DE INCENDIO, TIPO 1, DE 1 1/2"", COMPRIMENTO = 15 M, TECIDO EM FIO DE POLIESTER E TUBO INTERNO EM BORRACHA SINTETICA, COM UNIOES ENGATE RAPIDO"
123027	"MANGUEIRA DE INCENDIO, TIPO 1, DE 1 1/2"", COMPRIMENTO = 20 M, TECIDO EM FIO DE POLIESTER E TUBO INTERNO EM BORRACHA SINTETICA, COM UNIOES ENGATE RAPIDO"
123028	"MANGUEIRA DE INCENDIO, TIPO 1, DE 1 1/2"", COMPRIMENTO = 25 M, TECIDO EM FIO DE POLIESTER E TUBO INTERNO EM BORRACHA SINTETICA, COM UNIOES ENGATE RAPIDO"
123029	"MANGUEIRA DE INCENDIO, TIPO 1, DE 1 1/2"", COMPRIMENTO = 30 M, TECIDO EM FIO DE POLIESTER E TUBO INTERNO EM BORRACHA SINTETICA, COM UNIOES ENGATE RAPIDO"
123030	"MANGUEIRA DE INCENDIO, TIPO 2, DE 1 1/2"", COMPRIMENTO = 15 M, TECIDO EM FIO DE POLIESTER E TUBO INTERNO EM BORRACHA SINTETICA, COM UNIOES ENGATE RAPIDO"
123031	"MANGUEIRA DE INCENDIO, TIPO 2, DE 1 1/2"", COMPRIMENTO = 20 M, TECIDO EM FIO DE POLIESTER E TUBO INTERNO EM BORRACHA SINTETICA, COM UNIOES"
123032	"MANGUEIRA DE INCENDIO, TIPO 2, DE 1 1/2"", COMPRIMENTO = 25 M, TECIDO EM FIO DE POLIESTER E TUBO INTERNO EM BORRACHA SINTETICA, COM UNIOES"
123033	"MANGUEIRA DE INCENDIO, TIPO 2, DE 1 1/2"", COMPRIMENTO = 30 M, TECIDO EM FIO DE POLIESTER E TUBO INTERNO EM BORRACHA SINTETICA, COM UNIOES"
123034	"MANGUEIRA DE INCENDIO, TIPO 2, DE 2 1/2"", COMPRIMENTO = 15 M, TECIDO EM FIO DE POLIESTER E TUBO INTERNO EM BORRACHA SINTETICA, COM UNIOES ENGATE RAPIDO"
123035	"MANGUEIRA DE INCENDIO, TIPO 2, DE 2 1/2"", COMPRIMENTO = 20 M, TECIDO EM FIO DE POLIESTER E TUBO INTERNO EM BORRACHA SINTETICA, COM UNIOES"
123036	"MANGUEIRA DE INCENDIO, TIPO 2, DE 2 1/2"", COMPRIMENTO = 25 M, TECIDO EM FIO DE POLIESTER E TUBO INTERNO EM BORRACHA SINTETICA, COM UNIOES ENGATE RAPIDO"
123037	"MANGUEIRA DE INCENDIO, TIPO 2, DE 2 1/2"", COMPRIMENTO = 30 M, TECIDO EM FIO DE POLIESTER E TUBO INTERNO EM BORRACHA SINTETICA, COM UNIOES ENGATE RAPIDO"
123038	"MANGUEIRA DE PVC FLEXIVEL,TIPO FLAT/ACHATADA, COR LARANJA, D = 1 1/2"" (40 MM), PARA CONDUCAO DE AGUA, SERVICOS LEVES E MEDIOS"
123039	"MANGUEIRA PARA GAS - GLP, PVC, TRANCADA, DIAMETRO DE 3/8"", COMPRIMENTO DE 1M (NORMATIZADA)"
123040	MANIPULADOR TELESCOPICO, POTENCIA DE 101 HP, CAPACIDADE DE CARGA DE 3.500 KG, ALTURA MAXIMA DE ELEVACAO DE 12 M
123041	MANIPULADOR TELESCOPICO, POTENCIA DE 85 HP, CAPACIDADE DE CARGA DE 3.500 KG, ALTURA MAXIMA DE ELEVACAO DE 12,3 M
123042	"MANOMETRO COM CAIXA EM ACO PINTADO, ESCALA *10* KGF/CM2 (*10* BAR), DIAMETRO NOMINAL DE *63* MM, CONEXAO DE 1/4"""
123043	"MANOMETRO COM CAIXA EM ACO PINTADO, ESCALA *10* KGF/CM2 (*10* BAR), DIAMETRO NOMINAL DE 100 MM, CONEXAO DE 1/2"""
123044	MANTA ALUMINIZADA NAS DUAS FACES, PARA SUBCOBERTURA, E = *2* MM
123045	MANTA ALUMINIZADA 1 FACE PARA SUBCOBERTURA, E = *1* MM
123046	MANTA ANTIRRUIDO DE POLIESTER (PET) PARA CONTRAPISO E = *8* MM
123047	MANTA ASFALTICA ELASTOMERICA EM POLIESTER ALUMINIZADA 3 MM, TIPO III, CLASSE B (NBR 9952)
123048	MANTA ASFALTICA ELASTOMERICA EM POLIESTER 3 MM, TIPO III, CLASSE B, ACABAMENTO PP (NBR 9952)
123049	MANTA ASFALTICA ELASTOMERICA EM POLIESTER 4 MM, TIPO III, CLASSE B, ACABAMENTO PP (NBR 9952)
123050	MANTA ASFALTICA ELASTOMERICA EM POLIESTER 5 MM, TIPO III, CLASSE B, ACABAMENTO PP (NBR 9952)
123051	MANTA ASFALTICA ELASTOMERICA TIPO GLASS 3 MM, TIPO II, CLASSE C, ACABAMENTO PP (NBR 9952)
123052	MANTA DE BORRACHA ANTIRRUIDO 5 MM
123053	MANTA DE POLIETILENO EXPANDIDO (PEBD) ANTICHAMAS, E = 8 MM
123054	MANTA DE POLIETILENO EXPANDIDO (PEBD), E = 5 MM
123055	MANTA DE POLIETILENO EXPANDIDO, COM 1 FACE METALIZADA PARA SUBCOBERTURA, E = *5* MM
123056	MANTA GEOTEXTIL TECIDO DE LAMINETES DE POLIPROPILENO, RESISTENCIA A TRACAO = *25* KN/M
123057	MANTA LIQUIDA DE BASE ASFALTICA MODIFICADA COM A ADICAO DE ELASTOMEROS DILUIDOS EM SOLVENTE ORGANICO, APLICACAO A FRIO (MEMBRANA IMPERMEABILIZANTE ASFASTICA)
123058	MANTA TERMOPLASTICA, PEAD, GEOMEMBRANA LISA, E = 0,50 MM ( NBR 15352)
123059	MANTA TERMOPLASTICA, PEAD, GEOMEMBRANA LISA, E = 0,75 MM ( NBR 15352)
123060	MANTA TERMOPLASTICA, PEAD, GEOMEMBRANA LISA, E = 0,80 MM ( NBR 15352)
123061	MANTA TERMOPLASTICA, PEAD, GEOMEMBRANA LISA, E = 1,00 MM ( NBR 15352)
123062	MANTA TERMOPLASTICA, PEAD, GEOMEMBRANA LISA, E = 1,50 MM ( NBR 15352)
123063	MANTA TERMOPLASTICA, PEAD, GEOMEMBRANA LISA, E = 2,00 MM ( NBR 15352)
123064	MANTA TERMOPLASTICA, PEAD, GEOMEMBRANA LISA, E = 2,50 MM ( NBR 15352)
123072	MAQUINA DE 40 MM PARA FECHADURA DE EMBUTIR EXTERNA, EM ACO INOX
123073	MAQUINA DE 40 MM PARA FECHADURA, PARA PORTA DE BANHEIRO, EM ACO INOX
123074	MAQUINA DE 40 MM PARA FECHADURA, PARA PORTA INTERNA, EM ACO INOX
123075	MAQUINA DE 55 MM PARA FECHADURA DE EMBUTIR EXTERNA, EM ACO INOX
123076	MAQUINA DE 55 MM PARA FECHADURA, PARA PORTA DE BANHEIRO, EM ACO INOX
123077	MAQUINA DE 55 MM PARA FECHADURA, PARA PORTA INTERNA, EM ACO INOX
123078	MAQUINA DEMARCADORA DE FAIXA DE TRAFEGO A FRIO, AUTOPROPELIDA, MOTOR DIESEL 38 HP
123079	MAQUINA EXTRUSORA DE CONCRETO PARA GUIAS E SARJETAS, COM MOTOR A DIESEL DE 14 CV
123080	MAQUINA MANUAL TIPO PRENSA PARA PRODUCAO DE BLOCOS E PAVIMENTOS DE CONCRETO, COM MOTOR ELETRICO TRIFASICO PARA VIBRACAO, POTENCIA TOTAL INSTALADA DE 1,5 KW
123081	MAQUINA PARA CORTE COM DISCO ABRASIVO DE DIAMETRO DE 18'' (450 MM), COM MOTOR ELETRICO TRIFASICO DE 10 CV
123082	MAQUINA TIPO PRENSA HIDRAULICA, PARA FABRICACAO DE TUBOS DE CONCRETO PARA AGUAS PLUVIAIS, DN 200 A DN 600 MM X 1000 MM DE COMPRIMENTO, COM MOTOR PRINCIPAL DE 20 CV
123083	"MAQUINA TIPO VASO/TANQUE/JATO DE PRESSAO PORTATIL PARA JATEAMENTO, CONTROLE AUTOMATICO E REMOTO, CAMARA DE 1 SAIDA, 280 L, DIAM. *670* MM, BICO JATO CURTO VENTURI DE 5/16"", MANGUEIRA DE 1"" DE 10 M, COMPLETA (VALVULAS POP UP E DOSADORA, FUNDO CONICO ETC)"
123084	MAQUINA TRANSFORMADORA MONOFASICA PARA SOLDA ELETRICA, TENSAO DE 220 V, FREQUENCIA DE 60 HZ, FAIXA DE CORRENTE ENTRE 80 A (+/- 10 A) E 250 A, POTENCIA ENTRE 14,00 KVA E 15,0 KVA, CICLO DE TRABALHO ENTRE 10% E 20% A 250 A
123085	MARCENEIRO
123086	MARCENEIRO (MENSALISTA)
123087	MARMORISTA / GRANITEIRO
123088	MARMORISTA / GRANITEIRO (MENSALISTA)
123089	MARTELO DE SOLDADOR/PICADOR DE SOLDA
123090	MARTELO DEMOLIDOR ELETRICO, COM POTENCIA DE 2.000 W, FREQUENCIA DE 1.000 IMPACTOS POR MINUTO, FORÇA DE IMPACTO ENTRE 60 E 65 J, PESO DE 30 KG
123091	MARTELO DEMOLIDOR PNEUMATICO MANUAL, COM REDUCAO DE VIBRACAO, PESO DE 21 KG
123092	MARTELO DEMOLIDOR PNEUMATICO MANUAL, COM REDUCAO DE VIBRACAO, PESO DE 31,5 KG
123093	MARTELO DEMOLIDOR PNEUMATICO MANUAL, PADRAO, PESO DE 32 KG
123094	MARTELO DEMOLIDOR PNEUMATICO MANUAL, PESO DE 28 KG, COM SILENCIADOR
123095	MARTELO PERFURADOR PNEUMATICO MANUAL, DE SUPERFICIE, COM AVANCO DE COLUNA, PESO DE 22 KG
123096	MARTELO PERFURADOR PNEUMATICO MANUAL, HASTE 25 X 75 MM, 21 KG
123097	MARTELO PERFURADOR PNEUMATICO MANUAL, PESO DE 25 KG, COM SILENCIADOR
123098	MASCARA DE SEGURANCA PARA SOLDA COM ESCUDO DE CELERON E CARNEIRA DE PLASTICO COM REGULAGEM
123099	MASSA DE REJUNTE EM PO PARA DRYWALL, A BASE DE GESSO, SECAGEM RAPIDA, PARA TRATAMENTO DE JUNTAS DE CHAPA DE GESSO (NECESSITA ADICAO DE AGUA)
123100	MASSA DE REJUNTE PRONTA PARA TRATAMENTO DE JUNTAS DE CHAPA DE GESSO PARA DRYWALL, SEM ADICAO DE AGUA
123101	MASSA EPOXI BICOMPONENTE (MASSA + CATALIZADOR)
123102	MASSA EPOXI BICOMPONENTE PARA REPAROS
123103	MASSA PARA TEXTURA LISA DE BASE ACRILICA, USO INTERNO E EXTERNO
123104	MASSA PARA TEXTURA RUSTICA DE BASE ACRILICA, COR BRANCA, USO INTERNO E EXTERNO
123105	MASSA PARA VIDRO
123106	MASSA PLASTICA PARA MARMORE/GRANITO
123107	"MASTRO SIMPLES GALVANIZADO DIAMETRO NOMINAL 1 1/2"", COMPRIMENTO 3 M"
123108	"MASTRO SIMPLES GALVANIZADO DIAMETRO NOMINAL 2"", COMPRIMENTO 3 M"
123109	MATERIAL FILTRANTE (PEDREGULHO) 0,6 A 25,46 MM (POSTO PEDREIRA/FORNECEDOR, SEM FRETE)
123110	MATERIAL FILTRANTE (PEDREGULHO) 38 A 25,4 MM (POSTO PEDREIRA/FORNECEDOR, SEM FRETE)
123111	MECANICO DE EQUIPAMENTOS PESADOS
123112	MECANICO DE EQUIPAMENTOS PESADOS (MENSALISTA)
123113	MECANICO DE REFRIGERACAO
123114	MECANICO DE REFRIGERACAO (MENSALISTA)
123115	MEDIDOR DE NIVEL ESTATICO E DINAMICO PARA POCO, COMPRIMENTO DE 200 M
123116	MEIA CANA DE MADEIRA CEDRINHO OU EQUIVALENTE DA REGIAO, ACABAMENTO PARA FORRO PAULISTA, *2,5 X 2,5* CM
123117	MEIA CANA DE MADEIRA PINUS OU EQUIVALENTE DA REGIAO, ACABAMENTO PARA FORRO PAULISTA, *2,5 X 2,5* CM
123118	MEIA CANALETA DE CONCRETO ESTRUTURAL 14 X 19 X 19 CM, FBK 14 MPA (NBR 6136)
123119	MEIA CANALETA DE CONCRETO ESTRUTURAL 14 X 19 X 19 CM, FBK 4,5 MPA (NBR 6136)
123120	MEIO BLOCO DE CONCRETO ESTRUTURAL 14 X 19 X 14 CM, FBK 14 MPA (NBR 6136)
123121	MEIO BLOCO DE CONCRETO ESTRUTURAL 14 X 19 X 14 CM, FBK 4,5 MPA (NBR 6136)
123122	MEIO BLOCO DE CONCRETO ESTRUTURAL 14 X 19 X 19 CM, FBK 14 MPA (NBR 6136)
123123	MEIO BLOCO DE CONCRETO ESTRUTURAL 14 X 19 X 19 CM, FBK 4,5 MPA (NBR 6136)
123124	MEIO BLOCO DE CONCRETO ESTRUTURAL 14 X 19 X 34 CM, FBK 14 MPA (NBR 6136)
123125	MEIO BLOCO DE VEDACAO DE CONCRETO APARENTE 14 X 19 X 19 CM (CLASSE C - NBR 6136)
123126	MEIO BLOCO DE VEDACAO DE CONCRETO APARENTE 19 X 19 X 19 CM (CLASSE C - NBR 6136)
123127	MEIO BLOCO DE VEDACAO DE CONCRETO APARENTE 9 X 19 X 19 CM (CLASSE C - NBR 6136)
123128	MEIO BLOCO DE VEDACAO DE CONCRETO 14 X 19 X 19 CM (CLASSE C - NBR 6136)
123129	MEIO BLOCO DE VEDACAO DE CONCRETO 19 X 19 X 19 CM (CLASSE C - NBR 6136)
123130	MEIO BLOCO DE VEDACAO DE CONCRETO 9 X 19 X 19 CM (CLASSE C - NBR 6136)
123131	MEIO BLOCO ESTRUTURAL CERAMICO 14 X 19 X 14 CM, 6,0 MPA (NBR 15270)
123132	MEIO BLOCO ESTRUTURAL CERAMICO 14 X 19 X 19 CM, 6,0 MPA (NBR 15270)
123133	MEIO-FIO OU GUIA DE CONCRETO PRE MOLDADO, COMP 1 M, *30 X 10/12* CM (H X L1/L2)
123134	MEIO-FIO OU GUIA DE CONCRETO PRE MOLDADO, COMP 80 CM, *30 X 10/10* (H X L1/L2)
123135	MEIO-FIO OU GUIA DE CONCRETO PRE-MOLDADO, COMP *39* CM, *19 X 6,5/6,5* CM (H X L1/L2)
123136	MEIO-FIO OU GUIA DE CONCRETO PRE-MOLDADO, COMP 1 M, *20 X 12/15* CM (H X L1/L2)
123137	MEIO-FIO OU GUIA DE CONCRETO PRE-MOLDADO, COMP 80 CM, *25 X 08/08* CM (H X L1/L2)
123138	MEIO-FIO OU GUIA DE CONCRETO PRE-MOLDADO, TIPO CHAPEU PARA BOCA DE LOBO, DIMENSOES *1,20* X 0,15 X 0,30 M
123139	MEIO-FIO OU GUIA DE CONCRETO, PRE-MOLDADO, COMP 1 M, *30 X 12/15* CM (H X L1/L2)
123140	MEIO-FIO OU GUIA DE CONCRETO, PRE-MOLDADO, COMP 1 M, *30 X 15* CM (H X L)
123141	MEIO-FIO OU GUIA DE CONCRETO, PRE-MOLDADO, COMP 80 CM, *45 X 12/18* CM (H X L1/L2)
123142	MEMBRANA IMPERMEABILIZANTE A BASE DE POLIUREIA, BICOMPONENTE, APLICACAO A FRIO
123143	MEMBRANA IMPERMEABILIZANTE A BASE DE POLIURETANO
123144	MEMBRANA IMPERMEABILIZANTE ACRILICA MONOCOMPONENTE
123145	MESA VIBRATORIA COM DIMENSOES DE 2,0 X 1,0 M, COM MOTOR ELETRICO DE 2 POLOS E POTENCIA DE 3 CV
123146	MESTRE DE OBRAS
123147	MESTRE DE OBRAS (MENSALISTA)
123148	METACAULIM DE ALTA REATIVIDADE/CAULIM CALCINADO
123149	MICRO-TRATOR CORTADOR DE GRAMA COM LARGURA DO CORTE DE 107 CM, COM 2 LAMINAS E DESCARTE LATERAL
123152	MICTORIO COLETIVO ACO INOX (AISI 304), E = 0,8 MM, DE *100 X 40 X 30* CM (C X A X P)
123153	MICTORIO COLETIVO ACO INOX (AISI 304), E = 0,8 MM, DE *100 X 50 X 35* CM (C X A X P)
123154	MICTORIO INDICUDUAL, SIFONADO, LOUCA BRANCA, SEM COMPLEMENTOS
123155	MICTORIO INDIVIDUAL ACO INOX (AISI 304), E = 0,8 MM, DE *50 X 45 X 35* (C X A X P)
123156	MICTORIO INDIVIDUAL, SIFONADO, VALVULA EMBUTIDA, DE LOUCA BRANCA, SEM COMPLEMENTOS - PADRAO ALTO
123157	MINICARREGADEIRA SOBRE RODAS, POTENCIA LIQUIDA DE *47* HP, CAPACIDADE NOMINAL DE OPERACAO DE *646* KG
123158	MINICARREGADEIRA SOBRE RODAS, POTENCIA LIQUIDA DE *72* HP, CAPACIDADE NOMINAL DE OPERACAO DE *1200* KG
123159	MINIESCAVADEIRA SOBRE ESTEIRAS, POTENCIA LIQUIDA DE *30* HP, PESO OPERACIONAL DE *3.500* KG
123160	MINIESCAVADEIRA SOBRE ESTEIRAS, POTENCIA LIQUIDA DE *42* HP, PESO OPERACIONAL DE *4.500* KG
123161	MINIESCAVADEIRA SOBRE ESTEIRAS, POTENCIA LIQUIDA DE *42* HP, PESO OPERACIONAL DE *5.300* KG
123162	MINUTERIA ELETRONICA COLETIVA COM POTENCIA MAXIMA RESISTIVA PARA LAMPADAS FLUORESCENTES DE *300* W ( 110 V ) / *600* W ( 110 V )
123163	"MISTURADOR BASE PARA CHUVEIRO/BANHEIRA, 1/2 "" OU 3/4 "", SOLDAVEL OU ROSCAVEL"
123164	MISTURADOR CROMADO DE MESA BICA BAIXA PARA LAVATORIO (REF 1875)
123165	MISTURADOR CROMADO DE PAREDE PARA LAVATORIO (REF 1178)
123166	MISTURADOR DE ARGAMASSA, EIXO HORIZONTAL, CAPACIDADE DE MISTURA 160 KG, MOTOR ELETRICO TRIFASICO 220/380 V, POTENCIA 3 CV
123167	MISTURADOR DE ARGAMASSA, EIXO HORIZONTAL, CAPACIDADE DE MISTURA 300 KG, MOTOR ELETRICO TRIFASICO 220/380 V, POTENCIA 5 CV
123168	MISTURADOR DE ARGAMASSA, EIXO HORIZONTAL, CAPACIDADE DE MISTURA 600 KG, MOTOR ELETRICO TRIFASICO 220/380 V, POTENCIA 7,5 CV
123169	MISTURADOR DE PAREDE CROMADO PARA COZINHA BICA MOVEL COM AREJADOR (REF 1258)
123170	MISTURADOR DUPLO HORIZONTAL DE ALTA TURBULENCIA, CAPACIDADE / VOLUME 2 X 500 LITROS, MOTORES ELETRICOS MINIMO 5 CV CADA, PARA NATA CIMENTO, ARGAMASSA E OUTROS
123171	MISTURADOR MANUAL DE TINTAS PARA FURADEIRA, HASTE METALICA *60* CM, COM HELICE (MEXEDOR DE TINTA)
123172	MISTURADOR MONOCOMANDO PARA CHUVEIRO, BASE BRUTA E ACABAMENTO CROMADO
123173	MOLA HIDRAULICA AEREA, PARA PORTAS DE ATE 1.100 MM E PESO DE ATE 85 KG, COM CORPO EM ALUMINIO E BRACO EM ACO, SEM BRACO DE PARADA
123174	MOLA HIDRAULICA AEREA, PARA PORTAS DE ATE 850 MM E PESO DE ATE 50 KG, COM CORPO EM ALUMINIO E BRACO EM ACO, SEM BRACO DE PARADA
123175	MOLA HIDRAULICA AEREA, PARA PORTAS DE ATE 950 MM E PESO DE ATE 65 KG, COM CORPO EM ALUMINIO E BRACO EM ACO, SEM BRACO DE PARADA
123176	MOLA HIDRAULICA DE PISO, PARA PORTAS DE ATE 1100 MM E PESO DE ATE 120 KG, COM CORPO EM ACO INOX
123177	MONTADOR DE ELETROELETRONICOS
123178	MONTADOR DE ELETROELETRONICOS (MENSALISTA)
123179	MONTADOR DE ESTRUTURAS METALICAS
123180	MONTADOR DE ESTRUTURAS METALICAS (MENSALISTA)
123181	MONTADOR DE MAQUINAS
123182	MONTADOR DE MAQUINAS (MENSALISTA)
123183	"MOTOBOMBA AUTOESCORVANTE MOTOR A GASOLINA, POTENCIA 6,0HP, BOCAIS 3"" X 3"", HM/Q = 5 MCA / 24 M3/H A 52,5 MCA / 5,0 M3/H"
123184	"MOTOBOMBA AUTOESCORVANTE MOTOR ELETRICO TRIFASICO 7,4HP BOCA DIAMETRO DE SUCCAO X RECLAQUE: 2""X2"", HM/ Q = 10 M / 73,5 M3/H A 28 M / 8,2 M3 /H"
123185	"MOTOBOMBA AUTOESCORVANTE POTENCIA 5,42 HP, BOCAIS SUCCAO X RECALQUE 2"" X 2"", A GASOLINA, DIAMETRO DO ROTOR 122 MM HM/Q = 6 MCA / 33,0 M3/H A 28 MCA / 8,0 M3/H"
123186	"MOTOBOMBA CENTRIFUGA, MOTOR A GASOLINA, POTENCIA 5,42 HP, BOCAIS 1 1/2"" X 1"", DIAMETRO ROTOR 143 MM HM/Q = 6 MCA / 16,8 M3/H A 38 MCA / 6,6 M3/H"
123187	"MOTOBOMBA TRASH (PARA AGUA SUJA) AUTO ESCORVANTE, MOTOR GASOLINA DE 6,41 HP, DIAMETROS DE SUCCAO X RECALQUE: 3"" X 3"", HM/Q: 10/60 A 23/0"
123188	MOTONIVELADORA POTENCIA BASICA LIQUIDA (PRIMEIRA MARCHA) 125 HP , PESO BRUTO 13843 KG, LARGURA DA LAMINA DE 3,7 M
123189	MOTONIVELADORA POTENCIA BASICA LIQUIDA (PRIMEIRA MARCHA) 171 HP, PESO BRUTO 14768 KG, LARGURA DA LAMINA DE 3,7 M
123190	MOTONIVELADORA POTENCIA BASICA LIQUIDA (PRIMEIRA MARCHA) 186 HP, PESO BRUTO 15785 KG, LARGURA DA LAMINA DE 4,3 M
123191	MOTOR A DIESEL PARA VIBRADOR DE IMERSAO, DE *4,7* CV
123192	MOTOR A GASOLINA PARA VIBRADOR DE IMERSAO, 4 TEMPOS, DE 5,5 CV
123193	MOTOR ELETRICO PARA VIBRADOR DE IMERSAO, DE 2 CV, MONOFASICO, 110/220 V
123194	MOTOR ELETRICO PARA VIBRADOR DE IMERSAO, DE 2 CV, TRIFASICO, 220/380 V
123195	MOTORISTA DE CAMINHAO
123196	MOTORISTA DE CAMINHAO (MENSALISTA)
123197	MOTORISTA DE CAMINHAO-BASCULANTE
123198	MOTORISTA DE CAMINHAO-BASCULANTE (MENSALISTA)
123199	MOTORISTA DE CAMINHAO-CARRETA
123200	MOTORISTA DE CAMINHAO-CARRETA (MENSALISTA)
123201	MOTORISTA DE CARRO DE PASSEIO
123202	MOTORISTA DE CARRO DE PASSEIO (MENSALISTA)
123203	MOTORISTA DE ONIBUS / MICRO-ONIBUS
123204	MOTORISTA DE ONIBUS / MICRO-ONIBUS (MENSALISTA)
123205	MOTORISTA OPERADOR DE CAMINHAO COM MUNCK
123206	MOTORISTA OPERADOR DE CAMINHAO COM MUNCK (MENSALISTA)
123207	MOTOSSERRA PORTATIL COM MOTOR A GASOLINA DE *60* CC
123208	"MOURAO CONCRETO CURVO, SECAO ""T"", H = 2,80 M + CURVA COM 0,45 M, COM FUROS PARA FIOS"
123209	MOURAO DE CONCRETO CURVO, *10 X 10* CM, H= *2,60* M + CURVA DE 0,40 M
123210	MOURAO DE CONCRETO RETO, SECAO QUADARA *10 X 10* CM, H= *2,30* M
123211	MOURAO DE CONCRETO RETO, SECAO QUADRADA, *10 X 10* CM, H= 3,00 M
123212	MOURAO DE CONCRETO RETO, TIPO ESTICADOR, *10 X 10* CM, H= 2,50 M
123213	MOURAO ROLICO DE MADEIRA TRATADA, D = 16 A 20 CM, H = 2,20 M, EM EUCALIPTO OU EQUIVALENTE DA REGIAO (PARA CERCA)
123214	MOURAO ROLICO DE MADEIRA TRATADA, D = 8 A 11 CM, H = 2,20 M, EM EUCALIPTO OU EQUIVALENTE DA REGIAO (PARA CERCA)
123215	MUDA DE ARBUSTO FLORIFERO, CLUSIA/GARDENIA/MOREIA BRANCA/ AZALEIA OU EQUIVALENTE DA REGIAO, H= *50 A 70* CM
123216	MUDA DE ARBUSTO FOLHAGEM, SANSAO-DO-CAMPO OU EQUIVALENTE DA REGIAO, H= *50 A 70* CM
123217	MUDA DE ARBUSTO, BUXINHO, H= *50* M
123218	MUDA DE ARBUSTO, PINGO DE OURO/ VIOLETEIRA, H = *10 A 20* CM
123219	MUDA DE ARVORE ORNAMENTAL, OITI/AROEIRA SALSA/ANGICO/IPE/JACARANDA OU EQUIVALENTE DA REGIAO, H= *1* M
123220	MUDA DE ARVORE ORNAMENTAL, OITI/AROEIRA SALSA/ANGICO/IPE/JACARANDA OU EQUIVALENTE DA REGIAO, H= *2* M
123221	MUDA DE PALMEIRA, ARECA, H= *1,50* CM
123222	MUDA DE RASTEIRA/FORRACAO, AMENDOIM RASTEIRO/ONZE HORAS/AZULZINHA/IMPATIENS OU EQUIVALENTE DA REGIAO
123223	MULTIEXERCITADOR COM SEIS FUNCOES, EM TUBO DE ACO CARBONO, PINTURA NO PROCESSO ELETROSTATICO - EQUIPAMENTO DE GINASTICA PARA ACADEMIA AO AR LIVRE / ACADEMIA DA TERCEIRA IDADE - ATI
123224	"NIPEL PVC, ROSCAVEL, 1 1/2"", AGUA FRIA PREDIAL"
123225	"NIPEL PVC, ROSCAVEL, 1 1/4"", AGUA FRIA PREDIAL"
123226	"NIPEL PVC, ROSCAVEL, 1/2"", AGUA FRIA PREDIAL"
123227	"NIPEL PVC, ROSCAVEL, 1"", AGUA FRIA PREDIAL"
123228	"NIPEL PVC, ROSCAVEL, 2"", AGUA FRIA PREDIAL"
123229	"NIPEL PVC, ROSCAVEL, 3/4"", AGUA FRIA PREDIAL"
123230	"NIPLE DE FERRO GALVANIZADO, COM ROSCA BSP, DE 1 1/2"""
123231	"NIPLE DE FERRO GALVANIZADO, COM ROSCA BSP, DE 1 1/4"""
123232	"NIPLE DE FERRO GALVANIZADO, COM ROSCA BSP, DE 1/2"""
123233	"NIPLE DE FERRO GALVANIZADO, COM ROSCA BSP, DE 1"""
123234	"NIPLE DE FERRO GALVANIZADO, COM ROSCA BSP, DE 2 1/2"""
123235	"NIPLE DE FERRO GALVANIZADO, COM ROSCA BSP, DE 2"""
123236	"NIPLE DE FERRO GALVANIZADO, COM ROSCA BSP, DE 3/4"""
123237	"NIPLE DE FERRO GALVANIZADO, COM ROSCA BSP, DE 3"""
123238	"NIPLE DE FERRO GALVANIZADO, COM ROSCA BSP, DE 4"""
123239	"NIPLE DE FERRO GALVANIZADO, COM ROSCA BSP, DE 5"""
123240	"NIPLE DE FERRO GALVANIZADO, COM ROSCA BSP, DE 6"""
123241	"NIPLE DE REDUCAO DE FERRO GALVANIZADO, COM ROSCA BSP, DE 1 1/2"" X 1 1/4"""
123242	"NIPLE DE REDUCAO DE FERRO GALVANIZADO, COM ROSCA BSP, DE 1 1/2"" X 1"""
123243	"NIPLE DE REDUCAO DE FERRO GALVANIZADO, COM ROSCA BSP, DE 1 1/2"" X 3/4"""
123244	"NIPLE DE REDUCAO DE FERRO GALVANIZADO, COM ROSCA BSP, DE 1 1/4"" X 1/2"""
123245	"NIPLE DE REDUCAO DE FERRO GALVANIZADO, COM ROSCA BSP, DE 1 1/4"" X 1"""
123246	"NIPLE DE REDUCAO DE FERRO GALVANIZADO, COM ROSCA BSP, DE 1 1/4"" X 3/4"""
123247	"NIPLE DE REDUCAO DE FERRO GALVANIZADO, COM ROSCA BSP, DE 1/2"" X 1/4"""
123248	"NIPLE DE REDUCAO DE FERRO GALVANIZADO, COM ROSCA BSP, DE 1"" X 1/2"""
123249	"NIPLE DE REDUCAO DE FERRO GALVANIZADO, COM ROSCA BSP, DE 1"" X 3/4"""
123250	"NIPLE DE REDUCAO DE FERRO GALVANIZADO, COM ROSCA BSP, DE 2 1/2"" X 2"""
123251	"NIPLE DE REDUCAO DE FERRO GALVANIZADO, COM ROSCA BSP, DE 2"" X 1 1/2"""
123252	"NIPLE DE REDUCAO DE FERRO GALVANIZADO, COM ROSCA BSP, DE 2"" X 1 1/4"""
123253	"NIPLE DE REDUCAO DE FERRO GALVANIZADO, COM ROSCA BSP, DE 2"" X 1"""
123254	"NIPLE DE REDUCAO DE FERRO GALVANIZADO, COM ROSCA BSP, DE 3/4"" X 1/2"""
123255	"NIPLE DE REDUCAO DE FERRO GALVANIZADO, COM ROSCA BSP, DE 3"" X 2 1/2"""
123256	"NIPLE DE REDUCAO DE FERRO GALVANIZADO, COM ROSCA BSP, DE 3"" X 2"""
123257	"NIPLE SEXTAVADO EM ACO CARBONO, COM ROSCA BSP, PRESSAO 3.000 LBS, DN 1 1/2"""
123258	"NIPLE SEXTAVADO EM ACO CARBONO, COM ROSCA BSP, PRESSAO 3.000 LBS, DN 1 1/4"""
123259	"NIPLE SEXTAVADO EM ACO CARBONO, COM ROSCA BSP, PRESSAO 3.000 LBS, DN 1/2"""
123260	"NIPLE SEXTAVADO EM ACO CARBONO, COM ROSCA BSP, PRESSAO 3.000 LBS, DN 1"""
123261	"NIPLE SEXTAVADO EM ACO CARBONO, COM ROSCA BSP, PRESSAO 3.000 LBS, DN 2 1/2"""
123262	"NIPLE SEXTAVADO EM ACO CARBONO, COM ROSCA BSP, PRESSAO 3.000 LBS, DN 2"""
123263	"NIPLE SEXTAVADO EM ACO CARBONO, COM ROSCA BSP, PRESSAO 3.000 LBS, DN 3/4"""
123264	NIVELADOR
123265	NIVELADOR (MENSALISTA)
123266	NOBREAK TRIFASICO, DE 10 KVA FATOR DE POTENCIA DE 0,8, AUTONOMIA MINIMA DE 30 MINUTOS A PLENA CARGA
123267	NOBREAK TRIFASICO, DE 15 KVA FATOR DE POTENCIA DE 0,8, AUTONOMIA MINIMA DE 30 MINUTOS A PLENA CARGA
123268	NOBREAK TRIFASICO, DE 20 KVA FATOR DE POTENCIA DE 0,8, AUTONOMIA MINIMA DE 30 MINUTOS A PLENA CARGA
123269	NOBREAK TRIFASICO, DE 25 KVA FATOR DE POTENCIA DE 0,8, AUTONOMIA MINIMA DE 30 MINUTOS A PLENA CARGA
123270	NOBREAK TRIFASICO, DE 5 KVA FATOR DE POTENCIA DE 0,8, AUTONOMIA MINIMA DE 30 MINUTOS A PLENA CARGA
123271	NUMERO / ALGARISMO PARA RESIDENCIA (FACHADA), EM ZAMAC, COM ALTURA DE APROX *45* MM, INCLUSIVE PARAFUSOS
123272	NUMERO / ALGARISMO PARA RESIDENCIA (FACHADA), EM ZAMAC, COM ALTURA DE APROX 125 MM, INCLUSIVE PARAFUSOS
123273	OCULOS DE SEGURANCA CONTRA IMPACTOS COM LENTE INCOLOR, ARMACAO NYLON, COM PROTECAO UVA E UVB
123274	OLEO COMBUSTIVEL BPF A GRANEL
123275	OLEO DIESEL COMBUSTIVEL COMUM
123276	OLEO LUBRIFICANTE PARA MOTORES DE EQUIPAMENTOS PESADOS (CAMINHOES, TRATORES, RETROS E ETC)
123277	OLHO MAGICO PARA PORTAS, EM LATAO, COM LENTE DE POLICARBONATO, ANGULO DE *200* GRAUS, ESPESSURA ENTRE *25 E 46* MM, INCLUINDO FECHO JANELA
123278	OPERADOR DE BATE-ESTACAS
123279	OPERADOR DE BATE-ESTACAS (MENSALISTA)
123280	OPERADOR DE BETONEIRA (CAMINHAO)
123281	OPERADOR DE BETONEIRA (CAMINHAO) (MENSALISTA)
123282	OPERADOR DE BETONEIRA ESTACIONARIA / MISTURADOR
123283	OPERADOR DE BETONEIRA ESTACIONARIA / MISTURADOR (MENSALISTA)
123284	OPERADOR DE COMPRESSOR DE AR OU COMPRESSORISTA
123285	OPERADOR DE COMPRESSOR DE AR OU COMPRESSORISTA (MENSALISTA)
123286	OPERADOR DE DEMARCADORA DE FAIXAS DE TRAFEGO
123287	OPERADOR DE DEMARCADORA DE FAIXAS DE TRAFEGO (MENSALISTA)
123288	OPERADOR DE ESCAVADEIRA
123289	OPERADOR DE ESCAVADEIRA (MENSALISTA)
123290	OPERADOR DE GUINCHO OU GUINCHEIRO
123291	OPERADOR DE GUINCHO OU GUINCHEIRO (MENSALISTA)
123292	OPERADOR DE GUINDASTE
123293	OPERADOR DE GUINDASTE (MENSALISTA)
123294	OPERADOR DE JATO ABRASIVO OU JATISTA
123295	OPERADOR DE JATO ABRASIVO OU JATISTA (MENSALISTA)
123296	OPERADOR DE MAQUINAS E TRATORES DIVERSOS (TERRAPLANAGEM)
123297	OPERADOR DE MAQUINAS E TRATORES DIVERSOS (TERRAPLANAGEM) (MENSALISTA)
123298	OPERADOR DE MARTELETE OU MARTELETEIRO
123299	OPERADOR DE MARTELETE OU MARTELETEIRO (MENSALISTA)
123300	OPERADOR DE MOTO SCRAPER
123301	OPERADOR DE MOTO SCRAPER (MENSALISTA)
123302	OPERADOR DE MOTONIVELADORA
123303	OPERADOR DE MOTONIVELADORA (MENSALISTA)
123304	OPERADOR DE PA CARREGADEIRA
123305	OPERADOR DE PA CARREGADEIRA (MENSALISTA)
123306	OPERADOR DE PAVIMENTADORA / MESA VIBROACABADORA
123307	OPERADOR DE PAVIMENTADORA / MESA VIBROACABADORA (MENSALISTA)
123308	OPERADOR DE ROLO COMPACTADOR
123309	OPERADOR DE ROLO COMPACTADOR (MENSALISTA)
123310	OPERADOR DE TRATOR - EXCLUSIVE AGROPECUARIA
123311	OPERADOR DE TRATOR - EXCLUSIVE AGROPECUARIA (MENSALISTA)
123312	OPERADOR DE USINA DE ASFALTO, DE SOLOS OU DE CONCRETO
123313	OPERADOR DE USINA DE ASFALTO, DE SOLOS OU DE CONCRETO (MENSALISTA)
123314	OXIGENIO, RECARGA PARA CILINDRO DE CONJUNTO OXICORTE GRANDE
123315	PA CARREGADEIRA SOBRE RODAS, POTENCIA BRUTA *127* CV, CAPACIDADE DA CACAMBA DE 2,0 A 2,4 M3, PESO OPERACIONAL MAXIMO DE 10330 KG
123316	PA CARREGADEIRA SOBRE RODAS, POTENCIA LIQUIDA 128 HP, CAPACIDADE DA CACAMBA DE 1,7 A 2,8 M3, PESO OPERACIONAL MAXIMO DE 11632 KG
123317	PA CARREGADEIRA SOBRE RODAS, POTENCIA LIQUIDA 197 HP, CAPACIDADE DA CACAMBA DE 2,5 A 3,5 M3, PESO OPERACIONAL MAXIMO DE 18338 KG
123318	PA CARREGADEIRA SOBRE RODAS, POTENCIA LIQUIDA 213 HP, CAPACIDADE DA CACAMBA DE 1,9 A 3,5 M3, PESO OPERACIONAL MAXIMO DE 19234 KG
123319	PA CARREGADEIRA SOBRE RODAS, POTENCIA 152 HP, CAPACIDADE DA CACAMBA DE 1,53 A 2,30 M3, PESO OPERACIONAL MAXIMO DE 10216 KG
123320	PA DE LIXO PLASTICA, CABO LONGO
123321	PAINEL DE LA DE VIDRO SEM REVESTIMENTO PSI 20, E = 25 MM, DE 1200 X 600 MM
123322	PAINEL DE LA DE VIDRO SEM REVESTIMENTO PSI 20, E = 50 MM, DE 1200 X 600 MM
123323	PAINEL DE LA DE VIDRO SEM REVESTIMENTO PSI 40, E = 25 MM, DE 1200 X 600 MM
123324	PAINEL DE LA DE VIDRO SEM REVESTIMENTO PSI 40, E = 50 MM, DE 1200 X 600 MM
123325	PAINEL ESTRUTURAL PARA LAJE SECA REVESTIDO EM PLACA CIMENTICIA, DE 1,20 X 2,50 M, E = 23 MM
123326	PAINEL ESTRUTURAL PARA LAJE SECA REVESTIDO EM PLACA CIMENTICIA, DE 1,20 X 2,50 M, E = 40 MM
123327	PAINEL ESTRUTURAL PARA LAJE SECA REVESTIDO EM PLACA CIMENTICIA, DE 1,20 X 2,50 M, E = 55 MM
123328	PAINEL TERMOISOLANTE PARA FECHAMENTOS VERTICAIS (INCLUI PARAFUSOS DE FIXACAO) REVESTIDO EM ACO GALVALUME, LARGURA UTIL DE 1100 MM, REVESTIMENTO COM ESPESSURA DE 0,50 MM, COM PRE-PINTURA NAS DUAS FACES, NUCLEO EM POLIURETANO (PUR) COM ESPESSURA 40/50 MM
123329	PAINEL TERMOISOLANTE PARA FECHAMENTOS VERTICAIS (INCLUI PARAFUSOS DE FIXACAO) REVESTIDO EM ACO GALVALUME, LARGURA UTIL DE 1100 MM, REVESTIMENTO COM ESPESSURA DE 0,50 MM, COM PRE-PINTURA NAS DUAS FACES, NUCLEO EM POLIURETANO (PUR) COM ESPESSURA 70/80 MM
123330	PAPEL KRAFT BETUMADO
123331	PAPELEIRA DE PAREDE EM METAL CROMADO SEM TAMPA
123332	PAPELEIRA PLASTICA TIPO DISPENSER PARA PAPEL HIGIENICO ROLAO
123333	PAR DE TABELAS DE BASQUETE EM COMPENSADO NAVAL DE *1,80 X 1,20* M, COM ARO DE METAL E REDE (SEM SUPORTE DE FIXACAO)
123334	PARA-RAIOS DE DISTRIBUICAO, TENSAO NOMINAL 15 KV, CORRENTE NOMINAL DE DESCARGA 5 KA
123335	PARA-RAIOS DE DISTRIBUICAO, TENSAO NOMINAL 30 KV, CORRENTE NOMINAL DE DESCARGA 10 KA
123336	PARA-RAIOS TIPO FRANKLIN 350 MM, EM LATAO CROMADO, DUAS DESCIDAS, PARA PROTECAO DE EDIFICACOES CONTRA DESCARGAS ATMOSFERICAS
123337	PARAFUSO CABECA TROMBETA E PONTA AGULHA (GN55), COMPRIMENTO 55 MM, EM ACO FOSFATIZADO, PARA FIXAR CHAPA DE GESSO EM PERFIL DRYWALL METALICO MAXIMO 0,7 MM
123338	"PARAFUSO DE ACO TIPO CHUMBADOR PARABOLT, DIAMETRO 1/2"", COMPRIMENTO 75 MM"
123339	"PARAFUSO DE ACO TIPO CHUMBADOR PARABOLT, DIAMETRO 3/8"", COMPRIMENTO 75 MM"
123340	PARAFUSO DE ACO ZINCADO COM ROSCA SOBERBA, CABECA CHATA E FENDA SIMPLES, DIAMETRO 2,5 MM, COMPRIMENTO * 9,5 * MM
123341	PARAFUSO DE ACO ZINCADO COM ROSCA SOBERBA, CABECA CHATA E FENDA SIMPLES, DIAMETRO 4,2 MM, COMPRIMENTO * 32 * MM
123342	PARAFUSO DE ACO ZINCADO COM ROSCA SOBERBA, CABECA CHATA E FENDA SIMPLES, DIAMETRO 4,8 MM, COMPRIMENTO 45 MM
123343	"PARAFUSO DE FERRO POLIDO, SEXTAVADO, COM ROSCA INTEIRA, DIAMETRO 5/16"", COMPRIMENTO 3/4"", COM PORCA E ARRUELA LISA LEVE"
123344	"PARAFUSO DE FERRO POLIDO, SEXTAVADO, COM ROSCA PARCIAL, DIAMETRO 5/8"", COMPRIMENTO 6"", COM PORCA E ARRUELA DE PRESSAO MEDIA"
123345	PARAFUSO DE LATAO COM ACABAMENTO CROMADO PARA FIXAR PECA SANITARIA, INCLUI PORCA CEGA, ARRUELA E BUCHA DE NYLON TAMANHO S-10
123346	PARAFUSO DE LATAO COM ROSCA SOBERBA, CABECA CHATA E FENDA SIMPLES, DIAMETRO 2,5 MM, COMPRIMENTO 12 MM
123347	PARAFUSO DE LATAO COM ROSCA SOBERBA, CABECA CHATA E FENDA SIMPLES, DIAMETRO 3,2 MM, COMPRIMENTO 16 MM
123348	PARAFUSO DE LATAO COM ROSCA SOBERBA, CABECA CHATA E FENDA SIMPLES, DIAMETRO 4,8 MM, COMPRIMENTO 65 MM
123349	PARAFUSO DRY WALL, EM ACO FOSFATIZADO, CABECA TROMBETA E PONTA AGULHA (TA), COMPRIMENTO 25 MM
123350	PARAFUSO DRY WALL, EM ACO FOSFATIZADO, CABECA TROMBETA E PONTA AGULHA (TA), COMPRIMENTO 35 MM
123351	PARAFUSO DRY WALL, EM ACO FOSFATIZADO, CABECA TROMBETA E PONTA AGULHA (TA), COMPRIMENTO 45 MM
123352	PARAFUSO DRY WALL, EM ACO FOSFATIZADO, CABECA TROMBETA E PONTA BROCA (TB), COMPRIMENTO 25 MM
123353	PARAFUSO DRY WALL, EM ACO FOSFATIZADO, CABECA TROMBETA E PONTA BROCA (TB), COMPRIMENTO 35 MM
123354	PARAFUSO DRY WALL, EM ACO FOSFATIZADO, CABECA TROMBETA E PONTA BROCA (TB), COMPRIMENTO 45 MM
123355	PARAFUSO DRY WALL, EM ACO ZINCADO, CABECA LENTILHA E PONTA AGULHA (LA), LARGURA 4,2 MM, COMPRIMENTO 13 MM
123356	PARAFUSO DRY WALL, EM ACO ZINCADO, CABECA LENTILHA E PONTA BROCA (LB), LARGURA 4,2 MM, COMPRIMENTO 13 MM
123357	"PARAFUSO EM ACO GALVANIZADO, TIPO MAQUINA, SEXTAVADO, SEM PORCA, DIAMETRO 1/2"", COMPRIMENTO 2"""
123358	PARAFUSO FRANCES METRICO ZINCADO, DIAMETRO 12 MM, COMPRIMENTO 140MM, COM PORCA SEXTAVADA E ARRUELA DE PRESSAO MEDIA
123359	PARAFUSO FRANCES METRICO ZINCADO, DIAMETRO 12 MM, COMPRIMENTO 150 MM, COM PORCA SEXTAVADA E ARRUELA DE PRESSAO MEDIA
123360	PARAFUSO FRANCES M16 EM ACO GALVANIZADO, COMPRIMENTO = 150 MM, DIAMETRO = 16 MM, CABECA ABAULADA
123361	PARAFUSO FRANCES M16 EM ACO GALVANIZADO, COMPRIMENTO = 45 MM, DIAMETRO = 16 MM, CABECA ABAULADA
123362	PARAFUSO FRANCES ZINCADO, DIAMETRO 1/2'', COMPRIMENTO 2'', COM PORCA E ARRUELA
123363	"PARAFUSO FRANCES ZINCADO, DIAMETRO 1/2"", COMPRIMENTO 12"", COM PORCA E ARRUELA LISA MEDIA"
123364	"PARAFUSO FRANCES ZINCADO, DIAMETRO 1/2"", COMPRIMENTO 15"", COM PORCA E ARRUELA LISA MEDIA"
123365	"PARAFUSO FRANCES ZINCADO, DIAMETRO 1/2"", COMPRIMENTO 4"", COM PORCA E ARRUELA"
123366	PARAFUSO M16 EM ACO GALVANIZADO, COMPRIMENTO = 125 MM, DIAMETRO = 16 MM, ROSCA MAQUINA, CABECA QUADRADA
123367	PARAFUSO M16 EM ACO GALVANIZADO, COMPRIMENTO = 150 MM, DIAMETRO = 16 MM, ROSCA MAQUINA, CABECA QUADRADA
123368	PARAFUSO M16 EM ACO GALVANIZADO, COMPRIMENTO = 200 MM, DIAMETRO = 16 MM, ROSCA MAQUINA, CABECA QUADRADA
123369	PARAFUSO M16 EM ACO GALVANIZADO, COMPRIMENTO = 250 MM, DIAMETRO = 16 MM, ROSCA MAQUINA, CABECA QUADRADA
123370	PARAFUSO M16 EM ACO GALVANIZADO, COMPRIMENTO = 300 MM, DIAMETRO = 16 MM, ROSCA DUPLA
123371	PARAFUSO M16 EM ACO GALVANIZADO, COMPRIMENTO = 300 MM, DIAMETRO = 16 MM, ROSCA MAQUINA, CABECA QUADRADA
123372	PARAFUSO M16 EM ACO GALVANIZADO, COMPRIMENTO = 350 MM, DIAMETRO = 16 MM, ROSCA MAQUINA, CABECA QUADRADA
123373	PARAFUSO M16 EM ACO GALVANIZADO, COMPRIMENTO = 400 MM, DIAMETRO = 16 MM, ROSCA DUPLA
123374	PARAFUSO M16 EM ACO GALVANIZADO, COMPRIMENTO = 450 MM, DIAMETRO = 16 MM, ROSCA MAQUINA, CABECA QUADRADA
123375	PARAFUSO M16 EM ACO GALVANIZADO, COMPRIMENTO = 500 MM, DIAMETRO = 16 MM, ROSCA MAQUINA, COM CABECA SEXTAVADA E PORCA
123376	PARAFUSO NIQUELADO COM ACABAMENTO CROMADO PARA FIXAR PECA SANITARIA, INCLUI PORCA CEGA, ARRUELA E BUCHA DE NYLON TAMANHO S-10
123377	"PARAFUSO NIQUELADO 3 1/2"" COM ACABAMENTO CROMADO PARA FIXAR PECA SANITARIA, INCLUI PORCA CEGA, ARRUELA E BUCHA DE NYLON TAMANHO S-8"
123378	"PARAFUSO ROSCA SOBERBA ZINCADO CABECA CHATA FENDA SIMPLES 3,2 X 20 MM (3/4 "")"
123379	"PARAFUSO ROSCA SOBERBA ZINCADO CABECA CHATA FENDA SIMPLES 3,5 X 25 MM (1 "")"
123380	"PARAFUSO ROSCA SOBERBA ZINCADO CABECA CHATA FENDA SIMPLES 3,8 X 30 MM (1.1/4 "")"
123381	"PARAFUSO ROSCA SOBERBA ZINCADO CABECA CHATA FENDA SIMPLES 4,8 X 40 MM (1.1/2 "")"
123382	"PARAFUSO ROSCA SOBERBA ZINCADO CABECA CHATA FENDA SIMPLES 5,5 X 50 MM (2 "")"
123383	"PARAFUSO ROSCA SOBERBA ZINCADO CABECA CHATA FENDA SIMPLES 5,5 X 65 MM (2.1/2 "")"
123384	"PARAFUSO ZINCADO ROSCA SOBERBA 5/16 "" X 120 MM PARA TELHA FIBROCIMENTO"
123385	"PARAFUSO ZINCADO ROSCA SOBERBA, CABECA SEXTAVADA, 5/16 "" X 110 MM, PARA FIXACAO DE TELHA EM MADEIRA"
123386	"PARAFUSO ZINCADO ROSCA SOBERBA, CABECA SEXTAVADA, 5/16 "" X 150 MM, PARA FIXACAO DE TELHA EM MADEIRA"
123387	"PARAFUSO ZINCADO ROSCA SOBERBA, CABECA SEXTAVADA, 5/16 "" X 180 MM, PARA FIXACAO DE TELHA EM MADEIRA"
123388	"PARAFUSO ZINCADO ROSCA SOBERBA, CABECA SEXTAVADA, 5/16 "" X 200 MM, PARA FIXACAO DE TELHA EM MADEIRA"
123389	"PARAFUSO ZINCADO ROSCA SOBERBA, CABECA SEXTAVADA, 5/16 "" X 230 MM, PARA FIXACAO DE TELHA EM MADEIRA"
123390	"PARAFUSO ZINCADO ROSCA SOBERBA, CABECA SEXTAVADA, 5/16 "" X 250 MM, PARA FIXACAO DE TELHA EM MADEIRA"
123391	"PARAFUSO ZINCADO ROSCA SOBERBA, CABECA SEXTAVADA, 5/16 "" X 50 MM, PARA FIXACAO DE TELHA EM MADEIRA"
123392	"PARAFUSO ZINCADO ROSCA SOBERBA, CABECA SEXTAVADA, 5/16 "" X 85 MM, PARA FIXACAO DE TELHA EM MADEIRA"
123393	"PARAFUSO ZINCADO 5/16 "" X 250 MM PARA FIXACAO DE TELHA DE FIBROCIMENTO CANALETE 49, INCLUI BUCHA NYLON S-10"
123394	"PARAFUSO ZINCADO 5/16 "" X 85 MM PARA FIXACAO DE TELHA DE FIBROCIMENTO CANALETE 90, INCLUI BUCHA NYLON S-10"
123395	PARAFUSO ZINCADO, AUTOBROCANTE, FLANGEADO, 4,2 MM X 19 MM
123396	"PARAFUSO ZINCADO, SEXTAVADO, COM ROSCA INTEIRA, DIAMETRO 1/4"", COMPRIMENTO 1/2"""
123397	"PARAFUSO ZINCADO, SEXTAVADO, COM ROSCA INTEIRA, DIAMETRO 3/8"", COMPRIMENTO 2"""
123398	"PARAFUSO ZINCADO, SEXTAVADO, COM ROSCA INTEIRA, DIAMETRO 5/8"", COMPRIMENTO 2 1/4"""
123399	"PARAFUSO ZINCADO, SEXTAVADO, COM ROSCA INTEIRA, DIAMETRO 5/8"", COMPRIMENTO 3"", COM PORCA E ARRUELA DE PRESSAO MEDIA"
123400	"PARAFUSO ZINCADO, SEXTAVADO, COM ROSCA SOBERBA, DIAMETRO 3/8"", COMPRIMENTO 80 MM"
123401	"PARAFUSO ZINCADO, SEXTAVADO, COM ROSCA SOBERBA, DIAMETRO 5/16"", COMPRIMENTO 40 MM"
123402	"PARAFUSO ZINCADO, SEXTAVADO, COM ROSCA SOBERBA, DIAMETRO 5/16"", COMPRIMENTO 80 MM"
123403	"PARAFUSO ZINCADO, SEXTAVADO, GRAU 5, ROSCA INTEIRA, DIAMETRO 1 1/2"", COMPRIMENTO 4"""
123404	"PARAFUSO, ASTM A307 - GRAU A, SEXTAVADO, ZINCADO, DIAMETRO 3/8"" (9,52 MM), COMPRIMENTO 1 "" (25,4 MM)"
123405	PARAFUSO, AUTO ATARRACHANTE, CABECA CHATA, FENDA SIMPLES, 1/4 (6,35 MM) X 25 MM
123406	"PARAFUSO, COMUM, ASTM A307, SEXTAVADO, DIAMETRO 1/2"" (12,7 MM), COMPRIMENTO 1"" (25,4 MM)"
123407	PARALELEPIPEDO GRANITICO OU BASALTICO, PARA PAVIMENTACAO, SEM FRETE (VARIACAO REGIONAL DE PECAS POR M2)
123408	PASTA LUBRIFICANTE PARA TUBOS E CONEXOES COM JUNTA ELASTICA (USO EM PVC, ACO, POLIETILENO E OUTROS) ( DE *400* G)
123409	PASTA PARA SOLDA DE TUBOS E CONEXOES DE COBRE (EMBALAGEM COM 250 G)
123410	PASTA VEDA JUNTAS/ROSCA, LATA DE *500* G, PARA INSTALACOES DE GAS E OUTROS
123411	PASTILHA CERAMICA/PORCELANA, REVEST INT/EXT E PISCINA, CORES BRANCA OU FRIAS, SOLIDAS, SEM MESCLAGEM/MISTURA, ACABAMENTO LISO *2,5 X 2,5* CM
123412	PASTILHA CERAMICA/PORCELANA, REVEST INT/EXT E PISCINA, CORES BRANCA OU FRIAS, SOLIDAS, SEM MESCLAGEM/MISTURA, ACABAMENTO LISO *5 X 5* CM
123413	PASTILHA CERAMICA/PORCELANA, REVEST INT/EXT E PISCINA, CORES LISAS/SOLIDAS, QUENTES, SEM MESCLAGEM/MISTURA, *2,5 X 2,5* CM
123414	PASTILHA CERAMICA/PORCELANA, REVEST INT/EXT E PISCINA, CORES LISAS/SOLIDAS, QUENTES, SEM MESCLAGEM/MISTURA, *5 X 5* CM
123415	PASTILHEIRO
123416	PASTILHEIRO (MENSALISTA)
123417	PATCH CORD, CATEGORIA 5 E, EXTENSAO DE 1,50 M
123418	PATCH CORD, CATEGORIA 5 E, EXTENSAO DE 2,50 M
123419	PATCH CORD, CATEGORIA 6, EXTENSAO DE 1,50 M
123420	PATCH CORD, CATEGORIA 6, EXTENSAO DE 2,50 M
123421	"PATCH PANEL, 24 PORTAS, CATEGORIA 5E, COM RACKS DE 19"" E 1 U DE ALTURA"
123422	"PATCH PANEL, 24 PORTAS, CATEGORIA 6, COM RACKS DE 19"" E 1 U DE ALTURA"
123423	"PATCH PANEL, 48 PORTAS, CATEGORIA 5E, COM RACKS DE 19"" E 2 U DE ALTURA"
123424	"PATCH PANEL, 48 PORTAS, CATEGORIA 6, COM RACKS DE 19"" E 2 U DE ALTURA"
123425	PEDRA ARDOSIA, CINZA, *40 X 40* CM, E= *1 CM
123426	PEDRA ARDOSIA, CINZA, 20 X 40 CM, E= *1 CM
123427	PEDRA ARDOSIA, CINZA, 30 X 30, E= *1 CM
123428	PEDRA BRITADA GRADUADA, CLASSIFICADA (POSTO PEDREIRA/FORNECEDOR, SEM FRETE)
123429	PEDRA BRITADA N. 0, OU PEDRISCO (4,8 A 9,5 MM) POSTO PEDREIRA/FORNECEDOR, SEM FRETE
123430	PEDRA BRITADA N. 1 (9,5 a 19 MM) POSTO PEDREIRA/FORNECEDOR, SEM FRETE
123431	PEDRA BRITADA N. 2 (19 A 38 MM) POSTO PEDREIRA/FORNECEDOR, SEM FRETE
123432	PEDRA BRITADA N. 3 (38 A 50 MM) POSTO PEDREIRA/FORNECEDOR, SEM FRETE
123433	PEDRA BRITADA N. 4 (50 A 76 MM) POSTO PEDREIRA/FORNECEDOR, SEM FRETE
123434	PEDRA BRITADA N. 5 (76 A 100 MM) POSTO PEDREIRA/FORNECEDOR, SEM FRETE
123435	PEDRA BRITADA OU BICA CORRIDA, NAO CLASSIFICADA (POSTO PEDREIRA/FORNECEDOR, SEM FRETE)
123436	PEDRA DE MAO OU PEDRA RACHAO PARA ARRIMO/FUNDACAO (POSTO PEDREIRA/FORNECEDOR, SEM FRETE)
123437	PEDRA GRANITICA OU BASALTICA IRREGULAR, FAIXA GRANULOMETRICA 100 A 150 MM PARA PAVIMENTACAO OU CALCAMENTO POLIEDRICO, POSTO PEDREIRA / FORNECEDOR (SEM FRETE)
123438	PEDRA GRANITICA OU BASALTO, CACO, RETALHO, CAVACO, TIPO MIRACEMA, MADEIRA, PADUANA, RACHINHA, SANTA ISABEL OU OUTRAS SIMILARES, E= *1,0 A *2,0 CM
123439	PEDRA GRANITICA, SERRADA, TIPO MIRACEMA, MADEIRA, PADUANA, RACHINHA, SANTA ISABEL OU OUTRAS SIMILARES, *11,5 X *23 CM, E= *1,0 A *2,0 CM
123440	PEDRA PORTUGUESA OU PETIT PAVE, BRANCA OU PRETA
123441	PEDRA QUARTZITO OU CALCARIO LAMINADO, CACO, TIPO CARIRI, ITACOLOMI, LAGOA SANTA, LUMINARIA, PIRENOPOLIS, SAO TOME OU OUTRAS SIMILARES DA REGIAO, E= *1,5 A *2,5 CM
123442	PEDRA QUARTZITO OU CALCARIO LAMINADO, SERRADA, TIPO CARIRI, ITACOLOMI, LAGOA SANTA, LUMINARIA, PIRENOPOLIS, SAO TOME OU OUTRAS SIMILARES DA REGIAO, *20 X *40 CM, E= *1,5 A *2,5 CM
123443	PEDREGULHO OU PICARRA DE JAZIDA, AO NATURAL, PARA BASE DE PAVIMENTACAO (RETIRADO NA JAZIDA, SEM TRANSPORTE)
123444	PEDREIRO
123445	PEDREIRO (MENSALISTA)
123446	PEITORIL EM MARMORE, POLIDO, BRANCO COMUM, L= *15* CM, E= *2,0* CM, COM PINGADEIRA
123447	PEITORIL EM MARMORE, POLIDO, BRANCO COMUM, L= *15* CM, E= *3* CM, CORTE RETO
123448	PEITORIL PRE-MOLDADO EM GRANILITE, MARMORITE OU GRANITINA, L = *15* CM
123449	PEITORIL/ SOLEIRA EM MARMORE, POLIDO, BRANCO COMUM, L= *25* CM, E= *3* CM, CORTE RETO
123450	PELICULA REFLETIVA, GT 7 ANOS PARA SINALIZACAO VERTICAL
123451	PENDURAL OU PRESILHA REGULADORA, EM ACO GALVANIZADO, COM CORPO, MOLA E REBITE, PARA PERFIL TIPO CANALETA DE ESTRUTURA EM FORROS DRYWALL
123452	PENDURAL OU REGULADOR, COM MOLA, EM ACO GALVANIZADO, PARA PERFIL TIPO T CLICADO DE FORROS REMOVIVEL
123453	PENEIRA ROTATIVA COM MOTOR ELETRICO TRIFASICO DE 2 CV, CILINDRO DE 1 M X 0,60 M, COM FUROS DE 3,17 MM
123454	"PERFIL ""H"" DE ACO LAMINADO, ""HP"" 250 X 62,0"
123455	"PERFIL ""H"" DE ACO LAMINADO, ""HP"" 310 X 79,0"
123456	"PERFIL ""H"" DE ACO LAMINADO, ""W"" 200 X 35,9"
123457	"PERFIL ""I"" DE ACO LAMINADO, ABAS INCLINADAS, ""I"" 102 X 12,7"
123458	"PERFIL ""I"" DE ACO LAMINADO, ABAS INCLINADAS, ""I"" 152 X 22"
123459	"PERFIL ""I"" DE ACO LAMINADO, ABAS INCLINADAS, ""I"" 203 X 34,3"
123460	"PERFIL ""I"" DE ACO LAMINADO, ABAS PARALELAS, ""W"", QUALQUER BITOLA"
123461	"PERFIL ""U"" DE ACO LAMINADO, ""U"" 102 X 9,3"
123462	"PERFIL ""U"" DE ACO LAMINADO, ""U"" 152 X 15,6"
123463	"PERFIL ""U"" EM CHAPA ACO DOBRADA, E = 3,04 MM, H = 20 CM, ABAS = 5 CM (4,47 KG/M)"
123464	"PERFIL ""U"" ENRIJECIDO DE ACO GALVANIZADO, DOBRADO, 150 X 60 X 20 MM, E = 3,00 MM OU 200 X 75 X 25 MM, E = 3,75 MM"
123465	"PERFIL ""U"" SIMPLES DE ACO GALVANIZADO DOBRADO 75 X *40* MM, E = 2,65 MM"
123466	PERFIL CANALETA, FORMATO C, EM ACO ZINCADO, PARA ESTRUTURA FORRO DRYWALL, E = 0,5 MM, *46 X 18* (L X H), COMPRIMENTO 3 M
123467	PERFIL CANTONEIRA L, LISA, EM ACO, 25 X 30 MM, E = 0,5 MM, PARA ESTRUTURA DRYWALL
123468	PERFIL CANTONEIRA L, PERFURADA, EM ACO, 23 X 23 MM, E = 0,5 MM, PARA ESTRUTURA DRYWALL
123469	PERFIL CARTOLA DE ACO GALVANIZADO, *20 X 30 X 10* MM, E = 0,8 MM
123470	PERFIL DE ALUMINIO ANODIZADO
123471	PERFIL DE BORRACHA EPDM MACICO *12 X 15* MM PARA ESQUADRIAS
123472	PERFIL ELASTOMERICO PRE-FORMADO EM EPMD, PARA JUNTA DE DILATACAO DE PISOS COM POUCA SOLICITACAO, 15 MM DE LARGURA, MOVIMENTACAO DE *11 A 19* MM
123473	PERFIL ELASTOMERICO PRE-FORMADO EM EPMD, PARA JUNTA DE DILATACAO DE USO GERAL EM MEDIAS SOLICITACOES, 8 MM DE LARGURA, MOVIMENTACAO DE *5 A 11* MM
123474	PERFIL GUIA, FORMATO U, EM ACO ZINCADO, PARA ESTRUTURA PAREDE DRYWALL, E = 0,5 MM, 48 X 3000 MM (L X C)
123475	PERFIL GUIA, FORMATO U, EM ACO ZINCADO, PARA ESTRUTURA PAREDE DRYWALL, E = 0,5 MM, 70 X 3000 MM (L X C)
123476	PERFIL GUIA, FORMATO U, EM ACO ZINCADO, PARA ESTRUTURA PAREDE DRYWALL, E = 0,5 MM, 90 X 3000 MM (L X C)
123477	PERFIL LONGARINA (PRINCIPAL), T CLICADO, EM ACO, BRANCO, PARA FORRO REMOVIVEL, 24 X 3750 MM (L X C)
123478	PERFIL MONTANTE, FORMATO C, EM ACO ZINCADO, PARA ESTRUTURA PAREDE DRYWALL, E = 0,5 MM, 48 X 3000 MM (L X C)
123479	PERFIL MONTANTE, FORMATO C, EM ACO ZINCADO, PARA ESTRUTURA PAREDE DRYWALL, E = 0,5 MM, 70 X 3000 MM (L X C)
123480	PERFIL MONTANTE, FORMATO C, EM ACO ZINCADO, PARA ESTRUTURA PAREDE DRYWALL, E = 0,5 MM, 90 X 3000 MM (L X C)
123481	PERFIL RODAPE DE IMPERMEABILIZACAO, FORMATO L, EM ACO ZINCADO, PARA ESTRUTURA DRYWALL, E = 0,5 MM, 220 X 3000 MM (H X C)
123482	PERFIL TABICA ABERTA, PERFURADA, FORMATO Z, EM ACO GALVANIZADO NATURAL, LARGURA APROXIMADA 40 MM, PARA ESTRUTURA FORRO DRYWALL
123483	PERFIL TABICA FECHADA, LISA, FORMATO Z, EM ACO GALVANIZADO NATURAL, LARGURA TOTAL NA HORIZONTAL *40* MM, PARA ESTRUTURA FORRO DRYWALL
123484	PERFIL TIPO CANTONEIRA EM L, EM ACO GALVANIZADO, BRANCO, PARA FORRO REMOVIVEL, *23* X 3000 MM (L X C)
123485	PERFIL TRAVESSA (SECUNDARIO), T CLICADO, EM ACO GALVANIZADO , BRANCO, PARA FORRO REMOVIVEL, 24 X 1250 MM (L X C)
123486	PERFIL TRAVESSA (SECUNDARIO), T CLICADO, EM ACO GALVANIZADO, BRANCO, PARA FORRO REMOVIVEL, 24 X 625 MM (L X C)
123487	"PERFIL U DE ABAS IGUAIS, EM ALUMINIO, 1/2"" (1,27 X 1,27 CM), PARA PORTA OU JANELA DE CORRER"
123488	"PERFIL UDC (""U"" DOBRADO DE CHAPA) SIMPLES DE ACO LAMINADO, GALVANIZADO, ASTM A36, 127 X 50 MM, E= 3 MM"
123489	PERFILADO PERFURADO DUPLO 38 X 76 MM, CHAPA 22
123490	PERFILADO PERFURADO SIMPLES 38 X 38 MM, CHAPA 22
123491	PERFILADO PERFURADO 19 X 38 MM, CHAPA 22
123492	PERFURATRIZ COM TORRE METALICA PARA EXECUCAO DE ESTACA HELICE CONTINUA, PROFUNDIDADE MAXIMA DE 30 M, DIAMETRO MAXIMO DE 800 MM, POTENCIA INSTALADA DE 268 HP, MESA ROTATIVA COM TORQUE MAXIMO DE 170 KNM
123493	PERFURATRIZ COM TORRE METALICA PARA EXECUCAO DE ESTACA HELICE CONTINUA, PROFUNDIDADE MAXIMA DE 32 M, DIAMETRO MAXIMO DE 1000 MM, POTENCIA INSTALADA DE 350 HP, MESA ROTATIVA COM TORQUE MAXIMO DE 263 KNM
123494	PERFURATRIZ HIDRAULICA COM TRADO CURTO ACOPLADO, PROFUNDIDADE MAXIMA DE 20 M, DIAMETRO MAXIMO DE 1500 MM, POTENCIA INSTALADA DE 137 HP, MESA ROTATIVA COM TORQUE MAXIMO DE 30 KNM (INCLUI MONTAGEM, NAO INCLUI CAMINHAO)
123495	"PERFURATRIZ MANUAL, TORQUE MAXIMO 55 KGF.M, POTENCIA 5 CV, COM DIAMETRO MAXIMO 8 1/2"" (INCLUI SUPORTE/CHASSI TIPO MESA)"
123496	"PERFURATRIZ MANUAL, TORQUE MAXIMO 83 N.M, POTENCIA 5 CV, COM DIAMETRO MAXIMO 4"" (NAO INCLUI SUPORTE / CHASSI)"
123497	"PERFURATRIZ MANUAL, TORQUE MAXIMO 83 N.M, POTENCIA 5 CV, COM DIAMETRO MAXIMO 4"", PARA SOLO GRAMPEADO (INCLUI SUPORTE OU CHASSI TIPO MESA)"
123498	PERFURATRIZ PNEUMATICA MANUAL DE PESO MEDIO, 18KG, COMPRIMENTO DE CURSO DE 6 M, DIAMETRO DO PISTAO DE 5,5 CM
123499	"PERFURATRIZ SOBRE ESTEIRA, TORQUE MAXIMO DE 600 KGF, POTENCIA ENTRE 50 E 60 HP, DIAMETRO MAXIMO DE 10"""
123500	"PERFURATRIZ SOBRE ESTEIRA, TORQUE MAXIMO 600 KGF, PESO MEDIO 1000 KG, POTENCIA 20 HP, DIAMETRO MAXIMO 10"""
123501	PICAPE CABINE SIMPLES COM MOTOR 1.6 FLEX, CAMBIO MANUAL, POTENCIA 101/104 CV, 2 PORTAS
123502	PILAR QUADRADO NAO APARELHADO *10 X 10* CM, EM MACARANDUBA, ANGELIM OU EQUIVALENTE DA REGIAO - BRUTA
123503	PILAR QUADRADO NAO APARELHADO *15 X 15* CM, EM MACARANDUBA, ANGELIM OU EQUIVALENTE DA REGIAO - BRUTA
123504	PILAR QUADRADO NAO APARELHADO *20 X 20* CM, EM MACARANDUBA, ANGELIM OU EQUIVALENTE DA REGIAO - BRUTA
123505	"PINCEL CHATO (TRINCHA) CERDAS GRIS 1.1/2 "" (38 MM)"
123506	PINGADEIRA PLASTICA PARA TELHA DE FIBROCIMENTO CANALETE 49/KALHETA OU CANALETE 90/KALHETAO
123507	PINO DE ACO COM ARRUELA CONICA, DIAMETRO ARRUELA = *23* MM E COMP HASTE = *27* MM (ACAO INDIRETA)
123508	PINO DE ACO COM FURO, HASTE = 27 MM (ACAO DIRETA)
123509	"PINO DE ACO COM ROSCA 1/4 "", COMPRIMENTO DA HASTE = 30 MM E ROSCA = 20 MM (ACAO DIRETA)"
123510	"PINO DE ACO LISO 1/4 "", HASTE = *36,5* MM (ACAO DIRETA)"
123511	"PINO DE ACO LISO 1/4 "", HASTE = *53* MM (ACAO DIRETA)"
123512	PINO GUIA RETO, EM LATAO, CHAPA COM 3 MM DE ESPESSURA E GUIA COM ROLETE DE 9 MM
123513	PINO ROSCA EXTERNA, EM ACO GALVANIZADO, PARA ISOLADOR DE 15KV, DIAMETRO 25 MM, COMPRIMENTO *290* MM
123514	PINO ROSCA EXTERNA, EM ACO GALVANIZADO, PARA ISOLADOR DE 25KV, DIAMETRO 35MM, COMPRIMENTO *320* MM
123515	PINTOR
123516	PINTOR (MENSALISTA)
123517	PINTOR DE LETREIROS
123518	PINTOR DE LETREIROS (MENSALISTA)
123519	PINTOR PARA TINTA EPOXI
123520	PINTOR PARA TINTA EPOXI (MENSALISTA)
123521	PISO DE BORRACHA CANELADO EM PLACAS 50 X 50 CM, E = *3,5* MM, PARA COLA
123522	PISO DE BORRACHA ESPORTIVO EM PLACAS 50 X 50 CM, E = 15 MM, PARA ARGAMASSA, PRETO
123523	PISO DE BORRACHA FRISADO OU PASTILHADO, PRETO, EM PLACAS 50 X 50 CM, E = 7 MM, PARA ARGAMASSA
123524	PISO DE BORRACHA PASTILHADO EM PLACAS 50 X 50 CM, E = *3,5* MM, PARA COLA, PRETO
123525	PISO DE BORRACHA PASTILHADO EM PLACAS 50 X 50 CM, E = 15 MM, PARA ARGAMASSA, PRETO
123526	PISO ELEVADO COM 2 PLACAS DE ACO COM ENCHIMENTO DE CONCRETO CELULAR, INCLUSO BASE/HASTE/CRUZETAS, 60 X 60 CM, H = *28* CM, RESISTENCIA CARGA CONCENTRADA 496 KG (COM COLOCACAO)
123527	PISO EM CERAMICA ESMALTADA EXTRA, PEI MAIOR OU IGUAL A 4, FORMATO MAIOR QUE 2025 CM2
123528	PISO EM CERAMICA ESMALTADA EXTRA, PEI MAIOR OU IGUAL A 4, FORMATO MENOR OU IGUAL A 2025 CM2
123529	PISO EM CERAMICA ESMALTADA, COMERCIAL (PADRAO POPULAR), PEI MAIOR OU IGUAL A 3, FORMATO MENOR OU IGUAL A 2025 CM2
123530	PISO EM GRANILITE, MARMORITE OU GRANITINA, AGREGADO COR PRETO, CINZA, PALHA OU BRANCO, E= *8* MM (INCLUSO EXECUCAO)
123531	PISO EM GRANITO, POLIDO, TIPO AMENDOA/ AMARELO CAPRI/ AMARELO DOURADO CARIOCA OU OUTROS EQUIVALENTES DA REGIAO, FORMATO MENOR OU IGUAL A 3025 CM2, E= *2* CM
123532	PISO EM GRANITO, POLIDO, TIPO ANDORINHA/ QUARTZ/ CASTELO/ CORUMBA OU OUTROS EQUIVALENTES DA REGIAO, FORMATO MENOR OU IGUAL A 3025 CM2, E= *2* CM
123533	PISO EM GRANITO, POLIDO, TIPO MARFIM, DALLAS, CARAVELAS OU OUTROS EQUIVALENTES DA REGIAO, FORMATO MENOR OU IGUAL A 3025 CM2, E= *2* CM
123534	PISO EM GRANITO, POLIDO, TIPO PRETO SAO GABRIEL/ TIJUCA OU OUTROS EQUIVALENTES DA REGIAO, FORMATO MENOR OU IGUAL A 3025 CM2, E= *2* CM
123535	PISO EM PORCELANATO RETIFICADO EXTRA, FORMATO MENOR OU IGUAL A 2025 CM2
123536	PISO EM REGUA VINILICA SEMIFLEXIVEL, ENCAIXE CLICADO, E = 4 MM (SEM COLOCACAO)
123537	PISO EPOXI AUTONIVELANTE, ESPESSURA *4* MM (INCLUSO EXECUCAO)
123538	PISO EPOXI MULTILAYER, ESPESSURA *2* MM (INCLUSO EXECUCAO)
123539	PISO FULGET (GRANITO LAVADO) EM PLACAS DE *40 X 40* CM, E = 2,0 CM (SEM COLOCACAO)
123540	PISO FULGET (GRANITO LAVADO) EM PLACAS DE *75 X 75* CM, E = 2,0 CM (SEM COLOCACAO)
123541	PISO FULGET (GRANITO LAVADO) MOLDADO IN LOCO (INCLUSO EXECUCAO)
123542	PISO INDUSTRIAL EM CONCRETO ARMADO DE ACABAMENTO POLIDO, ESPESSURA 12 CM (CIMENTO QUEIMADO) (INCLUSO EXECUCAO)
123543	PISO KORODUR (INCLUSO EXECUCAO)
123544	PISO PODOTATIL DE CONCRETO - DIRECIONAL E ALERTA, *40 X 40 X 2,5* CM
123545	PISO PORCELANATO, BORDA RETA, EXTRA, FORMATO MAIOR QUE 2025 CM2
123546	PISO TATIL ALERTA OU DIRECIONAL, DE BORRACHA, COLORIDO, 25 X 25 CM, E = 5 MM, PARA COLA
123547	PISO TATIL DE ALERTA OU DIRECIONAL DE BORRACHA, PRETO, 25 X 25 CM, E = 5 MM, PARA COLA
123548	PISO TATIL DE ALERTA OU DIRECIONAL, DE BORRACHA, COLORIDO, 25 X 25 CM, E = 12 MM, PARA ARGAMASSA
123549	PISO TATIL DE ALERTA OU DIRECIONAL, DE BORRACHA, PRETO, 25 X 25 CM, E = 12 MM, PARA ARGAMASSA
123550	PISO URETANO, VERSAO REVESTIMENTO AUTONIVELANTE, ESPESSURA VARIÁVEL DE 3 A 4 MM (INCLUSO EXECUCAO)
123551	PISO/ REVESTIMENTO EM GRANITO, POLIDO, TIPO ANDORINHA/ QUARTZ/ CASTELO/ CORUMBA OU OUTROS EQUIVALENTES DA REGIAO, FORMATO MAIOR OU IGUAL A 3025 CM2, E = *2* CM
123552	PISO/ REVESTIMENTO EM MARMORE, POLIDO, BRANCO COMUM, FORMATO MAIOR OU IGUAL A 3025 CM2, E = *2* CM
123553	PISO/ REVESTIMENTO EM MARMORE, POLIDO, BRANCO COMUM, FORMATO MENOR OU IGUAL A 3025 CM2, E = *2* CM
123554	PLACA / CHAPA DE GESSO ACARTONADO, ACABAMENTO VINILICO LISO EM UMA DAS FACES, COR BRANCA, BORDA QUADRADA, E = 9,5 MM, *625 X 1250* MM (L X C), PARA FORRO REMOVIVEL
123555	PLACA / CHAPA DE GESSO ACARTONADO, ACABAMENTO VINILICO LISO EM UMA DAS FACES, COR BRANCA, BORDA QUADRADA, E = 9,5 MM, *625 X 625* MM (L X C), PARA FORRO REMOVIVEL
123556	PLACA / CHAPA DE GESSO ACARTONADO, RESISTENTE A UMIDADE (RU), COR VERDE, E = 12,5 MM, 1200 X 1800 MM (L X C)
123557	PLACA / CHAPA DE GESSO ACARTONADO, RESISTENTE A UMIDADE (RU), COR VERDE, E = 12,5 MM, 1200 X 2400 MM (L X C)
123558	PLACA / CHAPA DE GESSO ACARTONADO, RESISTENTE AO FOGO (RF), COR ROSA, E = 12,5 MM, 1200 X 1800 MM (L X C)
123559	PLACA / CHAPA DE GESSO ACARTONADO, RESISTENTE AO FOGO (RF), COR ROSA, E = 12,5 MM, 1200 X 2400 MM (L X C)
123560	PLACA / CHAPA DE GESSO ACARTONADO, STANDARD (ST), COR BRANCA, E = 12,5 MM, 1200 X 1800 MM (L X C)
123561	PLACA / CHAPA DE GESSO ACARTONADO, STANDARD (ST), COR BRANCA, E = 12,5 MM, 1200 X 2400 MM (L X C)
123562	PLACA CIMENTICIA LISA E = 10 MM, DE 1,20 X 3,00 M (SEM AMIANTO)
123563	PLACA CIMENTICIA LISA E = 6 MM, DE 1,20 X 3,00 M (SEM AMIANTO)
123564	PLACA DE ACO ESMALTADA PARA IDENTIFICACAO DE RUA, *45 CM X 20* CM
123565	PLACA DE ACRILICO TRANSPARENTE ADESIVADA PARA SINALIZACAO DE PORTAS, BORDA POLIDA, DE *25 X 8*, E = 6 MM (NAO INCLUI ACESSORIOS PARA FIXACAO)
123566	PLACA DE FIBRA MINERAL PARA FORRO, DE 1250 X 625 MM, E = 15 MM, BORDA RETA, COM PINTURA ANTIMOFO (NAO INCLUI PERFIS)
123567	PLACA DE FIBRA MINERAL PARA FORRO, DE 625 X 625 MM, E = 15 MM, BORDA REBAIXADA PARA PERFIL 24 MM, COM PINTURA ANTIMOFO (NAO INCLUI PERFIS)
123568	PLACA DE FIBRA MINERAL PARA FORRO, DE 625 X 625 MM, E = 15 MM, BORDA RETA, COM PINTURA ANTIMOFO (NAO INCLUI PERFIS)
123569	PLACA DE GESSO PARA FORRO, *60 X 60* CM, ESPESSURA DE 12 MM (SEM COLOCACAO)
123570	PLACA DE INAUGURACAO EM BRONZE *35X 50*CM
123571	PLACA DE INAUGURACAO METALICA, *40* CM X *60* CM
123572	PLACA DE OBRA (PARA CONSTRUCAO CIVIL) EM CHAPA GALVANIZADA *N. 22*, ADESIVADA, DE *2,0 X 1,125* M
123573	PLACA DE SINALIZACAO DE SEGURANCA CONTRA INCENDIO - ALERTA, TRIANGULAR, BASE DE *30* CM, EM PVC *2* MM ANTI-CHAMAS (SIMBOLOS, CORES E PICTOGRAMAS CONFORME NBR 16820)
123574	PLACA DE SINALIZACAO DE SEGURANCA CONTRA INCENDIO, FOTOLUMINESCENTE, QUADRADA, *14 X 14* CM, EM PVC *2* MM ANTI-CHAMAS (SIMBOLOS, CORES E PICTOGRAMAS CONFORME NBR 16820)
123575	PLACA DE SINALIZACAO DE SEGURANCA CONTRA INCENDIO, FOTOLUMINESCENTE, QUADRADA, *20 X 20* CM, EM PVC *2* MM ANTI-CHAMAS (SIMBOLOS, CORES E PICTOGRAMAS CONFORME NBR 16820)
123576	PLACA DE SINALIZACAO DE SEGURANCA CONTRA INCENDIO, FOTOLUMINESCENTE, RETANGULAR, *12 X 40* CM, EM PVC *2* MM ANTI-CHAMAS (SIMBOLOS, CORES E PICTOGRAMAS CONFORME NBR 16820)
123577	PLACA DE SINALIZACAO DE SEGURANCA CONTRA INCENDIO, FOTOLUMINESCENTE, RETANGULAR, *13 X 26* CM, EM PVC *2* MM ANTI-CHAMAS (SIMBOLOS, CORES E PICTOGRAMAS CONFORME NBR 16820)
123578	PLACA DE SINALIZACAO DE SEGURANCA CONTRA INCENDIO, FOTOLUMINESCENTE, RETANGULAR, *20 X 40* CM, EM PVC *2* MM ANTI-CHAMAS (SIMBOLOS, CORES E PICTOGRAMAS CONFORME NBR 16820)
123579	PLACA DE SINALIZACAO EM CHAPA DE ACO NUM 16 COM PINTURA REFLETIVA
123580	PLACA DE SINALIZACAO EM CHAPA DE ALUMINIO COM PINTURA REFLETIVA, E = 2 MM
123581	PLACA DE VENTILACAO PARA TELHA DE FIBROCIMENTO CANALETE 49 KALHETA
123582	PLACA DE VENTILACAO PARA TELHA DE FIBROCIMENTO, CANALETE 90 OU KALHETAO
123583	PLACA NUMERACAO RESIDENCIAL EM CHAPA GALVANIZADA ESMALTADA 12 X 18 CM
123584	PLACA ORIENTATIVA SOBRE EXERCÍCIOS, 2,00M X 1,00M, EM TUBO DE ACO CARBONO, PINTURA NO PROCESSO ELETROSTATICO - PARA ACADEMIA AO AR LIVRE / ACADEMIA DA TERCEIRA IDADE - ATI
123585	PLACA VINILICA SEMIFLEXIVEL PARA PISOS, E = 3,2 MM, 30 X 30 CM (SEM COLOCACAO)
123586	PLACA VINILICA SEMIFLEXIVEL PARA REVESTIMENTO DE PISOS E PAREDES, E = 2 MM (SEM COLOCACAO)
123587	PLACA/PISO DE CONCRETO POROSO/ PAVIMENTO PERMEAVEL/BLOCO DRENANTE DE CONCRETO, 40 CM X 40 CM, E = 6 CM, COR NATURAL
123588	"PLACA/TAMPA CEGA EM LATAO ESCOVADO PARA CONDULETE EM LIGA DE ALUMINIO 4 X 4"""
123589	"PLUG OU BUJAO DE FERRO GALVANIZADO, DE 1 1/2"""
123590	"PLUG OU BUJAO DE FERRO GALVANIZADO, DE 1 1/4"""
123591	"PLUG OU BUJAO DE FERRO GALVANIZADO, DE 1/2"""
123592	"PLUG OU BUJAO DE FERRO GALVANIZADO, DE 1"""
123593	"PLUG OU BUJAO DE FERRO GALVANIZADO, DE 2 1/2"""
123594	"PLUG OU BUJAO DE FERRO GALVANIZADO, DE 2"""
123595	"PLUG OU BUJAO DE FERRO GALVANIZADO, DE 3/4"""
123596	"PLUG OU BUJAO DE FERRO GALVANIZADO, DE 3"""
123597	"PLUG OU BUJAO DE FERRO GALVANIZADO, DE 4"""
123598	PLUG PVC P/ ESG PREDIAL 75MM
123599	PLUG PVC P/ ESG PREDIAL 100MM
123600	PLUG PVC P/ ESG PREDIAL 50MM
123601	"PLUG PVC ROSCAVEL, 1/2"", AGUA FRIA PREDIAL (NBR 5648)"
123602	PLUG PVC, JE, DN 100 MM, PARA REDE COLETORA ESGOTO (NBR 10569)
123603	PLUG PVC, JE, DN 150 MM, PARA REDE COLETORA ESGOTO (NBR 10569)
123604	PLUG PVC, JE, DN 200 MM, PARA REDE COLETORA ESGOTO (NBR 10569)
123605	PLUG PVC, JE, DN 250 MM, PARA REDE COLETORA ESGOTO (NBR 10569)
123606	PLUG PVC, JE, DN 350 MM, PARA REDE COLETORA ESGOTO (NBR 10569)
123607	"PLUG PVC, ROSCAVEL 1"", PARA AGUA FRIA PREDIAL"
123608	"PLUG PVC, ROSCAVEL 3/4"", PARA AGUA FRIA PREDIAL"
123609	"PLUG PVC, ROSCAVEL, 1 1/2"", AGUA FRIA PREDIAL"
123610	"PLUG PVC, ROSCAVEL, 1 1/4"", AGUA FRIA PREDIAL"
123611	"PLUG PVC, ROSCAVEL, 2"", AGUA FRIA PREDIAL"
123612	PO DE MARMORE (POSTO PEDREIRA/FORNECEDOR, SEM FRETE)
123613	PO DE PEDRA (POSTO PEDREIRA/FORNECEDOR, SEM FRETE)
123614	POCEIRO / ESCAVADOR DE VALAS E TUBULOES
123615	POCEIRO / ESCAVADOR DE VALAS E TUBULOES (MENSALISTA)
123616	POLIDORA DE PISO (POLITRIZ) ELETRICA, MOTOR MONOFASICO DE 4 HP, PESO DE 100 KG, DIAMETRO DO TRABALHO DE 450 MM
123617	POLIESTIRENO EXPANDIDO/EPS (ISOPOR), PEROLAS, PARA CONCRETO LEVE
123618	POLIESTIRENO EXPANDIDO/EPS (ISOPOR), TIPO 2F, BLOCO
123619	POLIESTIRENO EXPANDIDO/EPS (ISOPOR), TIPO 2F, PLACA, ISOLAMENTO TERMOACUSTICO, E = 10 MM, 1000 X 500 MM
123620	POLIESTIRENO EXPANDIDO/EPS (ISOPOR), TIPO 2F, PLACA, ISOLAMENTO TERMOACUSTICO, E = 20 MM, 1000 X 500 MM
123621	POLIESTIRENO EXPANDIDO/EPS (ISOPOR), TIPO 2F, PLACA, ISOLAMENTO TERMOACUSTICO, E = 50 MM, 1000 X 500 MM
123622	POLVORA NEGRA
123623	PONTALETE *7,5 X 7,5* CM EM PINUS, MISTA OU EQUIVALENTE DA REGIAO - BRUTA
123624	PONTALETE ROLIÇO SEM TRATAMENTO, D = 8 A 11 CM, H = 3 M, EM EUCALIPTO OU EQUIVALENTE DA REGIAO - BRUTA (PARA ESCORAMENTO)
123625	PONTALETE ROLIÇO SEM TRATAMENTO, D = 8 A 11 CM, H = 6 M, EM EUCALIPTO OU EQUIVALENTE DA REGIAO - BRUTA (PARA ESCORAMENTO)
123627	PORCA OLHAL EM ACO GALVANIZADO, ESPESSURA 16MM, ABERTURA 21MM
123628	PORCA OLHAL M 16, EM ACO GALVANIZADO, DIAMETRO = 16 MM
123629	"PORCA UNIAO/JUNCAO ZINCADA SEXTAVADA 1/4 "", CHAVE 7/16 "", COMPRIMENTO = 25 MM"
123630	"PORCA ZINCADA, QUADRADA, DIAMETRO 3/8"""
123631	"PORCA ZINCADA, QUADRADA, DIAMETRO 5/8"""
123632	"PORCA ZINCADA, SEXTAVADA, DIAMETRO 1/2"""
123633	"PORCA ZINCADA, SEXTAVADA, DIAMETRO 1/4"""
123634	"PORCA ZINCADA, SEXTAVADA, DIAMETRO 1"""
123635	"PORCA ZINCADA, SEXTAVADA, DIAMETRO 3/8"""
123636	"PORCA ZINCADA, SEXTAVADA, DIAMETRO 5/16"""
123637	"PORCA ZINCADA, SEXTAVADA, DIAMETRO 5/8"""
123638	"PORTA CADEADO EM ACO GALVANIZADO, COMPRIMENTO DE 3 1/2"""
123639	PORTA CORTA-FOGO PARA SAIDA DE EMERGENCIA, COM FECHADURA, VAO LUZ DE 90 X 210 CM, CLASSE P-90 (NBR 11742)
123640	PORTA DE ABRIR / GIRO, DE MADEIRA FOLHA MEDIA (NBR 15930) DE 1000 X 2100 MM, DE 35 MM A 40 MM DE ESPESSURA, NUCLEO SEMI-SOLIDO (SARRAFEADO), CAPA LISA EM HDF, ACABAMENTO EM LAMINADO NATURAL PARA VERNIZ
123641	PORTA DE ABRIR / GIRO, DE MADEIRA FOLHA MEDIA (NBR 15930) DE 1000 X 2100 MM, DE 35 MM A 40 MM DE ESPESSURA, NUCLEO SEMI-SOLIDO (SARRAFEADO), CAPA LISA EM HDF, ACABAMENTO EM PRIMER PARA PINTURA
123642	PORTA DE ABRIR / GIRO, DE MADEIRA FOLHA MEDIA (NBR 15930) DE 700 X 2100 MM, DE 35 MM A 40 MM DE ESPESSURA, NUCLEO SEMI-SOLIDO (SARRAFEADO), CAPA FRISADA EM HDF, ACABAMENTO MELAMINICO EM PADRAO MADEIRA
123643	PORTA DE ABRIR / GIRO, DE MADEIRA FOLHA MEDIA (NBR 15930) DE 700 X 2100 MM, DE 35 MM A 40 MM DE ESPESSURA, NUCLEO SEMI-SOLIDO (SARRAFEADO), CAPA LISA EM HDF, ACABAMENTO EM LAMINADO NATURAL PARA VERNIZ
123644	PORTA DE ABRIR / GIRO, DE MADEIRA FOLHA MEDIA (NBR 15930) DE 800 X 2100 MM, DE 35 MM A 40 MM DE ESPESSURA, NUCLEO SEMI-SOLIDO (SARRAFEADO), CAPA FRISADA EM HDF, ACABAMENTO MELAMINICO EM PADRAO MADEIRA
123645	PORTA DE ABRIR / GIRO, DE MADEIRA FOLHA MEDIA (NBR 15930) DE 800 X 2100 MM, DE 35 MM A 40 MM DE ESPESSURA, NUCLEO SEMI-SOLIDO (SARRAFEADO), CAPA LISA EM HDF, ACABAMENTO EM LAMINADO NATURAL PARA VERNIZ
123646	PORTA DE ABRIR / GIRO, DE MADEIRA FOLHA MEDIA (NBR 15930) DE 900 X 2100 MM, DE 35 MM A 40 MM DE ESPESSURA, NUCLEO SEMI-SOLIDO (SARRAFEADO), CAPA LISA EM HDF, ACABAMENTO EM LAMINADO NATURAL PARA VERNIZ
123647	PORTA DE ABRIR EM ACO COM DIVISAO HORIZONTAL PARA VIDROS, COM FUNDO ANTICORROSIVO/PRIMER DE PROTECAO, SEM GUARNICAO/ALIZAR/VISTA, VIDROS NAO INCLUSOS, 87 X 210 CM
123648	PORTA DE ABRIR EM ACO TIPO VENEZIANA, COM FUNDO ANTICORROSIVO / PRIMER DE PROTECAO, SEM GUARNICAO/ALIZAR/VISTA, 87 X 210 CM
123649	PORTA DE ABRIR EM ALUMINIO COM DIVISAO HORIZONTAL PARA VIDROS, ACABAMENTO ANODIZADO NATURAL, VIDROS INCLUSOS, SEM GUARNICAO/ALIZAR/VISTA , 87 X 210 CM
123650	PORTA DE ABRIR EM ALUMINIO COM LAMBRI HORIZONTAL/LAMINADA, ACABAMENTO ANODIZADO NATURAL, SEM GUARNICAO/ALIZAR/VISTA
123651	PORTA DE ABRIR EM ALUMINIO TIPO VENEZIANA, ACABAMENTO ANODIZADO NATURAL, SEM GUARNICAO/ALIZAR/VISTA
123652	PORTA DE ABRIR EM ALUMINIO TIPO VENEZIANA, ACABAMENTO ANODIZADO NATURAL, SEM GUARNICAO/ALIZAR/VISTA, 87 X 210 CM
123653	"PORTA DE ABRIR EM GRADIL COM BARRA CHATA 3 CM X 1/4"", COM REQUADRO E GUARNICAO - COMPLETO - ACABAMENTO NATURAL"
123654	PORTA DE CORRER EM ALUMINIO, DUAS FOLHAS MOVEIS COM VIDRO, FECHADURA E PUXADOR EMBUTIDO, ACABAMENTO ANODIZADO NATURAL, SEM GUARNICAO/ALIZAR/VISTA
123655	PORTA DE ENROLAR MANUAL COMPLETA, ARTICULADA RAIADA LARGA, EM ACO GALVANIZADO NATURAL, CHAPA NUMERO 24 (SEM INSTALACAO)
123656	"PORTA DE ENROLAR MANUAL COMPLETA, PERFIL MEIA CANA CEGA, EM ACO GALVANIZADO COM PINTURA ELETROSTATICA, CHAPA NUMERO 24 "" (SEM INSTALACAO)"
123657	PORTA DE ENROLAR MANUAL COMPLETA, PERFIL MEIA CANA CEGA, EM ACO GALVANIZADO NATURAL, CHAPA NUMERO 24 (SEM INSTALACAO)
123658	PORTA DE ENROLAR MANUAL COMPLETA, PERFIL MEIA CANA VAZADA TIJOLINHO, EM ACO GALVANIZADO NATURAL, CHAPA NUMERO 24 (SEM INSTALACAO)
123659	PORTA DE MADEIRA QUADRICULADA PARA VIDRO, DE CORRER (EUCALIPTO OU EQUIVALENTE REGIONAL), E = *3,5* CM
123660	PORTA DE MADEIRA TIPO VENEZIANA (EUCALIPTO OU EQUIVALENTE REGIONAL), E = *3,5* CM
123661	PORTA DE MADEIRA-DE-LEI QUADRICULADA PARA VIDRO, DE CORRER (ANGELIM OU EQUIVALENTE REGIONAL), E = *3,5* CM
123662	PORTA DE MADEIRA-DE-LEI TIPO MEXICANA SEM EMENDA (ANGELIM OU EQUIVALENTE REGIONAL), E = *3,5* CM
123663	PORTA DE MADEIRA-DE-LEI TIPO VENEZIANA (ANGELIM OU EQUIVALENTE REGIONAL), E = *3,5* CM
123664	PORTA DE MADEIRA, FOLHA LEVE (NBR 15930) DE 600 X 2100 MM, DE 35 MM A 40 MM DE ESPESSURA, NUCLEO COLMEIA, CAPA LISA EM HDF, ACABAMENTO EM PRIMER PARA PINTURA
123665	PORTA DE MADEIRA, FOLHA LEVE (NBR 15930) DE 700 X 2100 MM, DE 35 MM A 40 MM DE ESPESSURA, NUCLEO COLMEIA, CAPA LISA EM HDF, ACABAMENTO EM PRIMER PARA PINTURA
123666	PORTA DE MADEIRA, FOLHA LEVE (NBR 15930) DE 800 X 2100 MM, DE 35 MM A 40 MM DE ESPESSURA, NUCLEO COLMEIA, CAPA LISA EM HDF, ACABAMENTO EM PRIMER PARA PINTURA
123667	PORTA DE MADEIRA, FOLHA LEVE (NBR 15930), DE 600 X 2100 MM, E = 35 MM, NUCLEO COLMEIA, CAPA LISA EM HDF, ACABAMENTO MELAMINICO EM PADRAO MADEIRA
123668	PORTA DE MADEIRA, FOLHA MEDIA (NBR 15930) DE 600 X 2100 MM, DE 35 MM A 40 MM DE ESPESSURA, NUCLEO SEMI-SOLIDO (SARRAFEADO), CAPA FRISADA EM HDF, ACABAMENTO MELAMINICO EM PADRAO MADEIRA
123669	PORTA DE MADEIRA, FOLHA MEDIA (NBR 15930) DE 600 X 2100 MM, DE 35 MM A 40 MM DE ESPESSURA, NUCLEO SEMI-SOLIDO (SARRAFEADO), CAPA LISA EM HDF, ACABAMENTO EM PRIMER PARA PINTURA
123670	PORTA DE MADEIRA, FOLHA MEDIA (NBR 15930) DE 600 X 2100 MM, DE 35 MM A 40 MM DE ESPESSURA, NUCLEO SEMI-SOLIDO (SARRAFEADO), CAPA LISA EM HDF, ACABAMENTO LAMINADO NATURAL PARA VERNIZ
123671	PORTA DE MADEIRA, FOLHA MEDIA (NBR 15930) DE 700 X 2100 MM, DE 35 MM A 40 MM DE ESPESSURA, NUCLEO SEMI-SOLIDO (SARRAFEADO), CAPA LISA EM HDF, ACABAMENTO EM PRIMER PARA PINTURA
123672	PORTA DE MADEIRA, FOLHA MEDIA (NBR 15930) DE 800 X 2100 MM, DE 35 MM A 40 MM DE ESPESSURA, NUCLEO SEMI-SOLIDO (SARRAFEADO), CAPA LISA EM HDF, ACABAMENTO EM PRIMER PARA PINTURA
123673	PORTA DE MADEIRA, FOLHA MEDIA (NBR 15930) DE 900 X 2100 MM, DE 35 MM A 40 MM DE ESPESSURA, NUCLEO SEMI-SOLIDO (SARRAFEADO), CAPA LISA EM HDF, ACABAMENTO EM PRIMER PARA PINTURA
123674	PORTA DE MADEIRA, FOLHA PESADA (NBR 15930) DE 800 X 2100 MM, DE 40 MM A 45 MM DE ESPESSURA, NUCLEO SOLIDO, CAPA LISA EM HDF, ACABAMENTO EM LAMINADO NATURAL PARA VERNIZ
123675	PORTA DE MADEIRA, FOLHA PESADA (NBR 15930) DE 800 X 2100 MM, DE 40 MM A 45 MM DE ESPESSURA, NUCLEO SOLIDO, CAPA LISA EM HDF, ACABAMENTO EM PRIMER PARA PINTURA
123676	PORTA DE MADEIRA, FOLHA PESADA (NBR 15930) DE 900 X 2100 MM, DE 40 MM A 45 MM DE ESPESSURA, NUCLEO SOLIDO, CAPA LISA EM HDF, ACABAMENTO EM LAMINADO NATURAL PARA VERNIZ
123677	PORTA DE MADEIRA, FOLHA PESADA (NBR 15930) DE 900 X 2100 MM, DE 40 MM A 45 MM DE ESPESSURA, NUCLEO SOLIDO, CAPA LISA EM HDF, ACABAMENTO EM PRIMER PARA PINTURA
123678	PORTA DENTE PARA FRESADORA
123679	"PORTA GRADE DE ENROLAR MANUAL COMPLETA, PERFIL TUBULAR TIJOLINHO 3/4 "", EM ACO GALVANIZADO NATURAL (SEM INSTALACAO)"
123680	PORTA TOALHA BANHO EM METAL CROMADO, TIPO BARRA
123681	PORTA TOALHA ROSTO EM METAL CROMADO, TIPO ARGOLA
123682	PORTA VIDRO TEMPERADO INCOLOR, 2 FOLHAS DE CORRER, E = 10 MM (SEM FERRAGENS E SEM COLOCACAO)
123683	PORTAO BASCULANTE MANUAL EM ACO GALVANIZADO NATURAL, TIPO LAMBRIL COM REQUADRO/BATENTE, CHAPA NUMERO 26, INCLUI FECHADURA (SEM INSTALACAO)
123684	PORTAO BASCULANTE, MANUAL, EM CHAPA TIPO LAMBRIL QUADRADO, COM REQUADRO, ACABAMENTO NATURAL
123685	"PORTAO DE ABRIR EM GRADIL DE METALON REDONDO DE 3/4"" VERTICAL, COM REQUADRO, ACABAMENTO NATURAL - COMPLETO"
123686	PORTAO DE CORRER EM CHAPA TIPO PAINEL LAMBRIL QUADRADO, COM PORTA SOCIAL COMPLETA INCLUIDA, COM REQUADRO, ACABAMENTO NATURAL, COM TRILHOS E ROLDANAS
123687	"PORTAO DE CORRER EM GRADIL FIXO DE BARRA DE FERRO CHATA DE 3 X 1/4"" NA VERTICAL, SEM REQUADRO, ACABAMENTO NATURAL, COM TRILHOS E ROLDANAS"
123688	POSTE CONICO CONTINUO EM ACO GALVANIZADO, CURVO, BRACO DUPLO, ENGASTADO, H = 9 M, DIAMETRO INFERIOR = *135* MM
123689	POSTE CONICO CONTINUO EM ACO GALVANIZADO, CURVO, BRACO DUPLO, FLANGEADO, H = 9 M, DIAMETRO INFERIOR = *135* MM
123690	POSTE CONICO CONTINUO EM ACO GALVANIZADO, CURVO, BRACO SIMPLES, ENGASTADO, H = 9 M, DIAMETRO INFERIOR = *135* MM
123691	POSTE CONICO CONTINUO EM ACO GALVANIZADO, CURVO, BRACO SIMPLES, FLANGEADO, H = 9 M, DIAMETRO INFERIOR = *135* MM
123692	POSTE CONICO CONTINUO EM ACO GALVANIZADO, CURVO, BRACO SIMPLES, FLANGEADO, H = 7 M, DIAMETRO INFERIOR = *125* MM
123693	POSTE CONICO CONTINUO EM ACO GALVANIZADO, RETO, ENGASTADO, H = 7 M, DIAMETRO INFERIOR = *125* MM
123694	POSTE CONICO CONTINUO EM ACO GALVANIZADO, RETO, ENGASTADO, H = 9 M, DIAMETRO INFERIOR = *145* MM
123695	POSTE CONICO CONTINUO EM ACO GALVANIZADO, RETO, FLANGEADO, H = 3 M, DIAMETRO INFERIOR = *95* MM
123696	POSTE DE CONCRETO CIRCULAR, 150 KG, H = 10 M (NBR 8451)
123697	POSTE DE CONCRETO CIRCULAR, 200 KG, H = 11 M (NBR 8451)
123698	POSTE DE CONCRETO CIRCULAR, 200 KG, H = 9 M (NBR 8451)
123699	POSTE DE CONCRETO CIRCULAR, 300 KG, H = 11 M (NBR 8451)
123700	POSTE DE CONCRETO CIRCULAR, 300 KG, H = 9 M (NBR 8451)
123701	POSTE DE CONCRETO CIRCULAR, 400 KG, H = 11 M (NBR 8451)
123702	POSTE DE CONCRETO CIRCULAR, 400 KG, H = 14 M (NBR 8451)
123703	POSTE DE CONCRETO CIRCULAR, 400 KG, H = 9 M (NBR 8451)
123704	POSTE DE CONCRETO DUPLO T, TIPO B, 300 KG, H = 10 M (NBR 8451)
123705	POSTE DE CONCRETO DUPLO T, TIPO B, 300 KG, H = 9 M (NBR 8451)
123706	POSTE DE CONCRETO DUPLO T, TIPO D, 200 KG, H = 9 M (NBR 8451)
123707	POSTE DE CONCRETO DUPLO T, 200 KG, H = 11 M (NBR 8451)
123708	POSTE DE CONCRETO DUPLO T, 300 KG, H = 12 M (NBR 8451)
123709	POSTE DE CONCRETO DUPLO T, 400 KG,H = 12 M (NBR 8451)
123710	POSTE DECORATIVO PARA JARDIM EM ACO TUBULAR, SEM LUMINARIA, H = *2,5* M
123711	POSTE PADRAO SUBTERRANEO 100 A, H = 2,5 M
123712	POSTE PADRAO SUBTERRANEO 200 A, H = 2,5 M
123713	POSTE ROLICO DE MADEIRA TRATADA, D = 20 A 25 CM, H = 12,00 M, EM EUCALIPTO OU EQUIVALENTE DA REGIAO
123715	PRANCHA APARELHADA *4 X 30* CM, EM MACARANDUBA, ANGELIM OU EQUIVALENTE DA REGIAO
123716	PRANCHA NAO APARELHADA *6 X 25* CM, EM MACARANDUBA, ANGELIM OU EQUIVALENTE DA REGIAO - BRUTA
123717	PRANCHA NAO APARELHADA *6 X 30* CM, EM MACARANDUBA, ANGELIM OU EQUIVALENTE DA REGIAO - BRUTA
123718	PRANCHA NAO APARELHADA *6 X 40* CM, EM MACARANDUBA, ANGELIM OU EQUIVALENTE DA REGIAO - BRUTA
123719	PRANCHAO APARELHADO *8 X 30* CM, EM MACARANDUBA, ANGELIM OU EQUIVALENTE DA REGIAO
123720	PRANCHAO APARELHADO *7,5 X 23* CM, EM MACARANDUBA, ANGELIM OU EQUIVALENTE DA REGIAO
123721	PRANCHAO NAO APARELHADO *7,5 X 23* CM, EM MACARANDUBA, ANGELIM OU EQUIVALENTE DA REGIAO - BRUTA
123722	PRANCHAO NAO APARELHADO *8 X 30* CM, EM MACARANDUBA, ANGELIM OU EQUIVALENTE DA REGIAO - BRUTA
123723	PREGO DE ACO POLIDO COM CABECA DUPLA 17 X 27 (2 1/2 X 11)
123724	PREGO DE ACO POLIDO COM CABECA 10 X 10 (7/8 X 17)
123725	PREGO DE ACO POLIDO COM CABECA 10 X 11 (1 X 17)
123726	PREGO DE ACO POLIDO COM CABECA 12 X 12
123727	PREGO DE ACO POLIDO COM CABECA 14 X 18 (1 1/2 X 14)
123728	PREGO DE ACO POLIDO COM CABECA 15 X 15 (1 1/4 X 13)
123729	PREGO DE ACO POLIDO COM CABECA 15 X 18 (1 1/2 X 13)
123730	PREGO DE ACO POLIDO COM CABECA 16 X 24 (2 1/4 X 12)
123731	PREGO DE ACO POLIDO COM CABECA 16 X 27 (2 1/2 X 12)
123732	PREGO DE ACO POLIDO COM CABECA 17 X 21 (2 X 11)
123733	PREGO DE ACO POLIDO COM CABECA 17 X 24 (2 1/4 X 11)
123734	PREGO DE ACO POLIDO COM CABECA 17 X 27 (2 1/2 X 11)
123735	PREGO DE ACO POLIDO COM CABECA 17 X 30 (2 3/4 X 11)
123736	PREGO DE ACO POLIDO COM CABECA 18 X 24 (2 1/4 X 10)
123737	PREGO DE ACO POLIDO COM CABECA 18 X 27 (2 1/2 X 10)
123738	PREGO DE ACO POLIDO COM CABECA 18 X 30 (2 3/4 X 10)
123739	PREGO DE ACO POLIDO COM CABECA 19 X 36 (3 1/4 X 9)
123740	PREGO DE ACO POLIDO COM CABECA 19 X 33 (3 X 9)
123741	PREGO DE ACO POLIDO COM CABECA 22 X 48 (4 1/4 X 5)
123742	PREGO DE ACO POLIDO SEM CABECA 15 X 15 (1 1/4 X 13)
123743	PRESSAO DE PERNAS TRIPLO, EM TUBO DE ACO CARBONO, PINTURA NO PROCESSO ELETROSTATICO - EQUIPAMENTO DE GINASTICA PARA ACADEMIA AO AR LIVRE / ACADEMIA DA TERCEIRA IDADE - ATI
123744	PRIMER EPOXI
123745	PRIMER PARA MANTA ASFALTICA A BASE DE ASFALTO MODIFICADO DILUIDO EM SOLVENTE, APLICACAO A FRIO
123746	PROJETOR DE ARGAMASSA, CAPACIDADE DE PROJECAO 1,5 M3/H, ALCANCE DA PROJECAO 30 ATE 60 M, MOTOR ELETRICO TRIFASICO
123747	PROJETOR DE ARGAMASSA, CAPACIDADE DE PROJECAO 2,0 M3/H, ALCANCE DA PROJECAO ATE 50 M, MOTOR ELETRICO TRIFASICO
123748	PROJETOR PNEUMATICO DE ARGAMASSA PARA CHAPISCO E REBOCO COM RECIPIENTE ACOPLADO, TIPO CANEQUNHA, COM VOLUME DE 1,50 L, SEM COMPRESSOR
123749	PROJETOR RETANGULAR FECHADO PARA LAMPADA VAPOR DE MERCURIO/SODIO 250 W A 500 W, CABECEIRAS EM ALUMINIO FUNDIDO, CORPO EM ALUMINIO ANODIZADO, PARA LAMPADA E40 FECHAMENTO EM VIDRO TEMPERADO.
123750	PROLONGADOR/EXTENSOR PARA ROLO DE PINTURA 3 M
123751	PROLONGAMENTO PVC PARA CAIXA SIFONADA 100 MM X 200 MM (NBR 5688)
123752	PROLONGAMENTO PVC PARA CAIXA SIFONADA, 150 MM X 150 MM (NBR 5688)
123753	PROLONGAMENTO PVC PARA CAIXA SIFONADA, 150 MM X 200 MM (NBR 5688)
123754	PROTETOR AUDITIVO TIPO CONCHA COM ABAFADOR DE RUIDOS, ATENUACAO ACIMA DE 22 DB
123755	PROTETOR AUDITIVO TIPO PLUG DE INSERCAO COM CORDAO, ATENUACAO SUPERIOR A 15 DB
123756	PROTETOR SOLAR FPS 30, EMBALAGEM 2 LITROS
123757	"PROTETOR/PONTEIRA PLASTICA PARA PONTA DE VERGALHAO DE ATE 1"", TIPO PROTETOR DE ESPERA"
123758	PRUMO DE CENTRO EM ACO *400* G
123759	PRUMO DE PAREDE EM ACO 700 A 750 G
123760	PULSADOR CAMPAINHA 10A, 250V (APENAS MODULO)
123761	"PULSADOR CAMPAINHA 10A, 250V, CONJUNTO MONTADO PARA EMBUTIR 4"" X 2"" (PLACA + SUPORTE + MODULO)"
123762	PULSADOR MINUTERIA 10A, 250V (APENAS MODULO)
123763	"PULSADOR MINUTERIA 10A, 250V, CONJUNTO MONTADO PARA EMBUTIR 4"" X 2"" (PLACA + SUPORTE + MODULO)"
123764	PUXADOR DE EMBUTIR TIPO CONCHA, COM FURO PARA CHAVE, EM LATAO CROMADO, COMPRIMENTO DE APROX *100* MM E LARGURA DE APROX *40* MM
123765	PUXADOR TIPO ALCA, EM ZAMAC CROMADO, COM COMPRIMENTO DE APROX 150 MM, COM ROSETA PARA PORTAS DE MADEIRAS, INCLUINDO PARAFUSOS
123766	PUXADOR TIPO ALCA, EM ZAMAC CROMADO, COM ROSETAS, COMPRIMENTO DE APROX *100* MM, PARA PORTAS E JANELAS DE MADEIRA, INCLUINDO PARAFUSOS
123767	"PUXADOR TUBULAR RETO DUPLO, EM ALUMINIO CROMADO, COMPRIMENTO DE APROX 400 MM E DIAMETRO DE 25 MM (1"")"
123768	PUXADOR TUBULAR RETO SIMPLES, EM ALUMINIO CROMADO, COM COMPRIMENTO DE APROX 400 MM E DIAMETRO DE 25 MM
123769	QUADRO DE DISTRIBUICAO COM BARRAMENTO TRIFASICO, DE EMBUTIR, EM CHAPA DE ACO GALVANIZADO, PARA 12 DISJUNTORES DIN, 100 A
123770	QUADRO DE DISTRIBUICAO COM BARRAMENTO TRIFASICO, DE EMBUTIR, EM CHAPA DE ACO GALVANIZADO, PARA 18 DISJUNTORES DIN, 100 A, INCLUINDO BARRAMENTO
123771	QUADRO DE DISTRIBUICAO COM BARRAMENTO TRIFASICO, DE EMBUTIR, EM CHAPA DE ACO GALVANIZADO, PARA 24 DISJUNTORES DIN, 100 A
123772	QUADRO DE DISTRIBUICAO COM BARRAMENTO TRIFASICO, DE EMBUTIR, EM CHAPA DE ACO GALVANIZADO, PARA 28 DISJUNTORES DIN, 100 A
123773	QUADRO DE DISTRIBUICAO COM BARRAMENTO TRIFASICO, DE EMBUTIR, EM CHAPA DE ACO GALVANIZADO, PARA 30 DISJUNTORES DIN, 150 A
123774	QUADRO DE DISTRIBUICAO COM BARRAMENTO TRIFASICO, DE EMBUTIR, EM CHAPA DE ACO GALVANIZADO, PARA 30 DISJUNTORES DIN, 225 A
123775	QUADRO DE DISTRIBUICAO COM BARRAMENTO TRIFASICO, DE EMBUTIR, EM CHAPA DE ACO GALVANIZADO, PARA 36 DISJUNTORES DIN, 100 A
123776	QUADRO DE DISTRIBUICAO COM BARRAMENTO TRIFASICO, DE EMBUTIR, EM CHAPA DE ACO GALVANIZADO, PARA 40 DISJUNTORES DIN, 100 A
123777	QUADRO DE DISTRIBUICAO COM BARRAMENTO TRIFASICO, DE EMBUTIR, EM CHAPA DE ACO GALVANIZADO, PARA 48 DISJUNTORES DIN, 100 A
123778	QUADRO DE DISTRIBUICAO COM BARRAMENTO TRIFASICO, DE SOBREPOR, EM CHAPA DE ACO GALVANIZADO, PARA *42* DISJUNTORES DIN, 100 A
123779	QUADRO DE DISTRIBUICAO COM BARRAMENTO TRIFASICO, DE SOBREPOR, EM CHAPA DE ACO GALVANIZADO, PARA 12 DISJUNTORES DIN, 100 A
123780	QUADRO DE DISTRIBUICAO COM BARRAMENTO TRIFASICO, DE SOBREPOR, EM CHAPA DE ACO GALVANIZADO, PARA 18 DISJUNTORES DIN, 100 A
123781	QUADRO DE DISTRIBUICAO COM BARRAMENTO TRIFASICO, DE SOBREPOR, EM CHAPA DE ACO GALVANIZADO, PARA 28 DISJUNTORES DIN, 100 A
123782	QUADRO DE DISTRIBUICAO COM BARRAMENTO TRIFASICO, DE SOBREPOR, EM CHAPA DE ACO GALVANIZADO, PARA 30 DISJUNTORES DIN, 100 A
123783	QUADRO DE DISTRIBUICAO COM BARRAMENTO TRIFASICO, DE SOBREPOR, EM CHAPA DE ACO GALVANIZADO, PARA 36 DISJUNTORES DIN, 100 A
123784	QUADRO DE DISTRIBUICAO COM BARRAMENTO TRIFASICO, DE SOBREPOR, EM CHAPA DE ACO GALVANIZADO, PARA 48 DISJUNTORES DIN, 100 A
123785	QUADRO DE DISTRIBUICAO, EM PVC, DE EMBUTIR, COM BARRAMENTO TERRA / NEUTRO, PARA 12 DISJUNTORES NEMA OU 16 DISJUNTORES DIN
123786	QUADRO DE DISTRIBUICAO, EM PVC, DE EMBUTIR, COM BARRAMENTO TERRA / NEUTRO, PARA 18 DISJUNTORES NEMA OU 24 DISJUNTORES DIN
123787	QUADRO DE DISTRIBUICAO, EM PVC, DE EMBUTIR, COM BARRAMENTO TERRA / NEUTRO, PARA 27 DISJUNTORES NEMA OU 36 DISJUNTORES DIN
123788	QUADRO DE DISTRIBUICAO, EM PVC, DE EMBUTIR, COM BARRAMENTO TERRA / NEUTRO, PARA 48 DISJUNTORES DIN
123789	QUADRO DE DISTRIBUICAO, EM PVC, DE EMBUTIR, COM BARRAMENTO TERRA / NEUTRO, PARA 6 DISJUNTORES NEMA OU 8 DISJUNTORES DIN
123790	QUADRO DE DISTRIBUICAO, SEM BARRAMENTO, EM PVC, DE EMBUTIR, PARA 12 DISJUNTORES NEMA OU 16 DISJUNTORES DIN
123791	QUADRO DE DISTRIBUICAO, SEM BARRAMENTO, EM PVC, DE EMBUTIR, PARA 18 DISJUNTORES NEMA OU 24 DISJUNTORES DIN
123792	QUADRO DE DISTRIBUICAO, SEM BARRAMENTO, EM PVC, DE EMBUTIR, PARA 27 DISJUNTORES NEMA OU 36 DISJUNTORES DIN
123793	QUADRO DE DISTRIBUICAO, SEM BARRAMENTO, EM PVC, DE EMBUTIR, PARA 3 DISJUNTORES NEMA OU 4 DISJUNTORES DIN
123794	QUADRO DE DISTRIBUICAO, SEM BARRAMENTO, EM PVC, DE EMBUTIR, PARA 6 DISJUNTORES NEMA OU 8 DISJUNTORES DIN
123795	QUADRO DE DISTRIBUICAO, SEM BARRAMENTO, EM PVC, DE SOBREPOR, PARA 3 DISJUNTORES NEMA OU 4 DISJUNTORES DIN
123796	QUADRO DE DISTRIBUICAO, SEM BARRAMENTO, EM PVC, DE SOBREPOR, PARA 12 DISJUNTORES NEMA OU 16 DISJUNTORES DIN
123797	QUADRO DE DISTRIBUICAO, SEM BARRAMENTO, EM PVC, DE SOBREPOR, PARA 18 DISJUNTORES NEMA OU 24 DISJUNTORES DIN
123798	QUADRO DE DISTRIBUICAO, SEM BARRAMENTO, EM PVC, DE SOBREPOR, PARA 27 DISJUNTORES NEMA OU 36 DISJUNTORES DIN
123799	QUADRO DE DISTRIBUICAO, SEM BARRAMENTO, EM PVC, DE SOBREPOR, PARA 6 DISJUNTORES NEMA OU 8 DISJUNTORES DIN
123800	RALO FOFO COM REQUADRO, QUADRADO 150 X 150 MM
123801	RALO FOFO COM REQUADRO, QUADRADO 200 X 200 MM
123802	RALO FOFO COM REQUADRO, QUADRADO 250 X 250 MM
123803	RALO FOFO COM REQUADRO, QUADRADO 300 X 300 MM
123804	RALO FOFO COM REQUADRO, QUADRADO 400 X 400 MM
123805	RALO FOFO SEMIESFERICO, 100 MM, PARA LAJES/ CALHAS
123806	RALO FOFO SEMIESFERICO, 150 MM, PARA LAJES/ CALHAS
123807	RALO FOFO SEMIESFERICO, 200 MM, PARA LAJES/ CALHAS
123808	RALO FOFO SEMIESFERICO, 75 MM, PARA LAJES/ CALHAS
123809	RALO SECO PVC CONICO, 100 X 40 MM, COM GRELHA REDONDA BRANCA
123810	RALO SECO PVC CONICO, 100 X 40 MM, COM GRELHA QUADRADA
123811	RALO SECO PVC QUADRADO, 100 X 100 X 53 MM, SAIDA 40 MM, COM GRELHA BRANCA
123812	RALO SIFONADO PVC CILINDRICO, 100 X 40 MM, COM GRELHA REDONDA BRANCA
123813	RALO SIFONADO PVC REDONDO CONICO, 100 X 40 MM, COM GRELHA BRANCA REDONDA
123814	RALO SIFONADO PVC, QUADRADO, 100 X 100 X 53 MM, SAIDA 40 MM, COM GRELHA BRANCA
123815	RASTELEIRO
123816	RASTELEIRO (MENSALISTA)
123817	REATOR ELETRONICO BIVOLT PARA 1 LAMPADA FLUORESCENTE DE 18/20 W
123818	REATOR ELETRONICO BIVOLT PARA 1 LAMPADA FLUORESCENTE DE 36/40 W
123819	REATOR ELETRONICO BIVOLT PARA 2 LAMPADAS FLUORESCENTES DE 14 W
123820	REATOR ELETRONICO BIVOLT PARA 2 LAMPADAS FLUORESCENTES DE 18/20 W
123821	REATOR ELETRONICO BIVOLT PARA 2 LAMPADAS FLUORESCENTES DE 36/40 W
123822	REATOR INTERNO/INTEGRADO PARA LAMPADA VAPOR METALICO 400 W, ALTO FATOR DE POTENCIA
123823	REATOR P/ LAMPADA VAPOR DE SODIO 250W USO EXT
123824	REATOR P/ 1 LAMPADA VAPOR DE MERCURIO 125W USO EXT
123825	REATOR P/ 1 LAMPADA VAPOR DE MERCURIO 250W USO EXT
123826	REATOR P/ 1 LAMPADA VAPOR DE MERCURIO 400W USO EXT
123827	REBITE DE ALUMINIO VAZADO DE REPUXO, 3,2 X 8 MM (1KG = 1025 UNIDADES)
123828	"REBOLO ABRASIVO RETO DE USO GERAL GRAO 36, DE 6 X 1 "" (DIAMETRO X ALTURA)"
123829	"REBOLO ABRASIVO RETO DE USO GERAL GRAO 36, DE 6 X 3/4 "" (DIAMETRO X ALTURA)"
123830	RECICLADORA DE ASFALTO A FRIO SOBRE RODAS, LARG. FRESAGEM 2,00 M, POT. 315 KW/422 HP
123831	REDUCAO EXCENTRICA PVC NBR 10569 P/REDE COLET ESG PB JE 150 X 100MM
123832	REDUCAO EXCENTRICA PVC NBR 10569 P/REDE COLET ESG PB JE 200 X 150MM
123833	REDUCAO EXCENTRICA PVC NBR 10569 P/REDE COLET ESG PB JE 250 X 200MM
123834	REDUCAO EXCENTRICA PVC P/ ESG PREDIAL DN 100 X 50MM
123835	REDUCAO EXCENTRICA PVC P/ ESG PREDIAL DN 100 X 75MM
123836	REDUCAO EXCENTRICA PVC P/ ESG PREDIAL DN 75 X 50MM
123837	REDUCAO EXCENTRICA PVC, SERIE R, DN 100 X 75 MM, PARA ESGOTO OU AGUAS PLUVIAIS PREDIAIS
123838	REDUCAO EXCENTRICA PVC, SERIE R, DN 150 X 100 MM, PARA ESGOTO OU AGUAS PLUVIAIS PREDIAIS
123839	REDUCAO EXCENTRICA PVC, SERIE R, DN 75 X 50 MM, PARA ESGOTO OU AGUAS PLUVIAIS PREDIAIS
123840	"REDUCAO FIXA TIPO STORZ, ENGATE RAPIDO 2.1/2"" X 1.1/2"", EM LATAO, PARA INSTALACAO PREDIAL COMBATE A INCENDIO PREDIAL"
123841	REDUCAO PVC PBA, JE, BB, DN 75 X 50 / DE 85 X 60 MM, PARA REDE DE AGUA
123842	REDUCAO PVC PBA, JE, PB, DN 100 X 50 / DE 110 X 60 MM, PARA REDE DE AGUA
123843	REDUCAO PVC PBA, JE, PB, DN 100 X 75 / DE 110 X 85 MM, PARA REDE DE AGUA
123844	REDUCAO PVC PBA, JE, PB, DN 75 X 50 / DE 85 X 60 MM, PARA REDE DE AGUA
123845	REFLETOR REDONDO EM ALUMINIO ANODIZADO PARA LAMPADA VAPOR DE MERCURIO/SODIO, CORPO EM ALUMINIO COM PINTURA EPOXI, PARA LAMPADA E-27 DE 300 W, COM SUPORTE REDONDO E ALCA REGULAVEL PARA FIXACAO.
123846	REGISTRO DE ESFERA DE PASSEIO, PVC PARA POLIETILENO, 20 MM
123847	"REGISTRO DE ESFERA PVC, COM BORBOLETA, COM ROSCA EXTERNA, DE 1/2"""
123848	"REGISTRO DE ESFERA PVC, COM BORBOLETA, COM ROSCA EXTERNA, DE 3/4"""
123849	"REGISTRO DE ESFERA PVC, COM CABECA QUADRADA, COM ROSCA EXTERNA, 1/2"""
123850	"REGISTRO DE ESFERA PVC, COM CABECA QUADRADA, COM ROSCA EXTERNA, 3/4"""
123851	"REGISTRO DE ESFERA, PVC, COM VOLANTE, VS, ROSCAVEL, DN 1 1/2"", COM CORPO DIVIDIDO"
123852	"REGISTRO DE ESFERA, PVC, COM VOLANTE, VS, ROSCAVEL, DN 1 1/4"", COM CORPO DIVIDIDO"
123853	"REGISTRO DE ESFERA, PVC, COM VOLANTE, VS, ROSCAVEL, DN 1/2"", COM CORPO DIVIDIDO"
123854	"REGISTRO DE ESFERA, PVC, COM VOLANTE, VS, ROSCAVEL, DN 1"", COM CORPO DIVIDIDO"
123855	"REGISTRO DE ESFERA, PVC, COM VOLANTE, VS, ROSCAVEL, DN 2"", COM CORPO DIVIDIDO"
123856	"REGISTRO DE ESFERA, PVC, COM VOLANTE, VS, ROSCAVEL, DN 3/4"", COM CORPO DIVIDIDO"
123857	REGISTRO DE ESFERA, PVC, COM VOLANTE, VS, SOLDAVEL, DN 20 MM, COM CORPO DIVIDIDO
123858	REGISTRO DE ESFERA, PVC, COM VOLANTE, VS, SOLDAVEL, DN 25 MM, COM CORPO DIVIDIDO
123859	REGISTRO DE ESFERA, PVC, COM VOLANTE, VS, SOLDAVEL, DN 32 MM, COM CORPO DIVIDIDO
123860	REGISTRO DE ESFERA, PVC, COM VOLANTE, VS, SOLDAVEL, DN 40 MM, COM CORPO DIVIDIDO
123861	REGISTRO DE ESFERA, PVC, COM VOLANTE, VS, SOLDAVEL, DN 50 MM, COM CORPO DIVIDIDO
123862	REGISTRO DE ESFERA, PVC, COM VOLANTE, VS, SOLDAVEL, DN 60 MM, COM CORPO DIVIDIDO
123863	"REGISTRO DE PRESSAO PVC, ROSCAVEL, VOLANTE SIMPLES, DE 1/2"""
123864	"REGISTRO DE PRESSAO PVC, ROSCAVEL, VOLANTE SIMPLES, DE 3/4"""
123865	REGISTRO DE PRESSAO PVC, SOLDAVEL, VOLANTE SIMPLES, DE 20 MM
123866	REGISTRO DE PRESSAO PVC, SOLDAVEL, VOLANTE SIMPLES, DE 25 MM
123867	"REGISTRO GAVETA BRUTO EM LATAO FORJADO, BITOLA 1 "" (REF 1509)"
123868	"REGISTRO GAVETA BRUTO EM LATAO FORJADO, BITOLA 1 1/2 "" (REF 1509)"
123869	"REGISTRO GAVETA BRUTO EM LATAO FORJADO, BITOLA 1 1/4 "" (REF 1509)"
123870	"REGISTRO GAVETA BRUTO EM LATAO FORJADO, BITOLA 1/2 "" (REF 1509)"
123871	"REGISTRO GAVETA BRUTO EM LATAO FORJADO, BITOLA 2 "" (REF 1509)"
123872	"REGISTRO GAVETA BRUTO EM LATAO FORJADO, BITOLA 2 1/2 "" (REF 1509)"
123873	"REGISTRO GAVETA BRUTO EM LATAO FORJADO, BITOLA 3 "" (REF 1509)"
123874	"REGISTRO GAVETA BRUTO EM LATAO FORJADO, BITOLA 3/4 "" (REF 1509)"
123875	"REGISTRO GAVETA BRUTO EM LATAO FORJADO, BITOLA 4 "" (REF 1509)"
123876	"REGISTRO GAVETA COM ACABAMENTO E CANOPLA CROMADOS, SIMPLES, BITOLA 1 "" (REF 1509)"
123877	"REGISTRO GAVETA COM ACABAMENTO E CANOPLA CROMADOS, SIMPLES, BITOLA 1 1/2 "" (REF 1509)"
123878	"REGISTRO GAVETA COM ACABAMENTO E CANOPLA CROMADOS, SIMPLES, BITOLA 1 1/4 "" (REF 1509)"
123879	"REGISTRO GAVETA COM ACABAMENTO E CANOPLA CROMADOS, SIMPLES, BITOLA 1/2 "" (REF 1509)"
123880	"REGISTRO GAVETA COM ACABAMENTO E CANOPLA CROMADOS, SIMPLES, BITOLA 3/4 "" (REF 1509)"
123881	REGISTRO OU REGULADOR DE GAS COZINHA, VAZAO DE 2 KG/H, 2,8 KPA
123882	"REGISTRO OU VALVULA GLOBO ANGULAR EM LATAO, PARA HIDRANTES EM INSTALACAO PREDIAL DE INCENDIO, 45 GRAUS, DIAMETRO DE 2 1/2"", COM VOLANTE, CLASSE DE PRESSAO DE ATE 200 PSI"
123883	"REGISTRO PRESSAO BRUTO EM LATAO FORJADO, BITOLA 1/2 "" (REF 1400)"
123884	"REGISTRO PRESSAO BRUTO EM LATAO FORJADO, BITOLA 3/4 "" (REF 1400)"
123885	"REGISTRO PRESSAO COM ACABAMENTO E CANOPLA CROMADA, SIMPLES, BITOLA 1/2 "" (REF 1416)"
123886	"REGISTRO PRESSAO COM ACABAMENTO E CANOPLA CROMADA, SIMPLES, BITOLA 3/4 "" (REF 1416)"
123887	"REGUA DE ALUMINIO PARA PEDREIRO 2 X 1 """
123888	REGUA VIBRADORA DUPLA PARA CONCRETO A GASOLINA 5,5 HP, PESO DE 60 KG, COMPRIMENTO 4 M
123889	REGUA VIBRATORIA DE CONCRETO TRELICADA, EQUIPADA COM MOTOR A GASOLINA DE 9 HP
123890	REJEITO DE MINERIO DE FERRO PARA PAVIMENTACAO (POSTO PEDREIRA/FORNECEDOR, SEM FRETE)
123891	REJUNTE CIMENTICIO, QUALQUER COR
123892	REJUNTE EPOXI, QUALQUER COR
123893	RELE FOTOELETRICO INTERNO E EXTERNO BIVOLT 1000 W, DE CONECTOR, SEM BASE
123894	RELE TERMICO BIMETAL PARA USO EM MOTORES TRIFASICOS, TENSAO 380 V, POTENCIA ATE 15 CV, CORRENTE NOMINAL MAXIMA 22 A
123895	RESINA ACRILICA BASE AGUA - COR BRANCA
123896	RESPIRADOR DESCARTAVEL SEM VALVULA DE EXALACAO, PFF 1
123897	RETARDO PARA CORDEL DETONANTE
123898	RETROESCAVADEIRA SOBRE RODAS COM CARREGADEIRA, TRACAO 4 X 2, POTENCIA LIQUIDA 79 HP, PESO OPERACIONAL MINIMO DE 6570 KG, CAPACIDADE DA CARREGADEIRA DE 1,00 M3 E DA RETROESCAVADEIRA MINIMA DE 0,20 M3, PROFUNDIDADE DE ESCAVACAO MAXIMA DE 4,37 M
123899	RETROESCAVADEIRA SOBRE RODAS COM CARREGADEIRA, TRACAO 4 X 4, POTENCIA LIQUIDA 72 HP, PESO OPERACIONAL MINIMO DE 7140 KG, CAPACIDADE MINIMA DA CARREGADEIRA DE 0,79 M3 E DA RETROESCAVADEIRA MINIMA DE 0,18 M3, PROFUNDIDADE DE ESCAVACAO MAXIMA DE 4,50 M
123900	RETROESCAVADEIRA SOBRE RODAS COM CARREGADEIRA, TRACAO 4 X 4, POTENCIA LIQUIDA 88 HP, PESO OPERACIONAL MINIMO DE 6674 KG, CAPACIDADE DA CARREGADEIRA DE 1,00 M3 E DA RETROESCAVADEIRA MINIMA DE 0,26 M3, PROFUNDIDADE DE ESCAVACAO MAXIMA DE 4,37 M
123901	REVESTIMENTO DE PAREDE EM GRANILITE, MARMORITE OU GRANITINA - ESP = 5 MM (INCLUSO EXECUCAO)
123902	REVESTIMENTO DE PAREDE EM GRANILITE, MARMORITE OU GRANITINA COLORIDO - ESP = 5 MM (INCLUSO EXECUCAO)
123903	REVESTIMENTO EM CERAMICA ESMALTADA COMERCIAL, PEI MENOR OU IGUAL A 3, FORMATO MENOR OU IGUAL A 2025 CM2
123904	REVESTIMENTO EM CERAMICA ESMALTADA EXTRA, PEI MAIOR OU IGUAL 4, FORMATO MAIOR A 2025 CM2
123905	REVESTIMENTO EM CERAMICA ESMALTADA EXTRA, PEI MENOR OU IGUAL A 3, FORMATO MENOR OU IGUAL A 2025 CM2
123906	REVESTIMENTO EPOXI DE ALTA RESISTENCIA QUIMICA, ISENTO DE SOLVENTES, BICOMPONENTE
123907	REVESTIMENTO PARA ESCADA EM GRANILITE, MARMORITE OU GRANITINA ESP = 8 MM (INCLUSO EXECUCAO)
123908	RIPA APARELHADA *1,5 X 5* CM, EM MACARANDUBA, ANGELIM OU EQUIVALENTE DA REGIAO
123909	RIPA NAO APARELHADA *1 X 3* CM, EM MACARANDUBA, ANGELIM OU EQUIVALENTE DA REGIAO - BRUTA
123910	RIPA NAO APARELHADA, *1,5 X 5* CM, EM MACARANDUBA, ANGELIM OU EQUIVALENTE DA REGIAO - BRUTA
123911	ROCADEIRA COSTAL COM MOTOR A GASOLINA DE *32* CC
123912	ROCADEIRA DESLOCAVEL, LARGURA DE TRABALHO DE 1,3 M
123913	RODAFORRO EM PVC, PARA FORRO DE PVC, COMPRIMENTO 6 M
123914	RODAPE ARDOSIA, CINZA, 10 CM, E= *1CM
123915	RODAPE DE BORRACHA LISO, H = 70 MM, E = *2* MM, PARA ARGAMASSA, PRETO
123916	RODAPE DE MADEIRA MACICA CUMARU/IPE CHAMPANHE OU EQUIVALENTE DA REGIAO, *1,5 X 7 CM
123917	RODAPE EM MARMORE, POLIDO, BRANCO COMUM, L= *7* CM, E= *2* CM, CORTE RETO
123918	RODAPE EM POLIESTIRENO, BRANCO, H = *5* CM, E = *1,5* CM
123919	RODAPE OU RODABANCADA EM GRANITO, POLIDO, TIPO ANDORINHA/ QUARTZ/ CASTELO/ CORUMBA OU OUTROS EQUIVALENTES DA REGIAO, H= 10 CM, E= *2,0* CM
123920	RODAPE PLANO PARA PISO VINILICO, H = 5 CM
123921	RODAPE PRE-MOLDADO DE GRANILITE, MARMORITE OU GRANITINA L = 10 CM
123922	RODIZIO TIPO NAPOLEAO PARA JANELAS DE CORRER, EM ZAMAC, COMPRIMENTO DE APROX 60 CM, COM ROLAMENTO EM ACO
123923	RODO PARA CHAO 40 CM COM CABO
123924	ROLDANA CONCAVA DUPLA, 4 RODAS, EM ZAMAC COM CHAPA DE LATAO, ROLAMENTOS EM ACO, PARA PORTAS E JANELAS DE CORRER
123925	ROLDANA CONCAVA DUPLA, 4 RODAS, PARA PORTA DE CORRER, EM ZAMAC COM CHAPA DE ACO, ROLAMENTO INTERNO BLINDADO DE ACO REVESTIDO EM NYLON
123926	ROLDANA PLASTICA COM PREGO, TAMANHO 30 X 30 MM, PARA INSTALACAO ELETRICA APARENTE
123927	ROLO COMPACTADOR DE PNEUS, ESTATICO, PRESSAO VARIAVEL, POTENCIA 110 HP, PESO SEM/COM LASTRO 10,8/27 T, LARGURA DE ROLAGEM 2,30 M
123928	ROLO COMPACTADOR DE PNEUS, ESTATICO, PRESSAO VARIAVEL, POTENCIA 111 HP, PESO SEM/COM LASTRO 9,5/26,0 T, LARGURA DE ROLAGEM 1,90 M
123929	ROLO COMPACTADOR PE DE CARNEIRO VIBRATORIO, POTENCIA 125 HP, PESO OPERACIONAL SEM/COM LASTRO 11,95/13,30 T, IMPACTO DINAMICO 38,5/22,5 T, LARGURA DE TRABALHO 2,15 M
123930	ROLO COMPACTADOR PE DE CARNEIRO VIBRATORIO, POTENCIA 80 HP, PESO OPERACIONAL SEM/COM LASTRO 7,4/8,8 T, LARGURA DE TRABALHO 1,68 M
123931	ROLO COMPACTADOR VIBRATORIO DE UM CILINDRO LISO DE ACO, POTENCIA 125 HP, PESO SEM/COM LASTRO 10,75/12,92 T, IMPACTO DINAMICO 31,5/18,5 T, LARGURA TRABALHO 2,15 M
123932	ROLO COMPACTADOR VIBRATORIO DE UM CILINDRO, ACO LISO, POTENCIA 80 HP, PESO OPERACIONAL MAXIMO 8,1 T, IMPACTO DINAMICO 16,15/9,5 T, LARGURA TRABALHO 1,68 M
123933	ROLO COMPACTADOR VIBRATORIO PE DE CARNEIRO, COM CONTROLE REMOTO POR RADIO, POTENCIA 12,5 KW, PESO OPERACIONAL DE 1,675 T, LARGURA DE TRABALHO 0,85 M
123934	ROLO COMPACTADOR VIBRATORIO REBOCAVEL, CILINDRO DE ACO LISO, POTENCIA DE TRACAO DE 65 CV, PESO DE 4,7 T, IMPACTO DINAMICO TOTAL DE 18,3 T, LARGURA DO ROLO 1,67 M
123935	ROLO COMPACTADOR VIBRATORIO TANDEM, ACO LISO, POTENCIA 125 HP, PESO SEM/COM LASTRO 10,20/11,65 T, LARGURA DE TRABALHO 1,73 M
123936	ROLO COMPACTADOR VIBRATORIO TANDEM, ACO LISO, POTENCIA 58 CV, PESO SEM/COM LASTRO 6,5/9,4 T, LARGURA DE TRABALHO 1,20 M
123937	ROLO DE ESPUMA POLIESTER 23 CM (SEM CABO)
123938	ROLO DE LA DE CARNEIRO 23 CM (SEM CABO)
123939	ROMPEDOR ELETRICO PESO 26 KG, POTENCIA OPERACIONAL DE 2,5 KW
123940	ROSETA QUADRADA, SEM FUROS, EM ACO INOX POLIDO, LARGURA APROXIMADA DE 50 MM, PARA FECHADURA DE PORTA - PARAFUSOS INCLUIDOS
123941	ROSETA REDONDA DE SOBREPOR, SEM FUROS, EM ACO INOX POLIDO, DIAMETRO APROXIMADO DE 50 MM, PARA FECHADURA DE PORTA - PARAFUSOS INCLUIDOS
123942	ROTACAO DIAGONAL DUPLA, APARELHO TRIPLO, EM TUBO DE ACO CARBONO, PINTURA NO PROCESSO ELETROSTATICO - EQUIPAMENTO DE GINASTICA PARA ACADEMIA AO AR LIVRE / ACADEMIA DA TERCEIRA IDADE - ATI
123943	ROTACAO VERTICAL DUPLO, EM TUBO DE ACO CARBONO, PINTURA NO PROCESSO ELETROSTATICO - EQUIPAMENTO DE GINASTICA PARA ACADEMIA AO AR LIVRE / ACADEMIA DA TERCEIRA IDADE - ATI
123944	RUFO EXTERNO DE CHAPA DE ACO GALVANIZADA NUM 26, CORTE 25 CM
123945	RUFO EXTERNO DE CHAPA DE ACO GALVANIZADA NUM 26, CORTE 28 CM
123946	RUFO EXTERNO/INTERNO DE CHAPA DE ACO GALVANIZADA NUM 26, CORTE 33 CM
123947	RUFO INTERNO DE CHAPA DE ACO GALVANIZADA NUM 26, CORTE 50 CM
123948	RUFO INTERNO/EXTERNO DE CHAPA DE ACO GALVANIZADA NUM 24, CORTE 25 CM
123949	RUFO PARA TELHA ESTRUTURAL DE FIBROCIMENTO 1 ABA (SEM AMIANTO)
123950	RUFO PARA TELHA ESTRUTURAL DE FIBROCIMENTO 2 ABAS, COMPRIMENTO DE 1031 MM (SEM AMIANTO)
123951	RUFO PARA TELHA ONDULADA DE FIBROCIMENTO, E = 6 MM, ABA *260* MM, COMPRIMENTO 1100 MM (SEM AMIANTO)
123952	SABONETEIRA DE PAREDE EM METAL CROMADO
123953	SABONETEIRA PLASTICA TIPO DISPENSER PARA SABONETE LIQUIDO COM RESERVATORIO 800 A 1500 ML
123954	SACO DE RAFIA PARA ENTULHO, NOVO, LISO (SEM CLICHE), *60 x 90* CM
123955	SAIBRO PARA ARGAMASSA (COLETADO NO COMERCIO)
123956	"SAPATA DE PVC ADITIVADO NERVURADO D = 6"""
123957	"SAPATA DE PVC ADITIVADO NERVURADO D = 8"""
123958	"SAPATILHA EM ACO GALVANIZADO PARA CABOS COM DIAMETRO NOMINAL ATE 5/8"""
123959	SARRAFO *2,5 X 10* CM EM PINUS, MISTA OU EQUIVALENTE DA REGIAO - BRUTA
123960	SARRAFO *2,5 X 5* CM EM PINUS, MISTA OU EQUIVALENTE DA REGIAO - BRUTA
123961	SARRAFO *2,5 X 7,5* CM EM PINUS, MISTA OU EQUIVALENTE DA REGIAO - BRUTA
123962	SARRAFO APARELHADO *2 X 10* CM, EM MACARANDUBA, ANGELIM OU EQUIVALENTE DA REGIAO
123963	SARRAFO NAO APARELHADO *2,5 X 10* CM, EM MACARANDUBA, ANGELIM OU EQUIVALENTE DA REGIAO - BRUTA
123964	SARRAFO NAO APARELHADO *2,5 X 7* CM, EM MACARANDUBA, ANGELIM OU EQUIVALENTE DA REGIAO - BRUTA
123965	SARRAFO NAO APARELHADO 2,5 X 5 CM, EM MACARANDUBA, ANGELIM OU EQUIVALENTE DA REGIAO - BRUTA
123966	SEGURO - HORISTA (COLETADO CAIXA)
123967	SEGURO - MENSALISTA (COLETADO CAIXA)
123968	SEIXO ROLADO PARA APLICACAO EM CONCRETO (POSTO PEDREIRA/FORNECEDOR, SEM FRETE)
123969	SELADOR ACRILICO PAREDES INTERNAS/EXTERNAS
123970	"SELADOR HORIZONTAL PARA FITA DE ACO 1 """
123971	SELANTE A BASE DE ALCATRAO E POLIURETANO PARA JUNTAS HORIZONTAIS
123972	SELANTE ACRILICO PARA TRATAMENTO / ACABAMENTO SUPERFICIAL DE CONCRETO ESTAMPADO, APARENTE, PEDRAS E OUTROS
123973	SELANTE DE BASE ASFALTICA PARA VEDACAO
123974	SELANTE ELASTICO MONOCOMPONENTE A BASE DE POLIURETANO (PU) PARA JUNTAS DIVERSAS
123975	SELANTE MONOCOMPONENTE A BASE DE SILICONE DE BAIXO MODULO, PARA JUNTAS DE PAVIMENTACAO
123976	SELANTE TIPO VEDA CALHA PARA METAL E FIBROCIMENTO
123977	SELIM COMPACTO EM PVC, SEM TRAVA, DN 150 X 100 MM, PARA REDE COLETORA ESGOTO (NBR 10569)
123978	SELIM COMPACTO EM PVC, SEM TRAVA, DN 200 X 100 MM, PARA REDE COLETORA ESGOTO (NBR 10569)
123979	SELIM COMPACTO EM PVC, SEM TRAVAS, DN 300 X 100 MM, PARA REDE COLETORA ESGOTO (NBR 10569)
123980	SELIM PVC, COM TRAVA, JE, 90 GRAUS, DN 125 X 100 MM OU 150 X 100 MM, PARA REDE COLETORA ESGOTO (NBR 10569)
123981	SELIM PVC, SOLDAVEL, SEM TRAVA, JE, 90 GRAUS, DN 200 X 100 MM, PARA REDE COLETORA ESGOTO (NBR 10569)
123982	SEMIRREBOQUE COM DOIS EIXOS EM TANDEM TIPO BASCULANTE COM CACAMBA METALICA 14 M3 (INCLUI MONTAGEM, NAO INCLUI CAVALO MECANICO)
123983	SEMIRREBOQUE COM TRES EIXOS EM TANDEM TIPO BASCULANTE COM CACAMBA METALICA 18 M3 (INCLUI MONTAGEM, NAO INCLUI CAVALO MECANICO)
123984	SEMIRREBOQUE COM TRES EIXOS, PARA TRANSPORTE DE CARGA SECA, DIMENSOES APROXIMADAS 2,60 X 12,50 X 0,50 M (NAO INCLUI CAVALO MECANICO)
123985	SENSOR DE PRESENCA BIVOLT COM FOTOCELULA PARA QUALQUER TIPO DE LAMPADA, POTENCIA MAXIMA *1000* W, USO EXTERNO
123986	SENSOR DE PRESENCA BIVOLT DE PAREDE COM FOTOCELULA PARA QUALQUER TIPO DE LAMPADA POTENCIA MAXIMA *1000* W, USO INTERNO
123987	SENSOR DE PRESENCA BIVOLT DE PAREDE SEM FOTOCELULA PARA QUALQUER TIPO DE LAMPADA POTENCIA MAXIMA *1000* W, USO INTERNO
123988	SENSOR DE PRESENCA BIVOLT DE TETO COM FOTOCELULA PARA QUALQUER TIPO DE LAMPADA POTENCIA MAXIMA *1000* W, USO INTERNO
123989	SENSOR DE PRESENCA BIVOLT DE TETO SEM FOTOCELULA PARA QUALQUER TIPO DE LAMPADA POTENCIA MAXIMA *900* W, USO INTERNO
123990	"SERRA CIRCULAR DE BANCADA COM MOTOR ELETRICO, POTENCIA DE *1600* W, PARA DISCO DE DIAMETRO DE 10"" (250 MM)"
123991	SERRA CIRCULAR DE BANCADA, MODELO PICA-PAU, DIAMETRO DE 350 MM. CARACTERISTICAS DO MOTOR: TRIFASICO, POTENCIA DE 5 HP, FREQUENCIA DE 60 HZ
123992	SERRALHEIRO
123993	SERRALHEIRO (MENSALISTA)
123994	SERVENTE DE OBRAS
123995	SERVENTE DE OBRAS (MENSALISTA)
123996	SERVICO DE BOMBEAMENTO DE CONCRETO COM CONSUMO MINIMO DE 40 M3
123997	"SIFAO EM METAL CROMADO PARA PIA AMERICANA, 1.1/2 X 1.1/2 """
123998	"SIFAO EM METAL CROMADO PARA PIA AMERICANA, 1.1/2 X 2 """
123999	"SIFAO EM METAL CROMADO PARA PIA OU LAVATORIO, 1 X 1.1/2 """
124000	"SIFAO EM METAL CROMADO PARA TANQUE, 1.1/4 X 1.1/2 """
124001	SIFAO PLASTICO EXTENSIVEL UNIVERSAL, TIPO COPO
124002	"SIFAO PLASTICO FLEXIVEL SAIDA VERTICAL PARA COLUNA LAVATORIO, 1 X 1.1/2 """
124003	"SIFAO PLASTICO TIPO COPO PARA PIA AMERICANA 1.1/2 X 1.1/2 """
124004	"SIFAO PLASTICO TIPO COPO PARA PIA OU LAVATORIO, 1 X 1.1/2 """
124005	"SIFAO PLASTICO TIPO COPO PARA TANQUE, 1.1/4 X 1.1/2 """
124007	SILICONE ACETICO USO GERAL INCOLOR 280 G
124008	SIMULADOR DE CAMINHADA TRIPLO, EM TUBO DE ACO CARBONO, PINTURA NO PROCESSO ELETROSTATICO - EQUIPAMENTO DE GINASTICA PARA ACADEMIA AO AR LIVRE / ACADEMIA DA TERCEIRA IDADE - ATI
124009	SIMULADOR DE CAVALGADA TRIPLO, EM TUBO DE ACO CARBONO, PINTURA NO PROCESSO ELETROSTATICO - EQUIPAMENTO DE GINASTICA PARA ACADEMIA AO AR LIVRE / ACADEMIA DA TERCEIRA IDADE - ATI
124010	SIMULADOR DE REMO INDIVIDUAL, EM TUBO DE ACO CARBONO, PINTURA NO PROCESSO ELETROSTATICO - EQUIPAMENTO DE GINASTICA PARA ACADEMIA AO AR LIVRE / ACADEMIA DA TERCEIRA IDADE - ATI
124011	SINALIZADOR NOTURNO SIMPLES PARA PARA-RAIOS, SEM RELE FOTOELETRICO
124012	SISAL EM FIBRA
124013	SOLDA EM BARRA DE ESTANHO-CHUMBO 50/50
124014	SOLDA EM VARETA FOSCOPER, D = *2,5* MM X COMPRIMENTO 500 MM
124015	SOLDA ESTANHO/COBRE PARA CONEXOES DE COBRE, FIO 2,5 MM, CARRETEL 500 GR (SEM CHUMBO)
124016	SOLDADOR
124017	SOLDADOR (MENSALISTA)
124018	"SOLDADOR ELETRICO (PARA SOLDA A SER TESTADA COM RAIOS ""X"")"
124019	"SOLDADOR ELETRICO (PARA SOLDA A SER TESTADA COM RAIOS ""X"") (MENSALISTA)"
124020	SOLEIRA EM GRANITO, POLIDO, TIPO ANDORINHA/ QUARTZ/ CASTELO/ CORUMBA OU OUTROS EQUIVALENTES DA REGIAO, L= *15* CM, E= *2,0* CM
124021	SOLEIRA PRE-MOLDADA EM GRANILITE, MARMORITE OU GRANITINA, L = *15 CM
124022	SOLEIRA/ PEITORIL EM MARMORE, POLIDO, BRANCO COMUM, L= *15* CM, E= *2* CM, CORTE RETO
124023	SOLEIRA/ TABEIRA EM MARMORE, POLIDO, BRANCO COMUM, L= 5 CM, E= *2,0* CM
124024	SOLUCAO ASFALTICA ELASTOMERICA PARA IMPRIMACAO, APLICACAO A FRIO
124025	SOLUCAO LIMPADORA PARA PVC, FRASCO COM 1000 CM3
124026	SOLVENTE DILUENTE A BASE DE AGUARRAS
124027	SOLVENTE PARA COLA (PARA LAMINADO MELAMINICO) A BASE DE RESINA SINTETICA
124028	SOQUETE DE BAQUELITE BASE E27, PARA LAMPADAS
124029	SOQUETE DE PORCELANA BASE E27, FIXO DE TETO, PARA LAMPADAS
124030	SOQUETE DE PORCELANA BASE E27, PARA USO AO TEMPO, PARA LAMPADAS
124031	SOQUETE DE PVC / TERMOPLASTICO BASE E27, COM CHAVE, PARA LAMPADAS
124032	SOQUETE DE PVC / TERMOPLASTICO BASE E27, COM RABICHO, PARA LAMPADAS
124033	"SPRINKLER TIPO PENDENTE, 68 GRAUS CELSIUS (BULBO VERMELHO), ACABAMENTO CROMADO, 1/2"" - 15 MM"
124034	"SPRINKLER TIPO PENDENTE, 68 GRAUS CELSIUS (BULBO VERMELHO), ACABAMENTO CROMADO, 3/4"" - 20 MM"
124035	"SPRINKLER TIPO PENDENTE, 68 GRAUS CELSIUS (BULBO VERMELHO), ACABAMENTO NATURAL, 1/2"" - 15 MM"
124036	"SPRINKLER TIPO PENDENTE, 68 GRAUS CELSIUS (BULBO VERMELHO), ACABAMENTO NATURAL, 3/4"" - 20 MM"
124037	"SPRINKLER TIPO PENDENTE, 79 GRAUS CELSIUS (BULBO AMARELO), ACABAMENTO CROMADO, 3/4"" - 20 MM"
124038	"SPRINKLER TIPO PENDENTE, 79 GRAUS CELSIUS (BULBO AMARELO), ACABAMENTO NATURAL, 3/4"" - 20 MM"
124039	"SPRINKLER TIPO PENDENTE, 79 GRAUS CELSIUS (BULBO AMARELO,) ACABAMENTO NATURAL OU CROMADO, 1/2"" - 15 MM"
124040	"SUPORTE ""Y"" PARA FITA PERFURADA"
124041	"SUPORTE DE FIXACAO PARA ESPELHO / PLACA 4"" X 2"", PARA 3 MODULOS, PARA INSTALACAO DE TOMADAS E INTERRUPTORES (SOMENTE SUPORTE)"
124042	"SUPORTE DE FIXACAO PARA ESPELHO / PLACA 4"" X 4"", PARA 6 MODULOS, PARA INSTALACAO DE TOMADAS E INTERRUPTORES (SOMENTE SUPORTE)"
124043	SUPORTE DE PVC PARA CALHA PLUVIAL, DIAMETRO ENTRE 119 E 170 MM, PARA DRENAGEM PREDIAL
124044	"SUPORTE EM ACO GALVANIZADO PARA TRANSFORMADOR PARA POSTE DUPLO T 185 X 95 MM, CHAPA DE 5/16"""
124045	SUPORTE GUIA SIMPLES COM ROLDANA EM POLIPROPILENO PARA CHUMBAR, H = 20 CM
124046	"SUPORTE ISOLADOR REFORCADO DIAMETRO NOMINAL 5/16"", COM ROSCA SOBERBA E BUCHA"
124047	"SUPORTE ISOLADOR SIMPLES DIAMETRO NOMINAL 5/16"", COM ROSCA SOBERBA E BUCHA"
124048	SUPORTE MAO-FRANCESA EM ACO, ABAS IGUAIS 30 CM, CAPACIDADE MINIMA 60 KG, BRANCO
124049	SUPORTE MAO-FRANCESA EM ACO, ABAS IGUAIS 40 CM, CAPACIDADE MINIMA 70 KG, BRANCO
124050	SUPORTE METALICO PARA CALHA PLUVIAL, ZINCADO, DOBRADO, DIAMETRO ENTRE 119 E 170 MM, PARA DRENAGEM PREDIAL
124051	SUPORTE PARA CALHA DE 150 MM EM FERRO GALVANIZADO
124052	"SUPORTE PARA TUBO DIAMETRO NOMINAL 2"", COM ROSCA MECANICA"
124053	SURF DUPLO, EM TUBO DE ACO CARBONO, PINTURA NO PROCESSO ELETROSTATICO - EQUIPAMENTO DE GINASTICA PARA ACADEMIA AO AR LIVRE / ACADEMIA DA TERCEIRA IDADE - ATI
124054	TABUA NAO APARELHADA *2,5 X 20* CM, EM MACARANDUBA, ANGELIM OU EQUIVALENTE DA REGIAO - BRUTA
124055	TABUA *2,5 X 15 CM EM PINUS, MISTA OU EQUIVALENTE DA REGIAO - BRUTA
124056	TABUA *2,5 X 23* CM EM PINUS, MISTA OU EQUIVALENTE DA REGIAO - BRUTA
124057	TABUA *2,5 X 30 CM EM PINUS, MISTA OU EQUIVALENTE DA REGIAO - BRUTA
124058	TABUA APARELHADA *2,5 X 15* CM, EM MACARANDUBA, ANGELIM OU EQUIVALENTE DA REGIAO
124059	TABUA APARELHADA *2,5 X 25* CM, EM MACARANDUBA, ANGELIM OU EQUIVALENTE DA REGIAO
124060	TABUA APARELHADA *2,5 X 30* CM, EM MACARANDUBA, ANGELIM OU EQUIVALENTE DA REGIAO
124061	TABUA DE MADEIRA PARA PISO, CUMARU/IPE CHAMPANHE OU EQUIVALENTE DA REGIAO, ENCAIXE MACHO/FEMEA, *10 X 2* CM
124062	TABUA DE MADEIRA PARA PISO, CUMARU/IPE CHAMPANHE OU EQUIVALENTE DA REGIAO, ENCAIXE MACHO/FEMEA, *15 X 2* CM
124063	TABUA DE MADEIRA PARA PISO, IPE (CERNE) OU EQUIVALENTE DA REGIAO, ENCAIXE MACHO/FEMEA, *20 X 2* CM
124064	TABUA NAO APARELHADA *2,5 X 15* CM, EM MACARANDUBA, ANGELIM OU EQUIVALENTE DA REGIAO - BRUTA
124065	TABUA NAO APARELHADA *2,5 X 30* CM, EM MACARANDUBA, ANGELIM OU EQUIVALENTE DA REGIAO - BRUTA
124066	TACO DE MADEIRA PARA PISO, IPE (CERNE) OU EQUIVALENTE DA REGIAO, 7 X 42 CM, E = 2 CM
124067	TALABARTE DE SEGURANCA, 2 MOSQUETOES TRAVA DUPLA *53* MM DE ABERTURA, COM ABSORVEDOR DE ENERGIA
124068	TALHA ELETRICA 3 T, VELOCIDADE 2,1 M / MIN, POTENCIA 1,3 KW
124069	TALHA MANUAL DE CORRENTE, CAPACIDADE DE 1 T COM ELEVACAO DE 3 M
124070	TALHA MANUAL DE CORRENTE, CAPACIDADE DE 2 T COM ELEVACAO DE 3 M
124071	TALHADEIRA COM PUNHO DE PROTECAO *20 X 250* MM
124072	"TAMPA CEGA EM PVC PARA CONDULETE 4 X 2"""
124073	TAMPA DE CONCRETO ARMADO PARA FOSSA SEPTICA, DIAMETRO NOMINAL DE 3,00 M E ESPESSURA MINIMA DE 100 MM
124074	TAMPA DE CONCRETO ARMADO PARA FOSSA, D = *0,90* M, E = 0,05 M
124075	TAMPA DE CONCRETO ARMADO PARA FOSSA, D = *1,10* M, E = 0,05 M
124076	TAMPA DE CONCRETO ARMADO PARA FOSSA, D = *1,35* M, E = 0,05 M
124077	TAMPA DE CONCRETO ARMADO PARA FOSSA, D = 1,50 M, E = 0,05 M
124078	TAMPA DE CONCRETO ARMADO PARA FOSSA, D = 2,00 M, E = 0,05 M
124079	TAMPA DE CONCRETO ARMADO PARA FOSSA, D = 2,50 M, E = 0,05 M
124080	TAMPA DE CONCRETO ARMADO PARA POCO DE INSPECAO, COM FURO E TAMPINHA, DIAMETRO NOMINAL DE 3,00 M E ESPESSURA MINIMA DE 100 MM
124081	TAMPA DE CONCRETO ARMADO PARA POCO, COM FURO E TAMPINHA, D = *0,90* M, E = 0,05 M
124082	TAMPA DE CONCRETO ARMADO PARA POCO, COM FURO E TAMPINHA, D = *1,10* M, E = 0,05 M
124083	TAMPA DE CONCRETO ARMADO PARA POCO, COM FURO E TAMPINHA, D = *1,35* M, E = 0,05 M
124084	TAMPA DE CONCRETO ARMADO PARA POCO, COM FURO E TAMPINHA, D = 1,50 M, E = 0,05 M
124085	TAMPA DE CONCRETO ARMADO PARA POCO, COM FURO E TAMPINHA, D = 2,00 M, E = 0,05 M
124086	TAMPA DE CONCRETO ARMADO PARA POCO, COM FURO E TAMPINHA, D = 2,50 M, E = 0,05 M
124087	TAMPA PARA CONDULETE, EM PVC, PARA TOMADA HEXAGONAL
124088	TAMPA PARA CONDULETE, EM PVC, PARA 1 INTERRUPTOR
124089	TAMPA PARA CONDULETE, EM PVC, PARA 1 MODULO RJ
124090	TAMPA PARA CONDULETE, EM PVC, PARA 2 MODULOS RJ
124091	"TAMPAO / CAP, ROSCA FEMEA, METALICO, PARA TUBO PEX, DN 1/2"""
124092	"TAMPAO / CAP, ROSCA FEMEA, METALICO, PARA TUBO PEX, DN 3/4"""
124093	"TAMPAO / CAP, ROSCA MACHO, PARA TUBO PEX, DN 1/2"""
124094	"TAMPAO / CAP, ROSCA MACHO, PARA TUBO PEX, DN 1"""
124095	"TAMPAO / CAP, ROSCA MACHO, PARA TUBO PEX, DN 3/4"""
124096	"TAMPAO / TERMINAL / PLUG, D = 1 1/4"" , PARA DUTO CORRUGADO PEAD (CABEAMENTO SUBTERRANEO)"
124097	"TAMPAO / TERMINAL / PLUG, D = 2"" , PARA DUTO CORRUGADO PEAD (CABEAMENTO SUBTERRANEO)"
124098	"TAMPAO / TERMINAL / PLUG, D = 3"" , PARA DUTO CORRUGADO PEAD (CABEAMENTO SUBTERRANEO)"
124099	"TAMPAO / TERMINAL / PLUG, D = 4"" , PARA DUTO CORRUGADO PEAD (CABEAMENTO SUBTERRANEO)"
124100	"TAMPAO COM CORRENTE, EM LATAO, ENGATE RAPIDO 1 1/2"", PARA INSTALACAO PREDIAL DE COMBATE A INCENDIO"
124101	"TAMPAO COM CORRENTE, EM LATAO, ENGATE RAPIDO 2 1/2"", PARA INSTALACAO PREDIAL DE COMBATE A INCENDIO"
124102	TAMPAO COMPLETO PARA TIL, EM PVC, OCRE, DN 100 MM, PARA REDE COLETORA DE ESGOTO
124103	TAMPAO COMPLETO PARA TIL, EM PVC, OCRE, DN 150 MM, PARA REDE COLETORA DE ESGOTO
124104	TAMPAO COMPLETO PARA TIL, EM PVC, OCRE, DN 200 MM, PARA REDE COLETORA DE ESGOTO
124105	TAMPAO COMPLETO PARA TIL, EM PVC, OCRE, DN 250 MM, PARA REDE COLETORA DE ESGOTO
124106	TAMPAO FOFO ARTICULADO P/ REGISTRO, CLASSE A15 CARGA MAX 1,5 T, *200 X 200* MM
124107	TAMPAO FOFO ARTICULADO P/ REGISTRO, CLASSE A15 CARGA MAXIMA 1,5 T, *400 X 400* MM
124108	TAMPAO FOFO ARTICULADO, CLASSE B125 CARGA MAX 12,5 T, REDONDO TAMPA 600 MM, REDE PLUVIAL/ESGOTO
124109	TAMPAO FOFO ARTICULADO, CLASSE D400 CARGA MAX 40 T, REDONDO TAMPA *600 MM, REDE PLUVIAL/ESGOTO
124110	TAMPAO FOFO SIMPLES COM BASE, CLASSE A15 CARGA MAX 1,5 T, *400 X 600* MM, REDE TELEFONE
124111	TAMPAO FOFO SIMPLES COM BASE, CLASSE A15 CARGA MAX 1,5 T, 300 X 300 MM, REDE PLUVIAL/ESGOTO
124112	TAMPAO FOFO SIMPLES COM BASE, CLASSE A15 CARGA MAX 1,5 T, 400 X 400 MM, REDE PLUVIAL/ESGOTO/ELETRICA
124113	TAMPAO FOFO SIMPLES COM BASE, CLASSE B125 CARGA MAX 12,5 T, REDONDO TAMPA 500 MM, REDE PLUVIAL/ESGOTO
124114	TAMPAO FOFO SIMPLES COM BASE, CLASSE B125 CARGA MAX 12,5 T, REDONDO TAMPA 600 MM, REDE PLUVIAL/ESGOTO
124115	TAMPAO FOFO SIMPLES COM BASE, CLASSE D400 CARGA MAX 40 T, REDONDO TAMPA 600 MM, REDE PLUVIAL/ESGOTO
124116	TAMPAO FOFO SIMPLES COM BASE, CLASSE D400 CARGA MAX 40 T, REDONDO TAMPA 900 MM, REDE PLUVIAL/ESGOTO
124117	TAMPAO FOFO SIMPLES, CLASSE A15 CARGA MAX 1,5 T, *550 X 1100* MM, REDE TELEFONE
124118	TAMPAO PARA TELHA ESTRUTURAL DE FIBROCIMENTO 1 ABA, DE 370 X 155 X 76 MM (SEM AMIANTO)
124119	TAMPAO PARA TELHA ESTRUTURAL DE FIBROCIMENTO 2 ABAS, DE 787 X 215 X 60 MM (SEM AMIANTO)
124120	TANQUE ACO INOXIDAVEL (ACO 304) COM ESFREGADOR E VALVULA, DE *50 X 40 X 22* CM
124121	TANQUE DE ACO CARBONO NAO REVESTIDO, PARA TRANSPORTE DE AGUA COM CAPACIDADE DE 10 M3, COM BOMBA CENTRIFUGA POR TOMADA DE FORCA, VAZAO MAXIMA *75* M3/H (INCLUI MONTAGEM, NAO INCLUI CAMINHAO)
124122	TANQUE DE ACO PARA TRANSPORTE DE AGUA COM CAPACIDADE DE 14 M3 (INCLUI MONTAGEM, NAO INCLUI CAMINHAO)
124123	TANQUE DE ACO PARA TRANSPORTE DE AGUA COM CAPACIDADE DE 4 M3 (INCLUI MONTAGEM, NAO INCLUI CAMINHAO)
124124	TANQUE DE ACO PARA TRANSPORTE DE AGUA COM CAPACIDADE DE 6 M3 (INCLUI MONTAGEM, NAO INCLUI CAMINHAO)
124125	TANQUE DE ACO PARA TRANSPORTE DE AGUA COM CAPACIDADE DE 8 M3 (INCLUI MONTAGEM, NAO INCLUI CAMINHAO)
124126	TANQUE DE ASFALTO ESTACIONARIO COM MACARICO, CAPACIDADE 20.000 L
124127	TANQUE DE ASFALTO ESTACIONARIO COM SERPENTINA, CAPACIDADE 20.000 L
124128	TANQUE DE ASFALTO ESTACIONARIO COM SERPENTINA, CAPACIDADE 30.000 L
124129	TANQUE DE LOUCA BRANCA, COM COLUNA, *30* L
124130	TANQUE DE LOUCA BRANCA, SUSPENSO, *20* L
124131	TANQUE DUPLO EM MARMORE SINTETICO COM CUBA LISA E ESFREGADOR, *110 X 60* CM
124132	TANQUE SIMPLES EM MARMORE SINTETICO COM COLUNA, CAPACIDADE *22* L, *60 X 46* CM
124133	TANQUE SIMPLES EM MARMORE SINTETICO DE FIXAR NA PAREDE, CAPACIDADE *22* L, *60 X 46* CM
124134	TANQUE SIMPLES EM MARMORE SINTETICO SUSPENSO, CAPACIDADE *38* L, *60 X 60* CM
124135	TAQUEADOR OU TAQUEIRO
124136	TAQUEADOR OU TAQUEIRO (MENSALISTA)
124137	"TARIFA ""A"" ENTRE 0 E 20M3 FORNECIMENTO D'AGUA"
124138	TARJETA LIVRE / OCUPADO PARA PORTA DE BANHEIRO, CORPO EM ZAMAC E ESPELHO EM LATAO
124139	TE CPVC, SOLDAVEL, 90 GRAUS, 15 MM, PARA AGUA QUENTE PREDIAL
124140	TE CPVC, SOLDAVEL, 90 GRAUS, 22 MM, PARA AGUA QUENTE PREDIAL
124141	TE CPVC, SOLDAVEL, 90 GRAUS, 28 MM, PARA AGUA QUENTE PREDIAL
124142	TE CPVC, SOLDAVEL, 90 GRAUS, 35 MM, PARA AGUA QUENTE PREDIAL
124143	TE CPVC, SOLDAVEL, 90 GRAUS, 42 MM, PARA AGUA QUENTE PREDIAL
124144	TE CPVC, SOLDAVEL, 90 GRAUS, 54 MM, PARA AGUA QUENTE PREDIAL
124145	TE CPVC, SOLDAVEL, 90 GRAUS, 73 MM, PARA AGUA QUENTE PREDIAL
124146	TE CPVC, SOLDAVEL, 90 GRAUS, 89 MM, PARA AGUA QUENTE PREDIAL
124147	TE DE COBRE (REF 611) SEM ANEL DE SOLDA, BOLSA X BOLSA X BOLSA, 104 MM
124148	TE DE COBRE (REF 611) SEM ANEL DE SOLDA, BOLSA X BOLSA X BOLSA, 15 MM
124149	TE DE COBRE (REF 611) SEM ANEL DE SOLDA, BOLSA X BOLSA X BOLSA, 22 MM
124150	TE DE COBRE (REF 611) SEM ANEL DE SOLDA, BOLSA X BOLSA X BOLSA, 28 MM
124151	TE DE COBRE (REF 611) SEM ANEL DE SOLDA, BOLSA X BOLSA X BOLSA, 35 MM
124152	TE DE COBRE (REF 611) SEM ANEL DE SOLDA, BOLSA X BOLSA X BOLSA, 42 MM
124153	TE DE COBRE (REF 611) SEM ANEL DE SOLDA, BOLSA X BOLSA X BOLSA, 54 MM
124154	TE DE COBRE (REF 611) SEM ANEL DE SOLDA, BOLSA X BOLSA X BOLSA, 66 MM
124155	TE DE COBRE (REF 611) SEM ANEL DE SOLDA, BOLSA X BOLSA X BOLSA, 79 MM
124156	"TE DE FERRO GALVANIZADO, DE 1 1/2"""
124157	"TE DE FERRO GALVANIZADO, DE 1 1/4"""
124158	"TE DE FERRO GALVANIZADO, DE 1/2"""
124159	"TE DE FERRO GALVANIZADO, DE 1"""
124160	"TE DE FERRO GALVANIZADO, DE 2 1/2"""
124161	"TE DE FERRO GALVANIZADO, DE 2"""
124162	"TE DE FERRO GALVANIZADO, DE 3/4"""
124163	"TE DE FERRO GALVANIZADO, DE 3"""
124164	"TE DE FERRO GALVANIZADO, DE 4"""
124165	"TE DE FERRO GALVANIZADO, DE 5"""
124166	"TE DE FERRO GALVANIZADO, DE 6"""
124167	TE DE INSPECAO, PVC, 100 X 75 MM, SERIE NORMAL PARA ESGOTO PREDIAL
124168	TE DE INSPECAO, PVC, SERIE R, 100 X 75 MM, PARA ESGOTO OU AGUAS PLUVIAIS PREDIAIS
124169	TE DE INSPECAO, PVC, SERIE R, 150 X 100 MM, PARA ESGOTO OU AGUAS PLUVIAIS PREDIAIS
124170	TE DE INSPECAO, PVC, SERIE R, 75 X 75 MM, PARA ESGOTO OU AGUAS PLUVIAIS PREDIAIS
124171	"TE DE REDUCAO COM ROSCA, PVC, 90 GRAUS, 1 X 3/4"", PARA AGUA FRIA PREDIAL"
124172	"TE DE REDUCAO COM ROSCA, PVC, 90 GRAUS, 3/4 X 1/2"", PARA AGUA FRIA PREDIAL"
124173	"TE DE REDUCAO DE FERRO GALVANIZADO, COM ROSCA BSP, DE 1 1/2"" X 1"""
124174	"TE DE REDUCAO DE FERRO GALVANIZADO, COM ROSCA BSP, DE 1 1/2"" X 3/4"""
124175	"TE DE REDUCAO DE FERRO GALVANIZADO, COM ROSCA BSP, DE 1 1/4"" X 3/4"""
124176	"TE DE REDUCAO DE FERRO GALVANIZADO, COM ROSCA BSP, DE 1"" X 1/2"""
124177	"TE DE REDUCAO DE FERRO GALVANIZADO, COM ROSCA BSP, DE 1"" X 3/4"""
124178	"TE DE REDUCAO DE FERRO GALVANIZADO, COM ROSCA BSP, DE 2 1/2"" X 1 1/2"""
124179	"TE DE REDUCAO DE FERRO GALVANIZADO, COM ROSCA BSP, DE 2 1/2"" X 1 1/4"""
124180	"TE DE REDUCAO DE FERRO GALVANIZADO, COM ROSCA BSP, DE 2 1/2"" X 1"""
124181	"TE DE REDUCAO DE FERRO GALVANIZADO, COM ROSCA BSP, DE 2 1/2"" X 2"""
124182	"TE DE REDUCAO DE FERRO GALVANIZADO, COM ROSCA BSP, DE 2"" X 1 1/2"""
124183	"TE DE REDUCAO DE FERRO GALVANIZADO, COM ROSCA BSP, DE 2"" X 1 1/4"""
124184	"TE DE REDUCAO DE FERRO GALVANIZADO, COM ROSCA BSP, DE 2"" X 1"""
124185	"TE DE REDUCAO DE FERRO GALVANIZADO, COM ROSCA BSP, DE 3/4"" X 1/2"""
124186	"TE DE REDUCAO DE FERRO GALVANIZADO, COM ROSCA BSP, DE 3"" X 1 1/2"""
124187	"TE DE REDUCAO DE FERRO GALVANIZADO, COM ROSCA BSP, DE 3"" X 1 1/4"""
124188	"TE DE REDUCAO DE FERRO GALVANIZADO, COM ROSCA BSP, DE 3"" X 1"""
124189	"TE DE REDUCAO DE FERRO GALVANIZADO, COM ROSCA BSP, DE 3"" X 2 1/2"""
124190	"TE DE REDUCAO DE FERRO GALVANIZADO, COM ROSCA BSP, DE 3"" X 2"""
124191	"TE DE REDUCAO DE FERRO GALVANIZADO, COM ROSCA BSP, DE 4"" X 2"""
124192	"TE DE REDUCAO DE FERRO GALVANIZADO, COM ROSCA BSP, DE 4"" X 3"""
124193	TE DE REDUCAO METALICO, PARA CONEXAO COM ANEL DESLIZANTE EM TUBO PEX, DN 16 X 20 X 16 MM
124194	TE DE REDUCAO METALICO, PARA CONEXAO COM ANEL DESLIZANTE EM TUBO PEX, DN 16 X 25 X 16 MM
124195	TE DE REDUCAO METALICO, PARA CONEXAO COM ANEL DESLIZANTE EM TUBO PEX, DN 20 X 16 X 16 MM
124196	TE DE REDUCAO METALICO, PARA CONEXAO COM ANEL DESLIZANTE EM TUBO PEX, DN 20 X 16 X 20 MM
124197	TE DE REDUCAO METALICO, PARA CONEXAO COM ANEL DESLIZANTE EM TUBO PEX, DN 20 X 20 X 16 MM
124198	TE DE REDUCAO METALICO, PARA CONEXAO COM ANEL DESLIZANTE EM TUBO PEX, DN 20 X 25 X 20 MM
124199	TE DE REDUCAO METALICO, PARA CONEXAO COM ANEL DESLIZANTE EM TUBO PEX, DN 25 X 16 X 16 MM
124200	TE DE REDUCAO METALICO, PARA CONEXAO COM ANEL DESLIZANTE EM TUBO PEX, DN 25 X 16 X 20 MM
124201	TE DE REDUCAO METALICO, PARA CONEXAO COM ANEL DESLIZANTE EM TUBO PEX, DN 25 X 16 X 25 MM
124202	TE DE REDUCAO METALICO, PARA CONEXAO COM ANEL DESLIZANTE EM TUBO PEX, DN 25 X 20 X 20 MM
124203	TE DE REDUCAO METALICO, PARA CONEXAO COM ANEL DESLIZANTE EM TUBO PEX, DN 25 X 20 X 25 MM
124204	TE DE REDUCAO METALICO, PARA CONEXAO COM ANEL DESLIZANTE EM TUBO PEX, DN 25 X 32 X 25 MM
124205	TE DE REDUCAO METALICO, PARA CONEXAO COM ANEL DESLIZANTE EM TUBO PEX, DN 32 X 20 X 32 MM
124206	TE DE REDUCAO METALICO, PARA CONEXAO COM ANEL DESLIZANTE EM TUBO PEX, DN 32 X 25 X 25 MM
124207	TE DE REDUCAO METALICO, PARA CONEXAO COM ANEL DESLIZANTE EM TUBO PEX, DN 32 X 25 X 32 MM
124208	TE DE REDUCAO, CPVC, 22 X 15 MM, PARA AGUA QUENTE PREDIAL
124209	TE DE REDUCAO, CPVC, 28 X 22 MM, PARA AGUA QUENTE PREDIAL
124210	TE DE REDUCAO, CPVC, 35 X 28 MM, PARA AGUA QUENTE PREDIAL
124211	TE DE REDUCAO, CPVC, 42 X 35 MM, PARA AGUA QUENTE PREDIAL
124212	TE DE REDUCAO, PVC LEVE, CURTO, 90 GRAUS, COM BOLSA PARA ANEL, 150 X 100 MM, PARA ESGOTO
124213	TE DE REDUCAO, PVC PBA, BBB, JE, DN 100 X 50 / DE 110 X 60 MM, PARA REDE AGUA (NBR 10351)
124214	TE DE REDUCAO, PVC PBA, BBB, JE, DN 100 X 75 / DE 110 X 85 MM, PARA REDE AGUA (NBR 10351)
124215	TE DE REDUCAO, PVC PBA, BBB, JE, DN 75 X 50 / DE 85 X 60 MM, PARA REDE AGUA (NBR 10351)
124216	TE DE REDUCAO, PVC, BBB, JE, 90 GRAUS, DN 200 X 150 MM, PARA TUBO CORRUGADO E/OU LISO, REDE COLETORA ESGOTO (NBR 10569)
124217	TE DE REDUCAO, PVC, BBB, JE, 90 GRAUS, DN 250 X 150 MM, PARA TUBO CORRUGADO E/OU LISO, REDE COLETORA ESGOTO (NBR 10569)
124218	TE DE REDUCAO, PVC, SOLDAVEL, 90 GRAUS, 110 MM X 60 MM, PARA AGUA FRIA PREDIAL
124219	TE DE REDUCAO, PVC, SOLDAVEL, 90 GRAUS, 25 MM X 20 MM, PARA AGUA FRIA PREDIAL
124220	TE DE REDUCAO, PVC, SOLDAVEL, 90 GRAUS, 32 MM X 25 MM, PARA AGUA FRIA PREDIAL
124221	TE DE REDUCAO, PVC, SOLDAVEL, 90 GRAUS, 40 MM X 32 MM, PARA AGUA FRIA PREDIAL
124222	TE DE REDUCAO, PVC, SOLDAVEL, 90 GRAUS, 50 MM X 20 MM, PARA AGUA FRIA PREDIAL
124223	TE DE REDUCAO, PVC, SOLDAVEL, 90 GRAUS, 50 MM X 25 MM, PARA AGUA FRIA PREDIAL
124224	TE DE REDUCAO, PVC, SOLDAVEL, 90 GRAUS, 50 MM X 32 MM, PARA AGUA FRIA PREDIAL
124225	TE DE REDUCAO, PVC, SOLDAVEL, 90 GRAUS, 50 MM X 40 MM, PARA AGUA FRIA PREDIAL
124226	TE DE REDUCAO, PVC, SOLDAVEL, 90 GRAUS, 75 MM X 50 MM, PARA AGUA FRIA PREDIAL
124227	TE DE REDUCAO, PVC, SOLDAVEL, 90 GRAUS, 85 MM X 60 MM, PARA AGUA FRIA PREDIAL
124228	TE DE SERVICO INTEGRADO, EM POLIPROPILENO (PP), PARA TUBOS EM PEAD/PVC, 60 X 20 MM - LIGACAO PREDIAL DE AGUA
124229	TE DE SERVICO INTEGRADO, EM POLIPROPILENO (PP), PARA TUBOS EM PEAD/PVC, 60 X 32 MM - LIGACAO PREDIAL DE AGUA
124230	TE DE SERVICO INTEGRADO, EM POLIPROPILENO (PP), PARA TUBOS EM PEAD, 63 X 20 MM - LIGACAO PREDIAL DE AGUA
124231	TE DE SERVICO, PEAD PE 100, DE 125 X 20 MM, PARA ELETROFUSAO
124232	TE DE SERVICO, PEAD PE 100, DE 125 X 32 MM, PARA ELETROFUSAO
124233	TE DE SERVICO, PEAD PE 100, DE 125 X 63 MM, PARA ELETROFUSAO
124234	TE DE SERVICO, PEAD PE 100, DE 200 X 20 MM, PARA ELETROFUSAO
124235	TE DE SERVICO, PEAD PE 100, DE 200 X 32 MM, PARA ELETROFUSAO
124236	TE DE SERVICO, PEAD PE 100, DE 200 X 63 MM, PARA ELETROFUSAO
124237	TE DE SERVICO, PEAD PE 100, DE 63 X 20 MM, PARA ELETROFUSAO
124238	TE DE SERVICO, PEAD PE 100, DE 63 X 32 MM, PARA ELETROFUSAO
124239	TE DE SERVICO, PEAD PE 100, DE 63 X 63 MM, PARA ELETROFUSAO
124240	"TE DE TRANSICAO, CPVC, SOLDAVEL, 15 MM X 1/2"", PARA AGUA QUENTE"
124241	"TE DE TRANSICAO, CPVC, SOLDAVEL, 22 MM X 1/2"", PARA AGUA QUENTE"
124242	"TE DUPLA CURVA BRONZE/LATAO (REF 764) SEM ANEL DE SOLDA, ROSCA F X BOLSA X ROSCA F, 1/2"" X 15 X 1/2"""
124243	"TE DUPLA CURVA BRONZE/LATAO (REF 764) SEM ANEL DE SOLDA, ROSCA F X BOLSA X ROSCA F, 3/4"" X 22 X 3/4"""
124244	TE METALICO, PARA CONEXAO COM ANEL DESLIZANTE EM TUBO PEX, DN 16 MM
124245	TE METALICO, PARA CONEXAO COM ANEL DESLIZANTE EM TUBO PEX, DN 20 MM
124246	TE METALICO, PARA CONEXAO COM ANEL DESLIZANTE EM TUBO PEX, DN 25 MM
124247	TE METALICO, PARA CONEXAO COM ANEL DESLIZANTE EM TUBO PEX, DN 32 MM
124248	"TE MISTURADOR COM INSERTO METALICO, FEMEA, PPR, DN 25 MM X 3/4"", PARA AGUA QUENTE E FRIA PREDIAL"
124249	"TE MISTURADOR DE TRANSICAO, CPVC, COM ROSCA, 22 MM X 3/4"", PARA AGUA QUENTE"
124250	"TE MISTURADOR METALICO, PARA CONEXAO COM ANEL DESLIZANTE EM TUBO PEX, DN 16 MM X 1/2"""
124251	"TE MISTURADOR METALICO, PARA CONEXAO COM ANEL DESLIZANTE EM TUBO PEX, DN 20 MM X 3/4"""
124252	TE MISTURADOR, CPVC, SOLDAVEL, 15 MM, PARA AGUA QUENTE
124253	TE MISTURADOR, CPVC, SOLDAVEL, 22 MM, PARA AGUA QUENTE
124254	TE MISTURADOR, PPR, F M M, DN 20 X 20 MM, PARA AGUA QUENTE PREDIAL
124255	TE MISTURADOR, PPR, F M M, DN 25 X 25 MM, PARA AGUA QUENTE PREDIAL
124256	TE NORMAL, PPR, SOLDAVEL, 90 GRAUS, DN 110 X 110 X 110 MM, PARA AGUA QUENTE PREDIAL
124257	TE NORMAL, PPR, SOLDAVEL, 90 GRAUS, DN 20 X 20 X 20 MM, PARA AGUA QUENTE PREDIAL
124258	TE NORMAL, PPR, SOLDAVEL, 90 GRAUS, DN 25 X 25 X 25 MM, PARA AGUA QUENTE PREDIAL
124259	TE NORMAL, PPR, SOLDAVEL, 90 GRAUS, DN 32 X 32 X 32 MM, PARA AGUA QUENTE PREDIAL
124260	TE NORMAL, PPR, SOLDAVEL, 90 GRAUS, DN 40 X 40 X 40 MM, PARA AGUA QUENTE PREDIAL
124261	TE NORMAL, PPR, SOLDAVEL, 90 GRAUS, DN 50 X 50 X 50 MM, PARA AGUA QUENTE PREDIAL
124262	TE NORMAL, PPR, SOLDAVEL, 90 GRAUS, DN 63 X 63 X 63 MM, PARA AGUA QUENTE PREDIAL
124263	TE NORMAL, PPR, SOLDAVEL, 90 GRAUS, DN 75 X 75 X 75 MM, PARA AGUA QUENTE PREDIAL
124264	TE NORMAL, PPR, SOLDAVEL, 90 GRAUS, DN 90 X 90 X 90 MM, PARA AGUA QUENTE PREDIAL
124265	"TE PVC ROSCAVEL 90 GRAUS, 1"", PARA AGUA FRIA PREDIAL"
124266	TE PVC SOLDAVEL, BBB, 90 GRAUS, DN 40 MM, PARA ESGOTO SECUNDARIO PREDIAL
124267	"TE PVC, ROSCAVEL, 90 GRAUS, 1 1/2"", AGUA FRIA PREDIAL"
124268	"TE PVC, ROSCAVEL, 90 GRAUS, 1 1/4"", AGUA FRIA PREDIAL"
124269	"TE PVC, ROSCAVEL, 90 GRAUS, 1/2"", AGUA FRIA PREDIAL"
124270	"TE PVC, ROSCAVEL, 90 GRAUS, 2"", AGUA FRIA PREDIAL"
124271	"TE PVC, ROSCAVEL, 90 GRAUS, 3/4"", AGUA FRIA PREDIAL"
124272	"TE PVC, SOLDAVEL, COM BUCHA DE LATAO NA BOLSA CENTRAL, 90 GRAUS, 20 MM X 1/2"", PARA AGUA FRIA PREDIAL"
124273	"TE PVC, SOLDAVEL, COM BUCHA DE LATAO NA BOLSA CENTRAL, 90 GRAUS, 25 MM X 1/2"", PARA AGUA FRIA PREDIAL"
124274	"TE PVC, SOLDAVEL, COM BUCHA DE LATAO NA BOLSA CENTRAL, 90 GRAUS, 25 MM X 3/4"", PARA AGUA FRIA PREDIAL"
124275	"TE PVC, SOLDAVEL, COM BUCHA DE LATAO NA BOLSA CENTRAL, 90 GRAUS, 32 MM X 3/4"", PARA AGUA FRIA PREDIAL"
124276	"TE PVC, SOLDAVEL, COM ROSCA NA BOLSA CENTRAL, 90 GRAUS, 20 MM X 1/2"", PARA AGUA FRIA PREDIAL"
124277	"TE PVC, SOLDAVEL, COM ROSCA NA BOLSA CENTRAL, 90 GRAUS, 25 MM X 1/2"", PARA AGUA FRIA PREDIAL"
124278	"TE PVC, SOLDAVEL, COM ROSCA NA BOLSA CENTRAL, 90 GRAUS, 25 MM X 3/4"", PARA AGUA FRIA PREDIAL"
124279	"TE PVC, SOLDAVEL, COM ROSCA NA BOLSA CENTRAL, 90 GRAUS, 32 MM X 3/4"", PARA AGUA FRIA PREDIAL"
124280	"TE RANHURADO EM FERRO FUNDIDO, DN 50 (2"")"
124281	"TE RANHURADO EM FERRO FUNDIDO, DN 65 (2 1/2"")"
124282	"TE RANHURADO EM FERRO FUNDIDO, DN 80 (3"")"
124283	"TE REDUCAO PVC, ROSCAVEL, 90 GRAUS, 1.1/2"" X 3/4"", AGUA FRIA PREDIAL"
124284	"TE ROSCA FEMEA, METALICO, PARA CONEXAO COM ANEL DESLIZANTE EM TUBO PEX, DN 16 MM X 1/2"""
124285	"TE ROSCA FEMEA, METALICO, PARA CONEXAO COM ANEL DESLIZANTE EM TUBO PEX, DN 20 MM X 1/2"""
124286	"TE ROSCA FEMEA, METALICO, PARA CONEXAO COM ANEL DESLIZANTE EM TUBO PEX, DN 20 MM X 3/4"""
124287	"TE ROSCA FEMEA, METALICO, PARA CONEXAO COM ANEL DESLIZANTE EM TUBO PEX, DN 25 MM X 1/2"""
124288	"TE ROSCA FEMEA, METALICO, PARA CONEXAO COM ANEL DESLIZANTE EM TUBO PEX, DN 25 MM X 3/4"""
124289	"TE ROSCA MACHO, METALICO, PARA CONEXAO COM ANEL DESLIZANTE EM TUBO PEX, DN 16 MM X 1/2"""
124290	"TE ROSCA MACHO, METALICO, PARA CONEXAO COM ANEL DESLIZANTE EM TUBO PEX, DN 20 MM X 1/2"""
124291	"TE ROSCA MACHO, METALICO, PARA CONEXAO COM ANEL DESLIZANTE EM TUBO PEX, DN 20 MM X 3/4"""
124292	"TE ROSCA MACHO, METALICO, PARA CONEXAO COM ANEL DESLIZANTE EM TUBO PEX, DN 25 MM X 3/4"""
124293	"TE ROSCA MACHO, METALICO, PARA CONEXAO COM ANEL DESLIZANTE EM TUBO PEX, DN 32 MM X 1"""
124294	"TE ROSCA MACHO, METALICO, PARA CONEXAO COM ANEL DESLIZANTE EM TUBO PEX, DN 32 MM X 3/4"""
124295	TE SANITARIO, PVC, DN 100 X 100 MM, SERIE NORMAL, PARA ESGOTO PREDIAL
124296	TE SANITARIO, PVC, DN 100 X 50 MM, SERIE NORMAL, PARA ESGOTO PREDIAL
124297	TE SANITARIO, PVC, DN 100 X 75 MM, SERIE NORMAL PARA ESGOTO PREDIAL
124298	TE SANITARIO, PVC, DN 40 X 40 MM, SERIE NORMAL, PARA ESGOTO PREDIAL
124299	TE SANITARIO, PVC, DN 50 X 50 MM, SERIE NORMAL, PARA ESGOTO PREDIAL
124300	TE SANITARIO, PVC, DN 75 X 50 MM, SERIE NORMAL PARA ESGOTO PREDIAL
124301	TE SANITARIO, PVC, DN 75 X 75 MM, SERIE NORMAL PARA ESGOTO PREDIAL
124302	TE SOLDAVEL, PVC, 90 GRAUS, 110 MM, PARA AGUA FRIA PREDIAL (NBR 5648)
124303	TE SOLDAVEL, PVC, 90 GRAUS, 20 MM, PARA AGUA FRIA PREDIAL (NBR 5648)
124304	TE SOLDAVEL, PVC, 90 GRAUS, 25 MM, PARA AGUA FRIA PREDIAL (NBR 5648)
124305	TE SOLDAVEL, PVC, 90 GRAUS, 32 MM, PARA AGUA FRIA PREDIAL (NBR 5648)
124306	TE SOLDAVEL, PVC, 90 GRAUS, 40 MM, PARA AGUA FRIA PREDIAL (NBR 5648)
124307	TE SOLDAVEL, PVC, 90 GRAUS, 60 MM, PARA AGUA FRIA PREDIAL (NBR 5648)
124308	TE SOLDAVEL, PVC, 90 GRAUS, 75 MM, PARA AGUA FRIA PREDIAL (NBR 5648)
124309	TE SOLDAVEL, PVC, 90 GRAUS, 85 MM, PARA AGUA FRIA PREDIAL (NBR 5648)
124310	TE SOLDAVEL, PVC, 90 GRAUS,50 MM, PARA AGUA FRIA PREDIAL (NBR 5648)
124311	"TE 45 GRAUS DE FERRO GALVANIZADO, COM ROSCA BSP, DE 1 1/2"""
124312	"TE 45 GRAUS DE FERRO GALVANIZADO, COM ROSCA BSP, DE 1 1/4"""
124313	"TE 45 GRAUS DE FERRO GALVANIZADO, COM ROSCA BSP, DE 1/2"""
124314	"TE 45 GRAUS DE FERRO GALVANIZADO, COM ROSCA BSP, DE 1"""
124315	"TE 45 GRAUS DE FERRO GALVANIZADO, COM ROSCA BSP, DE 2 1/2"""
124316	"TE 45 GRAUS DE FERRO GALVANIZADO, COM ROSCA BSP, DE 2"""
124317	"TE 45 GRAUS DE FERRO GALVANIZADO, COM ROSCA BSP, DE 3/4"""
124318	"TE 45 GRAUS DE FERRO GALVANIZADO, COM ROSCA BSP, DE 3"""
124319	"TE 45 GRAUS DE FERRO GALVANIZADO, COM ROSCA BSP, DE 4"""
124320	"TE 90 GRAUS EM ACO CARBONO, SOLDAVEL, PRESSAO 3.000 LBS, DN 1 1/2"""
124321	"TE 90 GRAUS EM ACO CARBONO, SOLDAVEL, PRESSAO 3.000 LBS, DN 1 1/4"""
124322	"TE 90 GRAUS EM ACO CARBONO, SOLDAVEL, PRESSAO 3.000 LBS, DN 1/2"""
124323	"TE 90 GRAUS EM ACO CARBONO, SOLDAVEL, PRESSAO 3.000 LBS, DN 1"""
124324	"TE 90 GRAUS EM ACO CARBONO, SOLDAVEL, PRESSAO 3.000 LBS, DN 2 1/2"""
124325	"TE 90 GRAUS EM ACO CARBONO, SOLDAVEL, PRESSAO 3.000 LBS, DN 2"""
124326	"TE 90 GRAUS EM ACO CARBONO, SOLDAVEL, PRESSAO 3.000 LBS, DN 3/4"""
124327	"TE 90 GRAUS EM ACO CARBONO, SOLDAVEL, PRESSAO 3.000 LBS, DN 3"""
124328	TE, PLASTICO, DN 16 MM, PARA CONEXAO COM CRIMPAGEM EM TUBO PEX
124329	TE, PLASTICO, DN 20 MM, PARA CONEXAO COM CRIMPAGEM EM TUBO PEX
124330	TE, PLASTICO, DN 25 MM, PARA CONEXAO COM CRIMPAGEM EM TUBO PEX
124331	TE, PLASTICO, DN 32 MM, PARA CONEXAO COM CRIMPAGEM EM TUBO PEX
124332	TE, PVC LEVE, CURTO, 90 GRAUS, 150 MM, PARA ESGOTO
124333	TE, PVC PBA, BBB, 90 GRAUS, DN 100 / DE 110 MM, PARA REDE AGUA (NBR 10351)
124334	TE, PVC PBA, BBB, 90 GRAUS, DN 50 / DE 60 MM, PARA REDE AGUA (NBR 10351)
124335	TE, PVC PBA, BBB, 90 GRAUS, DN 75 / DE 85 MM, PARA REDE AGUA (NBR 10351)
124336	TE, PVC, SERIE R, 100 X 100 MM, PARA ESGOTO OU AGUAS PLUVIAIS PREDIAIS
124337	TE, PVC, SERIE R, 100 X 75 MM, PARA ESGOTO OU AGUAS PLUVIAIS PREDIAIS
124338	TE, PVC, SERIE R, 150 X 100 MM, PARA ESGOTO OU AGUAS PLUVIAIS PREDIAIS
124339	TE, PVC, SERIE R, 150 X 150 MM, PARA ESGOTO OU AGUAS PLUVIAIS PREDIAIS
124340	TE, PVC, SERIE R, 75 X 75 MM, PARA ESGOTO OU AGUAS PLUVIAIS PREDIAIS
124341	TE, PVC, 90 GRAUS, BBB, JE, DN 100 MM, PARA REDE COLETORA ESGOTO (NBR 10569)
124342	TE, PVC, 90 GRAUS, BBB, JE, DN 100 MM, PARA TUBO CORRUGADO E/OU LISO, REDE COLETORA ESGOTO (NBR 10569
124343	TE, PVC, 90 GRAUS, BBB, JE, DN 150 MM, PARA REDE COLETORA ESGOTO (NBR 10569)
124344	TE, PVC, 90 GRAUS, BBB, JE, DN 150 MM, PARA TUBO CORRUGADO E/OU LISO, REDE COLETORA ESGOTO (NBR 10569)
124345	TE, PVC, 90 GRAUS, BBB, JE, DN 200 MM, PARA REDE COLETORA ESGOTO (NBR 10569)
124346	TE, PVC, 90 GRAUS, BBB, JE, DN 200 MM, PARA TUBO CORRUGADO E/OU LISO, REDE COLETORA ESGOTO (NBR 10569)
124347	TE, PVC, 90 GRAUS, BBB, JE, DN 250 MM, PARA TUBO CORRUGADO E/OU LISO, REDE COLETORA ESGOTO (NBR 10569)
124348	TE, PVC, 90 GRAUS, BBB, JE, DN 300 MM, PARA TUBO CORRUGADO E/OU LISO, REDE COLETORA ESGOTO (NBR 10569)
124349	TE, PVC, 90 GRAUS, BBP, JE, DN 100 MM, PARA REDE COLETORA ESGOTO (NBR 10569)
124350	TECNICO DE EDIFICACOES
124351	TECNICO DE EDIFICACOES (MENSALISTA)
124352	TECNICO EM LABORATORIO E CAMPO DE CONSTRUCAO CIVIL
124353	TECNICO EM LABORATORIO E CAMPO DE CONSTRUCAO CIVIL (MENSALISTA)
124354	TECNICO EM SEGURANCA DO TRABALHO
124355	TECNICO EM SEGURANCA DO TRABALHO (MENSALISTA)
124356	TECNICO EM SONDAGEM
124357	TECNICO EM SONDAGEM (MENSALISTA)
124358	TELA ARAME GALVANIZADO REVESTIDO COM POLIMERO, MALHA HEXAGONAL DUPLA TORCAO, 8 X 10 CM (ZN/AL REVESTIDO COM POLIMERO), FIO *2,4* MM
124359	TELA DE ACO SOLDADA GALVANIZADA/ZINCADA PARA ALVENARIA, FIO D = *1,20 A 1,70* MM, MALHA 15 X 15 MM, (C X L) *50 X 12* CM
124360	TELA DE ACO SOLDADA GALVANIZADA/ZINCADA PARA ALVENARIA, FIO D = *1,20 A 1,70* MM, MALHA 15 X 15 MM, (C X L) *50 X 17,5* CM
124361	TELA DE ACO SOLDADA GALVANIZADA/ZINCADA PARA ALVENARIA, FIO D = *1,20 A 1,70* MM, MALHA 15 X 15 MM, (C X L) *50 X 10,5* CM
124362	TELA DE ACO SOLDADA GALVANIZADA/ZINCADA PARA ALVENARIA, FIO D = *1,20 A 1,70* MM, MALHA 15 X 15 MM, (C X L) *50 X 6* CM
124363	TELA DE ACO SOLDADA GALVANIZADA/ZINCADA PARA ALVENARIA, FIO D = *1,20 A 1,70* MM, MALHA 15 X 15 MM, (C X L) *50 X 7,5* CM
124364	TELA DE ACO SOLDADA GALVANIZADA/ZINCADA PARA ALVENARIA, FIO D = *1,24 MM, MALHA 25 X 25 MM
124365	TELA DE ACO SOLDADA NERVURADA, CA-60, L-159, (1,69 KG/M2), DIAMETRO DO FIO = 4,5 MM, LARGURA = 2,45 M, ESPACAMENTO DA MALHA = 30 X 10 CM
124366	TELA DE ACO SOLDADA NERVURADA, CA-60, Q-113, (1,8 KG/M2), DIAMETRO DO FIO = 3,8 MM, LARGURA = 2,45 M, ESPACAMENTO DA MALHA = 10 X 10 CM
124367	TELA DE ACO SOLDADA NERVURADA, CA-60, Q-138, (2,20 KG/M2), DIAMETRO DO FIO = 4,2 MM, LARGURA = 2,45 M, ESPACAMENTO DA MALHA = 10 X 10 CM
124368	TELA DE ACO SOLDADA NERVURADA, CA-60, Q-159, (2,52 KG/M2), DIAMETRO DO FIO = 4,5 MM, LARGURA = 2,45 M, ESPACAMENTO DA MALHA = 10 X 10 CM
124369	TELA DE ACO SOLDADA NERVURADA, CA-60, Q-196, (3,11 KG/M2), DIAMETRO DO FIO = 5,0 MM, LARGURA = 2,45 M, ESPACAMENTO DA MALHA = 10 X 10 CM
124370	TELA DE ACO SOLDADA NERVURADA, CA-60, Q-283 (4,48 KG/M2), DIAMETRO DO FIO = 6,0 MM, LARGURA = 2,45 X 6,00 M DE COMPRIMENTO, ESPACAMENTO DA MALHA = 10 X 10 CM
124371	TELA DE ACO SOLDADA NERVURADA, CA-60, Q-61, (0,97 KG/M2), DIAMETRO DO FIO = 3,4 MM, LARGURA = 2,45 M, ESPACAMENTO DA MALHA = 15 X 15 CM
124372	TELA DE ACO SOLDADA NERVURADA, CA-60, Q-92, (1,48 KG/M2), DIAMETRO DO FIO = 4,2 MM, LARGURA = 2,45 X 60 M DE COMPRIMENTO, ESPACAMENTO DA MALHA = 15 X 15 CM
124373	TELA DE ACO SOLDADA NERVURADA, CA-60, T-196, (2,11 KG/M2), DIAMETRO DO FIO = 5,0 MM, LARGURA = 2,45 M, ESPACAMENTO DA MALHA = 30 X 10 CM
124375	TELA DE ARAME GALVANIZADA QUADRANGULAR / LOSANGULAR, FIO 2,11 MM (14 BWG), MALHA 5 X 5 CM, H = 2 M
124376	TELA DE ARAME GALVANIZADA QUADRANGULAR / LOSANGULAR, FIO 2,11 MM (14 BWG), MALHA 8 X 8 CM, H = 2 M
124377	TELA DE ARAME GALVANIZADA QUADRANGULAR / LOSANGULAR, FIO 2,77 MM (12 BWG), MALHA 10 X 10 CM, H = 2 M
124378	TELA DE ARAME GALVANIZADA QUADRANGULAR / LOSANGULAR, FIO 2,77 MM (12 BWG), MALHA 5 X 5 CM, H = 2 M
124379	TELA DE ARAME GALVANIZADA QUADRANGULAR / LOSANGULAR, FIO 2,77 MM (12 BWG), MALHA 8 X 8 CM, H = 2 M
124380	TELA DE ARAME GALVANIZADA QUADRANGULAR / LOSANGULAR, FIO 3,4 MM (10 BWG), MALHA 5 X 5 CM, H = 2 M
124381	TELA DE ARAME GALVANIZADA QUADRANGULAR / LOSANGULAR, FIO 4,19 MM (8 BWG), MALHA 5 X 5 CM, H = 2 M
124382	TELA DE ARAME GALVANIZADA REVESTIDA EM PVC, QUADRANGULAR / LOSANGULAR, FIO 2,11 MM (14 BWG), BITOLA FINAL = *2,8* MM, MALHA *8 X 8* CM, H = 2 M
124383	TELA DE ARAME GALVANIZADA REVESTIDA EM PVC, QUADRANGULAR / LOSANGULAR, FIO 2,77 MM (12 BWG), BITOLA FINAL = *3,8* MM, MALHA 7,5 X 7,5 CM, H = 2 M
124384	"TELA DE ARAME GALVANIZADA, HEXAGONAL, FIO 0,56 MM (24 BWG), MALHA 1/2"", H = 1 M"
124385	TELA DE ARAME ONDULADA, FIO *2,77* MM (12 BWG), MALHA 5 X 5 CM, H = 2 M
124386	TELA DE FIBRA DE VIDRO, ACABAMENTO ANTI-ALCALINO, MALHA 10 X 10 MM
124387	TELA EM MALHA HEXAGONAL DE DUPLA TORCAO 8 X 10 CM (ZN/AL REVESTIDO COM POLIMERO), FIO 2,7 MM, COM GEOMANTA OU BIOMANTA, DIMENSOES 4,0 X 2,0 X 0,6 M, COM INCLINACAO DE 70 GRAUS, PARA SOLO REFORCADO
124388	TELA EM METAL PARA ESTUQUE (DEPLOYE)
124389	TELA FACHADEIRA EM POLIETILENO, ROLO DE 3 X 100 M (L X C), COR BRANCA, SEM LOGOMARCA - PARA PROTECAO DE OBRAS
124390	TELA PLASTICA LARANJA, TIPO TAPUME PARA SINALIZACAO, MALHA RETANGULAR, ROLO 1.20 X 50 M (L X C)
124391	TELA PLASTICA TECIDA LISTRADA BRANCA E LARANJA, TIPO GUARDA CORPO, EM POLIETILENO MONOFILADO, ROLO 1,20 X 50 M (L X C)
124392	TELHA CERAMICA TIPO AMERICANA, COMPRIMENTO DE *45* CM, RENDIMENTO DE *12* TELHAS/M2
124393	TELHA DE BARRO / CERAMICA, NAO ESMALTADA, TIPO COLONIAL, CANAL, PLAN, PAULISTA, COMPRIMENTO DE *44 A 50* CM, RENDIMENTO DE COBERTURA DE *26* TELHAS/M2
124394	TELHA DE BARRO / CERAMICA, NAO ESMALTADA, TIPO ROMANA, AMERICANA, PORTUGUESA, FRANCESA, COMPRIMENTO DE *41* CM, RENDIMENTO DE *16* TELHAS/M2
124395	TELHA DE CONCRETO TIPO CLASSICA, COR CINZA, COMPRIMENTO DE *42* CM, RENDIMENTO DE *10* TELHAS/M2
124396	TELHA DE FIBRA DE VIDRO ONDULADA INCOLOR, E = 0,6 MM, DE *0,50 X 2,44* M
124397	TELHA DE FIBROCIMENTO E = 6 MM, DE 3,00 X 1,06 M (SEM AMIANTO)
124398	TELHA DE FIBROCIMENTO E = 6 MM, DE 4,10 X 1,06 M (SEM AMIANTO)
124399	TELHA DE FIBROCIMENTO E = 6 MM, DE 4,60 X 1,06 M (SEM AMIANTO)
124400	TELHA DE FIBROCIMENTO E = 8 MM, DE 3,00 X 1,06 M (SEM AMIANTO)
124401	TELHA DE FIBROCIMENTO E = 8 MM, DE 4,10 X 1,06 M (SEM AMIANTO)
124402	TELHA DE FIBROCIMENTO E = 8 MM, DE 4,60 X 1,06 M (SEM AMIANTO)
124403	TELHA DE FIBROCIMENTO E= 8 MM, DE *3,70 X 1,06* M (SEM AMIANTO)
124404	TELHA DE FIBROCIMENTO ONDULADA E = 4 MM, DE 1,22 X 0,50 M (SEM AMIANTO)
124405	TELHA DE FIBROCIMENTO ONDULADA E = 4 MM, DE 2,13 X 0,50 M (SEM AMIANTO)
124406	TELHA DE FIBROCIMENTO ONDULADA E = 4 MM, DE 2,44 X 0,50 M (SEM AMIANTO)
124407	TELHA DE FIBROCIMENTO ONDULADA E = 6 MM, DE 1,53 X 1,10 M (SEM AMIANTO)
124408	TELHA DE FIBROCIMENTO ONDULADA E = 6 MM, DE 1,83 X 1,10 M (SEM AMIANTO)
124409	TELHA DE FIBROCIMENTO ONDULADA E = 6 MM, DE 2,44 X 1,10 M (SEM AMIANTO)
124410	TELHA DE FIBROCIMENTO ONDULADA E = 6 MM, DE 3,66 X 1,10 M (SEM AMIANTO)
124411	TELHA DE FIBROCIMENTO ONDULADA E = 8 MM, DE 1,53 X 1,10 M (SEM AMIANTO)
124412	TELHA DE FIBROCIMENTO ONDULADA E = 8 MM, DE 1,83 X 1,10 M (SEM AMIANTO)
124413	TELHA DE FIBROCIMENTO ONDULADA E = 8 MM, DE 2,44 X 1,10 M (SEM AMIANTO)
124414	TELHA DE FIBROCIMENTO ONDULADA E = 8 MM, DE 3,66 X 1,10 M (SEM AMIANTO)
124415	TELHA DE FIBROCIMENTO ONDULADA E = 8 MM, DE 3,66 X 1,10 M (SEM AMIANTO)
124416	TELHA DE VIDRO TIPO FRANCESA, *39 X 23* CM
124417	TELHA ESTRUTURAL DE FIBROCIMENTO 1 ABA, DE 0,52 X 2,00 M (SEM AMIANTO)
124418	TELHA ESTRUTURAL DE FIBROCIMENTO 1 ABA, DE 0,52 X 2,50 M (SEM AMIANTO)
124419	TELHA ESTRUTURAL DE FIBROCIMENTO 1 ABA, DE 0,52 X 3,60 M (SEM AMIANTO)
124420	TELHA ESTRUTURAL DE FIBROCIMENTO 1 ABA, DE 0,52 X 4,00 M (SEM AMIANTO)
124421	TELHA ESTRUTURAL DE FIBROCIMENTO 1 ABA, DE 0,52 X 4,50 M (SEM AMIANTO)
124422	TELHA ESTRUTURAL DE FIBROCIMENTO 1 ABA, DE 0,52 X 5,00 M (SEM AMIANTO)
124423	TELHA ESTRUTURAL DE FIBROCIMENTO 1 ABA, DE 0,52 X 5,50 M (SEM AMIANTO)
124424	TELHA ESTRUTURAL DE FIBROCIMENTO 1 ABA, DE 0,52 X 6,00 M (SEM AMIANTO)
124425	TELHA ESTRUTURAL DE FIBROCIMENTO 1 ABA, DE 0,52 X 6,50 M (SEM AMIANTO)
124426	TELHA ESTRUTURAL DE FIBROCIMENTO 1 ABA, DE 0,52 X 7,20 M (SEM AMIANTO)
124427	TELHA ESTRUTURAL DE FIBROCIMENTO 2 ABAS, DE 1,00 X 3,00 M (SEM AMIANTO)
124428	TELHA ESTRUTURAL DE FIBROCIMENTO 2 ABAS, DE 1,00 X 4,60 M (SEM AMIANTO)
124429	TELHA ESTRUTURAL DE FIBROCIMENTO 2 ABAS, DE 1,00 X 6,00 M (SEM AMIANTO)
124430	TELHA ESTRUTURAL DE FIBROCIMENTO 2 ABAS, DE 1,00 X 7,40 M (SEM AMIANTO)
124431	TELHA ESTRUTURAL DE FIBROCIMENTO 2 ABAS, DE 1,00 X 8,20 M (SEM AMIANTO)
124432	TELHA ESTRUTURAL DE FIBROCIMENTO 2 ABAS, DE 1,00 X 9,20 M (SEM AMIANTO)
124433	TELHA GALVALUME COM ISOLAMENTO TERMOACUSTICO EM ESPUMA RIGIDA DE POLIURETANO (PU) INJETADO, ESPESSURA DE 30 MM, DENSIDADE DE 35 KG/M3, COM DUAS FACES TRAPEZOIDAIS, ACABAMENTO NATURAL (NAO INCLUI ACESSORIOS DE FIXACAO)
124434	TELHA ONDULADA EM ACO ZINCADO, ALTURA DE 17 MM, ESPESSURA DE 0,50 MM, LARGURA UTIL DE APROXIMADAMENTE 985 MM, SEM PINTURA
124435	TELHA TERMOISOLANTE REVESTIDA EM ACO GALVALUME, FACE SUPERIOR TRAPEZOIDAL E FACE INFERIOR PLANA (NAO INCLUI ACESSORIOS DE FIXACAO), REVEST COM ESPESSURA DE 0,50 MM, COM PRE-PINTURA DE COR BRANCA NAS DUAS FACES, NUCLEO EM POLIIOCIANURATO (PIR) COM ESPESSURA DE 50 MM
124436	TELHA TERMOISOLANTE REVESTIDA EM ACO GALVANIZADO, FACE SUPERIOR EM TELHA TRAPEZOIDAL E FACE INFERIOR EM CHAPA PLANA (SEM ACESSORIOS DE FIXACAO), REVESTIMENTO COM ESPESSURA DE 0,50 MM COM PRE-PINTURA NAS DUAS FACES, NUCLEO EM POLIESTIRENO (EPS) DE 30 MM
124437	TELHA TERMOISOLANTE REVESTIDA EM ACO GALVANIZADO, FACE SUPERIOR EM TELHA TRAPEZOIDAL E FACE INFERIOR EM CHAPA PLANA (SEM ACESSORIOS DE FIXACAO), REVESTIMENTO COM ESPESSURA DE 0,50 MM COM PRE-PINTURA NAS DUAS FACES, NUCLEO EM POLIESTIRENO (EPS) DE 50 MM
124438	TELHA TERMOISOLANTE REVESTIDA EM ACO GALVANIZADO, FACES SUPERIOR E INFERIOR EM TELHA TRAPEZOIDAL (SEM ACESSORIOS DE FIXACAO), REVESTIMENTO COM ESPESSURA DE 0,50 MM COM PRE-PINTURA NAS DUAS FACES, NUCLEO EM POLIESTIRENO (EPS) DE 50 MM
124439	TELHA TRAPEZOIDAL EM ACO ZINCADO, SEM PINTURA, ALTURA DE APROXIMADAMENTE 40 MM, ESPESSURA DE 0,50 MM E LARGURA UTIL DE 980 MM
124440	TELHA TRAPEZOIDAL EM ALUMINIO, ALTURA DE *38* MM E ESPESSURA DE 0,5 MM (LARGURA TOTAL DE 1056 MM E COMPRIMENTO DE 5000 MM)
124441	TELHA TRAPEZOIDAL EM ALUMINIO, ALTURA DE *38* MM E ESPESSURA DE 0,7 MM (LARGURA TOTAL DE 1056 MM E COMPRIMENTO DE 5000 MM)
124442	TELHA VIDRO TIPO CANAL OU COLONIAL, C = 46 A 50 CM
124443	TELHADOR
124444	TELHADOR (MENSALISTA)
124445	TERMINAL A COMPRESSAO EM COBRE ESTANHADO PARA CABO 10 MM2, 1 FURO E 1 COMPRESSAO, PARA PARAFUSO DE FIXACAO M6
124446	TERMINAL A COMPRESSAO EM COBRE ESTANHADO PARA CABO 120 MM2, 1 FURO E 1 COMPRESSAO, PARA PARAFUSO DE FIXACAO M12
124447	TERMINAL A COMPRESSAO EM COBRE ESTANHADO PARA CABO 16 MM2, 1 FURO E 1 COMPRESSAO, PARA PARAFUSO DE FIXACAO M6
124448	TERMINAL A COMPRESSAO EM COBRE ESTANHADO PARA CABO 2,5 MM2, 1 FURO E 1 COMPRESSAO, PARA PARAFUSO DE FIXACAO M5
124449	TERMINAL A COMPRESSAO EM COBRE ESTANHADO PARA CABO 25 MM2, 1 FURO E 1 COMPRESSAO, PARA PARAFUSO DE FIXACAO M8
124450	TERMINAL A COMPRESSAO EM COBRE ESTANHADO PARA CABO 35 MM2, 1 FURO E 1 COMPRESSAO, PARA PARAFUSO DE FIXACAO M8
124451	TERMINAL A COMPRESSAO EM COBRE ESTANHADO PARA CABO 4 MM2, 1 FURO E 1 COMPRESSAO, PARA PARAFUSO DE FIXACAO M5
124452	TERMINAL A COMPRESSAO EM COBRE ESTANHADO PARA CABO 50 MM2, 1 FURO E 1 COMPRESSAO, PARA PARAFUSO DE FIXACAO M8
124453	TERMINAL A COMPRESSAO EM COBRE ESTANHADO PARA CABO 6 MM2, 1 FURO E 1 COMPRESSAO, PARA PARAFUSO DE FIXACAO M6
124454	TERMINAL A COMPRESSAO EM COBRE ESTANHADO PARA CABO 70 MM2, 1 FURO E 1 COMPRESSAO, PARA PARAFUSO DE FIXACAO M10
124455	TERMINAL A COMPRESSAO EM COBRE ESTANHADO PARA CABO 95 MM2, 1 FURO E 1 COMPRESSAO, PARA PARAFUSO DE FIXACAO M12
124456	TERMINAL DE VENTILACAO, 100 MM, SERIE NORMAL, ESGOTO PREDIAL
124457	TERMINAL DE VENTILACAO, 50 MM, SERIE NORMAL, ESGOTO PREDIAL
124458	TERMINAL DE VENTILACAO, 75 MM, SERIE NORMAL, ESGOTO PREDIAL
124459	TERMINAL METALICO A PRESSAO PARA 1 CABO DE 120 MM2, COM 1 FURO DE FIXACAO
124460	TERMINAL METALICO A PRESSAO PARA 1 CABO DE 150 A 185 MM2, COM 2 FUROS PARA FIXACAO
124461	TERMINAL METALICO A PRESSAO PARA 1 CABO DE 150 MM2, COM 1 FURO DE FIXACAO
124462	TERMINAL METALICO A PRESSAO PARA 1 CABO DE 16 A 25 MM2, COM 2 FUROS PARA FIXACAO
124463	TERMINAL METALICO A PRESSAO PARA 1 CABO DE 16 MM2, COM 1 FURO DE FIXACAO
124464	TERMINAL METALICO A PRESSAO PARA 1 CABO DE 185 MM2, COM 1 FURO DE FIXACAO
124465	TERMINAL METALICO A PRESSAO PARA 1 CABO DE 240 MM2, COM 1 FURO DE FIXACAO
124466	TERMINAL METALICO A PRESSAO PARA 1 CABO DE 25 A 35 MM2, COM 2 FUROS PARA FIXACAO
124467	TERMINAL METALICO A PRESSAO PARA 1 CABO DE 25 MM2, COM 1 FURO DE FIXACAO
124468	TERMINAL METALICO A PRESSAO PARA 1 CABO DE 300 MM2, COM 1 FURO DE FIXACAO
124469	TERMINAL METALICO A PRESSAO PARA 1 CABO DE 35 MM2, COM 1 FURO DE FIXACAO
124470	TERMINAL METALICO A PRESSAO PARA 1 CABO DE 50 A 70 MM2, COM 2 FUROS PARA FIXACAO
124471	TERMINAL METALICO A PRESSAO PARA 1 CABO DE 50 MM2, COM 1 FURO DE FIXACAO
124472	TERMINAL METALICO A PRESSAO PARA 1 CABO DE 6 A 10 MM2, COM 1 FURO DE FIXACAO
124473	TERMINAL METALICO A PRESSAO PARA 1 CABO DE 70 MM2, COM 1 FURO DE FIXACAO
124474	TERMINAL METALICO A PRESSAO PARA 1 CABO DE 95 A 120 MM2, COM 2 FUROS PARA FIXACAO
124475	TERMINAL METALICO A PRESSAO PARA 1 CABO DE 95 MM2, COM 1 FURO DE FIXACAO
124476	TERMINAL METALICO A PRESSAO 1 CABO, PARA CABOS DE 4 A 10 MM2, COM 2 FUROS PARA FIXACAO
124477	TERMOFUSORA PARA TUBOS E CONEXOES EM PPR COM DIAMETROS DE 20 A 63 MM, POTENCIA DE 800 W, TENSAO 220 V
124478	TERMOFUSORA PARA TUBOS E CONEXOES EM PPR COM DIAMETROS DE 75 A 110 MM, POTENCIA DE *1100* W, TENSAO 220 V
124479	TERRA VEGETAL (ENSACADA)
124480	TERRA VEGETAL (GRANEL)
124481	TESTEIRA ANTIDERRAPANTE PARA PISO VINILICO *5 X 2,5* CM, E = 2 MM
124482	TIJOLO CERAMICO LAMINADO 5,5 X 11 X 23 CM (L X A X C)
124483	TIJOLO CERAMICO MACICO APARENTE *6 X 12 X 24* CM (L X A X C)
124484	TIJOLO CERAMICO MACICO APARENTE 2 FUROS, *6,5 X 10 X 20* CM (L X A X C)
124485	TIJOLO CERAMICO MACICO COMUM *5 X 10 X 20* CM (L X A X C)
124486	TIJOLO CERAMICO REFRATARIO 2,5 X 11,4 X 22,9 CM (L X A X C)
124487	TIJOLO CERAMICO REFRATARIO 6,3 X 11,4 X 22,9 CM (L X A X C)
124488	TIL PARA LIGACAO PREDIAL, EM PVC, JE, BBB, DN 100 X 100 MM, PARA REDE COLETORA ESGOTO (NBR 10569)
124489	TIL TUBO QUEDA, EM PVC, JE, BBB, DN 100 X 100 MM, PARA REDE COLETORA DE ESGOTO (NBR 10569)
124490	TINTA / REVESTIMENTO A BASE DE RESINA EPOXI COM ALCATRAO, BICOMPONENTE
124491	TINTA A BASE DE RESINA ACRILICA EMULSIONADA EM AGUA, PARA SINALIZACAO HORIZONTAL VIARIA (NBR 13699)
124492	TINTA A BASE DE RESINA ACRILICA, PARA SINALIZACAO HORIZONTAL VIARIA (NBR 11862)
124493	TINTA A OLEO BRILHANTE, PARA MADEIRAS E METAIS
124494	TINTA ACRILICA PARA CERAMICA
124495	TINTA ACRILICA PREMIUM PARA PISO
124496	TINTA ACRILICA PREMIUM, COR BRANCO FOSCO
124497	TINTA ASFALTICA IMPERMEABILIZANTE DILUIDA EM SOLVENTE, PARA MATERIAIS CIMENTICIOS, METAL E MADEIRA
124498	TINTA ASFALTICA IMPERMEABILIZANTE DISPERSA EM AGUA, PARA MATERIAIS CIMENTICIOS
124499	TINTA BORRACHA CLORADA, ACABAMENTO SEMIBRILHO, BRANCA
124500	TINTA BORRACHA CLORADA, ACABAMENTO SEMIBRILHO, CORES VIVAS
124501	TINTA BORRACHA, CLORADA, ACABAMENTO SEMIBRILHO, PRETA
124502	TINTA EPOXI BASE AGUA PREMIUM, BRANCA
124503	TINTA ESMALTE BASE AGUA PREMIUM ACETINADO
124504	TINTA ESMALTE BASE AGUA PREMIUM BRILHANTE
124505	TINTA ESMALTE SINTETICO PREMIUM ACETINADO
124506	TINTA ESMALTE SINTETICO PREMIUM BRILHANTE
124507	TINTA ESMALTE SINTETICO PREMIUM DE DUPLA ACAO GRAFITE FOSCO PARA SUPERFICIES METALICAS FERROSAS
124508	TINTA ESMALTE SINTETICO PREMIUM DE EFEITO PROTETOR DE SUPERFICIE METALICA ALUMINIO
124509	TINTA ESMALTE SINTETICO PREMIUM FOSCO
124510	TINTA ESMALTE SINTETICO STANDARD ACETINADO
124511	TINTA ESMALTE SINTETICO STANDARD BRILHANTE
124512	TINTA ESMALTE SINTETICO STANDARD FOSCO
124513	TINTA LATEX ACRILICA ECONOMICA, COR BRANCA
124514	TINTA LATEX ACRILICA STANDARD, COR BRANCA
124515	TINTA MINERAL IMPERMEAVEL EM PO, BRANCA
124516	TIRANTE COM ELO, EM ARAME GALVANIZADO RIGIDO, NUMERO 10, COMPRIMENTO 2000 MM, PARA PENDURAL DE FORRO REMOVIVEL
124517	"TIRANTE EM FERRO GALVANIZADO PARA CONTRAVENTAMENTO DE TELHA CANALETE 90, 1/4 "" X 400 MM"
124518	TOALHEIRO PLASTICO TIPO DISPENSER PARA PAPEL TOALHA INTERFOLHADO
124519	TOMADA INDUSTRIAL DE EMBUTIR 3P+T 30 A, 440 V, COM TRAVA, COM PLACA
124520	TOMADA INDUSTRIAL DE EMBUTIR 3P+T 30 A, 440 V, COM TRAVA, SEM PLACA
124521	TOMADA PARA ANTENA DE TV, CABO COAXIAL DE 9 MM (APENAS MODULO)
124522	"TOMADA PARA ANTENA DE TV, CABO COAXIAL DE 9 MM, CONJUNTO MONTADO PARA EMBUTIR 4"" X 2"" (PLACA + SUPORTE + MODULO)"
124523	TOMADA RJ11, 2 FIOS (APENAS MODULO)
124524	"TOMADA RJ11, 2 FIOS, CONJUNTO MONTADO PARA EMBUTIR 4"" X 2"" (PLACA + SUPORTE + MODULO)"
124525	TOMADA RJ45, 8 FIOS, CAT 5E (APENAS MODULO)
124526	"TOMADA RJ45, 8 FIOS, CAT 5E, CONJUNTO MONTADO PARA EMBUTIR 4"" X 2"" (PLACA + SUPORTE + MODULO)"
124527	TOMADA 2P+T 10A, 250V (APENAS MODULO)
124528	"TOMADA 2P+T 10A, 250V, CONJUNTO MONTADO PARA EMBUTIR 4"" X 2"" (PLACA + SUPORTE + MODULO)"
124529	"TOMADA 2P+T 10A, 250V, CONJUNTO MONTADO PARA SOBREPOR 4"" X 2"" (CAIXA + MODULO)"
124530	"TOMADA 2P+T 20A 250V, CONJUNTO MONTADO PARA EMBUTIR 4"" X 2"" (PLACA + SUPORTE + MODULO)"
124531	TOMADA 2P+T 20A, 250V (APENAS MODULO)
124532	"TOMADAS (2 MODULOS) 2P+T 10A, 250V, CONJUNTO MONTADO PARA EMBUTIR 4"" X 2"" (PLACA + SUPORTE + MODULOS)"
124533	TOPOGRAFO
124534	TOPOGRAFO (MENSALISTA)
124535	"TORNEIRA CROMADA COM BICO PARA JARDIM/TANQUE 1/2 "" OU 3/4 "" (REF 1153)"
124536	"TORNEIRA CROMADA CURTA SEM BICO PARA USO GERAL 1/2 "" OU 3/4 "" (REF 1152)"
124537	"TORNEIRA CROMADA DE MESA PARA COZINHA BICA MOVEL COM AREJADOR 1/2 "" OU 3/4 "" (REF 1167)"
124538	TORNEIRA CROMADA DE MESA PARA LAVATORIO COM SENSOR DE PRESENCA
124539	TORNEIRA CROMADA DE MESA PARA LAVATORIO TEMPORIZADA PRESSAO BICA BAIXA
124540	TORNEIRA CROMADA DE MESA PARA LAVATORIO, BICA ALTA (REF 1195)
124541	"TORNEIRA CROMADA DE MESA PARA LAVATORIO, PADRAO POPULAR, 1/2 "" OU 3/4 "" (REF 1193)"
124542	TORNEIRA CROMADA DE PAREDE LONGA PARA LAVATORIO (REF 1178)
124543	"TORNEIRA CROMADA DE PAREDE PARA COZINHA BICA MOVEL COM AREJADOR 1/2 "" OU 3/4 "" (REF 1168)"
124544	"TORNEIRA CROMADA DE PAREDE PARA COZINHA COM AREJADOR, PADRAO POPULAR, 1/2 "" OU 3/4 "" (REF 1159)"
124545	"TORNEIRA CROMADA DE PAREDE PARA COZINHA SEM AREJADOR, PADRAO POPULAR, 1/2 "" OU 3/4 "" (REF 1158)"
124546	"TORNEIRA CROMADA SEM BICO PARA TANQUE 1/2 "" OU 3/4 "" (REF 1143)"
124547	"TORNEIRA CROMADA SEM BICO PARA TANQUE, PADRAO POPULAR, 1/2 "" OU 3/4 "" (REF 1126)"
124548	"TORNEIRA DE BOIA CONVENCIONAL PARA CAIXA D'AGUA, 1.1/2"", COM HASTE E TORNEIRA METALICOS E BALAO PLASTICO"
124549	"TORNEIRA DE BOIA CONVENCIONAL PARA CAIXA D'AGUA, 1.1/4"", COM HASTE E TORNEIRA METALICOS E BALAO PLASTICO"
124550	"TORNEIRA DE BOIA CONVENCIONAL PARA CAIXA D'AGUA, 1/2"", COM HASTE E TORNEIRA METALICOS E BALAO PLASTICO"
124551	"TORNEIRA DE BOIA CONVENCIONAL PARA CAIXA D'AGUA, 1"", COM HASTE E TORNEIRA METALICOS E BALAO PLASTICO"
124552	"TORNEIRA DE BOIA CONVENCIONAL PARA CAIXA D'AGUA, 2"", COM HASTE E TORNEIRA METALICOS E BALAO PLASTICO"
124553	"TORNEIRA DE BOIA CONVENCIONAL PARA CAIXA D'AGUA, 3/4"", COM HASTE E TORNEIRA METALICOS E BALAO PLASTICO"
124554	"TORNEIRA DE BOIA VAZAO TOTAL PARA CAIXA D'AGUA, 1/2"", COM HASTE E TORNEIRA METALICOS E BALAO PLASTICO"
124555	"TORNEIRA DE BOIA VAZAO TOTAL PARA CAIXA D'AGUA, 1"", COM HASTE E TORNEIRA METALICOS E BALAO PLASTICO"
124556	"TORNEIRA DE BOIA VAZAO TOTAL PARA CAIXA D'AGUA, 3/4"", COM HASTE E TORNEIRA METALICOS E BALAO PLASTICO"
124557	TORNEIRA ELETRICA DE PAREDE, BICA ALTA, PARA COZINHA, 5500 W (110/220 V)
124558	"TORNEIRA METAL AMARELO COM BICO PARA JARDIM, PADRAO POPULAR, 1/2 "" OU 3/4 "" (REF 1128)"
124559	"TORNEIRA METAL AMARELO CURTA SEM BICO PARA TANQUE, PADRAO POPULAR, 1/2 "" OU 3/4 "" (REF 1120)"
124560	"TORNEIRA METALICA DE BOIA CONVENCIONAL PARA CAIXA D'AGUA, 1/2 "", COM HASTE, TORNEIRA E BALAO METALICOS"
124561	"TORNEIRA METALICA DE BOIA CONVENCIONAL PARA CAIXA D'AGUA, 3/4 "", COM HASTE, TORNEIRA E BALAO METALICOS"
124562	"TORNEIRA PLASTICA DE BOIA CONVENCIONAL PARA CAIXA DE AGUA, 3/4 "", COM HASTE METALICA E COM TORNEIRA E BALAO PLASTICOS (PADRAO POPULAR)"
124563	"TORNEIRA PLASTICA DE BOIA PARA CAIXA DE DESCARGA, 1/2"", BALAO E TORNEIRA PLASTICOS, COM HASTE METALICA"
124564	"TORNEIRA PLASTICA DE MESA, BICA MOVEL, PARA COZINHA 1/2 """
124565	"TORNEIRA PLASTICA PARA TANQUE 1/2 "" OU 3/4 "" COM BICO PARA MANGUEIRA"
124566	TRANSFORMADOR TRIFASICO DE DISTRIBUICAO, POTENCIA DE 1000 KVA, TENSAO NOMINAL DE 15 KV, TENSAO SECUNDARIA DE 220/127V, EM OLEO ISOLANTE TIPO MINERAL
124567	TRANSFORMADOR TRIFASICO DE DISTRIBUICAO, POTENCIA DE 112,5 KVA, TENSAO NOMINAL DE 15 KV, TENSAO SECUNDARIA DE 220/127V, EM OLEO ISOLANTE TIPO MINERAL
124568	TRANSFORMADOR TRIFASICO DE DISTRIBUICAO, POTENCIA DE 15 KVA, TENSAO NOMINAL DE 15 KV, TENSAO SECUNDARIA DE 220/127V, EM OLEO ISOLANTE TIPO MINERAL
124569	TRANSFORMADOR TRIFASICO DE DISTRIBUICAO, POTENCIA DE 150 KVA, TENSAO NOMINAL DE 15 KV, TENSAO SECUNDARIA DE 220/127V, EM OLEO ISOLANTE TIPO MINERAL
124570	TRANSFORMADOR TRIFASICO DE DISTRIBUICAO, POTENCIA DE 1500 KVA, TENSAO NOMINAL DE 15 KV, TENSAO SECUNDARIA DE 220/127V, EM OLEO ISOLANTE TIPO MINERAL
124571	TRANSFORMADOR TRIFASICO DE DISTRIBUICAO, POTENCIA DE 225 KVA, TENSAO NOMINAL DE 15 KV, TENSAO SECUNDARIA DE 220/127V, EM OLEO ISOLANTE TIPO MINERAL
124572	TRANSFORMADOR TRIFASICO DE DISTRIBUICAO, POTENCIA DE 30 KVA, TENSAO NOMINAL DE 15 KV, TENSAO SECUNDARIA DE 220/127V, EM OLEO ISOLANTE TIPO MINERAL
124573	TRANSFORMADOR TRIFASICO DE DISTRIBUICAO, POTENCIA DE 300 KVA, TENSAO NOMINAL DE 15 KV, TENSAO SECUNDARIA DE 220/127V, EM OLEO ISOLANTE TIPO MINERAL
124574	TRANSFORMADOR TRIFASICO DE DISTRIBUICAO, POTENCIA DE 45 KVA, TENSAO NOMINAL DE 15 KV, TENSAO SECUNDARIA DE 220/127V, EM OLEO ISOLANTE TIPO MINERAL
124575	TRANSFORMADOR TRIFASICO DE DISTRIBUICAO, POTENCIA DE 500 KVA, TENSAO NOMINAL DE 15 KV, TENSAO SECUNDARIA DE 220/127V, EM OLEO ISOLANTE TIPO MINERAL
124576	TRANSFORMADOR TRIFASICO DE DISTRIBUICAO, POTENCIA DE 75 KVA, TENSAO NOMINAL DE 15 KV, TENSAO SECUNDARIA DE 220/127V, EM OLEO ISOLANTE TIPO MINERAL
124577	TRANSFORMADOR TRIFASICO DE DISTRIBUICAO, POTENCIA DE 750 KVA, TENSAO NOMINAL DE 15 KV, TENSAO SECUNDARIA DE 220/127V, EM OLEO ISOLANTE TIPO MINERAL
124578	TRANSPORTE - HORISTA (COLETADO CAIXA)
124579	TRANSPORTE - MENSALISTA (COLETADO CAIXA)
124580	TRATOR DE ESTEIRAS, POTENCIA BRUTA DE 133 HP, PESO OPERACIONAL DE 14 T, COM LAMINA COM CAPACIDADE DE 3,00 M3
124581	TRATOR DE ESTEIRAS, POTENCIA BRUTA DE 347 HP, PESO OPERACIONAL DE 38,5 T, COM ESCARIFICADOR E LAMINA COM CAPACIDADE DE 4,70M3
124582	TRATOR DE ESTEIRAS, POTENCIA DE 100 HP, PESO OPERACIONAL DE 9,4 T, COM LAMINA COM CAPACIDADE DE 2,19 M3
124583	TRATOR DE ESTEIRAS, POTENCIA DE 150 HP, PESO OPERACIONAL DE 16,7 T, COM RODA MOTRIZ ELEVADA E LAMINA COM CONTATO DE 3,18M3
124584	TRATOR DE ESTEIRAS, POTENCIA DE 170 HP, PESO OPERACIONAL DE 19 T, COM LAMINA COM CAPACIDADE DE 5,2 M3
124585	TRATOR DE ESTEIRAS, POTENCIA DE 347 HP, PESO OPERACIONAL DE 38,5 T, COM LAMINA COM CAPACIDADE DE 8,70M3
124586	TRATOR DE ESTEIRAS, POTENCIA NO VOLANTE DE 200 HP, PESO OPERACIONAL DE 20,1 T, COM RODA MOTRIZ ELEVADA E LAMINA COM CAPACIDADE DE 3,89 M3
124587	TRATOR DE ESTEIRAS, POTENCIA 125 HP, PESO OPERACIONAL DE 12,9 T, COM LAMINA COM CAPACIDADE DE 2,7 M3
124588	TRATOR DE PNEUS COM POTENCIA DE 105 CV, TRACAO 4 X 4, PESO COM LASTRO DE 5775 KG
124589	TRATOR DE PNEUS COM POTENCIA DE 122 CV, TRACAO 4 X 4, PESO COM LASTRO DE 4510 KG
124590	TRATOR DE PNEUS COM POTENCIA DE 15 CV, PESO COM LASTRO DE 1160 KG
124591	TRATOR DE PNEUS COM POTENCIA DE 50 CV, TRACAO 4 X 2, PESO COM LASTRO DE 2714 KG
124592	TRATOR DE PNEUS COM POTENCIA DE 85 CV, TRACAO 4 X 4, PESO COM LASTRO DE 4675 KG
124593	TRATOR DE PNEUS COM POTENCIA DE 85 CV, TURBO, PESO COM LASTRO DE 4900 KG
124594	TRATOR DE PNEUS COM POTENCIA DE 95 CV, TRACAO 4 X 4, PESO MAXIMO DE 5225 KG
124595	TRAVA / PRENDEDOR DE PORTA, EM LATAO CROMADO, MONTADO EM PISO
124596	TRAVA-QUEDAS EM ACO PARA CORDA DE 12 MM, EXTENSOR DE 25 X 300 MM, COM MOSQUETAO TIPO GANCHO TRAVA DUPLA
124597	TRELICA NERVURADA (ESPACADOR), ALTURA = 120,0 MM, DIAMETRO DOS BANZOS INFERIORES E SUPERIOR = 6,0 MM, DIAMETRO DA DIAGONAL = 4,2 MM
124598	TRILHO PANTOGRAFICO CONCAVO, TIPO U, EM ALUMINIO, COM DIMENSOES DE APROX *35 X 35* MM, PARA ROLDANA DE PORTA DE CORRER
124599	TRILHO PANTOGRAFICO RETO, EM ALUMINIO, TIPO U, COM DIMENSOES DE *38 X 38* MM PARA PORTA DE CORRER
124600	TRILHO QUADRADO FRIZADO PARA RODIZIO (VERGALHAO MACICO), EM ALUMINIO, COM DIMENSOES DE *6 X 6* MM
124601	TROLEY MANUAL CAPACIDADE 1 T
124602	"TUBO / MANGUEIRA PRETA EM POLIETILENO, LINHA PESADA OU REFORCADA, TIPO ESPAGUETE, PARA INJECAO DE CALDA DE CIMENTO, D = 1/2"", ESPESSURA 1,5 MM"
124603	TUBO ACO CARBONO COM COSTURA, NBR 5580, CLASSE L, DN = 15 MM, E = 2,25 MM, 1,06 KG/M
124604	TUBO ACO CARBONO COM COSTURA, NBR 5580, CLASSE L, DN = 25 MM, E = 2,65 MM, 2,02 KG/M
124605	TUBO ACO CARBONO COM COSTURA, NBR 5580, CLASSE L, DN = 40 MM, E = 3,0 MM, 3,34 KG/M
124606	TUBO ACO CARBONO COM COSTURA, NBR 5580, CLASSE L, DN = 80 MM, E = 3,35 MM, 7,07 KG/M
124607	TUBO ACO CARBONO COM COSTURA, NBR 5580, CLASSE M, DN = 25 MM, E = 3,35 MM, *2,50* KG//M
124608	TUBO ACO CARBONO COM COSTURA, NBR 5580, CLASSE M, DN = 40 MM, E = 3,35 MM, *3,71* KG//M
124609	TUBO ACO CARBONO COM COSTURA, NBR 5580, CLASSE M, DN = 80 MM, E = 4,05 MM, *8,47* KG/M
124610	"TUBO ACO CARBONO SEM COSTURA 1 1/2"", E= *3,68 MM, SCHEDULE 40, 4,05 KG/M"
124611	"TUBO ACO CARBONO SEM COSTURA 1 1/4"", E= *3,56 MM, SCHEDULE 40, *3,38* KG/M"
124612	"TUBO ACO CARBONO SEM COSTURA 1/2"", E= *2,77 MM, SCHEDULE 40, *1,27 KG/M"
124613	"TUBO ACO CARBONO SEM COSTURA 1/2"", E= *3,73 MM, SCHEDULE 80, *1,62 KG/M"
124614	"TUBO ACO CARBONO SEM COSTURA 1"", E= *3,38 MM, SCHEDULE 40, *2,50* KG/M"
124615	"TUBO ACO CARBONO SEM COSTURA 14"", E= *11,13 MM, SCHEDULE 40, *94,55 KG/M"
124616	"TUBO ACO CARBONO SEM COSTURA 2 1/2"", E = 5,16 MM, SCHEDULE 40 (8,62 KG/M)"
124617	"TUBO ACO CARBONO SEM COSTURA 2"", E= *3,91* MM, SCHEDULE 40, *5,43* KG/M"
124618	"TUBO ACO CARBONO SEM COSTURA 20"", E= *12,70 MM, SCHEDULE 30, *154,97 KG/M"
124619	"TUBO ACO CARBONO SEM COSTURA 20"", E= *6,35 MM, SCHEDULE 10, *78,46 KG/M"
124620	"TUBO ACO CARBONO SEM COSTURA 3/4"", E= *2,87 MM, SCHEDULE 40, *1,69 KG/M"
124621	"TUBO ACO CARBONO SEM COSTURA 3/4"", E= *3,91 MM, SCHEDULE 80, *2,19 KG/M."
124622	"TUBO ACO CARBONO SEM COSTURA 3"", E= *5,49 MM, SCHEDULE 40, *11,28* KG/M"
124623	"TUBO ACO CARBONO SEM COSTURA 4"", E= *6,02 MM, SCHEDULE 40, *16,06 KG/M"
124624	"TUBO ACO CARBONO SEM COSTURA 4"", E= *8,56 MM, SCHEDULE 80, *22,31 KG/M"
124625	"TUBO ACO CARBONO SEM COSTURA 5"", E= *6,55 MM, SCHEDULE 40, *21,75* KG/M"
124626	"TUBO ACO CARBONO SEM COSTURA 6"", E= *10,97 MM, SCHEDULE 80, *42,56 KG/M"
124627	"TUBO ACO CARBONO SEM COSTURA 6"", E= 7,11 MM, SCHEDULE 40, *28,26 KG/M"
124628	"TUBO ACO CARBONO SEM COSTURA 8"", E= *12,70 MM, SCHEDULE 80, *64,64 KG/M"
124629	"TUBO ACO CARBONO SEM COSTURA 8"", E= *6,35 MM, SCHEDULE 20, *33,27 KG/M"
124630	"TUBO ACO CARBONO SEM COSTURA 8"", E= *7,04 MM, SCHEDULE 30, *36,75 KG/M"
124631	"TUBO ACO CARBONO SEM COSTURA 8"", E= *8,18 MM, SCHEDULE 40, *42,55 KG/M"
124632	"TUBO ACO GALVANIZADO COM COSTURA, CLASSE LEVE, DN 100 MM ( 4""), E = 3,75 MM, *10,55* KG/M (NBR 5580)"
124633	"TUBO ACO GALVANIZADO COM COSTURA, CLASSE LEVE, DN 15 MM ( 1/2""), E = 2,25 MM, *1,2* KG/M (NBR 5580)"
124634	"TUBO ACO GALVANIZADO COM COSTURA, CLASSE LEVE, DN 20 MM ( 3/4""), E = 2,25 MM, *1,3* KG/M (NBR 5580)"
124635	"TUBO ACO GALVANIZADO COM COSTURA, CLASSE LEVE, DN 25 MM ( 1""), E = 2,65 MM, *2,11* KG/M (NBR 5580)"
124636	"TUBO ACO GALVANIZADO COM COSTURA, CLASSE LEVE, DN 32 MM ( 1 1/4""), E = 2,65 MM, *2,71* KG/M (NBR 5580)"
124637	"TUBO ACO GALVANIZADO COM COSTURA, CLASSE LEVE, DN 40 MM ( 1 1/2""), E = 3,00 MM, *3,48* KG/M (NBR 5580)"
124638	"TUBO ACO GALVANIZADO COM COSTURA, CLASSE LEVE, DN 50 MM ( 2""), E = 3,00 MM, *4,40* KG/M (NBR 5580)"
124639	"TUBO ACO GALVANIZADO COM COSTURA, CLASSE LEVE, DN 65 MM ( 2 1/2""), E = 3,35 MM, * 6,23* KG/M (NBR 5580)"
124640	"TUBO ACO GALVANIZADO COM COSTURA, CLASSE LEVE, DN 80 MM ( 3""), E = 3,35 MM, *7,32* KG/M (NBR 5580)"
124641	"TUBO ACO GALVANIZADO COM COSTURA, CLASSE MEDIA, DN 1.1/2"", E = *3,25* MM, PESO *3,61* KG/M (NBR 5580)"
124642	"TUBO ACO GALVANIZADO COM COSTURA, CLASSE MEDIA, DN 1.1/4"", E = *3,25* MM, PESO *3,14* KG/M (NBR 5580)"
124643	"TUBO ACO GALVANIZADO COM COSTURA, CLASSE MEDIA, DN 1/2"", E = *2,65* MM, PESO *1,22* KG/M (NBR 5580)"
124644	"TUBO ACO GALVANIZADO COM COSTURA, CLASSE MEDIA, DN 1"", E = 3,38 MM, PESO 2,50 KG/M (NBR 5580)"
124645	"TUBO ACO GALVANIZADO COM COSTURA, CLASSE MEDIA, DN 2.1/2"", E = *3,65* MM, PESO *6,51* KG/M (NBR 5580)"
124646	"TUBO ACO GALVANIZADO COM COSTURA, CLASSE MEDIA, DN 2"", E = *3,65* MM, PESO *5,10* KG/M (NBR 5580)"
124647	"TUBO ACO GALVANIZADO COM COSTURA, CLASSE MEDIA, DN 3/4"", E = *2,65* MM, PESO *1,58* KG/M (NBR 5580)"
124648	"TUBO ACO GALVANIZADO COM COSTURA, CLASSE MEDIA, DN 3"", E = *4,05* MM, PESO *8,47* KG/M (NBR 5580)"
124649	"TUBO ACO GALVANIZADO COM COSTURA, CLASSE MEDIA, DN 4"", E = 4,50* MM, PESO 12,10* KG/M (NBR 5580)"
124650	"TUBO ACO GALVANIZADO COM COSTURA, CLASSE MEDIA, DN 5"", E = *5,40* MM, PESO *17,80* KG/M (NBR 5580)"
124651	"TUBO ACO GALVANIZADO COM COSTURA, CLASSE MEDIA, DN 6"", E = 4,85* MM, PESO 19,68* KG/M (NBR 5580)"
124652	"TUBO ACO INDUSTRIAL DN 2"" (50,8 MM) E=1,50MM, PESO= 1,8237 KG/M"
124653	TUBO COLETOR DE ESGOTO PVC, JEI, DN 100 MM (NBR 7362)
124654	TUBO COLETOR DE ESGOTO PVC, JEI, DN 200 MM (NBR 7362)
124655	TUBO COLETOR DE ESGOTO PVC, JEI, DN 250 MM (NBR 7362)
124656	TUBO COLETOR DE ESGOTO PVC, JEI, DN 300 MM (NBR 7362)
124657	TUBO COLETOR DE ESGOTO PVC, JEI, DN 350 MM (NBR 7362)
124658	TUBO COLETOR DE ESGOTO PVC, JEI, DN 400 MM (NBR 7362)
124659	TUBO COLETOR DE ESGOTO, PVC, JEI, DN 150 MM (NBR 7362)
124660	TUBO CORRUGADO PEAD, PAREDE DUPLA, INTERNA LISA, JEI, DN/DI *1000* MM, PARA SANEAMENTO
124661	TUBO CORRUGADO PEAD, PAREDE DUPLA, INTERNA LISA, JEI, DN/DI *400* MM, PARA SANEAMENTO
124662	TUBO CORRUGADO PEAD, PAREDE DUPLA, INTERNA LISA, JEI, DN/DI *800* MM, PARA SANEAMENTO
124663	TUBO CORRUGADO PEAD, PAREDE DUPLA, INTERNA LISA, JEI, DN/DI 1200 MM, PARA SANEAMENTO
124664	TUBO CORRUGADO PEAD, PAREDE DUPLA, INTERNA LISA, JEI, DN/DI 250 MM, PARA SANEAMENTO
124665	TUBO CORRUGADO PEAD, PAREDE DUPLA, INTERNA LISA, JEI, DN/DI 300 MM, PARA SANEAMENTO
124666	TUBO CORRUGADO PEAD, PAREDE DUPLA, INTERNA LISA, JEI, DN/DI 600 MM, PARA SANEAMENTO
124667	TUBO CPVC SOLDAVEL, 35 MM, AGUA QUENTE PREDIAL (NBR 15884)
124668	TUBO CPVC, SOLDAVEL, 15 MM, AGUA QUENTE PREDIAL (NBR 15884)
124669	TUBO CPVC, SOLDAVEL, 22 MM, AGUA QUENTE PREDIAL (NBR 15884)
124670	TUBO CPVC, SOLDAVEL, 28 MM, AGUA QUENTE PREDIAL (NBR 15884)
124671	TUBO CPVC, SOLDAVEL, 42 MM, AGUA QUENTE PREDIAL (NBR 15884)
124672	TUBO CPVC, SOLDAVEL, 54 MM, AGUA QUENTE PREDIAL (NBR 15884)
124673	TUBO CPVC, SOLDAVEL, 73 MM, AGUA QUENTE PREDIAL (NBR 15884)
124674	TUBO CPVC, SOLDAVEL, 89 MM, AGUA QUENTE PREDIAL (NBR 15884)
124675	"TUBO DE BORRACHA ELASTOMERICA FLEXIVEL, PRETA, PARA ISOLAMENTO TERMICO DE TUBULACAO, DN 1 1/8"" (28 MM), E= 32 MM, COEFICIENTE DE CONDUTIVIDADE TERMICA 0,036W/mK, VAPOR DE AGUA MAIOR OU IGUAL A 10.000"
124676	"TUBO DE BORRACHA ELASTOMERICA FLEXIVEL, PRETA, PARA ISOLAMENTO TERMICO DE TUBULACAO, DN 1 3/8"" (35 MM), E= 32 MM, COEFICIENTE DE CONDUTIVIDADE TERMICA 0,036W/mK, VAPOR DE AGUA MAIOR OU IGUAL A 10.000"
124677	"TUBO DE BORRACHA ELASTOMERICA FLEXIVEL, PRETA, PARA ISOLAMENTO TERMICO DE TUBULACAO, DN 1 5/8"" (42 MM), E= 32 MM, COEFICIENTE DE CONDUTIVIDADE TERMICA 0,036W/mK, VAPOR DE AGUA MAIOR OU IGUAL A 10.000"
124678	"TUBO DE BORRACHA ELASTOMERICA FLEXIVEL, PRETA, PARA ISOLAMENTO TERMICO DE TUBULACAO, DN 1/2"" (12 MM), E= 19 MM, COEFICIENTE DE CONDUTIVIDADE TERMICA 0,036W/mK, VAPOR DE AGUA MAIOR OU IGUAL A 10.000"
124679	"TUBO DE BORRACHA ELASTOMERICA FLEXIVEL, PRETA, PARA ISOLAMENTO TERMICO DE TUBULACAO, DN 1/4"" (6 MM), E= 9 MM, COEFICIENTE DE CONDUTIVIDADE TERMICA 0,036W/mK, VAPOR DE AGUA MAIOR OU IGUAL A 10.000"
124680	"TUBO DE BORRACHA ELASTOMERICA FLEXIVEL, PRETA, PARA ISOLAMENTO TERMICO DE TUBULACAO, DN 1"" (25 MM), E= 32 MM, COEFICIENTE DE CONDUTIVIDADE TERMICA 0,036W/mK, VAPOR DE AGUA MAIOR OU IGUAL A 10.000"
124681	"TUBO DE BORRACHA ELASTOMERICA FLEXIVEL, PRETA, PARA ISOLAMENTO TERMICO DE TUBULACAO, DN 2 1/8"" (54 MM), E= 32 MM, COEFICIENTE DE CONDUTIVIDADE TERMICA 0,036W/mK, VAPOR DE AGUA MAIOR OU IGUAL A 10.000"
124682	"TUBO DE BORRACHA ELASTOMERICA FLEXIVEL, PRETA, PARA ISOLAMENTO TERMICO DE TUBULACAO, DN 2 5/8"" (*64* MM), E= *32* MM, COEFICIENTE DE CONDUTIVIDADE TERMICA 0,036W/MK, VAPOR DE AGUA MAIOR OU IGUAL A 10.000"
124683	"TUBO DE BORRACHA ELASTOMERICA FLEXIVEL, PRETA, PARA ISOLAMENTO TERMICO DE TUBULACAO, DN 3/4"" (18 MM), E= 32 MM, COEFICIENTE DE CONDUTIVIDADE TERMICA 0,036W/mK, VAPOR DE AGUA MAIOR OU IGUAL A 10.000"
124684	"TUBO DE BORRACHA ELASTOMERICA FLEXIVEL, PRETA, PARA ISOLAMENTO TERMICO DE TUBULACAO, DN 3/8"" (10 MM), E= 19 MM, COEFICIENTE DE CONDUTIVIDADE TERMICA 0,036W/mK, VAPOR DE AGUA MAIOR OU IGUAL A 10.000"
124685	"TUBO DE BORRACHA ELASTOMERICA FLEXIVEL, PRETA, PARA ISOLAMENTO TERMICO DE TUBULACAO, DN 5/8"" (15 MM), E= 19 MM, COEFICIENTE DE CONDUTIVIDADE TERMICA 0,036W/MK, VAPOR DE AGUA MAIOR OU IGUAL A 10.000"
124686	"TUBO DE BORRACHA ELASTOMERICA FLEXIVEL, PRETA, PARA ISOLAMENTO TERMICO DE TUBULACAO, DN 7/8"" (22 MM), E= 32 MM, COEFICIENTE DE CONDUTIVIDADE TERMICA 0,036W/mK, VAPOR DE AGUA MAIOR OU IGUAL A 10.000"
124687	"TUBO DE COBRE CLASSE ""A"", DN = 1 "" (28 MM), PARA INSTALACOES DE MEDIA PRESSAO PARA GASES COMBUSTIVEIS E MEDICINAIS"
124688	"TUBO DE COBRE CLASSE ""A"", DN = 1 1/2 "" (42 MM), PARA INSTALACOES DE MEDIA PRESSAO PARA GASES COMBUSTIVEIS E MEDICINAIS"
124689	"TUBO DE COBRE CLASSE ""A"", DN = 1 1/4 "" (35 MM), PARA INSTALACOES DE MEDIA PRESSAO PARA GASES COMBUSTIVEIS E MEDICINAIS"
124690	"TUBO DE COBRE CLASSE ""A"", DN = 1/2 "" (15 MM), PARA INSTALACOES DE MEDIA PRESSAO PARA GASES COMBUSTIVEIS E MEDICINAIS"
124691	"TUBO DE COBRE CLASSE ""A"", DN = 2 1/2 "" (66 MM), PARA INSTALACOES DE MEDIA PRESSAO PARA GASES COMBUSTIVEIS E MEDICINAIS"
124692	"TUBO DE COBRE CLASSE ""A"", DN = 3 "" (79 MM), PARA INSTALACOES DE MEDIA PRESSAO PARA GASES COMBUSTIVEIS E MEDICINAIS"
124693	"TUBO DE COBRE CLASSE ""A"", DN = 3/4 "" (22 MM), PARA INSTALACOES DE MEDIA PRESSAO PARA GASES COMBUSTIVEIS E MEDICINAIS"
124694	"TUBO DE COBRE CLASSE ""A"", DN = 4 "" (104 MM), PARA INSTALACOES DE MEDIA PRESSAO PARA GASES COMBUSTIVEIS E MEDICINAIS"
124695	"TUBO DE COBRE CLASSE ""E"", DN = 104 MM, PARA INSTALACAO HIDRAULICA PREDIAL"
124696	"TUBO DE COBRE CLASSE ""E"", DN = 15 MM, PARA INSTALACAO HIDRAULICA PREDIAL"
124697	"TUBO DE COBRE CLASSE ""E"", DN = 22 MM, PARA INSTALACAO HIDRAULICA PREDIAL"
124698	"TUBO DE COBRE CLASSE ""E"", DN = 28 MM, PARA INSTALACAO HIDRAULICA PREDIAL"
124699	"TUBO DE COBRE CLASSE ""E"", DN = 35 MM, PARA INSTALACAO HIDRAULICA PREDIAL"
124700	"TUBO DE COBRE CLASSE ""E"", DN = 42 MM, PARA INSTALACAO HIDRAULICA PREDIAL"
124701	"TUBO DE COBRE CLASSE ""E"", DN = 54 MM, PARA INSTALACAO HIDRAULICA PREDIAL"
124702	"TUBO DE COBRE CLASSE ""E"", DN = 66 MM, PARA INSTALACAO HIDRAULICA PREDIAL"
124703	"TUBO DE COBRE CLASSE ""E"", DN = 79 MM, PARA INSTALACAO HIDRAULICA PREDIAL"
124704	"TUBO DE COBRE CLASSE ""I"", DN = 1 "" (28 MM), PARA INSTALACOES INDUSTRIAIS DE ALTA PRESSAO E VAPOR"
124705	"TUBO DE COBRE CLASSE ""I"", DN = 1 1/2 "" (42 MM), PARA INSTALACOES INDUSTRIAIS DE ALTA PRESSAO E VAPOR"
124706	"TUBO DE COBRE CLASSE ""I"", DN = 1 1/4 "" (35 MM), PARA INSTALACOES INDUSTRIAIS DE ALTA PRESSAO E VAPOR"
124707	"TUBO DE COBRE CLASSE ""I"", DN = 1/2 "" (15 MM), PARA INSTALACOES INDUSTRIAIS DE ALTA PRESSAO E VAPOR"
124708	"TUBO DE COBRE CLASSE ""I"", DN = 2 "" (54 MM), PARA INSTALACOES INDUSTRIAIS DE ALTA PRESSAO E VAPOR"
124709	"TUBO DE COBRE CLASSE ""I"", DN = 2 1/2 "" (66 MM), PARA INSTALACOES INDUSTRIAIS DE ALTA PRESSAO E VAPOR"
124710	"TUBO DE COBRE CLASSE ""I"", DN = 3 "" (79 MM), PARA INSTALACOES INDUSTRIAIS DE ALTA PRESSAO E VAPOR"
124711	"TUBO DE COBRE CLASSE ""I"", DN = 3/4 "" (22 MM), PARA INSTALACOES INDUSTRIAIS DE ALTA PRESSAO E VAPOR"
124712	"TUBO DE COBRE CLASSE ""I"", DN = 4"" (104 MM), PARA INSTALACOES INDUSTRIAIS DE ALTA PRESSAO E VAPOR"
124713	"TUBO DE COBRE FLEXIVEL, D = 1/2 "", E = 0,79 MM, PARA AR-CONDICIONADO/ INSTALACOES GAS RESIDENCIAIS E COMERCIAIS"
124714	"TUBO DE COBRE FLEXIVEL, D = 1/4 "", E = 0,79 MM, PARA AR-CONDICIONADO/ INSTALACOES GAS RESIDENCIAIS E COMERCIAIS"
124715	"TUBO DE COBRE FLEXIVEL, D = 3/16 "", E = 0,79 MM, PARA AR-CONDICIONADO/ INSTALACOES GAS RESIDENCIAIS E COMERCIAIS"
124716	"TUBO DE COBRE FLEXIVEL, D = 3/4 "", E = 0,79 MM, PARA AR-CONDICIONADO/ INSTALACOES GAS RESIDENCIAIS E COMERCIAIS"
124717	"TUBO DE COBRE FLEXIVEL, D = 3/8 "", E = 0,79 MM, PARA AR-CONDICIONADO/ INSTALACOES GAS RESIDENCIAIS E COMERCIAIS"
124718	"TUBO DE COBRE FLEXIVEL, D = 5/16 "", E = 0,79 MM, PARA AR-CONDICIONADO/ INSTALACOES GAS RESIDENCIAIS E COMERCIAIS"
124719	"TUBO DE COBRE FLEXIVEL, D = 5/8 "", E = 0,79 MM, PARA AR-CONDICIONADO/ INSTALACOES GAS RESIDENCIAIS E COMERCIAIS"
124720	"TUBO DE COBRE, CLASSE ""A"", DN = 2"" (54 MM), PARA INSTALACOES DE MEDIA PRESSAO PARA GASES COMBUSTIVEIS E MEDICINAIS"
124721	TUBO DE CONCRETO ARMADO PARA AGUAS PLUVIAIS, CLASSE PA-1, COM ENCAIXE PONTA E BOLSA, DIAMETRO NOMINAL DE = 600 MM
124722	TUBO DE CONCRETO ARMADO PARA AGUAS PLUVIAIS, CLASSE PA-1, COM ENCAIXE PONTA E BOLSA, DIAMETRO NOMINAL DE 1000 MM
124723	TUBO DE CONCRETO ARMADO PARA AGUAS PLUVIAIS, CLASSE PA-1, COM ENCAIXE PONTA E BOLSA, DIAMETRO NOMINAL DE 1100 MM
124724	TUBO DE CONCRETO ARMADO PARA AGUAS PLUVIAIS, CLASSE PA-1, COM ENCAIXE PONTA E BOLSA, DIAMETRO NOMINAL DE 1200 MM
124725	TUBO DE CONCRETO ARMADO PARA AGUAS PLUVIAIS, CLASSE PA-1, COM ENCAIXE PONTA E BOLSA, DIAMETRO NOMINAL DE 1500 MM
124726	TUBO DE CONCRETO ARMADO PARA AGUAS PLUVIAIS, CLASSE PA-1, COM ENCAIXE PONTA E BOLSA, DIAMETRO NOMINAL DE 2000 MM
124727	TUBO DE CONCRETO ARMADO PARA AGUAS PLUVIAIS, CLASSE PA-1, COM ENCAIXE PONTA E BOLSA, DIAMETRO NOMINAL DE 300 MM
124728	TUBO DE CONCRETO ARMADO PARA AGUAS PLUVIAIS, CLASSE PA-1, COM ENCAIXE PONTA E BOLSA, DIAMETRO NOMINAL DE 400 MM
124729	TUBO DE CONCRETO ARMADO PARA AGUAS PLUVIAIS, CLASSE PA-1, COM ENCAIXE PONTA E BOLSA, DIAMETRO NOMINAL DE 500 MM
124730	TUBO DE CONCRETO ARMADO PARA AGUAS PLUVIAIS, CLASSE PA-1, COM ENCAIXE PONTA E BOLSA, DIAMETRO NOMINAL DE 700 MM
124731	TUBO DE CONCRETO ARMADO PARA AGUAS PLUVIAIS, CLASSE PA-1, COM ENCAIXE PONTA E BOLSA, DIAMETRO NOMINAL DE 800 MM
124732	TUBO DE CONCRETO ARMADO PARA AGUAS PLUVIAIS, CLASSE PA-1, COM ENCAIXE PONTA E BOLSA, DIAMETRO NOMINAL DE 900 MM
124733	TUBO DE CONCRETO ARMADO PARA AGUAS PLUVIAIS, CLASSE PA-2, COM ENCAIXE PONTA E BOLSA, DIAMETRO NOMINAL DE 1000 MM
124734	TUBO DE CONCRETO ARMADO PARA AGUAS PLUVIAIS, CLASSE PA-2, COM ENCAIXE PONTA E BOLSA, DIAMETRO NOMINAL DE 1100 MM
124735	TUBO DE CONCRETO ARMADO PARA AGUAS PLUVIAIS, CLASSE PA-2, COM ENCAIXE PONTA E BOLSA, DIAMETRO NOMINAL DE 1200 MM
124736	TUBO DE CONCRETO ARMADO PARA AGUAS PLUVIAIS, CLASSE PA-2, COM ENCAIXE PONTA E BOLSA, DIAMETRO NOMINAL DE 1500 MM
124737	TUBO DE CONCRETO ARMADO PARA AGUAS PLUVIAIS, CLASSE PA-2, COM ENCAIXE PONTA E BOLSA, DIAMETRO NOMINAL DE 2000 MM
124738	TUBO DE CONCRETO ARMADO PARA AGUAS PLUVIAIS, CLASSE PA-2, COM ENCAIXE PONTA E BOLSA, DIAMETRO NOMINAL DE 300 MM
124739	TUBO DE CONCRETO ARMADO PARA AGUAS PLUVIAIS, CLASSE PA-2, COM ENCAIXE PONTA E BOLSA, DIAMETRO NOMINAL DE 400 MM
124740	TUBO DE CONCRETO ARMADO PARA AGUAS PLUVIAIS, CLASSE PA-2, COM ENCAIXE PONTA E BOLSA, DIAMETRO NOMINAL DE 500 MM
124741	TUBO DE CONCRETO ARMADO PARA AGUAS PLUVIAIS, CLASSE PA-2, COM ENCAIXE PONTA E BOLSA, DIAMETRO NOMINAL DE 600 MM
124742	TUBO DE CONCRETO ARMADO PARA AGUAS PLUVIAIS, CLASSE PA-2, COM ENCAIXE PONTA E BOLSA, DIAMETRO NOMINAL DE 700 MM
124743	TUBO DE CONCRETO ARMADO PARA AGUAS PLUVIAIS, CLASSE PA-2, COM ENCAIXE PONTA E BOLSA, DIAMETRO NOMINAL DE 800 MM
124744	TUBO DE CONCRETO ARMADO PARA AGUAS PLUVIAIS, CLASSE PA-2, COM ENCAIXE PONTA E BOLSA, DIAMETRO NOMINAL DE 900 MM
124745	TUBO DE CONCRETO ARMADO PARA AGUAS PLUVIAIS, CLASSE PA-3, COM ENCAIXE PONTA E BOLSA, DIAMETRO NOMINAL DE 1000 MM
124746	TUBO DE CONCRETO ARMADO PARA AGUAS PLUVIAIS, CLASSE PA-3, COM ENCAIXE PONTA E BOLSA, DIAMETRO NOMINAL DE 1100 MM
124747	TUBO DE CONCRETO ARMADO PARA AGUAS PLUVIAIS, CLASSE PA-3, COM ENCAIXE PONTA E BOLSA, DIAMETRO NOMINAL DE 1200 MM
124748	TUBO DE CONCRETO ARMADO PARA AGUAS PLUVIAIS, CLASSE PA-3, COM ENCAIXE PONTA E BOLSA, DIAMETRO NOMINAL DE 1500 MM
124749	TUBO DE CONCRETO ARMADO PARA AGUAS PLUVIAIS, CLASSE PA-3, COM ENCAIXE PONTA E BOLSA, DIAMETRO NOMINAL DE 400 MM
124750	TUBO DE CONCRETO ARMADO PARA AGUAS PLUVIAIS, CLASSE PA-3, COM ENCAIXE PONTA E BOLSA, DIAMETRO NOMINAL DE 500 MM
124751	TUBO DE CONCRETO ARMADO PARA AGUAS PLUVIAIS, CLASSE PA-3, COM ENCAIXE PONTA E BOLSA, DIAMETRO NOMINAL DE 600 MM
124752	TUBO DE CONCRETO ARMADO PARA AGUAS PLUVIAIS, CLASSE PA-3, COM ENCAIXE PONTA E BOLSA, DIAMETRO NOMINAL DE 700 MM
124753	TUBO DE CONCRETO ARMADO PARA AGUAS PLUVIAIS, CLASSE PA-3, COM ENCAIXE PONTA E BOLSA, DIAMETRO NOMINAL DE 800 MM
124754	TUBO DE CONCRETO ARMADO PARA AGUAS PLUVIAIS, CLASSE PA-3, COM ENCAIXE PONTA E BOLSA, DIAMETRO NOMINAL DE 900 MM
124755	TUBO DE CONCRETO ARMADO PARA ESGOTO SANITARIO, CLASSE EA-2, COM ENCAIXE PONTA E BOLSA, COM JUNTA ELASTICA, DIAMETRO NOMINAL DE 1000 MM
124756	TUBO DE CONCRETO ARMADO PARA ESGOTO SANITARIO, CLASSE EA-2, COM ENCAIXE PONTA E BOLSA, COM JUNTA ELASTICA, DIAMETRO NOMINAL DE 300 MM
124757	TUBO DE CONCRETO ARMADO PARA ESGOTO SANITARIO, CLASSE EA-2, COM ENCAIXE PONTA E BOLSA, COM JUNTA ELASTICA, DIAMETRO NOMINAL DE 400 MM
124758	TUBO DE CONCRETO ARMADO PARA ESGOTO SANITARIO, CLASSE EA-2, COM ENCAIXE PONTA E BOLSA, COM JUNTA ELASTICA, DIAMETRO NOMINAL DE 500 MM
124759	TUBO DE CONCRETO ARMADO PARA ESGOTO SANITARIO, CLASSE EA-2, COM ENCAIXE PONTA E BOLSA, COM JUNTA ELASTICA, DIAMETRO NOMINAL DE 600 MM
124760	TUBO DE CONCRETO ARMADO PARA ESGOTO SANITARIO, CLASSE EA-2, COM ENCAIXE PONTA E BOLSA, COM JUNTA ELASTICA, DIAMETRO NOMINAL DE 700 MM
124761	TUBO DE CONCRETO ARMADO PARA ESGOTO SANITARIO, CLASSE EA-2, COM ENCAIXE PONTA E BOLSA, COM JUNTA ELASTICA, DIAMETRO NOMINAL DE 800 MM
124762	TUBO DE CONCRETO ARMADO PARA ESGOTO SANITARIO, CLASSE EA-2, COM ENCAIXE PONTA E BOLSA, COM JUNTA ELASTICA, DIAMETRO NOMINAL DE 900 MM
124763	TUBO DE CONCRETO ARMADO PARA ESGOTO SANITARIO, CLASSE EA-3, COM ENCAIXE PONTA E BOLSA, COM JUNTA ELASTICA, DIAMETRO NOMINAL DE 1000 MM
124764	TUBO DE CONCRETO ARMADO PARA ESGOTO SANITARIO, CLASSE EA-3, COM ENCAIXE PONTA E BOLSA, COM JUNTA ELASTICA, DIAMETRO NOMINAL DE 400 MM
124765	TUBO DE CONCRETO ARMADO PARA ESGOTO SANITARIO, CLASSE EA-3, COM ENCAIXE PONTA E BOLSA, COM JUNTA ELASTICA, DIAMETRO NOMINAL DE 500 MM
124766	TUBO DE CONCRETO ARMADO PARA ESGOTO SANITARIO, CLASSE EA-3, COM ENCAIXE PONTA E BOLSA, COM JUNTA ELASTICA, DIAMETRO NOMINAL DE 600 MM
124767	TUBO DE CONCRETO ARMADO PARA ESGOTO SANITARIO, CLASSE EA-3, COM ENCAIXE PONTA E BOLSA, COM JUNTA ELASTICA, DIAMETRO NOMINAL DE 700 MM
124768	TUBO DE CONCRETO ARMADO PARA ESGOTO SANITARIO, CLASSE EA-3, COM ENCAIXE PONTA E BOLSA, COM JUNTA ELASTICA, DIAMETRO NOMINAL DE 800 MM
124769	TUBO DE CONCRETO ARMADO PARA ESGOTO SANITARIO, CLASSE EA-3, COM ENCAIXE PONTA E BOLSA, COM JUNTA ELASTICA, DIAMETRO NOMINAL DE 900 MM
124770	TUBO DE CONCRETO SIMPLES PARA AGUAS PLUVIAIS, CLASSE PS1, COM ENCAIXE MACHO E FEMEA, DIAMETRO NOMINAL DE 200 MM
124771	TUBO DE CONCRETO SIMPLES PARA AGUAS PLUVIAIS, CLASSE PS1, COM ENCAIXE MACHO E FEMEA, DIAMETRO NOMINAL DE 300 MM
124772	TUBO DE CONCRETO SIMPLES PARA AGUAS PLUVIAIS, CLASSE PS1, COM ENCAIXE MACHO E FEMEA, DIAMETRO NOMINAL DE 400 MM
124773	TUBO DE CONCRETO SIMPLES PARA AGUAS PLUVIAIS, CLASSE PS1, COM ENCAIXE MACHO E FEMEA, DIAMETRO NOMINAL DE 500 MM
124774	TUBO DE CONCRETO SIMPLES PARA AGUAS PLUVIAIS, CLASSE PS1, COM ENCAIXE MACHO E FEMEA, DIAMETRO NOMINAL DE 600 MM
124775	TUBO DE CONCRETO SIMPLES PARA AGUAS PLUVIAIS, CLASSE PS1, COM ENCAIXE PONTA E BOLSA, DIAMETRO NOMINAL DE 200 MM
124776	TUBO DE CONCRETO SIMPLES PARA AGUAS PLUVIAIS, CLASSE PS1, COM ENCAIXE PONTA E BOLSA, DIAMETRO NOMINAL DE 300 MM
124777	TUBO DE CONCRETO SIMPLES PARA AGUAS PLUVIAIS, CLASSE PS1, COM ENCAIXE PONTA E BOLSA, DIAMETRO NOMINAL DE 400 MM
124778	TUBO DE CONCRETO SIMPLES PARA AGUAS PLUVIAIS, CLASSE PS1, COM ENCAIXE PONTA E BOLSA, DIAMETRO NOMINAL DE 500 MM
124779	TUBO DE CONCRETO SIMPLES PARA AGUAS PLUVIAIS, CLASSE PS1, COM ENCAIXE PONTA E BOLSA, DIAMETRO NOMINAL DE 600 MM
124780	TUBO DE CONCRETO SIMPLES PARA AGUAS PLUVIAIS, CLASSE PS2, COM ENCAIXE PONTA E BOLSA, DIAMETRO NOMINAL DE 200 MM
124781	TUBO DE CONCRETO SIMPLES PARA AGUAS PLUVIAIS, CLASSE PS2, COM ENCAIXE PONTA E BOLSA, DIAMETRO NOMINAL DE 300 MM
124782	TUBO DE CONCRETO SIMPLES PARA AGUAS PLUVIAIS, CLASSE PS2, COM ENCAIXE PONTA E BOLSA, DIAMETRO NOMINAL DE 400 MM
124783	TUBO DE CONCRETO SIMPLES PARA AGUAS PLUVIAIS, CLASSE PS2, COM ENCAIXE PONTA E BOLSA, DIAMETRO NOMINAL DE 500 MM
124784	TUBO DE CONCRETO SIMPLES PARA AGUAS PLUVIAIS, CLASSE PS2, COM ENCAIXE PONTA E BOLSA, DIAMETRO NOMINAL DE 600 MM
124785	TUBO DE CONCRETO SIMPLES PARA ESGOTO SANITARIO, CLASSE ES, COM ENCAIXE PONTA E BOLSA, COM JUNTA ELASTICA, DIAMETRO NOMINAL DE 400 MM
124786	TUBO DE CONCRETO SIMPLES PARA ESGOTO SANITARIO, CLASSE ES, COM ENCAIXE PONTA E BOLSA, COM JUNTA ELASTICA, DIAMETRO NOMINAL DE 500 MM
124787	TUBO DE CONCRETO SIMPLES PARA ESGOTO SANITARIO, CLASSE ES, COM ENCAIXE PONTA E BOLSA, COM JUNTA ELASTICA, DIAMETRO NOMINAL DE 600 MM
124788	TUBO DE CONCRETO SIMPLES POROSO PARA DRENAGEM (DRENO POROSO), COM ENCAIXE MACHO E FEMEA, DIAMETRO NOMINAL DE 200 MM
124789	TUBO DE CONCRETO SIMPLES POROSO PARA DRENAGEM (DRENO POROSO), COM ENCAIXE MACHO E FEMEA, DIAMETRO NOMINAL DE 300 MM
124790	TUBO DE DESCARGA PVC, PARA LIGACAO CAIXA DE DESCARGA - EMBUTIR, 40 MM X 150 CM
124791	TUBO DE DESCIDA EXTERNO DE PVC PARA CAIXA DE DESCARGA EXTERNA ALTA - 40 MM X 1,60 M
124792	"TUBO DE ESPUMA DE POLIETILENO EXPANDIDO FLEXIVEL PARA ISOLAMENTO TERMICO DE TUBULACAO DE AR CONDICIONADO, AGUA QUENTE, DN 1 1/2"", E= 10 MM"
124793	"TUBO DE ESPUMA DE POLIETILENO EXPANDIDO FLEXIVEL PARA ISOLAMENTO TERMICO DE TUBULACAO DE AR CONDICIONADO, AGUA QUENTE, DN 1 1/4"", E= 10 MM"
124794	"TUBO DE ESPUMA DE POLIETILENO EXPANDIDO FLEXIVEL PARA ISOLAMENTO TERMICO DE TUBULACAO DE AR CONDICIONADO, AGUA QUENTE, DN 1 1/8"", E= 10 MM"
124795	"TUBO DE ESPUMA DE POLIETILENO EXPANDIDO FLEXIVEL PARA ISOLAMENTO TERMICO DE TUBULACAO DE AR CONDICIONADO, AGUA QUENTE, DN 1 3/8"", E= 10 MM"
124796	"TUBO DE ESPUMA DE POLIETILENO EXPANDIDO FLEXIVEL PARA ISOLAMENTO TERMICO DE TUBULACAO DE AR CONDICIONADO, AGUA QUENTE, DN 1 5/8"", E= 10 MM"
124797	"TUBO DE ESPUMA DE POLIETILENO EXPANDIDO FLEXIVEL PARA ISOLAMENTO TERMICO DE TUBULACAO DE AR CONDICIONADO, AGUA QUENTE, DN 1/2"", E= 10 MM"
124798	"TUBO DE ESPUMA DE POLIETILENO EXPANDIDO FLEXIVEL PARA ISOLAMENTO TERMICO DE TUBULACAO DE AR CONDICIONADO, AGUA QUENTE, DN 1/4"", E= 10 MM"
124799	"TUBO DE ESPUMA DE POLIETILENO EXPANDIDO FLEXIVEL PARA ISOLAMENTO TERMICO DE TUBULACAO DE AR CONDICIONADO, AGUA QUENTE, DN 1"", E= 10 MM"
124800	"TUBO DE ESPUMA DE POLIETILENO EXPANDIDO FLEXIVEL PARA ISOLAMENTO TERMICO DE TUBULACAO DE AR CONDICIONADO, AGUA QUENTE, DN 3/4"", E= 10 MM"
124801	"TUBO DE ESPUMA DE POLIETILENO EXPANDIDO FLEXIVEL PARA ISOLAMENTO TERMICO DE TUBULACAO DE AR CONDICIONADO, AGUA QUENTE, DN 3/8"", E= 10 MM"
124802	"TUBO DE ESPUMA DE POLIETILENO EXPANDIDO FLEXIVEL PARA ISOLAMENTO TERMICO DE TUBULACAO DE AR CONDICIONADO, AGUA QUENTE, DN 7/8"", E= 10 MM"
124803	TUBO DE POLIETILENO DE ALTA DENSIDADE (PEAD), PE-80, DE = 20 MM X 2,3 MM DE PAREDE, PARA LIGACAO DE AGUA PREDIAL (NBR 15561)
124804	TUBO DE POLIETILENO DE ALTA DENSIDADE (PEAD), PE-80, DE = 32 MM X 3,0 MM DE PAREDE, PARA LIGACAO DE AGUA PREDIAL (NBR 15561)
124805	TUBO DE POLIETILENO DE ALTA DENSIDADE, PEAD, PE-80, DE = 1000 MM X 38,5 MM PAREDE, ( SDR 26 - PN 05 ) PARA REDE DE AGUA OU ESGOTO (NBR 15561)
124806	TUBO DE POLIETILENO DE ALTA DENSIDADE, PEAD, PE-80, DE = 110 MM X 10,0 MM PAREDE, ( SDR 11 - PN 12,5 ) PARA REDE DE AGUA OU ESGOTO (NBR 15561)
124807	TUBO DE POLIETILENO DE ALTA DENSIDADE, PEAD, PE-80, DE = 1200 MM X 37,2 MM PAREDE ( SDR 32,25 - PN 04 ) PARA REDE DE AGUA OU ESGOTO (NBR 15561)
124808	TUBO DE POLIETILENO DE ALTA DENSIDADE, PEAD, PE-80, DE = 1400 MM X 42,9 MM PAREDE, (SDR 32,25 - PN 04 ) PARA REDE DE AGUA OU ESGOTO (NBR 15561)
124809	TUBO DE POLIETILENO DE ALTA DENSIDADE, PEAD, PE-80, DE = 160 MM X 14,6 MM PAREDE, (SDR 11 - PN 12,5 ) PARA REDE DE AGUA OU ESGOTO (NBR 15561)
124810	TUBO DE POLIETILENO DE ALTA DENSIDADE, PEAD, PE-80, DE = 1600 MM X 49,0 MM PAREDE, ( SDR 32,25 - PN 04 ) PARA REDE DE AGUA OU ESGOTO (NBR 15561)
124811	TUBO DE POLIETILENO DE ALTA DENSIDADE, PEAD, PE-80, DE = 900 MM X 34,7 MM PAREDE, ( SDR 26 - PN 05 ) PARA REDE DE AGUA OU ESGOTO (NBR 15561)
124812	TUBO DE POLIETILENO DE ALTA DENSIDADE, PEAD, PE-80, DE= 200 MM X 18,2 MM PAREDE, ( SDR 11 - PN 12,5 ) PARA REDE DE AGUA OU ESGOTO (NBR 15561)
124813	TUBO DE POLIETILENO DE ALTA DENSIDADE, PEAD, PE-80, DE= 315 MM X 28,7 MM PAREDE, ( SDR 11 - PN 12,5 ) PARA REDE DE AGUA OU ESGOTO (NBR 15561)
124814	TUBO DE POLIETILENO DE ALTA DENSIDADE, PEAD, PE-80, DE= 400 MM X 36,4 MM PAREDE, ( SDR 11 - PN 12,5 ) PARA REDE DE AGUA OU ESGOTO (NBR 15561)
124816	TUBO DE POLIETILENO DE ALTA DENSIDADE, PEAD, PE-80, DE= 500 MM X 45,5 MM PAREDE, ( SDR 11 - PN 12,5 ) PARA REDE DE AGUA OU ESGOTO (NBR 15561)
124817	TUBO DE POLIETILENO DE ALTA DENSIDADE, PEAD, PE-80, DE= 630 MM X 57,3 MM PAREDE (SDR 11 - PN 12,5 ) PARA REDE DE AGUA OU ESGOTO (NBR 15561)
124818	TUBO DE POLIETILENO DE ALTA DENSIDADE, PEAD, PE-80, DE= 730 MM X 34,1 MM PAREDE, ( SDR 21 - PN 06 ) PARA REDE DE AGUA OU ESGOTO (NBR 15561)
124819	TUBO DE POLIETILENO DE ALTA DENSIDADE, PEAD, PE-80, DE= 75 MM X 6,9 MM PAREDE, ( SRD 11 - PN 12,5 ) PARA REDE DE AGUA OU ESGOTO (NBR 15561)
124820	TUBO DE POLIETILENO DE ALTA DENSIDADE, PEAD, PE-80, DE= 800 MM X 30,8 MM PAREDE, ( SDR 26 - PN 05 ) PARA REDE DE AGUA OU ESGOTO (NBR 15561)
124821	TUBO DE PVC, PBL, TIPO LEVE, DN = 125 MM, PARA VENTILACAO
124822	TUBO DE PVC, PBL, TIPO LEVE, DN = 250 MM, PARA VENTILACAO
124823	TUBO DE PVC, PBL, TIPO LEVE, DN = 300 MM, PARA VENTILACAO
124824	TUBO DE PVC, PBL, TIPO LEVE, DN = 400 MM, PARA VENTILACAO
124825	TUBO DE REVESTIMENTO, EM ACO, CORPO SCHEDULE 40, PONTEIRA SCHEDULE 80, ROSQUEAVEL E SEGMENTADO PARA PERFURACAO, DIAMETRO 10'' (310 MM)
124826	"TUBO DE REVESTIMENTO, EM ACO, CORPO SCHEDULE 40, PONTEIRA SCHEDULE 80, ROSQUEAVEL E SEGMENTADO PARA PERFURACAO, DIAMETRO 12"" (320 MM)"
124827	TUBO DE REVESTIMENTO, EM ACO, CORPO SCHEDULE 40, PONTEIRA SCHEDULE 80, ROSQUEAVEL E SEGMENTADO PARA PERFURACAO, DIAMETRO 14'' (400 MM)
124828	TUBO DE REVESTIMENTO, EM ACO, CORPO SCHEDULE 40, PONTEIRA SCHEDULE 80, ROSQUEAVEL E SEGMENTADO PARA PERFURACAO, DIAMETRO 16'' (450 MM)
124829	TUBO DE REVESTIMENTO, EM ACO, CORPO SCHEDULE 40, PONTEIRA SCHEDULE 80, ROSQUEAVEL E SEGMENTADO PARA PERFURACAO, DIAMETRO 4'' (450 MM)
124830	TUBO DE REVESTIMENTO, EM ACO, CORPO SCHEDULE 40, PONTEIRA SCHEDULE 80, ROSQUEAVEL E SEGMENTADO PARA PERFURACAO, DIAMETRO 6'' (200 MM)
124831	TUBO DE REVESTIMENTO, EM ACO, CORPO SCHEDULE 40, PONTEIRA SCHEDULE 80, ROSQUEAVEL E SEGMENTADO PARA PERFURACAO, DIAMETRO 8'' (450 MM)
124832	"TUBO DRENO, CORRUGADO, ESPIRALADO, FLEXIVEL, PERFURADO, EM POLIETILENO DE ALTA DENSIDADE (PEAD), DN *160* MM, (6"") PARA DRENAGEM - EM BARRA (NORMA DNIT 093/2006 - EM)"
124833	"TUBO DRENO, CORRUGADO, ESPIRALADO, FLEXIVEL, PERFURADO, EM POLIETILENO DE ALTA DENSIDADE (PEAD), DN *200* MM, (8"") PARA DRENAGEM - EM BARRA (NORMA DNIT 093/2006 - EM)"
124834	"TUBO DRENO, CORRUGADO, ESPIRALADO, FLEXIVEL, PERFURADO, EM POLIETILENO DE ALTA DENSIDADE (PEAD), DN 100 MM, (4"") PARA DRENAGEM - EM ROLO (NORMA DNIT 093/2006 - E.M)"
124835	"TUBO DRENO, CORRUGADO, ESPIRALADO, FLEXIVEL, PERFURADO, EM POLIETILENO DE ALTA DENSIDADE (PEAD), DN 65 MM, (2 1/2"") PARA DRENAGEM - EM ROLO (NORMA DNIT 093/2006 - EM)"
124836	TUBO MONOCAMADA PEX, DN 16 MM
124837	TUBO MONOCAMADA PEX, DN 20 MM
124838	TUBO MONOCAMADA PEX, DN 25 MM
124839	TUBO MONOCAMADA PEX, DN 32 MM
124840	TUBO MULTICAMADA PEX, DN *26* MM, PARA INSTALACOES A GAS (AMARELO)
124841	TUBO MULTICAMADA PEX, DN 16 MM, PARA INSTALACOES A GAS (AMARELO)
124842	TUBO MULTICAMADA PEX, DN 20 MM, PARA INSTALACOES A GAS (AMARELO)
124843	TUBO MULTICAMADA PEX, DN 32 MM, PARA INSTALACOES A GAS (AMARELO)
124844	TUBO PPR PN 20, DN 20 MM, PARA AGUA QUENTE PREDIAL
124845	TUBO PPR PN 20, DN 25 MM, PARA AGUA QUENTE PREDIAL
124846	TUBO PPR, CLASSE PN 12, DN 110 MM
124847	TUBO PPR, CLASSE PN 12, DN 32 MM
124848	TUBO PPR, CLASSE PN 12, DN 40 MM
124849	TUBO PPR, CLASSE PN 12, DN 50 MM
124850	TUBO PPR, CLASSE PN 12, DN 63 MM
124851	TUBO PPR, CLASSE PN 12, DN 75 MM
124852	TUBO PPR, CLASSE PN 12, DN 90 MM
124853	TUBO PPR, CLASSE PN 25, DN 110 MM, PARA AGUA QUENTE E FRIA PREDIAL
124854	TUBO PPR, CLASSE PN 25, DN 20 MM, PARA AGUA QUENTE E FRIA PREDIAL
124855	TUBO PPR, CLASSE PN 25, DN 25 MM, PARA AGUA QUENTE E FRIA PREDIAL
124856	TUBO PPR, CLASSE PN 25, DN 32 MM, PARA AGUA QUENTE E FRIA PREDIAL
124857	TUBO PPR, CLASSE PN 25, DN 40 MM, PARA AGUA QUENTE E FRIA PREDIAL
124858	TUBO PPR, CLASSE PN 25, DN 50 MM, PARA AGUA QUENTE E FRIA PREDIAL
124859	TUBO PPR, CLASSE PN 25, DN 63 MM, PARA AGUA QUENTE E FRIA PREDIAL
124860	TUBO PPR, CLASSE PN 25, DN 75 MM, PARA AGUA QUENTE E FRIA PREDIAL
124861	TUBO PPR, CLASSE PN 25, DN 90 MM, PARA AGUA QUENTE E FRIA PREDIAL
124862	TUBO PVC SERIE NORMAL, DN 100 MM, PARA ESGOTO PREDIAL (NBR 5688)
124863	TUBO PVC SERIE NORMAL, DN 150 MM, PARA ESGOTO PREDIAL (NBR 5688)
124864	TUBO PVC SERIE NORMAL, DN 40 MM, PARA ESGOTO PREDIAL (NBR 5688)
124865	TUBO PVC CORRUGADO, PAREDE DUPLA, JE, DN 150 MM, REDE COLETORA ESGOTO
124866	TUBO PVC CORRUGADO, PAREDE DUPLA, JE, DN 200 MM, REDE COLETORA ESGOTO
124867	TUBO PVC CORRUGADO, PAREDE DUPLA, JE, DN 250 MM, REDE COLETORA ESGOTO
124868	TUBO PVC CORRUGADO, PAREDE DUPLA, JE, DN 300 MM, REDE COLETORA ESGOTO
124869	TUBO PVC CORRUGADO, PAREDE DUPLA, JE, DN 350 MM, REDE COLETORA ESGOTO
124870	TUBO PVC CORRUGADO, PAREDE DUPLA, JE, DN 400 MM, REDE COLETORA ESGOTO
124871	TUBO PVC DE REVESTIMENTO GEOMECANICO NERVURADO REFORCADO, DN = 150 MM, COMPRIMENTO = 2 M
124872	TUBO PVC DE REVESTIMENTO GEOMECANICO NERVURADO REFORCADO, DN = 200 MM, COMPRIMENTO = 2 M
124873	TUBO PVC DE REVESTIMENTO GEOMECANICO NERVURADO STANDARD, DN = 154 MM, COMPRIMENTO = 2 M
124874	TUBO PVC DE REVESTIMENTO GEOMECANICO NERVURADO STANDARD, DN = 206 MM, COMPRIMENTO = 2 M
124875	TUBO PVC DE REVESTIMENTO GEOMECANICO NERVURADO STANDARD, DN = 250 MM, COMPRIMENTO = 2 M
124876	TUBO PVC DEFOFO, JEI, 1 MPA, DN 100 MM, PARA REDE DE AGUA (NBR 7665)
124877	TUBO PVC DEFOFO, JEI, 1 MPA, DN 150 MM, PARA REDE DE AGUA (NBR 7665)
124878	TUBO PVC DEFOFO, JEI, 1 MPA, DN 200 MM, PARA REDE DE AGUA (NBR 7665)
124879	TUBO PVC DEFOFO, JEI, 1 MPA, DN 250 MM, PARA REDE DE AGUA (NBR 7665)
124880	TUBO PVC DEFOFO, JEI, 1 MPA, DN 300 MM, PARA REDE DE AGUA (NBR 7665)
124881	TUBO PVC PBA JEI, CLASSE 12, DN 100 MM, PARA REDE DE AGUA (NBR 5647)
124882	TUBO PVC PBA JEI, CLASSE 12, DN 50 MM, PARA REDE DE AGUA (NBR 5647)
124883	TUBO PVC PBA JEI, CLASSE 12, DN 75 MM, PARA REDE DE AGUA (NBR 5647)
124884	TUBO PVC PBA JEI, CLASSE 15, DN 100 MM, PARA REDE DE AGUA (NBR 5647)
124885	TUBO PVC PBA JEI, CLASSE 15, DN 50 MM, PARA REDE DE AGUA (NBR 5647)
124886	TUBO PVC PBA JEI, CLASSE 15, DN 75 MM, PARA REDE DE AGUA (NBR 5647)
124887	TUBO PVC PBA JEI, CLASSE 20, DN 100 MM, PARA REDE DE AGUA (NBR 5647)
124888	TUBO PVC PBA JEI, CLASSE 20, DN 50 MM, PARA REDE DE AGUA (NBR 5647)
124889	TUBO PVC PBA JEI, CLASSE 20, DN 75 MM, PARA REDE DE AGUA (NBR 5647)
124890	"TUBO PVC ROSCAVEL, 3/4"", AGUA FRIA PREDIAL"
124891	TUBO PVC SERIE NORMAL, DN 50 MM, PARA ESGOTO PREDIAL (NBR 5688)
124892	TUBO PVC SERIE NORMAL, DN 75 MM, PARA ESGOTO PREDIAL (NBR 5688)
124893	TUBO PVC, FLEXIVEL, CORRUGADO, PERFURADO, DN 110 MM, PARA DRENAGEM, SISTEMA IRRIGACAO
124894	TUBO PVC, FLEXIVEL, CORRUGADO, PERFURADO, DN 65 MM, PARA DRENAGEM, SISTEMA IRRIGACAO
124895	TUBO PVC, RIGIDO, CORRUGADO, PERFURADO, DN 150 MM, PARA DRENAGEM, SISTEMA IRRIGACAO
124896	"TUBO PVC, ROSCAVEL, 2 1/2"", AGUA FRIA PREDIAL"
124897	"TUBO PVC, ROSCAVEL, 2"", PARA AGUA FRIA PREDIAL"
124898	"TUBO PVC, ROSCAVEL, 1 1/2"", AGUA FRIA PREDIAL"
124899	"TUBO PVC, ROSCAVEL, 1 1/4"", AGUA FRIA PREDIAL"
124900	"TUBO PVC, ROSCAVEL, 1/2"", AGUA FRIA PREDIAL"
124901	"TUBO PVC, ROSCAVEL, 1"", AGUA FRIA PREDIAL"
124902	"TUBO PVC, ROSCAVEL, 3"", AGUA FRIA PREDIAL"
124903	"TUBO PVC, ROSCAVEL, 4"", AGUA FRIA PREDIAL"
124904	"TUBO PVC, ROSCAVEL, 5"", AGUA FRIA PREDIAL"
124905	"TUBO PVC, ROSCAVEL, 6"", AGUA FRIA PREDIAL"
124906	TUBO PVC, SERIE R, DN 100 MM, PARA ESGOTO OU AGUAS PLUVIAIS PREDIAIS (NBR 5688)
124907	TUBO PVC, SERIE R, DN 150 MM, PARA ESGOTO OU AGUAS PLUVIAIS PREDIAIS (NBR 5688)
124908	TUBO PVC, SERIE R, DN 40 MM, PARA ESGOTO OU AGUAS PLUVIAIS PREDIAIS (NBR 5688)
124909	TUBO PVC, SERIE R, DN 50 MM, PARA ESGOTO OU AGUAS PLUVIAIS PREDIAIS (NBR 5688)
124910	TUBO PVC, SERIE R, DN 75 MM, PARA ESGOTO OU AGUAS PLUVIAIS PREDIAIS (NBR 5688)
124911	TUBO PVC, SOLDAVEL, DN 110 MM, AGUA FRIA (NBR-5648)
124912	TUBO PVC, SOLDAVEL, DN 20 MM, AGUA FRIA (NBR-5648)
124913	TUBO PVC, SOLDAVEL, DN 25 MM, AGUA FRIA (NBR-5648)
124914	TUBO PVC, SOLDAVEL, DN 32 MM, AGUA FRIA (NBR-5648)
124915	TUBO PVC, SOLDAVEL, DN 40 MM, AGUA FRIA (NBR-5648)
124916	TUBO PVC, SOLDAVEL, DN 50 MM, PARA AGUA FRIA (NBR-5648)
124917	TUBO PVC, SOLDAVEL, DN 60 MM, AGUA FRIA (NBR-5648)
124918	TUBO PVC, SOLDAVEL, DN 75 MM, AGUA FRIA (NBR-5648)
124919	TUBO PVC, SOLDAVEL, DN 85 MM, AGUA FRIA (NBR-5648)
124920	"TUBO 26"" EM CHAPA PRETA, E= 3/16"", 147 KG/6 M"
124921	"TUBO 30"" EM CHAPA PRETA, E= 1/4"", 175 KG/6 M"
124922	"TUBO 30"" EM CHAPA PRETA, E= 3/8"", 177 KG/6 M"
124923	"UNIAO COM ASSENTO CONICO DE BRONZE, DIAMETRO 1/2"""
124924	"UNIAO COM ASSENTO CONICO DE BRONZE, DIAMETRO 1"""
124925	"UNIAO COM ASSENTO CONICO DE BRONZE, DIAMETRO 2 1/2"""
124926	UNIAO COM ASSENTO CONICO DE BRONZE, DIAMETRO 2'
124927	"UNIAO COM ASSENTO CONICO DE BRONZE, DIAMETRO 3/4"""
124928	"UNIAO COM ASSENTO CONICO DE BRONZE, DIAMETRO 3"""
124929	"UNIAO COM ASSENTO CONICO DE BRONZE, DIAMETRO 4"""
124930	"UNIAO COM ASSENTO CONICO DE FERRO LONGO (MACHO-FEMEA), DIAMETRO 1 1/2"""
124931	"UNIAO COM ASSENTO CONICO DE FERRO LONGO (MACHO-FEMEA), DIAMETRO 1/2"""
124932	"UNIAO COM ASSENTO CONICO DE FERRO LONGO (MACHO-FEMEA), DIAMETRO 1"""
124933	"UNIAO COM ASSENTO CONICO DE FERRO LONGO (MACHO-FEMEA), DIAMETRO 2 1/2"""
124934	"UNIAO COM ASSENTO CONICO DE FERRO LONGO (MACHO-FEMEA), DIAMETRO 2"""
124935	"UNIAO COM ASSENTO CONICO DE FERRO LONGO (MACHO-FEMEA), DIAMETRO 3/4"""
124936	UNIAO COM ASSENTO CONICO DE FERRO LONGO (MACHO-FEMEA), DIAMETRO 3'
124937	"UNIAO COM ASSENTO CONICO DE FERRO LONGO (MACHO-FEMEA), DIAMETRO 4"""
124938	UNIAO COM FLANGE PPR, DN 40 MM, PARA AGUA QUENTE PREDIAL
124939	"UNIAO DE FERRO GALVANIZADO, COM ASSENTO CONICO DE BRONZE, DE 1 1/2"""
124940	"UNIAO DE FERRO GALVANIZADO, COM ASSENTO CONICO DE BRONZE, DE 1 1/4"""
124941	"UNIAO DE FERRO GALVANIZADO, COM ROSCA BSP, COM ASSENTO PLANO, DE 1 1/2"""
124942	"UNIAO DE FERRO GALVANIZADO, COM ROSCA BSP, COM ASSENTO PLANO, DE 1 1/4"""
124943	"UNIAO DE FERRO GALVANIZADO, COM ROSCA BSP, COM ASSENTO PLANO, DE 1/2"""
124944	"UNIAO DE FERRO GALVANIZADO, COM ROSCA BSP, COM ASSENTO PLANO, DE 1"""
124945	"UNIAO DE FERRO GALVANIZADO, COM ROSCA BSP, COM ASSENTO PLANO, DE 2 1/2"""
124946	"UNIAO DE FERRO GALVANIZADO, COM ROSCA BSP, COM ASSENTO PLANO, DE 2"""
124947	"UNIAO DE FERRO GALVANIZADO, COM ROSCA BSP, COM ASSENTO PLANO, DE 3/4"""
124948	"UNIAO DE FERRO GALVANIZADO, COM ROSCA BSP, COM ASSENTO PLANO, DE 3"""
124949	"UNIAO DE FERRO GALVANIZADO, COM ROSCA BSP, COM ASSENTO PLANO, DE 4"""
124950	UNIAO DE REDUCAO METALICA, PARA CONEXAO COM ANEL DESLIZANTE EM TUBO PEX, DN 20 X 16 MM
124951	UNIAO DE REDUCAO METALICA, PARA CONEXAO COM ANEL DESLIZANTE EM TUBO PEX, DN 25 X 16 MM
124952	UNIAO DE REDUCAO METALICA, PARA CONEXAO COM ANEL DESLIZANTE EM TUBO PEX, DN 25 X 20 MM
124953	UNIAO DE REDUCAO METALICA, PARA CONEXAO COM ANEL DESLIZANTE EM TUBO PEX, DN 32 X 25 MM
124954	UNIAO DUPLA PPR DN 20 MM, PARA AGUA QUENTE PREDIAL
124955	UNIAO DUPLA PPR DN 25 MM, PARA AGUA QUENTE PREDIAL
124956	UNIAO EM POLIPROPILENO (PP), PARA TUBO EM PEAD, 20 MM - LIGACAO PREDIAL DE AGUA
124957	UNIAO EM POLIPROPILENO (PP), PARA TUBO EM PEAD, 32 MM - LIGACAO PREDIAL DE AGUA
124958	UNIAO METALICA, PARA CONEXAO COM ANEL DESLIZANTE EM TUBO PEX, DN 16 MM
124959	UNIAO METALICA, PARA CONEXAO COM ANEL DESLIZANTE EM TUBO PEX, DN 20 MM
124960	UNIAO METALICA, PARA CONEXAO COM ANEL DESLIZANTE EM TUBO PEX, DN 25 MM
124961	UNIAO METALICA, PARA CONEXAO COM ANEL DESLIZANTE EM TUBO PEX, DN 32 MM
124962	"UNIAO PVC, ROSCAVEL 1/2"", AGUA FRIA PREDIAL"
124963	"UNIAO PVC, ROSCAVEL 2"", AGUA FRIA PREDIAL"
124964	"UNIAO PVC, ROSCAVEL, 1 1/2"", AGUA FRIA PREDIAL"
124965	"UNIAO PVC, ROSCAVEL, 1 1/4"", AGUA FRIA PREDIAL"
124966	"UNIAO PVC, ROSCAVEL, 1"", AGUA FRIA PREDIAL"
124967	"UNIAO PVC, ROSCAVEL, 2 1/2"", AGUA FRIA PREDIAL"
124968	"UNIAO PVC, ROSCAVEL, 3/4"", AGUA FRIA PREDIAL"
124969	"UNIAO PVC, ROSCAVEL, 3"", AGUA FRIA PREDIAL"
124970	UNIAO PVC, SOLDAVEL, 110 MM, PARA AGUA FRIA PREDIAL
124971	UNIAO PVC, SOLDAVEL, 20 MM, PARA AGUA FRIA PREDIAL
124972	UNIAO PVC, SOLDAVEL, 25 MM, PARA AGUA FRIA PREDIAL
124973	UNIAO PVC, SOLDAVEL, 32 MM, PARA AGUA FRIA PREDIAL
124974	UNIAO PVC, SOLDAVEL, 40 MM, PARA AGUA FRIA PREDIAL
124975	UNIAO PVC, SOLDAVEL, 50 MM, PARA AGUA FRIA PREDIAL
124976	UNIAO PVC, SOLDAVEL, 60 MM, PARA AGUA FRIA PREDIAL
124977	UNIAO PVC, SOLDAVEL, 75 MM, PARA AGUA FRIA PREDIAL
124978	UNIAO PVC, SOLDAVEL, 85 MM, PARA AGUA FRIA PREDIAL
124979	"UNIAO TIPO STORZ, COM EMPATACAO INTERNA TIPO ANEL DE EXPANSAO, ENGATE RAPIDO 1 1/2"", PARA MANGUEIRA DE COMBATE A INCENDIO PREDIAL"
124980	"UNIAO TIPO STORZ, COM EMPATACAO INTERNA TIPO ANEL DE EXPANSAO, ENGATE RAPIDO 2 1/2"", PARA MANGUEIRA DE COMBATE A INCENDIO PREDIAL"
124981	UNIAO, CPVC, SOLDAVEL, 15 MM, PARA AGUA QUENTE PREDIAL
124982	UNIAO, CPVC, SOLDAVEL, 22 MM, PARA AGUA QUENTE PREDIAL
124983	UNIAO, CPVC, SOLDAVEL, 28 MM, PARA AGUA QUENTE PREDIAL
124984	UNIAO, CPVC, SOLDAVEL, 35 MM, PARA AGUA QUENTE PREDIAL
124985	UNIAO, CPVC, SOLDAVEL, 42 MM, PARA AGUA QUENTE PREDIAL
124986	UNIAO, CPVC, SOLDAVEL, 54 MM, PARA AGUA QUENTE PREDIAL
124987	UNIAO, CPVC, SOLDAVEL, 73 MM, PARA AGUA QUENTE PREDIAL
124988	UNIAO, CPVC, SOLDAVEL, 89 MM, PARA AGUA QUENTE PREDIAL
124989	USINA DE ASFALTO A FRIO, CAPACIDADE DE 30 A 40 T/H, ELETRICA, POTENCIA DE 30 CV
124990	USINA DE ASFALTO A FRIO, CAPACIDADE DE 40 A 60 T/H, ELETRICA, POTENCIA DE 30 CV
124991	USINA DE ASFALTO A QUENTE, FIXA, TIPO CONTRA FLUXO, CAPACIDADE DE 100 A 140 T/H, POTENCIA DE 280 KW, COM MISTURADOR EXTERNO ROTATIVO
124992	USINA DE ASFALTO, GRAVIMETRICA, CAPACIDADE DE 150 T/H, POTENCIA DE 400 KW
124993	USINA DE CONCRETO FIXA, CAPACIDADE NOMINAL DE 40 M3/H, SEM SILO
124994	USINA DE CONCRETO FIXA, CAPACIDADE NOMINAL DE 60 M3/H, SEM SILO
124995	USINA DE CONCRETO FIXA, CAPACIDADE NOMINAL DE 80 M3/H, SEM SILO
124996	USINA DE CONCRETO FIXA, CAPACIDADE NOMINAL DE 90 A 120 M3/H, SEM SILO
124997	USINA DE LAMA ASFALTICA, PROD 30 A 50 T/H, SILO DE AGREGADO 7 M3, RESERVATORIOS PARA EMULSAO E AGUA DE 2,3 M3 CADA, MISTURADOR TIPO PUGG-MILL A SER MONTADO SOBRE CAMINHAO
124998	USINA DE MISTURAS ASFALTICAS A QUENTE, MOVEL, TIPO CONTRA FLUXO, CAPACIDADE DE 40 A 80 T/H
124999	USINA MISTURADORA DE SOLOS, DOSADORES TRIPLOS, CALHA VIBRATORIA CAPACIDADE DE 200 A 500 T/H, POTENCIA DE 75 KW
125000	VALVULA DE DESCARGA EM METAL CROMADO PARA MICTORIO COM ACIONAMENTO POR PRESSAO E FECHAMENTO AUTOMATICO
125001	"VALVULA DE DESCARGA METALICA, BASE 1 1/2 "" E ACABAMENTO METALICO CROMADO"
125002	"VALVULA DE DESCARGA METALICA, BASE 1 1/4 "" E ACABAMENTO METALICO CROMADO"
125003	"VALVULA DE ESFERA BRUTA EM BRONZE, BITOLA 1 "" (REF 1552-B)"
125004	"VALVULA DE ESFERA BRUTA EM BRONZE, BITOLA 1 1/2 "" (REF 1552-B)"
125005	"VALVULA DE ESFERA BRUTA EM BRONZE, BITOLA 1 1/4 "" (REF 1552-B)"
125006	"VALVULA DE ESFERA BRUTA EM BRONZE, BITOLA 1/2 "" (REF 1552-B)"
125007	"VALVULA DE ESFERA BRUTA EM BRONZE, BITOLA 2 "" (REF 1552-B)"
125008	"VALVULA DE ESFERA BRUTA EM BRONZE, BITOLA 3/4 "" (REF 1552-B)"
125009	"VALVULA DE RETENCAO DE BRONZE, PE COM CRIVOS, EXTREMIDADE COM ROSCA, DE 1 1/2"", PARA FUNDO DE POCO"
125010	"VALVULA DE RETENCAO DE BRONZE, PE COM CRIVOS, EXTREMIDADE COM ROSCA, DE 1 1/4"", PARA FUNDO DE POCO"
125011	"VALVULA DE RETENCAO DE BRONZE, PE COM CRIVOS, EXTREMIDADE COM ROSCA, DE 1"", PARA FUNDO DE POCO"
125012	"VALVULA DE RETENCAO DE BRONZE, PE COM CRIVOS, EXTREMIDADE COM ROSCA, DE 2 1/2"", PARA FUNDO DE POCO"
125013	"VALVULA DE RETENCAO DE BRONZE, PE COM CRIVOS, EXTREMIDADE COM ROSCA, DE 2"", PARA FUNDO DE POCO"
125014	"VALVULA DE RETENCAO DE BRONZE, PE COM CRIVOS, EXTREMIDADE COM ROSCA, DE 3/4"", PARA FUNDO DE POCO"
125015	"VALVULA DE RETENCAO DE BRONZE, PE COM CRIVOS, EXTREMIDADE COM ROSCA, DE 3"", PARA FUNDO DE POCO"
125016	"VALVULA DE RETENCAO DE BRONZE, PE COM CRIVOS, EXTREMIDADE COM ROSCA, DE 4"", PARA FUNDO DE POCO"
125017	"VALVULA DE RETENCAO HORIZONTAL, DE BRONZE (PN-25), 1 1/2"", 400 PSI, TAMPA DE PORCA DE UNIAO, EXTREMIDADES COM ROSCA"
125018	"VALVULA DE RETENCAO HORIZONTAL, DE BRONZE (PN-25), 1 1/4"", 400 PSI, TAMPA DE PORCA DE UNIAO, EXTREMIDADES COM ROSCA"
125019	"VALVULA DE RETENCAO HORIZONTAL, DE BRONZE (PN-25), 1/2"", 400 PSI, TAMPA DE PORCA DE UNIAO, EXTREMIDADES COM ROSCA"
125020	"VALVULA DE RETENCAO HORIZONTAL, DE BRONZE (PN-25), 1"", 400 PSI, TAMPA DE PORCA DE UNIAO, EXTREMIDADES COM ROSCA"
125021	"VALVULA DE RETENCAO HORIZONTAL, DE BRONZE (PN-25), 2 1/2"", 400 PSI, TAMPA DE PORCA DE UNIAO, EXTREMIDADES COM ROSCA"
125022	"VALVULA DE RETENCAO HORIZONTAL, DE BRONZE (PN-25), 2"", 400 PSI, TAMPA DE PORCA DE UNIAO, EXTREMIDADES COM ROSCA"
125023	"VALVULA DE RETENCAO HORIZONTAL, DE BRONZE (PN-25), 3/4"", 400 PSI, TAMPA DE PORCA DE UNIAO, EXTREMIDADES COM ROSCA"
125024	"VALVULA DE RETENCAO HORIZONTAL, DE BRONZE (PN-25), 3"", 400 PSI, TAMPA DE PORCA DE UNIAO, EXTREMIDADES COM ROSCA"
125025	"VALVULA DE RETENCAO HORIZONTAL, DE BRONZE (PN-25), 4"", 400 PSI, TAMPA DE PORCA DE UNIAO, EXTREMIDADES COM ROSCA"
125026	"VALVULA DE RETENCAO VERTICAL, DE BRONZE (PN-16), 1 1/2"", 200 PSI, EXTREMIDADES COM ROSCA"
125027	"VALVULA DE RETENCAO VERTICAL, DE BRONZE (PN-16), 1 1/4"", 200 PSI, EXTREMIDADES COM ROSCA"
125028	"VALVULA DE RETENCAO VERTICAL, DE BRONZE (PN-16), 1/2"", 200 PSI, EXTREMIDADES COM ROSCA"
125029	"VALVULA DE RETENCAO VERTICAL, DE BRONZE (PN-16), 1"", 200 PSI, EXTREMIDADES COM ROSCA"
125030	"VALVULA DE RETENCAO VERTICAL, DE BRONZE (PN-16), 2 1/2"", 200 PSI, EXTREMIDADES COM ROSCA"
125031	"VALVULA DE RETENCAO VERTICAL, DE BRONZE (PN-16), 2"", 200 PSI, EXTREMIDADES COM ROSCA"
125032	"VALVULA DE RETENCAO VERTICAL, DE BRONZE (PN-16), 3/4"", 200 PSI, EXTREMIDADES COM ROSCA"
125033	"VALVULA DE RETENCAO VERTICAL, DE BRONZE (PN-16), 3"", 200 PSI, EXTREMIDADES COM ROSCA"
125034	"VALVULA DE RETENCAO VERTICAL, DE BRONZE (PN-16), 4"", 200 PSI, EXTREMIDADES COM ROSCA"
125035	"VALVULA EM METAL CROMADO PARA LAVATORIO, 1 "" SEM LADRAO"
125036	"VALVULA EM METAL CROMADO PARA PIA AMERICANA 3.1/2 X 1.1/2 """
125037	"VALVULA EM METAL CROMADO PARA TANQUE, 1.1/2 "" SEM LADRAO"
125038	"VALVULA EM PLASTICO BRANCO COM SAIDA LISA PARA TANQUE 1.1/4 "" X 1.1/2 """
125039	"VALVULA EM PLASTICO BRANCO PARA LAVATORIO 1 "", SEM UNHO, COM LADRAO"
125040	"VALVULA EM PLASTICO BRANCO PARA TANQUE OU LAVATORIO 1 "", SEM UNHO E SEM LADRAO"
125041	"VALVULA EM PLASTICO BRANCO PARA TANQUE 1.1/4 "" X 1.1/2 "", SEM UNHO E SEM LADRAO"
125042	"VALVULA EM PLASTICO CROMADO PARA LAVATORIO 1 "", SEM UNHO, COM LADRAO"
125043	"VALVULA EM PLASTICO CROMADO TIPO AMERICANA PARA PIA DE COZINHA 3.1/2 "" X 1.1/2 "", SEM ADAPTADOR"
125044	VARA FINA PARA CREMONA, EM FERRO ZINCADO BRANCO, COM DIAMETRO DE APROX 10 MM E COMPRIMENTO DE 1,20 M
125045	VARA FINA PARA CREMONA, EM FERRO ZINCADO BRANCO, COM DIAMETRO DE APROX 10 MM E COMPRIMENTO DE 1,50 M
125046	VARIADOR DE LUMINOSIDADE ROTATIVO (DIMMER) 127 V, 300 W (APENAS MODULO)
125047	"VARIADOR DE LUMINOSIDADE ROTATIVO (DIMMER) 127V, 300W, CONJUNTO MONTADO PARA EMBUTIR 4"" X 2"" (PLACA + SUPORTE + MODULO)"
125048	VARIADOR DE LUMINOSIDADE ROTATIVO (DIMMER) 220 V, 600 W (APENAS MODULO)
125049	"VARIADOR DE LUMINOSIDADE ROTATIVO (DIMMER) 220V, 600W, CONJUNTO MONTADO PARA EMBUTIR 4"" X 2"" (PLACA + SUPORTE + MODULO)"
125050	VARIADOR DE VELOCIDADE PARA VENTILADOR 127 V, 150 W (APENAS MODULO)
125051	"VARIADOR DE VELOCIDADE PARA VENTILADOR 127V, 150W + 2 INTERRUPTORES PARALELOS, PARA REVERSAO E LAMPADA, CONJUNTO MONTADO PARA EMBUTIR 4"" X 2"" (PLACA + SUPORTE + MODULOS)"
125052	VARIADOR DE VELOCIDADE PARA VENTILADOR 220 V, 250 W (APENAS MODULO)
125053	"VARIADOR DE VELOCIDADE PARA VENTILADOR 220V, 250W + 2 INTERRUPTORES PARALELOS, PARA REVERSAO E LAMPADA, CONJUNTO MONTADO PARA EMBUTIR 4"" X 2"" (PLACA + SUPORTE + MODULOS)"
125054	VASSOURA MECANICA REBOCAVEL COM ESCOVA CILINDRICA LARGURA UTIL DE VARRIMENTO = 2,44M
125055	VASSOURA 40 CM COM CABO
125056	VEDACAO DE CALHA, EM BORRACHA COR PRETA, MEDIDA ENTRE 119 E 170 MM, PARA DRENAGEM PLUVIAL PREDIAL
125057	VEDACAO PVC, 100 MM, PARA SAIDA VASO SANITARIO
125058	"VERGALHAO ZINCADO ROSCA TOTAL, 1/4 "" (6,3 MM)"
125059	VERNIZ POLIURETANO BRILHANTE PARA MADEIRA, COM FILTRO SOLAR, USO INTERNO E EXTERNO
125060	VERNIZ SINTETICO BRILHANTE PARA MADEIRA TIPO COPAL, USO INTERNO
125061	VERNIZ SINTETICO BRILHANTE PARA MADEIRA, COM FILTRO SOLAR, USO INTERNO E EXTERNO (BASE SOLVENTE)
125062	VEU DE VIDRO/VEU DE SUPERFICIE 30 A 35 G/M2
125063	VEU POLIESTER
125064	VIBRADOR DE IMERSAO, COM PONTEIRA DE *35* MM, MANGOTE DE 5 M, SEM MOTOR
125065	VIBRADOR DE IMERSAO, COM PONTEIRA DE *45* MM, MANGOTE DE 5 M, SEM MOTOR.
125066	VIBRADOR DE IMERSAO, COM PONTEIRA DE *60* MM, MANGOTE DE 5 M, SEM MOTOR.
125067	VIBRADOR DE IMERSAO, DIAMETRO DA PONTEIRA DE *35* MM, COM MOTOR 4 TEMPOS A GASOLINA DE 5,5 HP (5,5 CV)
125068	VIBRADOR DE IMERSAO, DIAMETRO DA PONTEIRA DE *45* MM, COM MOTOR ELETRICO TRIFASICO DE 2 HP (2 CV)
125069	VIBRADOR DE IMERSAO, DIAMETRO DA PONTEIRA DE *45* MM, COM MOTOR 4 TEMPOS A GASOLINA DE 5,5 HP (5,5 CV)
125070	VIBROACABADORA DE ASFALTO SOBRE ESTEIRAS, LARG. PAVIM. MAX. 8,00 M, POT. 100 KW/ 134 HP, CAP. 600 T/ H
125071	VIBROACABADORA DE ASFALTO SOBRE ESTEIRAS, LARG. PAVIM. 2,13 M A 4,55 M, POT. 74 KW/ 100 HP, CAP. 400 T/ H
125072	VIBROACABADORA DE ASFALTO SOBRE ESTEIRAS, LARG. PAVIM. 2,60 M A 5,75 M, POT. 110 HP, CAP. 450 T/ H
125073	VIBROACABADORA DE ASFALTO SOBRE ESTEIRAS, LARG. PAVIMENT. 1,90 A 5,3 M, POT. 78 KW/105 HP, CAP. 450 T/H
125074	VIBROACABADORA DE ASFALTO SOBRE RODAS, LARGURA DE PAVIMENTACAO DE 1,70 A 4,20 M, POTENCIA 78 KW/105 HP, CAPACIDADE 300 T/H
125075	VIDRACEIRO
125076	VIDRACEIRO (MENSALISTA)
125077	VIDRO COMUM LAMINADO LISO INCOLOR DUPLO, ESPESSURA TOTAL 8 MM (CADA CAMADA DE 4 MM) - COLOCADO
125078	VIDRO COMUM LAMINADO, LISO, INCOLOR, DUPLO, ESPESSURA TOTAL 6 MM (CADA CAMADA E= 3 MM) - COLOCADO
125079	VIDRO COMUM LAMINADO, LISO, INCOLOR, TRIPLO, ESPESSURA TOTAL 12 MM (CADA CAMADA E= 4 MM) - COLOCADO
125080	VIDRO COMUM LAMINADO, LISO, INCOLOR, TRIPLO, ESPESSURA TOTAL 15 MM (CADA CAMADA E = 5 MM) - COLOCADO
125081	VIDRO CRISTAL COLORIDO, 10 MM, PINTADO NA COR BRANCA
125082	VIDRO CRISTAL COLORIDO, 4 MM, PINTADO NA COR BRANCA
125083	VIDRO CRISTAL COLORIDO, 6 MM, PINTADO NA COR BRANCA
125084	VIDRO CRISTAL COLORIDO, 8 MM, PINTADO NA COR BRANCA
125085	VIDRO LISO FUME E = 4MM - SEM COLOCACAO
125086	VIDRO LISO FUME E = 6MM - SEM COLOCACAO
125087	VIDRO LISO FUME, E = 5 MM - SEM COLOCACAO
125088	VIDRO LISO INCOLOR 10 MM - SEM COLOCACAO
125089	VIDRO LISO INCOLOR 2 A 3 MM - SEM COLOCACAO
125090	VIDRO LISO INCOLOR 4MM - SEM COLOCACAO
125091	VIDRO LISO INCOLOR 5MM - SEM COLOCACAO
125092	VIDRO LISO INCOLOR 6 MM - SEM COLOCACAO
125093	VIDRO LISO INCOLOR 8MM - SEM COLOCACAO
125094	VIDRO MARTELADO OU CANELADO, 4 MM - SEM COLOCACAO
125095	VIDRO PLANO ARAMADO E = 6 MM - SEM COLOCACAO
125096	VIDRO PLANO ARMADO E = 7MM - SEM COLOCACAO
125097	VIDRO TEMPERADO INCOLOR E = 10 MM, SEM COLOCACAO
125098	VIDRO TEMPERADO INCOLOR E = 6 MM, SEM COLOCACAO
125099	VIDRO TEMPERADO INCOLOR E = 8 MM, SEM COLOCACAO
125100	VIDRO TEMPERADO INCOLOR PARA PORTA DE ABRIR, E = 10 MM (SEM FERRAGENS E SEM COLOCACAO)
125101	VIDRO TEMPERADO VERDE E = 10 MM, SEM COLOCACAO
125102	VIDRO TEMPERADO VERDE E = 6 MM, SEM COLOCACAO
125103	VIDRO TEMPERADO VERDE E = 8 MM, SEM COLOCACAO
125104	VIGA *7,5 X 10* CM EM PINUS, MISTA OU EQUIVALENTE DA REGIAO - BRUTA
125105	VIGA *7,5 X 15 CM EM PINUS, MISTA OU EQUIVALENTE DA REGIAO - BRUTA
125106	VIGA APARELHADA *6 X 12* CM, EM MACARANDUBA, ANGELIM OU EQUIVALENTE DA REGIAO
125107	VIGA APARELHADA *6 X 16* CM, EM MACARANDUBA, ANGELIM OU EQUIVALENTE DA REGIAO
125108	VIGA DE ESCORAMAENTO H20, DE MADEIRA, PESO DE 5,00 A 5,20 KG/M, COM EXTREMIDADES PLASTICAS
125109	VIGA NAO APARELHADA *6 X 12* CM, EM MACARANDUBA, ANGELIM OU EQUIVALENTE DA REGIAO - BRUTA
125110	VIGA NAO APARELHADA *6 X 16* CM, EM MACARANDUBA, ANGELIM OU EQUIVALENTE DA REGIAO - BRUTA
125111	VIGA NAO APARELHADA *6 X 20* CM, EM MACARANDUBA, ANGELIM OU EQUIVALENTE DA REGIAO - BRUTA
125112	VIGA NAO APARELHADA *8 X 16* CM EM MACARANDUBA, ANGELIM OU EQUIVALENTE DA REGIAO - BRUTA
125113	VIGIA DIURNO
125114	VIGIA DIURNO (MENSALISTA)
125115	VIGIA NOTURNO, HORA EFETIVAMENTE TRABALHADA DE 22 H AS 5 H (COM ADICIONAL NOTURNO)
126721	AJUDANTE DE ESTRUTURAS METALICAS HORISTA [SINAPI 44499]
126722	APOIO DO PORTA DENTE PARA FRESADORA DE ASFALTO [SINAPI 44473]
126723	AQUECEDOR DE OLEO BPF (FLUIDO) TERMICO, CAPACIDADE DE 300.000 KCAL/H [SINAPI 44498]
126724	BETONEIRA CAPACIDADE NOMINAL 600 L, CAPACIDADE DE MISTURA 440 L, MOTOR A GASOLINA POTENCIA 10 HP, COM CARREGADOR [SINAPI 44492]
126735	BOMBA TRIPLEX COM MOTOR A DIESEL, NACIONAL, DIAMETRO DE SUCCAO DE 2 1/2'' [SINAPI 44489]
126736	CAIXA DE INSPECAO PARA ATERRAMENTO OU OUTRO USO, EM PVC, DN = 250 X 250 MM [SINAPI 41480]
126737	CAIXA DE INSPECAO PARA ATERRAMENTO OU OUTRO USO, EM PVC, DN = 300 X *300* MM [SINAPI 41474]
126738	CAIXA DE INSPECAO PARA ATERRAMENTO OU OUTRO USO, EM PVC, DN = 300 X 250 MM [SINAPI 41475]
126739	CAIXA DE INSPECAO PARA ATERRAMENTO OU OUTRO USO, EM PVC, DN = 300 X 600 MM [SINAPI 41476]
126740	CALCARIO DOLOMITICO A (POSTO PEDREIRA/FORNECEDOR, SEM FRETE) [SINAPI 44479]
126741	CAPTOR FRANKLIN (4 PONTAS), EM LATAO CROMADO, H = 300 MM, DUAS DESCIDAS [SINAPI 41410]
126742	CAPTOR FRANKLIN (4 PONTAS), EM LATAO CROMADO, H = 300 MM, UMA DESCIDA [SINAPI 41411]
126743	CAPTOR FRANKLIN (4 PONTAS), EM LATAO CROMADO, H = 350 MM, DUAS DESCIDAS [SINAPI 41412]
126744	CAPTOR FRANKLIN (4 PONTAS), EM LATAO CROMADO, H=350 MM, UMA DESCIDA [SINAPI 41413]
126745	CHAPA/PAINEL DE MADEIRA COMPENSADA PLASTIFICADA (MADEIRITE PLASTIFICADO) PARA FORMA DE CONCRETO, DE 2200 X 1100 MM, E = 14 MM [SINAPI 43678]
126746	CHAPA/PAINEL DE MADEIRA COMPENSADA PLASTIFICADA (MADEIRITE PLASTIFICADO) PARA FORMA DE CONCRETO, DE 2200 X 1100 MM, E = 20 MM [SINAPI 43680]
126747	CHAPA/PAINEL DE MADEIRA COMPENSADA PLASTIFICADA (MADEIRITE PLASTIFICADO) PARA FORMA DE CONCRETO, DE 2200 X 1100 MM, E = 6 MM [SINAPI 43679]
126748	CHAPA/PAINEL DE MADEIRA COMPENSADA RESINADA (MADEIRITE RESINADO ROSA) PARA FORMA DE CONCRETO, DE 2200 x 1100 MM, E = 8 A 12 MM [SINAPI 43681]
126749	CHAPA/PAINEL DE MADEIRA COMPENSADA RESINADA (MADEIRITE RESINADO ROSA) PARA FORMA DE CONCRETO, DE 2200 X 1100 MM, E = 20 MM [SINAPI 43677]
126750	CHAPA/PAINEL DE MADEIRA COMPENSADA RESINADA (MADEIRITE RESINADO ROSA) PARA FORMA DE CONCRETO, DE 2200 X 1100 MM, E = 6 MM [SINAPI 43682]
126751	CIMENTO PORTLAND ESTRUTURAL BRANCO CPB-32 [SINAPI 44528]
126752	COLA BRANCA BASE PVA [SINAPI 44396]
126753	COLA PARA TUBOS E MANTAS ELASTOMERICAS, A BASE DE SOLVENTE [SINAPI 44327]
126754	CONTRAMARCO DE ALUMINIO (PERFIL 25) PARA ESQUADRIAS, TIPO CONVENCIONAL / CADEIRINHA, 60 MM (CM-060), INCLUSO CONEXOES, GRAPAS E TRAVAMENTOS [SINAPI 43657]
126755	DENTE PARA FRESADORA [SINAPI 44472]
126756	DESINFETANTE PRONTO USO [SINAPI 44330]
126757	DETERGENTE NEUTRO USO GERAL, CONCENTRADO [SINAPI 44329]
126758	"DISCO DE BORRACHA PARA LIXADEIRA RIGIDO 7 "" COM ARRUELA CENTRAL [SINAPI 44532]"
126759	"DISCO DE CORTE DIAMANTADO SEGMENTADO DIAMETRO DE 180 MM PARA ESMERILHADEIRA 7 "" [SINAPI 44531]"
126760	"DISCO DE CORTE PARA METAL COM DUAS TELAS 12 X 1/8 X 3/4 "" (300 X 3,2 X 19,05 MM) [SINAPI 44495]"
126761	"DISCO DE DESBASTE PARA METAL FERROSO EM GERAL, COM TRES TELAS, 9 X 1/4 X 7/8 "" ( 228,6 X 6,4 X 22,2 MM) [SINAPI 44533]"
126762	DISCO DE LIXA PARA METAL, DIAMETRO = 180 MM, GRAO 120 [SINAPI 44534]
126763	DIVISORIA EM GRANITO, COM DUAS FACES POLIDAS, TIPO ANDORINHA/ QUARTZ/ CASTELO/ CORUMBA OU OUTROS EQUIVALENTES DA REGIAO, E= *3,0* CM [SINAPI 44476]
126764	"ESCOVA CIRCULAR EM ACO LATONADO, 6 X 1 "" (DIAMETRO X ESPESSURA), FURO DE 1 1/4 "", FIO ONDULADO *0,30* MM [SINAPI 44538]"
126765	FERTILIZANTE NPK - 10:10:10 [SINAPI 44539]
126766	FITA / CINTA AUTOADESIVA ELASTOMERICA PARA VEDACAO, L= 50 MM, E = 3 MM [SINAPI 44397]
126767	FUNDO SINTETICO NIVELADOR BRANCO FOSCO PARA MADEIRA [SINAPI 43653]
126768	GESSO COLA, EM PO, PARA FIXACAO DE MOLDURAS, SANCAS E BLOCOS DE GESSO [SINAPI 44324]
126769	GRANALHA DE ACO, ESFERICA (SHOT), PARA JATEAMENTO, PENEIRA 1,19 A 1,00 MM (SAE S390) [SINAPI 44481]
126770	GRUPO GERADOR ESTACIONARIO SILENCIADO, POTENCIA 50 KVA, MOTOR DIESEL [SINAPI 44494]
126771	GRUPO GERADOR ESTACIONARIO, SILENCIADO, POTENCIA 180 KVA, MOTOR DIESEL [SINAPI 44493]
126772	GUINDASTE HIDRAULICO AUTOPROPELIDO, COM LANCA TELESCOPICA 28,80 M, CAPACIDADE MAXIMA 30 T, POTENCIA 97 KW, TRACAO 4 X 4 [SINAPI 44475]
126773	GUINDASTE HIDRAULICO AUTOPROPELIDO, COM LANCA TELESCOPICA 40 M, CAPACIDADE MAXIMA 60 T, POTENCIA 260 KW, TRACAO 6 X 6 [SINAPI 44474]
126774	GUINDASTE HIDRAULICO AUTOPROPELIDO, COM LANCA TELESCOPICA 50 M, CAPACIDADE MAXIMA 100 T, POTENCIA 350 KW, TRACAO 10 X 6 [SINAPI 44490]
126775	JANELA INTEGRADA VENEZIANA EM ALUMINIO PERFIL 25, 120 X 120 CM (A X L), 2 FLS ( 2 VIDROS) E VENEZIANA COM ACIONAMENTO MANUAL, SEM BANDEIRA, ACABAMENTO BRILHANTE, BATENTE DE 11,50 A 12,50 CM, COM VIDRO, INCLUSO GUARNICAO [SINAPI 44053]
126776	JANELA VENEZIANA DE CORRER, EM ALUMINIO PERFIL 25, 100 X 120 CM (A X L), 3 FLS (2 VENEZIANAS E 1 VIDRO), SEM BANDEIRA, ACABAMENTO BRANCO OU BRILHANTE, BATENTE DE 8 A 9 CM, COM VIDRO, SEM GUARNICAO/ALIZAR [SINAPI 44054]
126777	JANELA VENEZIANA DE CORRER, EM ALUMINIO PERFIL 25, 100 X 150 CM (A X L), 6 FLS (4 VENEZIANAS E 2 VIDROS), SEM BANDEIRA, ACABAMENTO BRANCO OU BRILHANTE, BATENTE DE 8 A 9 CM, COM VIDRO, SEM GUARNICAO / ALIZAR [SINAPI 44399]
126778	JARDINEIRO HORISTA [SINAPI 44503]
126779	LIMPA VIDROS COM PULVERIZADOR [SINAPI 44331]
126780	MANTA TERMOPLASTICA, PEAD, GEOMEMBRANA LISA, E = 0,50 MM ( NBR 15352) [SINAPI 44504]
126781	MANTA TERMOPLASTICA, PEAD, GEOMEMBRANA LISA, E = 0,75 MM (NBR 15352) [SINAPI 44505]
126782	MANTA TERMOPLASTICA, PEAD, GEOMEMBRANA LISA, E = 0,80 MM (NBR 15352) [SINAPI 44506]
126783	MANTA TERMOPLASTICA, PEAD, GEOMEMBRANA LISA, E = 1,00 MM (NBR 15352) [SINAPI 44507]
126784	MANTA TERMOPLASTICA, PEAD, GEOMEMBRANA LISA, E = 1,50 MM (NBR 15352) [SINAPI 44508]
126785	MANTA TERMOPLASTICA, PEAD, GEOMEMBRANA LISA, E = 2,00 MM (NBR 15352) [SINAPI 44509]
126786	MANTA TERMOPLASTICA, PEAD, GEOMEMBRANA LISA, E = 2,50 MM (NBR 15352) [SINAPI 44510]
126787	MANTA TERMOPLASTICA, PEAD, GEOMEMBRANA TEXTURIZADA EM AMBAS AS FACES, E = 0,50 MM ( NBR 15352) [SINAPI 44512]
126788	MANTA TERMOPLASTICA, PEAD, GEOMEMBRANA TEXTURIZADA EM AMBAS AS FACES, E = 0,75 MM ( NBR 15352) [SINAPI 44513]
126789	MANTA TERMOPLASTICA, PEAD, GEOMEMBRANA TEXTURIZADA EM AMBAS AS FACES, E = 0,80 MM ( NBR 15352) [SINAPI 44514]
126790	MANTA TERMOPLASTICA, PEAD, GEOMEMBRANA TEXTURIZADA EM AMBAS AS FACES, E = 1,00 MM ( NBR 15352) [SINAPI 44515]
126791	MANTA TERMOPLASTICA, PEAD, GEOMEMBRANA TEXTURIZADA EM AMBAS AS FACES, E = 1,50 MM ( NBR 15352) [SINAPI 44511]
126792	MANTA TERMOPLASTICA, PEAD, GEOMEMBRANA TEXTURIZADA EM AMBAS AS FACES, E = 2,00 MM ( NBR 15352) [SINAPI 44516]
126793	MANTA TERMOPLASTICA, PEAD, GEOMEMBRANA TEXTURIZADA EM AMBAS AS FACES, E = 2,50 MM ( NBR 15352) [SINAPI 44517]
126794	MASSA ACRILICA PARA SUPERFICIES INTERNAS E EXTERNAS [SINAPI 43651]
126795	MASSA CORRIDA PARA SUPERFICIES DE AMBIENTES INTERNOS [SINAPI 43626]
126796	MASSA PARA MADEIRA - INTERIOR E EXTERIOR [SINAPI 43652]
126797	"MASTRO SIMPLES GALVANIZADO DIAMETRO NOMINAL 1 1/2"" [SINAPI 41387]"
126798	"MASTRO SIMPLES GALVANIZADO DIAMETRO NOMINAL 2"" [SINAPI 41388]"
126799	"MASTRO TELESCOPICO DE 4 METROS (3 M X DN= 2"" + 1 M X DN= 1 1/2"") [SINAPI 41380]"
126800	"MASTRO TELESCOPICO GALVANIZADO 5 METROS (3 M X DN= 2"" + 2 M X DN= 1 1/2"") [SINAPI 41381]"
126801	"MASTRO TELESCOPICO GALVANIZADO 6 METROS (3 M X DN= 2"" + 3 M X DN= 1Â½"") [SINAPI 41382]"
126802	"MASTRO TELESCOPICO GALVANIZADO 7 METROS (6 M X DN= 2"" + 1 M X DN= 1 1/2"") [SINAPI 41383]"
126803	"MASTRO TELESCOPICO GALVANIZADO 9 METROS (6 M X DN= 2"" + 3 M X DN= 1 1/2"") [SINAPI 41385]"
126804	MICROESFERAS DE VIDRO PARA SINALIZACAO HORIZONTAL VIARIA, TIPO I-B (PREMIX) - NBR 16184 [SINAPI 44478]
126805	MICROESFERAS DE VIDRO PARA SINALIZACAO HORIZONTAL VIARIA, TIPO II-A (DROP-ON) - NBR 16184 [SINAPI 44477]
126806	MINICAPTOR, EM ACO GALVANIZADO A FOGO, FIXACAO COM ROSCA SOBERBA OU MECANICA, H=600 MM X DN=10 MM [SINAPI 41420]
126807	MINICAPTOR, EM ACO GALVANIZADO A FOGO, FIXACAO HORIZONTAL COM BANDEIRA A 20 CM, H=600 MM E X DN=10 MM [SINAPI 41422]
126808	MINICAPTOR, EM ACO GALVANIZADO A FOGO, FIXACAO HORIZONTAL DE 1 FUROS, SEM BANDEIRA, H=300 MM X DN=10 MM [SINAPI 41425]
126809	MINICAPTOR, EM ACO GALVANIZADO A FOGO, FIXACAO HORIZONTAL DE 2 FUROS, SEM BANDEIRA, H=600 MM X DN=10 MM [SINAPI 41426]
126810	MINICAPTOR, EM ACO GALVANIZADO A FOGO,Â FIXACAO COM ROSCA SOBERBA OU MECANICA, H=300 MM X DN=10 MM [SINAPI 41419]
126811	MINICAPTOR, EM ACO GALVANIZADO A FOGO,Â FIXACAO HORIZONTAL COM BANDEIRA A 20 CM, H=300 MM E X DN=10 MM [SINAPI 41421]
126812	MINICAPTORES DE INSERCAO, EM ACO GALVANIZADO A FOGO, H=300 MM X DN=10 MM [SINAPI 41414]
126813	MINICAPTORES DE INSERCAO, EM ACO GALVANIZADO A FOGO, H=600,MM X DN=10,MM [SINAPI 41415]
126814	MONTADOR DE ESTRUTURAS METALICAS HORISTA [SINAPI 44497]
126815	OPERADOR DE DEMARCADORA DE FAIXAS DE TRAFEGO HORISTA [SINAPI 44501]
126816	OPERADOR DE PAVIMENTADORA / MESA VIBROACABADORA HORISTA [SINAPI 44500]
126817	PISO EM GRANITO, POLIDO, TIPO MARFIM, DALLAS, CARAVELAS OU OUTROS EQUIVALENTES DA REGIAO, FORMATO MENOR OU IGUAL A 3025 CM2, E= *2*CM [SINAPI 44540]
126818	PISO/ REVESTIMENTO EM GRANITO, POLIDO, TIPO ANDORINHA/ QUARTZ/ CASTELO/ CORUMBA OU OUTROS EQUIVALENTES DA REGIAO, FORMATO MAIOR OU IGUAL A 3025 CM2, E = *2*CM [SINAPI 44541]
126819	PLACA / CHAPA DE GESSO ACARTONADO, RESISTENTE A UMIDADE (RU), COR VERDE, E = 15 MM, 1200 X 2400 MM (L X C) [SINAPI 43742]
126820	PLACA / CHAPA DE GESSO ACARTONADO, RESISTENTE AO FOGO (RF), COR ROSA, E = 15 MM, 1200 X 2400 MM (L X C) [SINAPI 43740]
126821	PLACA / CHAPA DE GESSO ACARTONADO, STANDARD (ST), COR BRANCA, E = 15 MM, 1200 X 2400 MM (L X C) [SINAPI 43741]
126822	PONTEIRO PARA MARTELO ROMPEDOR, DIAMETRO = *28* MM, COMPRIMENTO = *520* MM, ENCAIXE SEXTAVADO [SINAPI 44496]
126823	PORTA DENTE PARA FRESADORA [SINAPI 44471]
126824	POSTE DE CONCRETO ARMADO DE SECAO CIRCULAR, EXTENSAO DE 13,00 M, RESISTENCIA DE 1000 DAN, TIPO C-23 [SINAPI 41180]
126825	POSTE DE CONCRETO ARMADO DE SECAO CIRCULAR, EXTENSAO DE 13,00 M, RESISTENCIA DE 1500 DAN, TIPO C-29 [SINAPI 41181]
126826	POSTE DE CONCRETO ARMADO DE SECAO CIRCULAR, EXTENSAO DE 13,00 M, RESISTENCIA DE 2000 DAN, TIPO C-29 [SINAPI 41182]
126827	POSTE DE CONCRETO ARMADO DE SECAO CIRCULAR, EXTENSAO DE 13,00 M, RESISTENCIA DE 2500 DAN, TIPO C-29 [SINAPI 41183]
126828	POSTE DE CONCRETO ARMADO DE SECAO CIRCULAR, EXTENSAO DE 13,00 M, RESISTENCIA DE 3000 DAN, TIPO C-29 [SINAPI 41184]
126829	POSTE DE CONCRETO ARMADO DE SECAO CIRCULAR, EXTENSAO DE 14,00 M, RESISTENCIA DE 1000 DAN, TIPO C-23 [SINAPI 41185]
126830	POSTE DE CONCRETO ARMADO DE SECAO CIRCULAR, EXTENSAO DE 14,00 M, RESISTENCIA DE 1500 DAN, TIPO C-29 [SINAPI 41186]
126831	POSTE DE CONCRETO ARMADO DE SECAO CIRCULAR, EXTENSAO DE 14,00 M, RESISTENCIA DE 2000 DAN, TIPO C-29 [SINAPI 41187]
126832	POSTE DE CONCRETO ARMADO DE SECAO CIRCULAR, EXTENSAO DE 14,00 M, RESISTENCIA DE 2500 DAN, TIPO C-29 [SINAPI 41188]
126833	POSTE DE CONCRETO ARMADO DE SECAO CIRCULAR, EXTENSAO DE 14,00 M, RESISTENCIA DE 3000 DAN, TIPO C-29 [SINAPI 41189]
126834	POSTE DE CONCRETO ARMADO DE SECAO CIRCULAR, EXTENSAO DE 15,00 M, RESISTENCIA DE 1000 DAN, TIPO C-23 [SINAPI 41190]
126835	POSTE DE CONCRETO ARMADO DE SECAO CIRCULAR, EXTENSAO DE 15,00 M, RESISTENCIA DE 1500 DAN, TIPO C-29 [SINAPI 41191]
126836	POSTE DE CONCRETO ARMADO DE SECAO CIRCULAR, EXTENSAO DE 15,00 M, RESISTENCIA DE 2000 DAN, TIPO C-29 [SINAPI 41192]
126837	POSTE DE CONCRETO ARMADO DE SECAO CIRCULAR, EXTENSAO DE 15,00 M, RESISTENCIA DE 2500 DAN, TIPO C-29 [SINAPI 41193]
126838	POSTE DE CONCRETO ARMADO DE SECAO CIRCULAR, EXTENSAO DE 15,00 M, RESISTENCIA DE 3000 DAN, TIPO C-29 [SINAPI 41194]
126839	POSTE DE CONCRETO ARMADO DE SECAO DUPLO T, EXTENSAO DE 10,00 M, RESISTENCIA DE 1000 DAN, TIPO B-1,5 [SINAPI 41201]
126840	POSTE DE CONCRETO ARMADO DE SECAO DUPLO T, EXTENSAO DE 10,00 M, RESISTENCIA DE 150 DAN, TIPO D [SINAPI 41199]
126841	POSTE DE CONCRETO ARMADO DE SECAO DUPLO T, EXTENSAO DE 10,00 M, RESISTENCIA DE 600 DAN, TIPO B [SINAPI 41200]
126842	POSTE DE CONCRETO ARMADO DE SECAO DUPLO T, EXTENSAO DE 11,00 M, RESISTENCIA DE 1000 DAN, TIPO B-1,5 [SINAPI 41205]
126843	POSTE DE CONCRETO ARMADO DE SECAO DUPLO T, EXTENSAO DE 11,00 M, RESISTENCIA DE 150 DAN, TIPO D [SINAPI 41202]
126844	POSTE DE CONCRETO ARMADO DE SECAO DUPLO T, EXTENSAO DE 11,00 M, RESISTENCIA DE 1500 DAN, TIPO B-3,0 [SINAPI 41206]
126845	POSTE DE CONCRETO ARMADO DE SECAO DUPLO T, EXTENSAO DE 11,00 M, RESISTENCIA DE 2000 DAN, TIPO B-4,5 [SINAPI 41207]
126846	POSTE DE CONCRETO ARMADO DE SECAO DUPLO T, EXTENSAO DE 11,00 M, RESISTENCIA DE 300 DAN, TIPO B [SINAPI 41203]
126847	POSTE DE CONCRETO ARMADO DE SECAO DUPLO T, EXTENSAO DE 11,00 M, RESISTENCIA DE 600 DAN, TIPO B [SINAPI 41204]
126848	POSTE DE CONCRETO ARMADO DE SECAO DUPLO T, EXTENSAO DE 12,00 M, RESISTENCIA DE 1000 DAN, TIPO B-1,5 [SINAPI 41210]
126849	POSTE DE CONCRETO ARMADO DE SECAO DUPLO T, EXTENSAO DE 12,00 M, RESISTENCIA DE 150 DAN, TIPO D [SINAPI 41208]
126850	POSTE DE CONCRETO ARMADO DE SECAO DUPLO T, EXTENSAO DE 12,00 M, RESISTENCIA DE 1500 DAN, TIPO B-3,0 [SINAPI 41211]
126851	POSTE DE CONCRETO ARMADO DE SECAO DUPLO T, EXTENSAO DE 12,00 M, RESISTENCIA DE 3000 DAN, TIPO B-6,0 [SINAPI 41213]
126852	POSTE DE CONCRETO ARMADO DE SECAO DUPLO T, EXTENSAO DE 12,00 M, RESISTENCIA DE 600 DAN, TIPO B [SINAPI 41209]
126853	POSTE DE CONCRETO ARMADO DE SECAO DUPLO T, EXTENSAO DE 13,00 M, RESISTENCIA DE 1000 DAN, TIPO B-1,5 [SINAPI 41216]
126854	POSTE DE CONCRETO ARMADO DE SECAO DUPLO T, EXTENSAO DE 13,00 M, RESISTENCIA DE 1500 DAN, TIPO B-3,0 [SINAPI 41217]
126855	POSTE DE CONCRETO ARMADO DE SECAO DUPLO T, EXTENSAO DE 13,00 M, RESISTENCIA DE 2000 DAN, TIPO B-4,5 [SINAPI 41218]
126856	POSTE DE CONCRETO ARMADO DE SECAO DUPLO T, EXTENSAO DE 13,00 M, RESISTENCIA DE 300 DAN, TIPO B [SINAPI 41214]
126857	POSTE DE CONCRETO ARMADO DE SECAO DUPLO T, EXTENSAO DE 13,00 M, RESISTENCIA DE 600 DAN, TIPO B [SINAPI 41215]
126858	POSTE DE CONCRETO ARMADO DE SECAO DUPLO T, EXTENSAO DE 15,00 M, RESISTENCIA DE 1500 DAN, TIPO B-3,0 [SINAPI 41221]
126859	POSTE DE CONCRETO ARMADO DE SECAO DUPLO T, EXTENSAO DE 15,00 M, RESISTENCIA DE 2000 DAN, TIPO B-4,5 [SINAPI 41222]
126860	POSTE DE CONCRETO ARMADO DE SECAO DUPLO T, EXTENSAO DE 8,00 M, RESISTENCIA DE 150 DAN, TIPO D [SINAPI 41195]
126861	POSTE DE CONCRETO ARMADO DE SECAO DUPLO T, EXTENSAO DE 9,00 M, RESISTENCIA DE 1000 DAN, TIPO B-1,5 [SINAPI 41198]
126862	POSTE DE CONCRETO ARMADO DE SECAO DUPLO T, EXTENSAO DE 9,00 M, RESISTENCIA DE 150 DAN, TIPO D [SINAPI 41196]
126863	POSTE DE CONCRETO ARMADO DE SECAO DUPLO T, EXTENSAO DE 9,00 M, RESISTENCIA DE 600 DAN, TIPO B [SINAPI 41197]
126864	POSTES METALICOS AUTOPORTANTES, CONICO OU TELESCOPICO, PARA SPDA, ALTURA 10 METROS LIVRES [SINAPI 41457]
126865	POSTES METALICOS AUTOPORTANTES, CONICO OU TELESCOPICO, PARA SPDA, ALTURA 12 METROS LIVRES [SINAPI 41458]
126866	POSTES METALICOS AUTOPORTANTES, CONICO OU TELESCOPICO, PARA SPDA, ALTURA 15 METROS LIVRES [SINAPI 41459]
126867	POSTES METALICOS AUTOPORTANTES, CONICO OU TELESCOPICO, PARA SPDA, ALTURA 20 METROS LIVRES [SINAPI 41461]
126868	POZOLANA DE CLASSE C [SINAPI 44537]
126869	PRIMER DE POLIURETANO [SINAPI 44074]
126870	PRIMER EPOXI / EPOXIDICO [SINAPI 44072]
126871	RASTELEIRO HORISTA [SINAPI 44502]
126872	"REBOLO ABRASIVO RETO DE USO GERAL GRAO 36, DE 6 X 1 "" ( DIAMETRO X ALTURA) [SINAPI 44530]"
126873	SERVICO DE BOMBEAMENTO DE CONCRETO COM CONSUMO MINIMO DE 40 M3 [SINAPI 44535]
126874	SILICA ATIVA PARA ADICAO EM CONCRETO E ARGAMASSA [SINAPI 44536]
126875	"TARIFA ""A"" ENTRE 0 E 20M3 FORNECIMENTO D'AGUA [SINAPI 44480]"
126876	TARUGO DELIMITADOR DE PROFUNDIDADE EM ESPUMA DE POLIETILENO DE BAIXA DENSIDADE 10 MM, CINZA [SINAPI 44073]
126877	TELA DE ANIAGEM ( JUTA) [SINAPI 44529]
126878	TINTA LATEX ACRILICA SUPER PREMIUM, COR BRANCO FOSCO [SINAPI 43624]
126879	TORNEIRA CROMADA DE MESA PARA LAVATORIO, MISTURADOR MONOCOMANDO, BICA BAIXA (REF 2875) [SINAPI 44045]
126880	TORNEIRA DE MESA CROMADA PARA LAVATORIO COM SENSOR DE APROXIMACAO ELETRICO, BIVOLT [SINAPI 39702]
126881	TUBO DE POLIETILENO DE ALTA DENSIDADE, PEAD, PE-80, DE = 1000 MM X 38,5 MM PAREDE, ( SDR 26 - PN 05 ) PARA REDE DE AGUA OU ESGOTO ( NBR 15561) [SINAPI 44543]
126882	TUBO DE POLIETILENO DE ALTA DENSIDADE, PEAD, PE-80, DE = 110 MM X 10,0 MM PAREDE, ( SDR 11 - PN 12,5 ) PARA REDE DE AGUA OU ESGOTO ( NBR 15561) [SINAPI 44526]
126883	TUBO DE POLIETILENO DE ALTA DENSIDADE, PEAD, PE-80, DE = 1200 MM X 37,2 MM PAREDE ( SDR 32,25 - PN 04 ) PARA REDE DE AGUA OU ESGOTO ( NBR 15561) [SINAPI 44518]
126884	TUBO DE POLIETILENO DE ALTA DENSIDADE, PEAD, PE-80, DE = 1400 MM X 42,9 MM PAREDE, (SDR 32,25 - PN 04 ) PARA REDE DE AGUA OU ESGOTO ( NBR 15561) [SINAPI 44544]
126885	TUBO DE POLIETILENO DE ALTA DENSIDADE, PEAD, PE-80, DE = 160 MM X 14,6 MM PAREDE, (SDR 11 - PN 12,5 ) PARA REDE DE AGUA OU ESGOTO ( NBR 15561) [SINAPI 44545]
126886	TUBO DE POLIETILENO DE ALTA DENSIDADE, PEAD, PE-80, DE = 1600 MM X 49,0 MM PAREDE, ( SDR 32,25 - PN 04 ) PARA REDE DE AGUA OU ESGOTO ( NBR 15561) [SINAPI 44546]
126887	TUBO DE POLIETILENO DE ALTA DENSIDADE, PEAD, PE-80, DE = 900 MM X 34,7 MM PAREDE, ( SDR 26 - PN 05 ) PARA REDE DE AGUA OU ESGOTO ( NBR 15561) [SINAPI 44525]
126888	TUBO DE POLIETILENO DE ALTA DENSIDADE, PEAD, PE-80, DE= 200 MM X 18,2 MM PAREDE, ( SDR 11 - PN 12,5 ) PARA REDE DE AGUA OU ESGOTO ( NBR 15561) [SINAPI 44547]
126889	TUBO DE POLIETILENO DE ALTA DENSIDADE, PEAD, PE-80, DE= 315 MM X 28,7 MM PAREDE, ( SDR 11 - PN 12,5 ) PARA REDE DE AGUA OU ESGOTO ( NBR 15561) [SINAPI 44519]
126890	TUBO DE POLIETILENO DE ALTA DENSIDADE, PEAD, PE-80, DE= 400 MM X 36,4 MM PAREDE, ( SDR 11 - PN 12,5 ) PARA REDE DE AGUA OU ESGOTO ( NBR 15561) [SINAPI 44520]
126891	TUBO DE POLIETILENO DE ALTA DENSIDADE, PEAD, PE-80, DE= 50 MM X 4,6 MM PAREDE, (SDR 11 - PN 12,5) PARA REDE DE AGUA OU ESGOTO ( NBR 15561) [SINAPI 44521]
126892	TUBO DE POLIETILENO DE ALTA DENSIDADE, PEAD, PE-80, DE= 500 MM X 45,5 MM PAREDE, ( SDR 11 - PN 12,5 ) PARA REDE DE AGUA OU ESGOTO ( NBR 15561) [SINAPI 44522]
126893	TUBO DE POLIETILENO DE ALTA DENSIDADE, PEAD, PE-80, DE= 630 MM X 57,3 MM PAREDE (SDR 11 - PN 12,5 ) PARA REDE DE AGUA OU ESGOTO ( NBR 15561) [SINAPI 44523]
126894	TUBO DE POLIETILENO DE ALTA DENSIDADE, PEAD, PE-80, DE= 730 MM X 34,1 MM PAREDE, ( SDR 21 - PN 06 ) PARA REDE DE AGUA OU ESGOTO ( NBR 15561) [SINAPI 44527]
126895	TUBO DE POLIETILENO DE ALTA DENSIDADE, PEAD, PE-80, DE= 75 MM X 6,9 MM PAREDE, ( SRD 11 - PN 12,5 ) PARA REDE DE AGUA OU ESGOTO ( NBR 15561) [SINAPI 44524]
126896	TUBO DE POLIETILENO DE ALTA DENSIDADE, PEAD, PE-80, DE= 800 MM X 30,8 MM PAREDE, ( SDR 26 - PN 05 ) PARA REDE DE AGUA OU ESGOTO ( NBR 15561) [SINAPI 44542]
126897	USINA DE ASFALTO, GRAVIMETRICA, CAPACIDADE DE 150 T/H, POTENCIA DE 400 KW [SINAPI 44469]
126898	VIBROACABADORA DE ASFALTO SOBRE ESTEIRAS, LARG. PAVIM. MAX. 8,00 M, POT. 100 KW/ 134 HP, CAP. 600 T/ H [SINAPI 44491]
126899	VIBROACABADORA DE ASFALTO SOBRE ESTEIRAS, LARG. PAVIM. 2,13 M A 4,55 M, POT. 74 KW/ 100 HP, CAP. 400 T/ H [SINAPI 44470]
126900	"DOBRADICA EM ACO/FERRO, 3"" X 2 1/2"", E= 1,2 A 1,8 MM, SEM ANEL, CROMADO OU ZINCADO, TAMPA BOLA, COM PARAFUSOS [SINAPI 2418]"
126901	"HASTE DE ATERRAMENTO EM ACO COM 3,00 M DE COMPRIMENTO E DN = 3/4"", REVESTIDA COM BAIXA CAMADA DE COBRE, SEM CONECTOR [SINAPI 3378]"
126902	"HASTE DE ATERRAMENTO EM ACO COM 3,00 M DE COMPRIMENTO E DN = 5/8"", REVESTIDA COM BAIXA CAMADA DE COBRE, COM CONECTOR TIPO GRAMPO [SINAPI 3380]"
126903	"HASTE DE ATERRAMENTO EM ACO COM 3,00 M DE COMPRIMENTO E DN = 5/8"", REVESTIDA COM BAIXA CAMADA DE COBRE, SEM CONECTOR [SINAPI 3379]"
126904	JANELA BASCULANTE, ACO, COM BATENTE/REQUADRO, 60 X 80 CM (SEM VIDROS) [SINAPI 615]
126905	JANELA DE CORRER, ACO, BATENTE/REQUADRO DE 6 A 14 CM, QUADRICULADA, PINTURA ANTICORROSIVA, SEM VIDRO, BANDEIRA COM BASCULA, 4 FLS, 120 X 150 CM (A X L) [SINAPI 606]
126906	LUMINARIA FECHADA P/ ILUMINACAO PUBLICA, TIPO ABL 50/F OU EQUIV, P/ LAMPADA A VAPOR DE MERCURIO 400W [SINAPI 13382]
126907	!EM PROCESSO DE DESATIVACAO!JANELA DE CORRER, ACO, BATENTE/REQUADRO DE 6 A 14 CM, COM DIVISAO HORIZ , PINT ANTICORROSIVA, SEM VIDRO, BANDEIRA COM BASCULA, 4 FLS, 120 X 150 CM (A X L) [SINAPI 11199]
126908	"!EM PROCESSO DESATIVACAO! ELETRODUTO EM ACO GALVANIZADO ELETROLITICO, LEVE, DIAMETRO 1"", PAREDE DE 0,90 MM [SINAPI 21136]"
126909	"!EM PROCESSO DESATIVACAO! ELETRODUTO EM ACO GALVANIZADO ELETROLITICO, LEVE, DIAMETRO 3/4"", PAREDE DE 0,90 MM [SINAPI 21128]"
126910	"!EM PROCESSO DESATIVACAO! ELETRODUTO EM ACO GALVANIZADO ELETROLITICO, SEMI-PESADO, DIAMETRO 1 1/2"", PAREDE DE 1,20 MM [SINAPI 21130]"
126911	"!EM PROCESSO DESATIVACAO! ELETRODUTO EM ACO GALVANIZADO ELETROLITICO, SEMI-PESADO, DIAMETRO 1 1/4"", PAREDE DE 1,20 MM [SINAPI 21135]"
127625	CAMINHAO TOCO, PESO BRUTO TOTAL 13200 KG, CARGA UTIL MAXIMA 9200 KG, DISTANCIA ENTRE EIXOS 3,31 M, POTENCIA 175 CV (INCLUI CABINE E CHASSI, NAO INCLUI CARROCERIA) [SINAPI 44057]
127626	BENTONITA, ARGILA CONSTITUIDA POR MONTMORILONITA [SINAPI 43366]
127634	CADEADO EM ACO INOX, LARGURA DE *50* MM, COM HASTE EM ACO TEMPERADO, SEM MOLA - CHAVES INCLUIDAS [SINAPI 41758]
127635	CHAPA DE MADEIRA COMPENSADA DE PINUS, VIROLA OU EQUIVALENTE, DE *2,2 X 1,6* M, E = 6 MM [SINAPI 1363]
127636	CHAPA DE MADEIRA COMPENSADA PLASTIFICADA PARA FORMA DE CONCRETO, DE 2,20 x 1,10 M, E = 6 MM [SINAPI 1344]
127637	CHAPA DE MADEIRA COMPENSADA PLASTIFICADA PARA FORMA DE CONCRETO, DE 2,20 X 1,10 m, E = 14 MM [SINAPI 1342]
127638	CHAPA DE MADEIRA COMPENSADA PLASTIFICADA PARA FORMA DE CONCRETO, DE 2,20 X 1,10 M, E = 20 MM [SINAPI 1349]
127639	CHAPA DE MADEIRA COMPENSADA RESINADA PARA FORMA DE CONCRETO, DE *2,2 X 1,1* M, E = 10 MM [SINAPI 1350]
127640	CHAPA DE MADEIRA COMPENSADA RESINADA PARA FORMA DE CONCRETO, DE *2,2 X 1,1* M, E = 12 MM [SINAPI 1357]
127641	CHAPA DE MADEIRA COMPENSADA RESINADA PARA FORMA DE CONCRETO, DE *2,2 X 1,1* M, E = 20 MM [SINAPI 1359]
127642	CHAPA DE MADEIRA COMPENSADA RESINADA PARA FORMA DE CONCRETO, DE *2,2 X 1,1* M, E = 6 MM [SINAPI 1351]
127643	CREMONA COM CASTANHA BIPARTIDA, COM VARA DE 1.50 M, EM LATAO CROMADO, PARA PORTAS E JANELAS - COMPLETA [SINAPI 3113]
127644	DIVISORIA COLMEIA CEGA COM MONTANTE E RODAPE DE ALUMINIO ANODIZADO SIMPLES (SEM COLOCACAO) [SINAPI 2404]
127645	ESCAVADEIRA DRAGA DE ARRASTE, CAP. 3/4 JC 140HP (INCL MANUTENCAO/OPERACAO) [SINAPI 2720]
127646	ESCAVADEIRA HIDRAULICA SOBRE ESTEIRAS DE 99 HP, PESO OPERACIONAL DE *16* T E CAPACIDADE DE 0,85 A 1,00 M3 (LOCACAO COM OPERADOR, COMBUSTIVEL E MANUTENCAO) [SINAPI 2719]
127647	FUNDO SINTETICO NIVELADOR BRANCO FOSCO PARA MADEIRA [SINAPI 6086]
127648	GRADIL *1320 X 2170* MM (A X L) EM BARRA DE ACO CHATA *25 MM X 2* MM, ENTRELACADA COM BARRA ACO REDONDA *5* MM, MALHA *65 X 132* MM, GALVANIZADO E PINTURA ELETROSTATICA, COR PRETO [SINAPI 38968]
127649	JANELA DE CORRER, ACO, BATENTE/REQUADRO DE 6 A 14 CM, VENEZIANA, PINT ANTICORROSIVA, PINT ACABAMENTO, COM VIDRO, 6 FLS, 120 X 150 CM (A X L) [SINAPI 11193]
127650	JANELA DE CORRER, ACO, COM BATENTE/REQUADRO DE 6 A 14 CM, SEM DIVISAO, PINT ANTICORROSIVA, PINT ACABAMENTO, COM VIDRO, SEM BANDEIRA, 2 FLS, 120 X 150 CM (A X L) [SINAPI 11197]
127651	LOCACAO DE GRUPO GERADOR ACIMA DE * 20 A 80* KVA, MOTOR DIESEL, REBOCAVEL, ACIONAMENTO MANUAL [SINAPI 3345]
127652	LOCACAO DE GRUPO GERADOR DE *400* KVA, DIESEL REBOCAVEL, ACIONAMENTO MANUAL [SINAPI 39834]
127653	LOCACAO DE GRUPO GERADOR DE *550* KVA, DIESEL REBOCAVEL, ACIONAMENTO MANUAL [SINAPI 39835]
127654	LONA PLASTICA, PRETA, LARGURA 8 M, E= 150 MICRA [SINAPI 3779]
127655	MASSA CORRIDA PVA PARA PAREDES INTERNAS [SINAPI 4051]
127656	MASSA CORRIDA PVA PARA PAREDES INTERNAS [SINAPI 4047]
127657	PORTA DE MADEIRA, FOLHA LEVE (NBR 15930), E = 35 MM, NUCLEO COLMEIA, CAPA LISA EM HDF, ACABAMENTO MELAMINICO EM PADRAO MADEIRA [SINAPI 11367]
127658	PUXADOR CONCHA DE EMBUTIR, EM LATAO CROMADO, PARA PORTA / JANELA DE CORRER, LISO, SEM FURO PARA CHAVE, COM FUROS PARA FIXAR PARAFUSOS, *30 X 90* MM (LARGURA X ALTURA) [SINAPI 11523]
127659	SARRAFO DE MADEIRA NAO APARELHADA *2,5 X 15* CM, MACARANDUBA, ANGELIM OU EQUIVALENTE DA REGIAO [SINAPI 6204]
127660	"TABUA DE MADEIRA NAO APARELHADA *2,5 X 30 CM (1 X 12 "") PINUS, MISTA OU EQUIVALENTE DA REGIAO [SINAPI 6188]"
127661	TERMINAL DE PORCELANA (MUFLA) UNIPOLAR, USO EXTERNO, TENSAO 3,6/6 KV, PARA CABO DE 10/16 MM2, COM ISOLAMENTO EPR [SINAPI 4126]
127662	TINTA A OLEO BRILHANTE PARA MADEIRA E METAIS [SINAPI 7287]
127663	TINTA ACRILICA PREMIUM PARA PISO [SINAPI 7347]
127664	TINTA LATEX PVA PREMIUM, COR BRANCA [SINAPI 7345]
127665	TINTA LATEX PVA PREMIUM, COR BRANCA [SINAPI 7344]
127666	VERNIZ POLIURETANO BRILHANTE PARA MADEIRA, SEM FILTRO SOLAR, USO INTERNO E EXTERNO [SINAPI 40514]
127667	VIGOTA DE MADEIRA NAO APARELHADA *5 X 10* CM, MACARANDUBA, ANGELIM OU EQUIVALENTE DA REGIAO [SINAPI 4487]
127668	!EM PROCESSO DE DESATIVACAO!MASSA A OLEO PARA MADEIRA [SINAPI 4053]
127669	!EM PROCESSO DE DESATIVACAO!MASSA ACRILICA PARA PAREDES INTERIOR/EXTERIOR [SINAPI 4056]
127670	AGUA SANITARIA [SINAPI 13003]
127671	ANEL BORRACHA, PARA TUBO PVC, REDE COLETOR ESGOTO, DN 125 MM (NBR 7362) [SINAPI 304]
127672	ANEL DE CONCRETO ARMADO, D = *1,10* M, H = 0,30 M [SINAPI 12548]
127673	ANEL DE CONCRETO ARMADO, D = 0,60 M, H = 0,10 M [SINAPI 13113]
127674	ANEL DE CONCRETO ARMADO, D = 0,60 M, H = 0,15 M [SINAPI 13114]
127675	ANEL DE CONCRETO ARMADO, D = 0,60 M, H = 0,30 M [SINAPI 12530]
127676	ANEL DE CONCRETO ARMADO, D = 0,60 M, H = 0,40 M [SINAPI 12531]
127677	ANEL DE CONCRETO ARMADO, D = 0,80 M, H = 0,30 M [SINAPI 12533]
127678	ANEL DE CONCRETO ARMADO, D = 1,00 M, H = 0,40 M [SINAPI 12546]
127679	AREIA AMARELA, AREIA BARRADA OU ARENOSO (RETIRADA NO AREAL, SEM TRANSPORTE) [SINAPI 369]
127680	AREIA PRETA PARA EMBOCO - POSTO JAZIDA/FORNECEDOR (RETIRADO NA JAZIDA, SEM TRANSPORTE) [SINAPI 11076]
127681	ARGAMASSA PRONTA PARA REVESTIMENTO INTERNO EM PAREDES [SINAPI 374]
127682	ASFALTO DILUIDO DE PETROLEO CM-30 (COLETADO CAIXA NA ANP ACRESCIDO DE ICMS) [SINAPI 41901]
127683	BACIA SANITARIA TURCA DE LOUCA BRANCA [SINAPI 11784]
127684	BATENTE/ PORTAL/ ADUELA/ MARCO MACICO, E= *3* CM, L= *7* CM, *60 CM A 120* CM X *210* CM, EM CEDRINHO/ ANGELIM COMERCIAL/ EUCALIPTO/ CURUPIXA/ PEROBA/ CUMARU OU EQUIVALENTE DA REGIAO (NAO INCLUI ALIZARES) [SINAPI 195]
127685	BATENTE/ PORTAL/ ADUELA/ MARCO MACICO, E= *3* CM, L= *7* CM, *60 CM A 120* CM X *210* CM, EM PINUS/ TAUARI/ VIROLA OU EQUIVALENTE DA REGIAO (NAO INCLUI ALIZARES) [SINAPI 194]
127686	BLOCO ESTRUTURAL CERAMICO - 14 X 19 X 29 CM - 4,0 MPA - NBR 15270 [SINAPI 10610]
127687	BLOCO ESTRUTURAL CERAMICO 14 X 19 X 29 CM, 3,0 MPA (NBR 15270) [SINAPI 34585]
127688	BLOQUETE/PISO DE CONCRETO - MODELO BLOCO PISOGRAMA/CONCREGRAMA 2 FUROS, *35 CM X 15* CM, E = *8* CM, COR NATURAL [SINAPI 40520]
127689	BLOQUETE/PISO DE CONCRETO - MODELO PISOGRAMA/CONCREGRAMA/PAVI-GRADE/GRAMEIRO, *60 CM X 45* CM, E = *9* CM, COR NATURAL [SINAPI 40516]
127690	BORBOLETA EM LATAO FUNDIDO CROMADO, PARA TRAVAR JANELA TIPO GUILHOTINA [SINAPI 5081]
127691	CAIBRO DE MADEIRA NAO APARELHADA 5 X 5 CM, CEDRINHO OU EQUIVALENTE DA REGIAO [SINAPI 4496]
127692	CAIXA GORDURA DUPLA, CONCRETO PRE MOLDADO, CIRCULAR, COM TAMPA, D = 60* CM [SINAPI 3280]
127693	CAIXA INSPECAO, CONCRETO PRE MOLDADO, CIRCULAR, COM TAMPA, D = 40* CM [SINAPI 3278]
127694	CAIXA INSPECAO, CONCRETO PRE MOLDADO, CIRCULAR, COM TAMPA, D = 60* CM, H= 60* CM [SINAPI 3279]
127695	CAIXA SIFONADA PVC 150 X 150 X 50MM COM TAMPA CEGA QUADRADA BRANCA [SINAPI 11713]
127696	CAIXA SIFONADA PVC, 100 X 100 X 40 MM, COM GRELHA REDONDA BRANCA [SINAPI 11716]
127697	CAIXA SIFONADA PVC, 150 X 185 X 75 MM, COM TAMPA CEGA QUADRADA BRANCA [SINAPI 11715]
127698	CALAFETADOR / CALAFATE [SINAPI 4758]
127699	CALAFETADOR / CALAFATE (MENSALISTA) [SINAPI 41080]
127700	CANALETA ESTRUTURAL CERAMICA, 14 X 19 X 29 CM, 4,0 MPA (NBR 15270) [SINAPI 34647]
127701	CANALETA ESTRUTURAL CERAMICA, 14 X 19 X 39 CM, 4,0 MPA (NBR 15270) [SINAPI 34652]
127702	"CANTONEIRA FERRO GALVANIZADO DE ABAS IGUAIS, 3/4"" X 1/8"" (L X E) [SINAPI 569]"
127703	CIMENTO ASFALTICO DE PETROLEO A GRANEL (CAP) 30/45 (COLETADO CAIXA NA ANP ACRESCIDO DE ICMS) [SINAPI 41900]
127704	CIMENTO PORTLAND COMPOSTO CP II-32 (SACO DE 50 KG) [SINAPI 10511]
127705	CIMENTO PORTLAND POZOLANICO CP IV- 32 [SINAPI 1382]
127706	COMPRESSOR DE AR, VAZAO DE 10 PCM, RESERVATORIO 100 L, PRESSAO DE TRABALHO ENTRE 6,9 E 9,7 BAR, POTENCIA 2 HP, TENSAO 110/220 V (COLETADO CAIXA) [SINAPI 41991]
127707	CONCRETO USINADO BOMBEAVEL, CLASSE DE RESISTENCIA C80, COM BRITA 0 E 1, SLUMP = 100 +/- 20 MM, EXCLUI SERVICO DE BOMBEAMENTO (NBR 8953) [SINAPI 34497]
127708	CORANTE LIQUIDO PARA TINTA PVA, BISNAGA 50 ML [SINAPI 5328]
127709	CUMEEIRA PARA TELHA DE CONCRETO, PARA 2 AGUAS DE TELHADO, COR CINZA, RENDIMENTO DE *3* TELHAS/M (COLETADO CAIXA) [SINAPI 40866]
127710	DETERGENTE AMONIACO (AMONIA DILUIDA) [SINAPI 6]
127711	DIVISORIA (N2) PAINEL/VIDRO - PAINEL C/ MSO/COMEIA E=35MM - MONTANTE/RODAPE DUPLO ACO GALV PINTADO - COLOCADA [SINAPI 2414]
127712	DIVISORIA (N2) PAINEL/VIDRO - PAINEL C/ MSO/COMEIA E=35MM - PERFIS SIMPLES ACO GALV PINTADO - COLOCADA [SINAPI 2413]
127713	DIVISORIA (N2) PAINEL/VIDRO - PAINEL MSO/COMEIA E=35MM - MONTANTE/RODAPE DUPLO ALUMINIO ANOD NAT - COLOCADA [SINAPI 2405]
127714	DIVISORIA (N2) PAINEL/VIDRO - PAINEL MSO/COMEIA E=35MM - PERFIS SIMPLES ALUMINIO ANOD NAT - COLOCADA [SINAPI 13361]
127715	DIVISORIA (N2) PAINEL/VIDRO - PAINEL VERMICULITA E=35MM - PERFIS SIMPLES ALUMINIO ANOD NATURAL - COLOCADA [SINAPI 11987]
127716	DIVISORIA (N3) PAINEL/VIDRO/PAINEL MSO/COMEIA E=35MM - MONTANTE/RODAPE DUPLO ACO GALV PINTADO - COLOCADA [SINAPI 2416]
127717	DIVISORIA (N3) PAINEL/VIDRO/PAINEL MSO/COMEIA E=35MM - MONTANTE/RODAPE DUPLO ALUMINIO ANOD NAT - COLOCADA [SINAPI 2412]
127718	DIVISORIA (N3) PAINEL/VIDRO/PAINEL MSO/COMEIA E=35MM - PERFIS SIMPLES ACO GALV PINTADO - COLOCADA [SINAPI 2411]
127719	DIVISORIA (N3) PAINEL/VIDRO/PAINEL MSO/COMEIA E=35MM - PERFIS SIMPLES ALUMINIO ANOD NAT - COLOCADA [SINAPI 2406]
127720	DIVISORIA (N3) PAINEL/VIDRO/PAINEL VERMICULITA E=35MM - MONTANTE/RODAPE DUPLO ALUMINIO ANOD NATURAL - COLOCADA [SINAPI 10571]
127721	DIVISORIA (N3) PAINEL/VIDRO/PAINEL VERMICULITA E=35MM - MONTANTE/RODAPE PERFIL DUPLO ACO GALV PINTADO - COLOCADA [SINAPI 11985]
127722	DIVISORIA CEGA (N1) - PAINEL MSO/COMEIA E=35MM - MONTANTE/RODAPE DUPLO ACO GALV PINTADO - COLOCADA [SINAPI 2410]
127723	DIVISORIA CEGA (N1) - PAINEL MSO/COMEIA E=35MM - MONTANTE/RODAPE DUPLO ALUMINIO ANOD NAT - COLOCADA [SINAPI 2417]
127724	DIVISORIA CEGA (N1) - PAINEL MSO/COMEIA E=35MM - PERFIS SIMPLES ACO GALV PINTADO - COLOCADA [SINAPI 2415]
127725	DIVISORIA CEGA (N1) - PAINEL MSO/COMEIA E=35MM - PERFIS SIMPLES ALUMINIO ANOD NAT - COLOCADA [SINAPI 13360]
127726	DIVISORIA CEGA (N1) - PAINEL VERMICULITA E=35MM - MONTANTE/RODAPE PERFIS SIMPLES ACO GALV PINTADO - COLOCADA [SINAPI 11983]
127727	DIVISORIA CEGA (N1) - PAINEL VERMICULITA E=35MM - PERFIS SIMPLES ALUMINIO ANOD NATURAL - COLOCADA [SINAPI 11986]
127728	ELEMENTO VAZADO CERAMICO 7 X 20 X 20 CM [SINAPI 7273]
127729	EMPILHADEIRA SOBRE PNEUS COM TORRE DE TRES ESTAGIOS, 4,70M DE ELEVACAO, C/ DESLOCADOR LATERAL DOS GARFOS, MOTOR GLP 4.3L, CAPACIDADE NOMINAL DE CARGA DE 6T [SINAPI 10638]
127730	EMPILHADEIRA SOBRE PNEUS COM TORRE DE TRES ESTAGIOS, 4,80M DE ELEVACAO, C/ DESLOCADOR LATERAL DOS GARFOS, MOTOR GLP 2.2L, CAPACIDADE NOMINAL DE CARGA DE 3T [SINAPI 10635]
127731	EMPILHADEIRA SOBRE PNEUS COM TORRE DE TRES ESTAGIOS, 4,80M DE ELEVACAO, C/ DESLOCADOR LATERAL DOS GARFOS, MOTOR GLP 2.4L, CAPACIDADE NOMINAL DE CARGA DE 2,5T [SINAPI 10634]
127732	EMPILHADEIRA SOBRE PNEUS COM TORRE DE TRES ESTAGIOS, 4,80M DE ELEVACAO, C/ DESLOCADOR LATERAL DOS GARFOS, MOTOR GLP 4.3L, CAPACIDADE NOMINAL DE CARGA DE 4T [SINAPI 10636]
127733	EMPILHADEIRA SOBRE PNEUS COM TORRE DE TRES ESTAGIOS, 4,80M DE ELEVACAO, C/ DESLOCADOR LATERAL DOS GARFOS, MOTOR GLP 4.3L, CAPACIDADE NOMINAL DE CARGA DE 5T [SINAPI 10637]
127734	EMULSAO ASFALTICA CATIONICA RR-1C PARA USO EM PAVIMENTACAO ASFALTICA (COLETADO CAIXA NA ANP ACRESCIDO DE ICMS) [SINAPI 41905]
127735	ESTUCADOR [SINAPI 12865]
127736	ESTUCADOR (MENSALISTA) [SINAPI 41074]
127737	FAIXA / FILETE / LISTELO EM CERAMICA, DECORADA, *8 X 30* CM (L X C) [SINAPI 34795]
127738	FAIXA / FILETE / LISTELO EM CERAMICA, LISO OU CORDAO, BRANCO, *2 X 30* CM (L X C) [SINAPI 34796]
127739	FELTRO EM LA DE ROCHA, 1 FACE REVESTIDA COM PAPEL ALUMINIZADO, EM ROLO, DENSIDADE = 32 KG/M3, E=*50* MM (COLETADO CAIXA) [SINAPI 42481]
127740	FILTRO ANAEROBIO CILINDRICO CONCRETO PRE MOLDADO 1,20 X 1,50 (DIAMETROXALTURA) PARA 4 A 5 CONTRIBUINTES (NBR 13969) [SINAPI 11894]
127741	FITA PLASTICA ZEBRADA PARA DEMARCACAO DE AREAS, LARGURA = 7 CM, SEM ADESIVO (COLETADO CAIXA) [SINAPI 42015]
127742	FIXADOR DE CAL (SACHE 150 ML) [SINAPI 11162]
127743	"FOSSA SEPTICA CILINDRICA TIPO ""IMHOFF"", COM TAMPA, PARA 50 CONTRIBUINTES [SINAPI 11887]"
127744	"FOSSA SEPTICA CILINDRICA, TIPO ""IMHOFF"", COM TAMPA, PARA 100 CONTRIBUINTES [SINAPI 11883]"
127745	"FOSSA SEPTICA CILINDRICA, TIPO ""IMHOFF"", COM TAMPA, PARA 150 CONTRIBUINTES [SINAPI 11884]"
127746	"FOSSA SEPTICA CILINDRICA, TIPO ""IMHOFF"", COM TAMPA, PARA 200 CONTRIBUINTES [SINAPI 11885]"
127747	"FOSSA SEPTICA CILINDRICA, TIPO ""IMHOFF"", COM TAMPA, PARA 30 CONTRIBUINTES [SINAPI 11886]"
127748	"FOSSA SEPTICA CILINDRICA, TIPO ""IMHOFF"", COM TAMPA, PARA 75 CONTRIBUINTES [SINAPI 11888]"
127749	FOSSA SEPTICA CONCRETO PRE MOLDADO PARA 10 CONTRIBUINTES - *90 X 90* CM [SINAPI 3277]
127750	FOSSA SEPTICA CONCRETO PRE MOLDADO PARA 5 CONTRIBUINTES *90 X 70* CM [SINAPI 3281]
127751	"GANCHO L COM ROSCA, PARA FIXAR TELHA EM MADEIRA, 1/4"" X 350 MM (COLETADO CAIXA) [SINAPI 42482]"
127752	HEXAMETAFOSFATO DE SODIO [SINAPI 10561]
127753	JANELA BASCULANTE EM ALUMINIO, 100 X 100 CM (A X L), ACABAMENTO ACET OU BRILHANTE, BATENTE/REQUADRO DE 3 A 14 CM, COM VIDRO, SEM GUARNICAO/ALIZAR [SINAPI 34379]
127754	JANELA BASCULANTE EM ALUMINIO, 100 X 80 CM (A X L), ACABAMENTO ACET OU BRILHANTE, BATENTE/REQUADRO DE 3 A 14 CM, COM VIDRO, SEM GUARNICAO/ALIZAR [SINAPI 34378]
127755	JANELA BASCULANTE EM ALUMINIO, 80 X 60 CM (A X L), BATENTE/REQUADRO DE 3 A 14 CM, COM VIDRO, SEM GUARNICAO/ALIZAR [SINAPI 581]
127756	JANELA DE CORRER EM ALUMINIO, VENEZIANA, 120 X 150 CM (A X L), 3 FLS (2 VENEZIANAS E 1 VIDRO), SEM BANDEIRA, ACABAMENTO ACET OU BRILHANTE, BATENTE/REQUADRO DE 6 A 14 CM, COM VIDRO, SEM GUARNICAO/ALIZAR [SINAPI 34371]
127757	JANELA DE CORRER EM ALUMINIO, VENEZIANA, 120 X 200 CM (A X L), 6 FLS (4 VENEZIANAS E 2 VIDROS), SEM BANDEIRA, ACABAMENTO ACET OU BRILHANTE, BATENTE/REQUADRO DE 6 A 14 CM, COM VIDRO, SEM GUARNICAO/ALIZAR [SINAPI 34373]
127758	JANELA DE CORRER EM ALUMINIO, 100 X 150 CM (A X L), 4 FLS, SEM BANDEIRA, ACABAMENTO ACET OU BRILHANTE, BATENTE/REQUADRO DE 6 A 14 CM, COM VIDRO, SEM GUARNICAO/ALIZAR [SINAPI 36884]
127759	JANELA DE CORRER EM ALUMINIO, 100 X 150 CM (A X L), 4 FLS, SEM BANDEIRA, ACABAMENTO ACET OU BRILHANTE, COM VIDRO, COM GUARNICAO PARA 1 FACE [SINAPI 597]
127760	JANELA DE CORRER EM ALUMINIO, 120 X 120 CM (A X L), 2 FLS, SEM BANDEIRA, ACABAMENTO ACET OU BRILHANTE, BATENTE/REQUADRO DE 6 A 14 CM, COM VIDRO, SEM GUARNICAO/ALIZAR [SINAPI 34362]
127761	JANELA DE CORRER EM ALUMINIO, 120 X 150 CM (A X L), 2 FLS, SEM BANDEIRA, ACABAMENTO ACET OU BRILHANTE, BATENTE/REQUADRO DE 6 A 14 CM, COM VIDRO, SEM GUARNICAO/ALIZAR [SINAPI 34363]
127762	JANELA DE CORRER EM ALUMINIO, 120 X 200 CM (A X L), 4 FLS, BANDEIRA COM BASCULA, ACABAMENTO ACET OU BRILHANTE, BATENTE/REQUADRO DE 6 A 14 CM, COM VIDRO, SEM GUARNICAO/ALIZAR [SINAPI 34365]
127763	JANELA FIXA EM ALUMINIO, 60 X 80 CM (A X L), BATENTE/REQUADRO DE 3 A 14 CM, COM VIDRO, SEM GUARNICAO/ALIZAR [SINAPI 34380]
127764	JANELA MAXIM AR EM ALUMINIO, 80 X 60 CM (A X L), BATENTE/REQUADRO DE 4 A 14 CM, COM VIDRO, SEM GUARNICAO/ALIZAR [SINAPI 601]
127765	KIT PORTA PRONTA DE MADEIRA, FOLHA LEVE (NBR 15930) DE 70 X 210 CM, E = *35* MM, COM MARCO EM ACO, NUCLEO COLMEIA, CAPA LISA EM HDF, ACABAMENTO MELAMINICO BRANCO (INCLUI MARCO, ALIZARES, DOBRADICAS E FECHADURA) [SINAPI 39483]
127766	KIT PORTA PRONTA DE MADEIRA, FOLHA LEVE (NBR 15930) DE 70 X 210 CM, E = 35 MM, NUCLEO COLMEIA, ESTRUTURA USINADA PARA FECHADURA, CAPA LISA EM HDF, ACABAMENTO EM PRIMER PARA PINTURA (INCLUI MARCO, ALIZARES E DOBRADICAS) [SINAPI 39487]
127767	KIT PORTA PRONTA DE MADEIRA, FOLHA MEDIA (NBR 15930) DE 70 X 210 CM, E = 35 MM, NUCLEO SARRAFEADO, ESTRUTURA USINADA PARA FECHADURA, CAPA LISA EM HDF, ACABAMENTO MELAMINICO BRANCO (INCLUI MARCO, ALIZARES E DOBRADICAS) [SINAPI 39491]
127768	LIQUIDO PARA BRILHO PAREDES INTERNAS [SINAPI 6091]
127769	LOCACAO DE ELEVADOR DE CARGA A CABO, CABINE SEMI FECHADA *2,0* X *1,5* X *2,0* M, CAPACIDADE DE CARGA 1000 KG, TORRE *2,38* X *2,21* X 15 M, GUINCHO DE EMBREAGEM, FREIO DE SEGURANCA, LIMITADOR DE VELOCIDADE E CANCELA [SINAPI 3355]
127770	LOCACAO DE ELEVADOR DE CREMALHEIRA CABINE SIMPLES FECHADA 1,5 X 2,5 X 2,35 M (UMA POR TORRE), CAPACIDADE DE CARGA *1200* KG (15 PESSOAS), TORRE DE 24 M (16 MODULOS), 16 PARADAS, FREIO DE SEGURANCA, LIMITADOR DE CARGA [SINAPI 39814]
127771	LUMINARIA DE LED PARA ILUMINACAO PUBLICA, DE 98 W ATE 137 W, INVOLUCRO EM ALUMINIO OU ACO INOX (COLETADO CAIXA) [SINAPI 42977]
127772	MADEIRA ROLICA SEM TRATAMENTO, EUCALIPTO OU EQUIVALENTE DA REGIAO, H = 3 M, D = 12 A 15 CM (PARA ESCORAMENTO) [SINAPI 2742]
127773	MADEIRA ROLICA SEM TRATAMENTO, EUCALIPTO OU EQUIVALENTE DA REGIAO, H = 3 M, D = 16 A 19 CM (PARA ESCORAMENTO) [SINAPI 2748]
127774	MADEIRA ROLICA SEM TRATAMENTO, EUCALIPTO OU EQUIVALENTE DA REGIAO, H = 3 M, D = 20 A 24 CM (PARA ESCORAMENTO) [SINAPI 2736]
127775	MADEIRA ROLICA SEM TRATAMENTO, EUCALIPTO OU EQUIVALENTE DA REGIAO, H = 6 M, D = 12 A 15 CM (PARA ESCORAMENTO) [SINAPI 2751]
127776	MEIO BLOCO ESTRUTURAL CERAMICO 14 X 19 X 14 CM, 4,0 MPA (NBR 15270) [SINAPI 34787]
127777	MEIO BLOCO ESTRUTURAL CERAMICO 14 X 19 X 19 CM, 4,0 MPA (NBR 15270) [SINAPI 34784]
127778	MICTORIO SIFONADO LOUCA COR SEM COMPLEMENTOS [SINAPI 10430]
127779	MOURAO DE CONCRETO RETO, 10 X 10 CM, H= 2,00 M [SINAPI 4108]
127780	MUFLA TERMINAL PRIMARIA UNIPOLAR USO EXTERNO PARA CABO 25/70MM2 ISOL, 3,6/6KV EM EPR - BORRACHA DE SILICONE [SINAPI 4127]
127781	MUFLA TERMINAL PRIMARIA UNIPOLAR USO INTERNO PARA CABO 25/70MM2 ISOL 6/10KV EM EPR- BORRACHA DE SILICONE [SINAPI 4154]
127782	MUFLA TERMINAL PRIMARIA UNIPOLAR USO INTERNO PARA CABO 35/120MM2 ISOLACAO 15/25KV EM EPR - BORRACHA DE SILICONE [SINAPI 4168]
127783	MUFLA TERMINAL PRIMARIA UNIPOLAR USO INTERNO PARA CABO 35/70MM2 ISOLACAO 8,7/15KV EM EPR - BORRACHA DE SILICONE [SINAPI 4161]
127784	OLEO DE LINHACA [SINAPI 5333]
127785	PARA-RAIOS DE BAIXA TENSAO, TENSAO DE OPERACAO *280* V , CORRENTE MAXIMA *20* KA [SINAPI 4272]
127786	PASTA DESENGRAXANTE PARA MAOS [SINAPI 38397]
127787	PASTA LUBRIFICANTE PARA TUBOS E CONEXOES COM JUNTA ELASTICA (USO EM PVC, ACO, POLIETILENO E OUTROS) (POTE DE 3.500* G) [SINAPI 20079]
127788	PASTILHA DE VIDRO CRISTAL, NACIONAL, REVEST INT/EXT E PISCINA, TODAS AS CORES, E MAIOR OU IGUAL A 5 MM *2,0 X 2,0* CM [SINAPI 34754]
127789	PASTILHA DE VIDRO PIGMENTADA *2,0 X 2,0* CM, NACIONAL, PARA REVESTIMENTO INTERNO/EXTERNO E PISCINA, BRANCA OU CORES FRIAS, ESPESSURA MAIOR OU IGUAL A 5 MM [SINAPI 25962]
127790	PASTILHA DE VIDRO PIGMENTADA, NACIONAL, REVEST INT/EXT E PISCINA, CORES QUENTES, ESPESSURA MAIOR OU IGUAL A 5 MM *2,0 X 2,0* CM [SINAPI 34752]
127791	PERFURATRIZ ROTATIVA SOBRE ESTEIRA, TORQUE MAXIMO 2500 KGM, POTENCIA 110 HP, MOTOR DIESEL (COLETADO CAIXA) [SINAPI 42002]
127792	PIGMENTO EM PO PARA ARGAMASSAS, CIMENTOS E OUTROS [SINAPI 5327]
127793	PORTA DE MADEIRA, FOLHA MEDIA (NBR 15930), E = 35 MM, NUCLEO SARRAFEADO, CAPA FRISADA EM HDF, ACABAMENTO MELAMINICO EM PADRAO MADEIRA [SINAPI 4958]
127794	PORTINHOLA DE ABRIR EM ALUMINIO DE 60 X 80 CM, VENEZIANA VENTILADA 1 FOLHA, ACABAMENTO ANODIZADO NATURAL [SINAPI 37585]
127795	POSTE CONICO CONTINUO EM ACO GALVANIZADO, RETO, FLANGEADO, H = 6 M, DIAMETRO INFERIOR = *90* CM [SINAPI 12378]
127796	POSTE DE CONCRETO CIRCULAR, 600 KG, H = 10 M (NBR 8451) [SINAPI 5034]
127797	POSTE DE CONCRETO DUPLO T ,TIPO B, 500 KG, H = 9 M (NBR 8451) [SINAPI 5056]
127798	PRIMER UNIVERSAL, FUNDO ANTICORROSIVO TIPO ZARCAO [SINAPI 11174]
127799	PROLONGAMENTO PVC PARA CAIXA SIFONADA 100 MM X 100 MM (NBR 5688) [SINAPI 11733]
127800	PROLONGAMENTO PVC PARA CAIXA SIFONADA, 100 MM X 150 MM (NBR 5688) [SINAPI 11734]
127801	PULVERIZADOR DE TINTA ELETRICO / MAQUINA DE PINTURA AIRLESS, VAZAO *2* L/MIN (COLETADO CAIXA) [SINAPI 41757]
127802	QUEROSENE [SINAPI 4224]
127803	REDUTOR TIPO THINNER PARA ACABAMENTO [SINAPI 25966]
127804	REJUNTE BRANCO, CIMENTICIO [SINAPI 34356]
127805	REJUNTE EPOXI COR [SINAPI 37398]
127806	REMOVEDOR DE TINTA OLEO/ESMALTE VERNIZ [SINAPI 5320]
127807	RIPA DE MADEIRA NAO APARELHADA *2 X 7* CM, PINUS, MISTA OU EQUIVALENTE DA REGIAO [SINAPI 4505]
127808	SABAO EM PO [SINAPI 16]
127809	SELADOR PVA PAREDES INTERNAS [SINAPI 6090]
127810	SELANTE A BASE DE RESINAS ACRILICAS PARA TRINCAS [SINAPI 6094]
127811	SISTEMA DE FORMAS MANUSEAVEIS DE ALUMINIO, PARA BLOCO RESID. COM PAREDES DE CONCRETO MOLDADAS IN LOCO, BLOCO COM 4 PAV. E 4 UNIDADES POR PAV., UNIDADE HABITACIONALCOM 48 M2 E 2 QUARTOS; TELHA DE FIBROCIMENTO (COLETADO CAIXA) [SINAPI 39965]
127812	SISTEMA DE FORMAS MANUSEAVEIS DE ALUMINIO, PARA EDIF. RESID. UNIFAMILIAR COM PAREDES DE CONCRETO MOLDADAS IN LOCO, UNIDADE HABITACIONAL TERREA COM 38 M2, COM SALA, CIRCULACAO, 2 QUARTOS, BANHEIRO, COZINHA E TANQUE EXTERNO (SEM COBERTURA) (COLETADO CAIXA) [SINAPI 39964]
127813	SODA CAUSTICA EM ESCAMAS [SINAPI 7]
127814	SOLUCAO LIMPADORA PARA PVC, FRASCO COM 200 CM3 [SINAPI 20082]
127815	SUMIDOURO CONCRETO PRE MOLDADO, COMPLETO, PARA 10 CONTRIBUINTES [SINAPI 11895]
127816	SUMIDOURO CONCRETO PRE MOLDADO, COMPLETO, PARA 100 CONTRIBUINTES [SINAPI 11896]
127817	SUMIDOURO CONCRETO PRE MOLDADO, COMPLETO, PARA 150 CONTRIBUINTES [SINAPI 11897]
127818	SUMIDOURO CONCRETO PRE MOLDADO, COMPLETO, PARA 200 CONTRIBUINTES [SINAPI 11898]
127819	SUMIDOURO CONCRETO PRE MOLDADO, COMPLETO, PARA 5 CONTRIBUINTES [SINAPI 3282]
127820	SUMIDOURO CONCRETO PRE MOLDADO, COMPLETO, PARA 50 CONTRIBUINTES [SINAPI 11899]
127821	SUMIDOURO CONCRETO PRE MOLDADO, COMPLETO, PARA 75 CONTRIBUINTES [SINAPI 11900]
127822	TAMPA DE CONCRETO PARA PV OU CAIXA DE INSPECAO, DIMENSOES 600 X 600 X 50 MM [SINAPI 13255]
127823	TAMPAO FOFO SIMPLES COM BASE, CLASSE A15 CARGA MAX 1,5 T, 300 X 400 MM [SINAPI 11292]
127824	TAMPAO FOFO SIMPLES COM BASE, CLASSE A15 CARGA MAX 1,5 T, 400 X 500 MM, COM INSCRICAO INCENDIO [SINAPI 11293]
127825	TAMPAO FOFO SIMPLES COM BASE, CLASSE D400 CARGA MAX 40 T, REDONDO TAMPA 500 MM, REDE PLUVIAL/ESGOTO [SINAPI 21079]
127827	TELHA DE FIBROCIMENTO ONDULADA E = 4 MM, DE 2,44 X 0,50 M (SEM AMIANTO) [SINAPI 7191]
127828	TELHA DE FIBROCIMENTO ONDULADA E = 6 MM, DE 2,44 X 1,10 M (SEM AMIANTO) [SINAPI 7207]
127829	TELHA ESTRUTURAL DE FIBROCIMENTO 1 ABA, DE 0,52 X 4,50 M (SEM AMIANTO) [SINAPI 7210]
127830	"TERMINAL AEREO EM ACO GALVANIZADO DN 5/16"", COMPRIMENTO DE 350MM, COM BASE DE FIXACAO HORIZONTAL [SINAPI 7571]"
127831	"TORNEIRA CROMADA CURTA SEM BICO PARA TANQUE, PADRAO POPULAR, 1/2 "" OU 3/4 "" (REF 1140) [SINAPI 13418]"
127832	"TORNEIRA CROMADA DE PAREDE PARA COZINHA COM AREJADOR 1/2 "" OU 3/4 "" (REF 1157) [SINAPI 11775]"
127833	TUBO DE REVESTIMENTO, EM ACO, CORPO SCHEDULE 40, PONTEIRA SCHEDULE 80, ROSQUEAVEL E SEGMENTADO PARA PERFURACAO, DIAMETRO 6'' (200 MM) (COLETADO CAIXA) [SINAPI 42001]
127834	TUBO DE REVESTIMENTO, EM ACO, CORPO SCHEDULE 40, PONTEIRA SCHEDULE 80, ROSQUEAVEL E SEGMENTADO PARA PERFURACAO, DIAMETRO 10'' (310 MM) (COLETADO CAIXA) [SINAPI 41998]
127835	TUBO DE REVESTIMENTO, EM ACO, CORPO SCHEDULE 40, PONTEIRA SCHEDULE 80, ROSQUEAVEL E SEGMENTADO PARA PERFURACAO, DIAMETRO 14'' (400 MM) (COLETADO CAIXA) [SINAPI 41999]
127836	TUBO DE REVESTIMENTO, EM ACO, CORPO SCHEDULE 40, PONTEIRA SCHEDULE 80, ROSQUEAVEL E SEGMENTADO PARA PERFURACAO, DIAMETRO 16'' (450 MM) (COLETADO CAIXA) [SINAPI 42000]
127837	WASH PRIMER PARA TINTA AUTOMOTIVA [SINAPI 11157]
128113	BASTIDOR PARA BLOCO M10 [SINAPI 44172]
128114	BLOCO DE ENGATE RAPIDO PARA BASTIDOR TIPO M10 [SINAPI 44171]
128115	CABO DE REDE, PAR TRANCADO U/UTP, 4 PARES, CATEGORIA 5E (CAT 5E), ISOLAMENTO PVC (CM) [SINAPI 43972]
128116	CABO DE REDE, PAR TRANCADO U/UTP, 4 PARES, CATEGORIA 5E (CAT 5E), ISOLAMENTO PVC (CMX) [SINAPI 43971]
128117	CAMINHAO TOCO, PESO BRUTO TOTAL 10700 KG, CARGA UTIL MAXIMA 7400 KG, DISTANCIA ENTRE EIXOS 4,00 M, POTENCIA 175 CV (INCLUI CABINE E CHASSI, NAO INCLUI CARROCERIA) [SINAPI 44056]
128118	CAMINHAO TOCO, PESO BRUTO TOTAL 16000 KG, CARGA UTIL MAXIMA 10830 KG, DISTANCIA ENTRE EIXOS 3,56 M, POTENCIA 226 CV (INCLUI CABINE E CHASSI, NAO INCLUI CARROCERIA) [SINAPI 44058]
128119	CAMINHAO TOCO, PESO BRUTO TOTAL 8500 KG, CARGA UTIL MAXIMA 5600 KG, DISTANCIA ENTRE EIXOS 3,40 M, POTENCIA 167 CV (INCLUI CABINE E CHASSI, NAO INCLUI CARROCERIA) [SINAPI 44059]
128120	CAMINHAO TRUCADO, PESO BRUTO TOTAL 23000 KG, CARGA UTIL MAXIMA 15460 KG, DISTANCIA ENTRE EIXOS 4,80 M, POTENCIA 286 CV (INCLUI CABINE E CHASSI, NAO INCLUI CARROCERIA) [SINAPI 44060]
128121	CAMINHAO TRUCADO, PESO BRUTO TOTAL 23000 KG, CARGA UTIL MAXIMA 16540 KG, DISTANCIA ENTRE EIXOS 4,80 M, POTENCIA 256 CV (INCLUI CABINE E CHASSI, NAO INCLUI CARROCERIA) [SINAPI 44061]
128122	RACK DE PISO PARA SERVIDOR, ABERTO, EM COLUNA, 44U X *570* MM [SINAPI 43837]
128123	RACK DE PISO PARA SERVIDOR, FECHADO, 44U, COM PORTA, 44U X *570* MM [SINAPI 43836]
128124	TUBO CORRUGADO PEAD, PAREDE DUPLA, INTERNA LISA, JEI DN/DI 500 MM (DRENAGEM/ESGOTO) [SINAPI 44812]
128165	ESPACADOR/SEPARADOR /CENTRALIZADOR DE BARRA DE ACO, PLASTICO, DIAMETRO INTERNO ENTRE 25 A 32 MM, TIPO CARAMBOLA - CB, PARA TIRANTES E OUTROS SERVICOS(CHUMBADOR TIPO CARAMBOLA) [SINAPI 44919]
128344	SIFAO / TUBO SINFONADO EXTENSIVEL/SANFONADO, UNIVERSAL/ SIMPLES, ENTRE *50 A 70* CM, DE PLASTICO BRANCO [SINAPI 44945]
128345	CABO DE COBRE FLEXIVEL NAO HALOGENADO, SEM EMISSAO DE FUMACA, 750V, SECAO NOMINAL 120 MM [SINAPI 44391]
128346	CABO DE COBRE FLEXIVEL NAO HALOGENADO, SEM EMISSAO DE FUMACA, 750V, SECAO NOMINAL 2,5 MM [SINAPI 44388]
128347	CABO DE COBRE FLEXIVEL NAO HALOGENADO, SEM EMISSAO DE FUMACA, 750V, SECAO NOMINAL 240 MM [SINAPI 44392]
128348	CABO DE COBRE FLEXIVEL NAO HALOGENADO, SEM EMISSAO DE FUMACA, 750V, SECAO NOMINAL 50 MM [SINAPI 44390]
128349	CABO DE COBRE FLEXIVEL NAO HALOGENADO, SEM EMISSAO DE FUMACA, 750V, SECAO NOMINAL 6,0 MM [SINAPI 44389]
128350	CABO DE REDE, PAR TRANCADO U/UTP, 4 PARES, CATEGORIA 6 (CAT 6), ISOLAMENTO PVC (CM) [SINAPI 43973]
128351	CABO ELETRONICO CATEGORIA 6A U/UTP 23AWG X 4P [SINAPI 43832]
129288	ADAPTADOR CPVC, ROSCAVEL, COM FLANGES E ANEL DE VEDACAO, 15 MM, CAIXA D'AGUA PARA AGUA QUENTE [SINAPI 44254]
129289	ADAPTADOR CPVC, ROSCAVEL, COM FLANGES E ANEL DE VEDACAO, 22 MM, CAIXA D'AGUA PARA AGUA QUENTE [SINAPI 44255]
129290	ADAPTADOR CPVC, ROSCAVEL, COM FLANGES E ANEL DE VEDACAO, 28 MM, CAIXA D'AGUA PARA AGUA QUENTE [SINAPI 44256]
129291	ADAPTADOR CPVC, ROSCAVEL, COM FLANGES E ANEL DE VEDACAO, 35 MM, CAIXA D'AGUA PARA AGUA QUENTE [SINAPI 44257]
129307	ADAPTADOR CPVC, ROSCAVEL, COM FLANGES E ANEL DE VEDACAO, 54 MM, CAIXA D'AGUA PARA AGUA QUENTE [SINAPI 44259]
129308	BUCHA DE REDUCAO CPVC, SOLDAVEL, 54 X 28 MM, PARA AGUA QUENTE [SINAPI 44400]
129309	BUCHA DE REDUCAO, CPVC, SOLDAVEL, 54 X 35 MM, PARA AGUA QUENTE [SINAPI 44263]
129310	BUCHA DE REDUCAO, PPR, DN 50 X 25 MM, PARA AGUA QUENTE E FRIA PREDIAL [SINAPI 44175]
129311	BUCHA DE REDUCAO, PPR, DN 50 X 32 MM, PARA AGUA QUENTE E FRIA PREDIAL [SINAPI 44177]
129312	CABO COAXIAL RG11 95% DE MALHA [SINAPI 43834]
129313	CABO COAXIAL RG59 95% DE MALHA [SINAPI 43835]
129314	CABO COAXIAL RG6 95% DE MALHA [SINAPI 43833]
129315	"CONECTOR / ADAPTADOR F/M, COM INSERTO METALICO, PPR, DN 25 MM X 3/4"", PARA AGUA QUENTE E FRIA PREDIAL [SINAPI 44173]"
129316	"CONECTOR / ADAPTADOR F/M, COM INSERTO METALICO, PPR, DN 32 MM X 1"", PARA AGUA QUENTE E FRIA PREDIAL [SINAPI 44174]"
129317	"CONECTOR, CPVC, SOLDAVEL, 114 MM X 4""â, PARA AGUA QUENTE [SINAPI 44247]"
129318	"CONECTOR, CPVC, SOLDAVEL, 54 MM X 2""â, PARA AGUA QUENTE [SINAPI 44248]"
129319	"CONECTOR, CPVC, SOLDAVEL, 73 MM X 2 1/2""â, PARA AGUA QUENTE [SINAPI 44249]"
129320	"CONECTOR, CPVC, SOLDAVEL, 89 MM X 3""â, PARA AGUA QUENTE [SINAPI 44250]"
129321	JOELHO CPVC, SOLDAVEL, 90 GRAUS, 114 MM, PARA AGUA QUENTE [SINAPI 44251]
129322	LUVA CPVC, SOLDAVEL, 114 MM, PARA AGUA QUENTE PREDIAL [SINAPI 44252]
129323	LUVA DE CORRER PARA TUBO SOLDAVEL, PVC, 40 MM, PARA AGUA FRIA PREDIAL [SINAPI 43838]
129324	TE CPVC, SOLDAVEL, 90 GRAUS, 114 MM, PARA AGUA QUENTE PREDIAL [SINAPI 44253]
129325	TIL CONDOMINIAL, PVC, DN 100 X 100 MM, PARA REDE COLETORA DE ESGOTO [SINAPI 44261]
129326	TIL RADIAL, PVC, JE, BBB, DN 300 X 200 MM, PARA REDE COLETORA DE ESGOTO (NBR 10.569) [SINAPI 44326]
129327	TUBO CPVC, SOLDAVEL, 114 MM, AGUA QUENTE (NBR 15884) [SINAPI 44260]
129328	TUBO PPR, CLASSE PN 20, SOLDAVEL, DN 32 MM PARA AGUA FRIA OU QUENTE PREDIAL [SINAPI 44176]
129329	TUBO PVC, RIGIDO, CORRUGADO, PERFURADO DN 100 MM, PARA DRENAGEM, SISTEMA IRRIGACAO [SINAPI 44315]
129332	ADAPTADOR CPVC, ROSCAVEL, COM FLANGES E ANEL DE VEDACAO, 42 MM, CAIXA D'AGUA PARA AGUA QUENTE [SINAPI 44258]
129333	CAIXA D'AGUA / RESERVATORIO EM POLIESTER REFORCADO COM FIBRA DE VIDRO, 15000 LITROS, COM TAMPA [SINAPI 43981]
129334	CAIXA D'AGUA / RESERVATORIO EM POLIESTER REFORCADO COM FIBRA DE VIDRO, 20000 LITROS, COM TAMPA [SINAPI 43982]
129335	CAIXA D'AGUA / RESERVATORIO EM POLIESTER REFORCADO COM FIBRA DE VIDRO, 3000 LITROS, COM TAMPA [SINAPI 43978]
129336	CAIXA D'AGUA / RESERVATORIO EM POLIESTER REFORCADO COM FIBRA DE VIDRO, 7000 LITROS, COM TAMPA [SINAPI 43980]
129337	CAIXA D'AGUA / RESERVATORIO EM POLIESTER REFORCADO COM FIBRA DE VIDRO, 750 LITROS, COM TAMPA [SINAPI 43979]
129338	CAIXA D'AGUA / RESERVATORIO EM POLIETILENO, 3000 LITROS, COM TAMPA [SINAPI 43977]
129447	LUBRIFICANTE REDUTOR DE TORQUE E ARRASTO DE ALTO DESEMPENHO, PARA PERFURACAO HORIZONTAL DIRECIONAL, HDD [SINAPI 44699]
134873	ADUELA/GALERIA DE CONCRETO ARMADO, SECAO RETANGULAR 2.00 X 1.00 M (L X A), C = 1.00 M, E = 20 CM [SINAPI 41632]
135213	ADITIVO IMPERMEABILIZANTE CRISTALIZANTE PARA CONCRETO [SINAPI 45146]
138371	BLOCO CERAMICO / TIJOLO VAZADO PARA ALVENARIA DE VEDACAO, FUROS NA VERTICAL, 11,5 X 19 X 29 CM (L X A X C) [SINAPI 44466]
138372	BLOCO CERAMICO / TIJOLO VAZADO PARA ALVENARIA DE VEDACAO, FUROS NA VERTICAL, 11,5 X 19 X 39 CM (L X A X C) [SINAPI 44467]
138564	BLOCO CERAMICO / TIJOLO VAZADO PARA ALVENARIA DE VEDACAO, FUROS NA VERTICAL, 14 X 19 X 29 CM (L X A X C) [SINAPI 44468]
152140	ALICATE AMPERIMETRO, TENSAO AC/DC, CAPACIDADE MAXIMA 1000 A
152141	"ALICATE BICO LONGO (MEIA CANA) 6"", COM ISOLAMENTO ATE 1000 V"
152142	"ALICATE DESENCAPADOR AUTOMATICO 8"""
152143	"ALICATE PROFISSIONAL 8"", UNIVERSAL, COM ISOLAMENTO ATE 1000 V"
152144	"ARRUELA LISA, REDONDA, ACO ZINCADO, M8, DIAMETRO EXTERNO 20 MM, DIAMETRO DO FURO 8 MM (5/16"")"
152145	BLOCO CERAMICO / TIJOLO VAZADO PARA ALVENARIA DE VEDACAO, 6 FUROS NA HORIZONTAL DE 11,5 X 19 X 29 CM (L X A X C)
152146	BLOCO CERAMICO / TIJOLO VAZADO PARA ALVENARIA DE VEDACAO, 6 FUROS NA HORIZONTAL DE 11,5 X 19 X 39 CM (L X A X C)
152147	BLOCO CERAMICO / TIJOLO VAZADO PARA ALVENARIA DE VEDACAO, 6 FUROS NA HORIZONTAL DE 9 X 14 X 24 CM (L X A X C)
152148	BLOCO CERAMICO / TIJOLO VAZADO PARA ALVENARIA DE VEDACAO, 6 FUROS NA HORIZONTAL DE 9 X 19 X 39 CM (L X A X C)
152149	BLOCO CERAMICO / TIJOLO VAZADO PARA ALVENARIA DE VEDACAO, 9 FUROS NA HORIZONTAL DE 11,5 X 14 X 24 CM (L X A X C)
152150	BLOCO CERAMICO / TIJOLO VAZADO PARA ALVENARIA DE VEDACAO, 9 FUROS NA HORIZONTAL DE 14 X 19 X 29 CM (L X A X C)
152151	BLOCO CERAMICO / TIJOLO VAZADO PARA ALVENARIA DE VEDACAO, 9 FUROS NA HORIZONTAL DE 14 X 19 X 39 CM (L X A X C)
152152	BLOCO CERAMICO / TIJOLO VAZADO PARA ALVENARIA DE VEDACAO, 9 FUROS NA HORIZONTAL DE 19 X 19 X 29 CM (L X A X C)
152153	BLOCO CERAMICO / TIJOLO VAZADO PARA ALVENARIA DE VEDACAO, 9 FUROS NA HORIZONTAL DE 19 X 19 X 39 CM (L X A X C)
152155	"CHAVE AJUSTAVEL (INGLESA) 10"""
152156	"CHAVE AJUSTAVEL (INGLESA) 15"""
152157	"CHAVE AJUSTAVEL (INGLESA) 6"""
152158	"CHAVE DE GRIFO DE 24"""
152159	CHAVE FIXA 19 X 22 MM
152160	"CHUMBADOR PONTALETE, ACO GALVANIZADO, 1"" X 1"", APROX. 50 CM DE COMPRIMENTO, 1 BARRA DE 5/8"", PARA GUARDA-CORPO / GRADIL / CORRIMAO"
152161	"CHUMBADOR PONTALETE, ACO GALVANIZADO, 4"" X 2"", APROX. 50 CM DE COMPRIMENTO, 2 BARRAS DE 5/8"", PARA GUARDA-CORPO / GRADIL / CORRIMAO"
152162	"CHUMBADOR TIPO BOLT FWA, PARABOLT PBA OU PARABOLT PBC, EM ACO ZINCADO, 3/8"" X 3.3/4"""
152163	COMPRESSOR DE AR PROFISSIONAL 10 PCM, *110* L, 140 PSI, 110/220 VOLTS, MONOFASICO
152164	COTOVELO HORIZONTAL RETO 90 GRAUS PARA ELETROCALHA, EM CHAPA PERFURADA DE ACO GALVANIZADO ESPESSURA #14, 700 X 50 MM (L X A), SEM VIROLA, SEM TAMPA
152165	COTOVELO HORIZONTAL RETO 90 GRAUS, PARA ELETROCALHA, EM CHAPA LISA DE ACO GALVANIZADO ESPESSURA # 22, 150 X 50 MM (L X A), SEM VIROLA, SEM TAMPA
152166	COTOVELO HORIZONTAL RETO 90 GRAUS, PARA ELETROCALHA, EM CHAPA LISA DE ACO GALVANIZADO ESPESSURA #14, 700 X 50 MM (L X A), SEM VIROLA, SEM TAMPA
152167	COTOVELO HORIZONTAL RETO 90 GRAUS, PARA ELETROCALHA, EM CHAPA LISA DE ACO GALVANIZADO ESPESSURA #14, 800 X 50 MM (L X A), SEM VIROLA, SEM TAMPA
152168	COTOVELO HORIZONTAL RETO 90 GRAUS, PARA ELETROCALHA, EM CHAPA LISA DE ACO GALVANIZADO ESPESSURA #16, 500 X 50 MM (L X A), SEM VIROLA, SEM TAMPA
152169	COTOVELO HORIZONTAL RETO 90 GRAUS, PARA ELETROCALHA, EM CHAPA LISA DE ACO GALVANIZADO ESPESSURA #16, 600 X 50 MM (L X A), SEM VIROLA, SEM TAMPA
152170	COTOVELO HORIZONTAL RETO 90 GRAUS, PARA ELETROCALHA, EM CHAPA LISA DE ACO GALVANIZADO ESPESSURA #18, 300 X 50 MM (L X A), SEM VIROLA, SEM TAMPA
152171	COTOVELO HORIZONTAL RETO 90 GRAUS, PARA ELETROCALHA, EM CHAPA LISA DE ACO GALVANIZADO ESPESSURA #18, 400 X 50 MM (L X A), SEM VIROLA, SEM TAMPA
152172	COTOVELO HORIZONTAL RETO 90 GRAUS, PARA ELETROCALHA, EM CHAPA LISA DE ACO GALVANIZADO ESPESSURA #22, 100 X 50 MM (L X A), SEM VIROLA, SEM TAMPA
152173	COTOVELO HORIZONTAL RETO 90 GRAUS, PARA ELETROCALHA, EM CHAPA LISA DE ACO GALVANIZADO ESPESSURA #22, 125 X 50 MM (L X A), SEM VIROLA, SEM TAMPA
152174	COTOVELO HORIZONTAL RETO 90 GRAUS, PARA ELETROCALHA, EM CHAPA LISA DE ACO GALVANIZADO ESPESSURA #22, 200 X 50 MM (L X A), SEM VIROLA, SEM TAMPA
152175	COTOVELO HORIZONTAL RETO 90 GRAUS, PARA ELETROCALHA, EM CHAPA LISA DE ACO GALVANIZADO ESPESSURA #22, 250 X 50 MM (L X A), SEM VIROLA, SEM TAMPA
152176	COTOVELO HORIZONTAL RETO 90 GRAUS, PARA ELETROCALHA, EM CHAPA LISA DE ACO GALVANIZADO ESPESSURA #22, 50 X 50 MM (L X A), SEM VIROLA, SEM TAMPA
152177	COTOVELO HORIZONTAL RETO 90 GRAUS, PARA ELETROCALHA, EM CHAPA LISA DE ACO GALVANIZADO ESPESSURA #22, 75 X 50 MM (L X A), SEM VIROLA, SEM TAMPA
152178	COTOVELO HORIZONTAL RETO 90 GRAUS, PARA ELETROCALHA, EM CHAPA PERFURADA DE ACO GALVANIZADO ESPESSURA #14, 800 X 50 MM (L X A), SEM VIROLA, SEM TAMPA
152179	COTOVELO HORIZONTAL RETO 90 GRAUS, PARA ELETROCALHA, EM CHAPA PERFURADA DE ACO GALVANIZADO ESPESSURA #16, 500 X 50 MM (L X A), SEM VIROLA, SEM TAMPA
152180	COTOVELO HORIZONTAL RETO 90 GRAUS, PARA ELETROCALHA, EM CHAPA PERFURADA DE ACO GALVANIZADO ESPESSURA #16, 600 X 50 MM (L X A), SEM VIROLA, SEM TAMPA
152181	COTOVELO HORIZONTAL RETO 90 GRAUS, PARA ELETROCALHA, EM CHAPA PERFURADA DE ACO GALVANIZADO ESPESSURA #18, 300 X 50 MM (L X A), SEM VIROLA, SEM TAMPA
152182	COTOVELO HORIZONTAL RETO 90 GRAUS, PARA ELETROCALHA, EM CHAPA PERFURADA DE ACO GALVANIZADO ESPESSURA #18, 400 X 50 MM (L X A), SEM VIROLA, SEM TAMPA
152183	COTOVELO HORIZONTAL RETO 90 GRAUS, PARA ELETROCALHA, EM CHAPA PERFURADA DE ACO GALVANIZADO ESPESSURA #22, 125 X 50 MM (L X A), SEM VIROLA, SEM TAMPA
152184	COTOVELO HORIZONTAL RETO 90 GRAUS, PARA ELETROCALHA, EM CHAPA PERFURADA DE ACO GALVANIZADO ESPESSURA #22, 150 X 50 MM (L X A), SEM VIROLA, SEM TAMPA
152185	COTOVELO HORIZONTAL RETO 90 GRAUS, PARA ELETROCALHA, EM CHAPA PERFURADA DE ACO GALVANIZADO ESPESSURA #22, 200 X 50 MM (L X A), SEM VIROLA, SEM TAMPA
152186	COTOVELO HORIZONTAL RETO 90 GRAUS, PARA ELETROCALHA, EM CHAPA PERFURADA DE ACO GALVANIZADO ESPESSURA #22, 250 X 50 MM (L X A), SEM VIROLA, SEM TAMPA
152187	COTOVELO HORIZONTAL RETO 90 GRAUS, PARA ELETROCALHA, EM CHAPA PERFURADA DE ACO GALVANIZADO ESPESSURA #22, 50 X 50 MM (L X A), SEM VIROLA, SEM TAMPA
152188	COTOVELO HORIZONTAL RETO 90 GRAUS, PARA ELETROCALHA, EM CHAPA PERFURADA DE ACO GALVANIZADO ESPESSURA #22, 75 X 50 MM (L X A), SEM VIROLA, SEM TAMPA
152189	COTOVELO HORIZONTAL RETO, 90 GRAUS, PARA ELETROCALHA, EM CHAPA PERFURADA DE ACO GALVANIZADO ESPESSURA #22, 100 X 50 MM (L X A), SEM VIROLA, SEM TAMPA
152190	CURVA HORIZONTAL 90 GRAUS PERFURADA, PARA ELETROCALHA, EM CHAPA DE ACO GALVANIZADO ESPESSURA #14, 700 X 50 MM (L X A), SEM VIROLA, SEM TAMPA
152191	CURVA HORIZONTAL 90 GRAUS PERFURADA, PARA ELETROCALHA, EM CHAPA DE ACO GALVANIZADO ESPESSURA #14, 800 X 50 MM (L X A), SEM VIROLA, SEM TAMPA
152192	CURVA HORIZONTAL 90 GRAUS PERFURADA, PARA ELETROCALHA, EM CHAPA DE ACO GALVANIZADO ESPESSURA #16, 500 X 50 MM (L X A), SEM VIROLA, SEM TAMPA
152193	CURVA HORIZONTAL 90 GRAUS PERFURADA, PARA ELETROCALHA, EM CHAPA DE ACO GALVANIZADO ESPESSURA #16, 600 X 50 MM (L X A), SEM VIROLA, SEM TAMPA
152194	CURVA HORIZONTAL 90 GRAUS PERFURADA, PARA ELETROCALHA, EM CHAPA DE ACO GALVANIZADO ESPESSURA #18, 300 X 50 MM (L X A), SEM VIROLA, SEM TAMPA
152195	CURVA HORIZONTAL 90 GRAUS PERFURADA, PARA ELETROCALHA, EM CHAPA DE ACO GALVANIZADO ESPESSURA #18, 400 X 50 MM (L X A), SEM VIROLA, SEM TAMPA
152196	CURVA HORIZONTAL 90 GRAUS PERFURADA, PARA ELETROCALHA, EM CHAPA DE ACO GALVANIZADO ESPESSURA #22, 100 X 50 MM (L X A), SEM VIROLA, SEM TAMPA
152197	CURVA HORIZONTAL 90 GRAUS PERFURADA, PARA ELETROCALHA, EM CHAPA DE ACO GALVANIZADO ESPESSURA #22, 125 X 50 MM (L X A), SEM VIROLA, SEM TAMPA
152198	CURVA HORIZONTAL 90 GRAUS PERFURADA, PARA ELETROCALHA, EM CHAPA DE ACO GALVANIZADO ESPESSURA #22, 150 X 50 MM (L X A), SEM VIROLA, SEM TAMPA
152199	CURVA HORIZONTAL 90 GRAUS PERFURADA, PARA ELETROCALHA, EM CHAPA DE ACO GALVANIZADO ESPESSURA #22, 200 X 50 MM (L X A), SEM VIROLA, SEM TAMPA
152200	CURVA HORIZONTAL 90 GRAUS PERFURADA, PARA ELETROCALHA, EM CHAPA DE ACO GALVANIZADO ESPESSURA #22, 250 X 50 MM (L X A), SEM VIROLA, SEM TAMPA
152201	CURVA HORIZONTAL 90 GRAUS PERFURADA, PARA ELETROCALHA, EM CHAPA DE ACO GALVANIZADO ESPESSURA #22, 50 X 50 MM (L X A), SEM VIROLA, SEM TAMPA
152202	CURVA HORIZONTAL 90 GRAUS PERFURADA, PARA ELETROCALHA, EM CHAPA DE ACO GALVANIZADO ESPESSURA #22, 75 X 50 MM (L X A), SEM VIROLA, SEM TAMPA
152203	DESEMPENADEIRA DE MADEIRA *16 X 27* CM
152204	ELETROCALHA LISA OU PERFURADA TIPO U, EM CHAPA DE ACO GALVANIZADO A FOGO, ESPESSURA # 14, DE 700 X 50 MM (L X A), SEM VIROLA, SEM TAMPA
152205	ELETROCALHA LISA OU PERFURADA TIPO U, EM CHAPA DE ACO GALVANIZADO A FOGO, ESPESSURA # 14, DE 800 X 50 MM (L X A), SEM VIROLA, SEM TAMPA
152206	ELETROCALHA LISA OU PERFURADA TIPO U, EM CHAPA DE ACO GALVANIZADO A FOGO, ESPESSURA # 16, DE 500 X 50 MM (L X A), SEM VIROLA, SEM TAMPA
152207	ELETROCALHA LISA OU PERFURADA TIPO U, EM CHAPA DE ACO GALVANIZADO A FOGO, ESPESSURA # 16, DE 600 X 50 MM (L X A), SEM VIROLA, SEM TAMPA
152208	ELETROCALHA LISA OU PERFURADA TIPO U, EM CHAPA DE ACO GALVANIZADO A FOGO, ESPESSURA # 18, DE 300 X 50 MM (L X A), SEM VIROLA, SEM TAMPA
152209	ELETROCALHA LISA OU PERFURADA TIPO U, EM CHAPA DE ACO GALVANIZADO A FOGO, ESPESSURA # 18, DE 400 X 50 MM (L X A), SEM VIROLA, SEM TAMPA
152210	ELETROCALHA LISA OU PERFURADA TIPO U, EM CHAPA DE ACO GALVANIZADO A FOGO, ESPESSURA # 22, DE 100 X 50 MM (L X A), SEM VIROLA, SEM TAMPA
152211	ELETROCALHA LISA OU PERFURADA TIPO U, EM CHAPA DE ACO GALVANIZADO A FOGO, ESPESSURA # 22, DE 125 X 50 MM (L X A), SEM VIROLA, SEM TAMPA
152212	ELETROCALHA LISA OU PERFURADA TIPO U, EM CHAPA DE ACO GALVANIZADO A FOGO, ESPESSURA # 22, DE 150 X 50 MM (L X A), SEM VIROLA, SEM TAMPA
152213	ELETROCALHA LISA OU PERFURADA TIPO U, EM CHAPA DE ACO GALVANIZADO A FOGO, ESPESSURA # 22, DE 250 X 50 MM (L X A), SEM VIROLA, SEM TAMPA
152214	ELETROCALHA LISA OU PERFURADA TIPO U, EM CHAPA DE ACO GALVANIZADO A FOGO, ESPESSURA # 22, DE 75 X 50 MM (L X A), SEM VIROLA, SEM TAMPA
152215	ELETROCALHA LISA OU PERFURADA, TIPO U, EM CHAPA DE ACO GALVANIZADO A FOGO, ESPESSURA # 22, DE 200 X 50 MM (L X A), SEM VIROLA, SEM TAMPA
152216	ELETROCALHA LISA OU PERFURADA, TIPO U, EM CHAPA DE ACO GALVANIZADO A FOGO, ESPESSURA #22, DE 50 X 50 MM (L X A), SEM VIROLA, SEM TAMPA
152217	EMENDA INTERNA, TIPO U, BASE LISA, PARA ELETROCALHA, EM CHAPA DE ACO GALVANIZADO ESPESSURA #14, 700 X 50 MM (L X A)
152218	EMENDA INTERNA, TIPO U, BASE LISA, PARA ELETROCALHA, EM CHAPA DE ACO GALVANIZADO ESPESSURA #14, 800 X 50 MM (L X A)
152219	EMENDA INTERNA, TIPO U, BASE LISA, PARA ELETROCALHA, EM CHAPA DE ACO GALVANIZADO ESPESSURA #16, 500 X 50 MM (L X A)
152220	EMENDA INTERNA, TIPO U, BASE LISA, PARA ELETROCALHA, EM CHAPA DE ACO GALVANIZADO ESPESSURA #16, 600 X 50 MM (L X A)
152221	EMENDA INTERNA, TIPO U, BASE LISA, PARA ELETROCALHA, EM CHAPA DE ACO GALVANIZADO ESPESSURA #18, 300 X 50 MM (L X A)
152222	EMENDA INTERNA, TIPO U, BASE LISA, PARA ELETROCALHA, EM CHAPA DE ACO GALVANIZADO ESPESSURA #18, 400 X 50 MM (L X A)
152223	EMENDA INTERNA, TIPO U, BASE LISA, PARA ELETROCALHA, EM CHAPA DE ACO GALVANIZADO ESPESSURA #22, 100 X 50 MM (L X A)
152224	EMENDA INTERNA, TIPO U, BASE LISA, PARA ELETROCALHA, EM CHAPA DE ACO GALVANIZADO ESPESSURA #22, 125 X 50 MM (L X A)
152225	EMENDA INTERNA, TIPO U, BASE LISA, PARA ELETROCALHA, EM CHAPA DE ACO GALVANIZADO ESPESSURA #22, 150 X 50 MM (L X A)
152226	EMENDA INTERNA, TIPO U, BASE LISA, PARA ELETROCALHA, EM CHAPA DE ACO GALVANIZADO ESPESSURA #22, 200 X 50 MM (L X A)
152227	EMENDA INTERNA, TIPO U, BASE LISA, PARA ELETROCALHA, EM CHAPA DE ACO GALVANIZADO ESPESSURA #22, 250 X 50 MM (L X A)
152228	EMENDA INTERNA, TIPO U, BASE LISA, PARA ELETROCALHA, EM CHAPA DE ACO GALVANIZADO ESPESSURA #22, 50 X 50 MM (L X A)
152229	EMENDA INTERNA, TIPO U, BASE LISA, PARA ELETROCALHA, EM CHAPA DE ACO GALVANIZADO ESPESSURA #22, 75 X 50 MM (L X A)
152230	ESCAVADEIRA HIDRAULICA DE BRACO LONGO (LONGO ALCANCE) SOBRE ESTEIRAS, CACAMBA 0,52 M3, PESO OPERACIONAL 24 T, POTENCIA LIQUIDA 155 HP
152231	FILTRO QUIMICO PARA RESPIRADOR SEMI FACIAL, PROTECAO CONTRA VAPORES ORGANICOS E GASES ACIDOS
152232	FITA ADESIVA ALUMINIZADA BOPP, L = 50 MM
152233	LAJE EM PAINEL TRELICADO L=25, COM ENCHIMENTO EM POLIESTIRENO EXPANDIDO (EPS) H13, PTN-20, TRELICA DE 16 CM, PARA PISO, UNIDIRECIONAL, SOBRECARGA DE 350 KGF/M2, VAO ATE 7,0 M, EXCLUSO CONCRETO (SEM COLOCACAO)
152234	LAJE EM PAINEL TRELICADO L=25, COM ENCHIMENTO EM POLIESTIRENO EXPANDIDO (EPS) H17, PTN-25, TRELICA DE 20 CM, PARA PISO, UNIDIRECIONAL, SOBRECARGA DE 350 KGF/M2, VAO ATE 8,0 M, EXCLUSO CONCRETO (SEM COLOCACAO)
152235	LAJE EM PAINEL TRELICADO L=25, COM ENCHIMENTO EM POLIESTIRENO EXPANDIDO (EPS) H22, PTN-30, TRELICA DE 25 CM, PARA PISO, UNIDIRECIONAL, SOBRECARGA DE 350 KGF/M2, VAO ATE 9,0 M, EXCLUSO CONCRETO (SEM COLOCACAO)
152236	LAJE EM PAINEL TRELICADO L=25, COM ENCHIMENTO EM POLIESTIRENO EXPANDIDO (EPS) H5, PTN-12, TRELICA DE 8 CM, PARA FORRO, UNIDIRECIONAL, SOBRECARGA DE 100 KGF/M2, VAO ATE 5,0 M, EXCLUSO CONCRETO (SEM COLOCACAO)
152237	LAJE EM PAINEL TRELICADO L=25, COM ENCHIMENTO EM POLIESTIRENO EXPANDIDO (EPS) H5, PTN-12, TRELICA DE 8 CM, PARA PISO, UNIDIRECIONAL, SOBRECARGA DE 350 KGF/M2, VAO ATE 4,5 M, EXCLUSO CONCRETO (SEM COLOCACAO)
152238	LAJE EM PAINEL TRELICADO L=25, COM ENCHIMENTO EM POLIESTIRENO EXPANDIDO (EPS) H9, PTN-*16*, TRELICA DE 12 CM, PARA PISO, UNIDIRECIONAL, SOBRECARGA DE 350 KGF/M2, VAO ATE 6,0 M, EXCLUSO CONCRETO (SEM COLOCACAO)
152239	LAJE EM PAINEL TRELICADO MACICO L=25 CM, PTM-*25*, COM TRELICA DE 20 CM, PARA PISO, UNIDIRECIONAL, SOBRECARGA DE 350 KGF/M2, VAO ATE 9,0 M, EXCLUSO CONCRETO (SEM COLOCACAO)
152240	LAJE EM PAINEL TRELICADO MACICO L=25 CM, PTM-*30*, COM TRELICA DE 25 CM, PARA PISO, UNIDIRECIONAL, SOBRECARGA DE 350 KGF/M2, VAO ATE 10,0 M, EXCLUSO CONCRETO (SEM COLOCACAO)
152241	LAJE EM PAINEL TRELICADO MACICO L=25 CM, PTM-12, COM TRELICA DE 8 CM, PARA FORRO, UNIDIRECIONAL, SOBRECARGA DE 100 KGF/M2, VAO ATE 6,0 M, EXCLUSO CONCRETO (SEM COLOCACAO)
152242	LAJE EM PAINEL TRELICADO MACICO L=25 CM, PTM-12, COM TRELICA DE 8 CM, PARA PISO, UNIDIRECIONAL, SOBRECARGA DE 350 KGF/M2, VAO ATE 5,0 M, EXCLUSO CONCRETO (SEM COLOCACAO)
152243	LAJE EM PAINEL TRELICADO MACICO L=25 CM, PTM-16, COM TRELICA DE 12 CM, PARA PISO, UNIDIRECIONAL, SOBRECARGA DE 350 KGF/M2, VAO ATE 6,0 M, EXCLUSO CONCRETO (SEM COLOCACAO)
152244	LAJE EM PAINEL TRELICADO MACICO L=25 CM, PTM-20, COM TRELICA DE 16 CM, PARA PISO, UNIDIRECIONAL, SOBRECARGA DE 350 KGF/M2, VAO ATE 8,0 M, EXCLUSO CONCRETO (SEM COLOCACAO)
152245	LAJE PRE-MOLDADA COM VIGOTA PROTENDIDA (LAJOTAS + VIGOTAS) COM LAJOTA CERAMICA 30 X 20 X 12 CM (L X C X A) E VIGOTA VPT 10 X 9 CM (L X A), PARA PISO, UNIDIRECIONAL, SOBRECARGA DE 350 KGF/M2, VAO ATE 5,5 M (SEM COLOCACAO)
152246	LAJE PRE-MOLDADA COM VIGOTA PROTENDIDA (LAJOTAS + VIGOTAS) COM LAJOTA CERAMICA 30 X 20 X 16 CM (L X C X A) E VIGOTA VPT 10 X 9 CM (L X A), PARA PISO, UNIDIRECIONAL, SOBRECARGA DE 350 KGF/M2, VAO ATE 6 M (SEM COLOCACAO)
152247	LAJE PRE-MOLDADA COM VIGOTA PROTENDIDA (LAJOTAS + VIGOTAS) COM LAJOTA CERAMICA 30 X 20 X 20 CM (L X C X A) E VIGOTA VPT 10 X 9 CM (L X A), PARA PISO, UNIDIRECIONAL, SOBRECARGA DE 350 KGF/M2, VAO ATE 6,5 M (SEM COLOCACAO)
152248	LAJE PRE-MOLDADA COM VIGOTA PROTENDIDA (LAJOTAS + VIGOTAS) COM LAJOTA CERAMICA 30 X 20 X 24 CM (L X C X A) E VIGOTA VPT 10 X 9 CM (L X A), PARA PISO, UNIDIRECIONAL, SOBRECARGA DE 350 KGF/M2, VAO ATE 7 M (SEM COLOCACAO)
152249	LAJE PRE-MOLDADA COM VIGOTA PROTENDIDA (LAJOTAS + VIGOTAS) COM LAJOTA CERAMICA 30 X 20 X 8 CM (L X C X A) E VIGOTA VPT 10 X 9 CM (L X A), PARA PISO, UNIDIRECIONAL, SOBRECARGA DE 350 KGF/M2, VAO ATE 4,5 M (SEM COLOCACAO)
152250	LAJE PRE-MOLDADA COM VIGOTA PROTENDIDA (LAJOTAS + VIGOTAS) COM LAJOTA EM POLIESTIRENO EXPANDIDO (EPS), H12, *33* X 100 X 12 CM (L X C X A) E VIGOTA VPT 10 X 9 CM (L X A), PARA PISO, UNIDIRECIONAL, SOBRECARGA DE 350 KGF/M2, VAO ATE 5,5 M (SEM COLOCACAO)
152251	LAJE PRE-MOLDADA COM VIGOTA PROTENDIDA (LAJOTAS + VIGOTAS) COM LAJOTA EM POLIESTIRENO EXPANDIDO (EPS), H16, *33* X 100 X 16 CM (L X C X A) E VIGOTA VPT 10 X 9 CM (L X A), PARA PISO, UNIDIRECIONAL, SOBRECARGA DE 350 KGF/M2, VAO ATE 6,5 M (SEM COLOCACAO)
152252	LAJE PRE-MOLDADA COM VIGOTA PROTENDIDA (LAJOTAS + VIGOTAS) COM LAJOTA EM POLIESTIRENO EXPANDIDO (EPS), H20, *33* X 100 X 20 CM (L X C X A) E VIGOTA VPT 10 X 9 CM (L X A), PARA PISO, UNIDIRECIONAL, SOBRECARGA DE 350 KGF/M2, VAO ATE 7 M (SEM COLOCACAO)
152253	LAJE PRE-MOLDADA COM VIGOTA PROTENDIDA (LAJOTAS + VIGOTAS) COM LAJOTA EM POLIESTIRENO EXPANDIDO (EPS), H25, *33* X 100 X 25 CM (L X C X A) E VIGOTA VPT 10 X 9 CM (L X A), PARA PISO, UNIDIRECIONAL, SOBRECARGA DE 350 KGF/M2, VAO ATE 8 M (SEM COLOCACAO)
152254	LAJE PRE-MOLDADA COM VIGOTA PROTENDIDA (LAJOTAS + VIGOTAS) COM LAJOTA EM POLIESTIRENO EXPANDIDO (EPS), H8, *33* X 100 X 8 CM (L X C X A) E VIGOTA VPT 10 X 9 CM (L X A), PARA PISO, UNIDIRECIONAL, SOBRECARGA DE 350 KGF/M2, VAO ATE 4,5 M (SEM COLOCACAO)
152255	LAJE PRE-MOLDADA TRELICADA (LAJOTAS + VIGOTAS) COM LAJOTA CERAMICA *30* X 20 X *8* CM (L X C X A) E VIGOTA VTR *12* X 8 CM (L X A), PARA PISO, UNIDIRECIONAL, SOBRECARGA DE 350 KGF/M2, VAO ATE 4 M (SEM COLOCACAO)
152256	LAJE PRE-MOLDADA TRELICADA (LAJOTAS + VIGOTAS) COM LAJOTA CERAMICA *30* X 20 X 12 CM (L X C X A) E VIGOTA VTR *12* X 12 CM (L X A), PARA PISO, UNIDIRECIONAL, SOBRECARGA DE 350 KGF/M2, VAO ATE 5 M (SEM COLOCACAO)
152257	LAJE PRE-MOLDADA TRELICADA (LAJOTAS + VIGOTAS) COM LAJOTA CERAMICA *30* X 20 X 16 CM (L X C X A) E VIGOTA VTR *12* X 16 CM (L X A), PARA PISO, UNIDIRECIONAL, SOBRECARGA DE 350 KGF/M2, VAO ATE 6 M (SEM COLOCACAO)
152258	LAJE PRE-MOLDADA TRELICADA (LAJOTAS + VIGOTAS) COM LAJOTA CERAMICA *30* X 20 X 20 CM (L X C X A) E VIGOTA VTR *12* X 20 CM (L X A), PARA PISO, UNIDIRECIONAL, SOBRECARGA DE 350 KGF/M2, VAO ATE 7 M (SEM COLOCACAO)
152259	LAJE PRE-MOLDADA TRELICADA (LAJOTAS + VIGOTAS) COM LAJOTA CERAMICA *30* X 20 X 24 CM (L X C X A) E VIGOTA VTR *12* X 25 CM (L X A), PARA PISO, UNIDIRECIONAL, SOBRECARGA DE 350 KGF/M2, VAO ATE 8 M (SEM COLOCACAO)
152260	LAJE PRE-MOLDADA TRELICADA (LAJOTAS + VIGOTAS) COM LAJOTA EM POLIESTIRENO EXPANDIDO (EPS), H12, *33* X 100 X 12 CM (L X C X A) E VIGOTA VTR *12* X 12 CM (L X A), PARA PISO, UNIDIRECIONAL, SOBRECARGA DE 350 KGF/M2, VAO ATE 5,5 M (SEM COLOCACAO)
152261	LAJE PRE-MOLDADA TRELICADA (LAJOTAS + VIGOTAS) COM LAJOTA EM POLIESTIRENO EXPANDIDO (EPS), H16, *33* X 100 X 16 CM (L X C X A) E VIGOTA VTR *12* X 16 CM (L X A), PARA PISO, UNIDIRECIONAL, SOBRECARGA DE 350 KGF/M2, VAO ATE 6,5 M (SEM COLOCACAO)
152262	LAJE PRE-MOLDADA TRELICADA (LAJOTAS + VIGOTAS) COM LAJOTA EM POLIESTIRENO EXPANDIDO (EPS), H20, *33* X 100 X 20 CM (L X C X A) E VIGOTA VTR *12* X 20 CM (L X A), PARA PISO, UNIDIRECIONAL, SOBRECARGA DE 350 KGF/M2, VAO ATE 8 M (SEM COLOCACAO)
152263	LAJE PRE-MOLDADA TRELICADA (LAJOTAS + VIGOTAS) COM LAJOTA EM POLIESTIRENO EXPANDIDO (EPS), H25,*33* X 100 X 25 CM (L X C X A) E VIGOTA VTR *12* X 25 CM (L X A), PARA PISO, UNIDIRECIONAL, SOBRECARGA DE 350 KGF/M2, VAO ATE 9 M (SEM COLOCACAO)
152264	LAJE PRE-MOLDADA TRELICADA (LAJOTAS + VIGOTAS) COM LAJOTA EM POLIESTIRENO EXPANDIDO (EPS), *H8*, *33* X 100 X 8 CM (L X C X A) E VIGOTA VTR *12* X 8 CM (L X A), PARA PISO, UNIDIRECIONAL, SOBRECARGA DE 250 KGF/M2, VAO ATE 4 M (SEM COLOCACAO)
152265	LUVA DE LATEX MULTIUSO AMARELA FORRADA
152266	"LUVA PARA PERFURATRIZ DE ESTEIRA T38, D = 1 1/2"""
152267	MARTELO DE BORRACHA PRETO 450 G, CABO DE MADEIRA *60* MM DE DIAMETRO
152268	MARTELO DE PEDREIRO, 1 CORTE, EM ACO, *500* G, COMPRIMENTO TOTAL DE *28* CM, COM CABO DE MADEIRA
152269	MARTELO PERFURADOR PNEUMATICO MANUAL, HASTE 19 X 108 MM, *11* KG
152270	PA QUADRADA COM CABO DE MADEIRA EM Y DE 71 CM
152271	"PARAFUSO AUTO BROCANTE 12 X 7/8"" COM ARRUELA DE VEDACAO EPDM"
152272	PARAFUSO CHUMBADOR - PCH 1 DO TIPO ANDORINHA (EM Y) COM PORCA INCLUSA, *12 X 80 MM*
152273	"PARAFUSO DE ACO TIPO CHUMBADOR PARABOLT, DIAMETRO 1/2"", COMPRIMENTO 100 MM"
152274	"PARAFUSO DE ACO ZINCADO, TIPO CHUMBADOR PARABOLT, DIAMETRO 5/8"""
152275	PARAFUSO EM ACO INOX (TIPO ALLEN) M6 X 40 MM, COM CABECA BOLEADA / ABAULADA, SEXTAVADA INTERNA, COM ROSCA
152276	PARAFUSO M10, ACO CARBONO ZINCADO, CLASSE 5.8, SEXTAVADO, ROSCA INTEIRA, DIAMETRO 10 MM, COMPRIMENTO 30 MM
152277	PARAFUSO M16 EM ACO ZINCADO, CABECA SEXTAVADA, ROSCA INTEIRA, COMPRIMENTO 25 MM, DIAMETRO 16 MM
152278	PARAFUSO M16 INOX, CABECA SEXTAVADA, ROSCA INTEIRA, COMPRIMENTO 50 MM, DIAMETRO 16 MM
152279	PARAFUSO ROSCA MAQUINA, CABECA REDONDA COM FENDA SIMPLES, DIAMETRO *4,8* MM, COMPRIMENTO * 19 * MM, EM ACO CARBONO ZINCADO, COM PORCA E ARRUELA
152280	"PARAFUSO, EM ACO ZINCADO, CABECA LENTILHA AUTO TRAVANTE DIAMETRO 5/16"" X 1"" COM PORCA"
152281	"PARAFUSO, EM ACO ZINCADO, CABECA LENTILHA AUTOTRAVANTE DIAMETRO 5/16"" X 1"""
152282	PASTA ABRASIVA PARA LIMPEZA DE MAOS
152283	PERFURATRIZ DE COROA DIAMANTADA PARA CONCRETO, DIAMETRO ATE 250 MM, MOTOR ELETRICO 220 V, POTENCIA 2.500W
152284	PERFURATRIZ HIDRAULICA SOBRE ESTEIRA, TORQUE MAXIMO 161 KNM, PROFUNDIDADE MAXIMA 54 M, DIAMETRO MAXIMO 1500 MM, POTENCIA MOTOR 268 HP
152285	PERFURATRIZ HIDRAULICA SOBRE ESTEIRA, TORQUE MAXIMO 98 KNM, PROFUNDIDADE MAXIMA 25 M, DIAMETRO MAXIMO 115 MM, POTENCIA MOTOR 190 HP
152286	PERFURATRIZ PARA EXECUCAO DE ESTACAS SECANTES, TIPO HELICE CONTINUA COM CABECOTE DUPLO E TUBO METALICO 300 KW
152287	PERFURATRIZ PARA FURO DIRECIONAL HORIZONTAL (HDD) COM CAPACIDADE ATE 89 KN, POTENCIA 24,8 HP A 80 HP (INCLUSO FERRAMENTAS E LOCALIZADOR), PARA REDE SUBTERRANEA
152288	PERFURATRIZ PARA FURO DIRECIONAL HORIZONTAL (HDD) COM CAPACIDADE DE 201 KN A 560 KN, POTENCIA 200 HP A 260 HP (INCLUSO FERRAMENTAS E LOCALIZADOR), PARA REDE SUBTERRANEA
152289	PERFURATRIZ PARA FURO DIRECIONAL HORIZONTAL (HDD) COM CAPACIDADE DE 90 KN A 200 KN, POTENCIA 100 HP A 160 HP (INCLUSO FERRAMENTAS E LOCALIZADOR), PARA REDE SUBTERRANEA
152290	PROTETOR FACIAL ARCO ELETRICO, COM QUEIXEIRA E LENTE EM POLICARBONATO, CAPACETE INCLUIDO
152291	PROTETOR FACIAL DE POLICARBONATO, 200 MM X *390* MM, COM COROA E CARNEIRA
152292	REDUCAO CONCENTRICA PARA ELETROCALHA, PERFURADA, EM CHAPA DE ACO GALVANIZADO ESPESSURA #14, (700 X 600 MM) X 50 MM, SEM VIROLA, SEM TAMPA
152293	REDUCAO CONCENTRICA PARA ELETROCALHA, PERFURADA, EM CHAPA DE ACO GALVANIZADO ESPESSURA #14, (800 X 700 MM) X 50 MM, SEM VIROLA, SEM TAMPA
152294	REDUCAO CONCENTRICA PARA ELETROCALHA, PERFURADA, EM CHAPA DE ACO GALVANIZADO ESPESSURA #16, (500 X 400 MM) X 50 MM (L X A), SEM VIROLA, SEM TAMPA
152295	REDUCAO CONCENTRICA PARA ELETROCALHA, PERFURADA, EM CHAPA DE ACO GALVANIZADO ESPESSURA #16, (600 X 500 MM) X 50 MM, SEM VIROLA, SEM TAMPA
152296	REDUCAO CONCENTRICA PARA ELETROCALHA, PERFURADA, EM CHAPA DE ACO GALVANIZADO ESPESSURA #18, (300 X 250 MM) X 50 MM (L X A), SEM VIROLA, SEM TAMPA
152297	REDUCAO CONCENTRICA PARA ELETROCALHA, PERFURADA, EM CHAPA DE ACO GALVANIZADO ESPESSURA #18, (400 X 300 MM) X 50 MM (L X A), SEM VIROLA, SEM TAMPA
152298	REDUCAO CONCENTRICA PARA ELETROCALHA, PERFURADA, EM CHAPA DE ACO GALVANIZADO ESPESSURA #22, (100 X 75 MM) X 50 MM (L X A), SEM VIROLA, SEM TAMPA
152299	REDUCAO CONCENTRICA PARA ELETROCALHA, PERFURADA, EM CHAPA DE ACO GALVANIZADO ESPESSURA #22, (125 X100 MM) X 50 MM (L X A), SEM VIROLA, SEM TAMPA
152300	REDUCAO CONCENTRICA PARA ELETROCALHA, PERFURADA, EM CHAPA DE ACO GALVANIZADO ESPESSURA #22, (150 X125 MM) X 50 MM (L X A), SEM VIROLA, SEM TAMPA
152301	REDUCAO CONCENTRICA PARA ELETROCALHA, PERFURADA, EM CHAPA DE ACO GALVANIZADO ESPESSURA #22, (200 X 150 MM) X 50 MM (L X A), SEM VIROLA, SEM TAMPA
152302	REDUCAO CONCENTRICA PARA ELETROCALHA, PERFURADA, EM CHAPA DE ACO GALVANIZADO ESPESSURA #22, (250 X 200 MM) X 50 MM (L X A), SEM VIROLA, SEM TAMPA
152303	REDUCAO CONCENTRICA PARA ELETROCALHA, PERFURADA, EM CHAPA DE ACO GALVANIZADO ESPESSURA #22, (75 X 50 MM) X 50 MM (L X A), SEM VIROLA, SEM TAMPA
152304	REVESTIMENTO EM CERAMICA ESMALTADA PARA FACHADAS, PECAS NO FORMATO APROX. *5 X 15* CM, FORNECIDAS EM PLACAS COM PECAS UNIDAS EM PONTOS
152305	REVESTIMENTO EM CERAMICA ESMALTADA PARA FACHADAS, PECAS NO FORMATO APROX. *7 X 26* CM, FORNECIDAS EM PLACAS COM PECAS UNIDAS EM PONTOS
152306	ROLO DE ESPUMA POLIESTER, 9 CM X 10 MM, COM CABO
152307	TALA PARA EMENDA DE ELETROCALHA, SIMPLES / RETA, LISA OU PERFURADA, EM CHAPA DE ACO GALVANIZADO #22, ALTURA 50 MM
152308	TE HORIZONTAL 90 GRAUS, PARA ELETROCALHA, EM CHAPA DE ACO GALVANIZADO, ESPESSURA #14, 700 X 50 MM (L X A), SEM VIROLA, SEM TAMPA
152309	TE HORIZONTAL 90 GRAUS, PARA ELETROCALHA, EM CHAPA DE ACO GALVANIZADO, ESPESSURA #14, 800 X 50 MM (L X A), SEM VIROLA, SEM TAMPA
152310	TE HORIZONTAL 90 GRAUS, PARA ELETROCALHA, EM CHAPA DE ACO GALVANIZADO, ESPESSURA #16, 500 X 50 MM (L X A), SEM VIROLA, SEM TAMPA
152311	TE HORIZONTAL 90 GRAUS, PARA ELETROCALHA, EM CHAPA DE ACO GALVANIZADO, ESPESSURA #16, 600 X 50 MM (L X A), SEM VIROLA, SEM TAMPA
152312	TE HORIZONTAL 90 GRAUS, PARA ELETROCALHA, EM CHAPA DE ACO GALVANIZADO, ESPESSURA #18, 300 X 50 MM (L X A), SEM VIROLA, SEM TAMPA
152313	TE HORIZONTAL 90 GRAUS, PARA ELETROCALHA, EM CHAPA DE ACO GALVANIZADO, ESPESSURA #18, 400 X 50 MM (L X A), SEM VIROLA, SEM TAMPA
152314	TE HORIZONTAL 90 GRAUS, PARA ELETROCALHA, EM CHAPA DE ACO GALVANIZADO, ESPESSURA #22, 100 X 50 MM (L X A), SEM VIROLA, SEM TAMPA
152315	TE HORIZONTAL 90 GRAUS, PARA ELETROCALHA, EM CHAPA DE ACO GALVANIZADO, ESPESSURA #22, 125 X 50 MM (L X A), SEM VIROLA, SEM TAMPA
152316	TE HORIZONTAL 90 GRAUS, PARA ELETROCALHA, EM CHAPA DE ACO GALVANIZADO, ESPESSURA #22, 150 X 50 MM (L X A), SEM VIROLA, SEM TAMPA
152317	TE HORIZONTAL 90 GRAUS, PARA ELETROCALHA, EM CHAPA DE ACO GALVANIZADO, ESPESSURA #22, 200 X 50 MM (L X A), SEM VIROLA, SEM TAMPA
152318	TE HORIZONTAL 90 GRAUS, PARA ELETROCALHA, EM CHAPA DE ACO GALVANIZADO, ESPESSURA #22, 250 X 50 MM (L X A), SEM VIROLA, SEM TAMPA
152319	TE HORIZONTAL 90 GRAUS, PARA ELETROCALHA, EM CHAPA DE ACO GALVANIZADO, ESPESSURA #22, 50 X 50 MM (L X A), SEM VIROLA, SEM TAMPA
152320	TE HORIZONTAL 90 GRAUS, PARA ELETROCALHA, EM CHAPA DE ACO GALVANIZADO, ESPESSURA #22, 75 X 50 MM (L X A), SEM VIROLA, SEM TAMPA
152321	TUBO DE POLIETILENO DE ALTA DENSIDADE, PEAD, PE-80, DE = 1200 MM X 37,2 MM PAREDE (SDR 32,25 - PN 04) PARA REDE DE AGUA OU ESGOTO
152322	TUBO DE POLIETILENO DE ALTA DENSIDADE, PEAD, PE-80, DE = 1400 MM X 42,9 MM PAREDE, (SDR 32,25 - PN 04) PARA REDE DE AGUA OU ESGOTO
152323	TUBO DE POLIETILENO DE ALTA DENSIDADE, PEAD, PE-80, DE = 1600 MM X 49,0 MM PAREDE, (SDR 32,25 - PN 04) PARA REDE DE AGUA OU ESGOTO
152324	"ABRACADEIRA, GALVANIZADA/ZINCADA, ROSCA SEM FIM, PARAFUSO INOX, LARGURA FITA 19 MM, D = 1"""
152325	"ARCO DE SERRA REGULAVEL PARA LAMINAS DE 8"" A 12"""
152326	CAVALETE DE FERRO DOBRAVEL, ALTURA 80 CM
152327	"COLHER DE PEDREIRO 9"", EM ACO, COM CANTOS REDONDOS E CABO DE MADEIRA OU PLASTICO"
152328	CORTA-TUBOS COM CAPACIDADE DE 6 A 42 MM
152329	"DOBRADEIRA ELETROMECANICA DE VERGALHAO, PARA ACO DE DIAMETRO ATE 1 1/2"", MOTOR ELETRICO TRIFASICO, POTENCIA DE 3 HP ATE 5 HP"
152330	ESQUADRO PARA SOLDA, EM ALUMINIO, 65 MM, COM DUAS MORSAS (GRAMPO SARGENTO)
152331	FERRO DE SOLDA, POTENCIA 40 W
152332	FITA DE VEDACAO ADESIVA, EM ESPUMA POLIETILENO, PRETA, L = 10 MM, E = 4 MM
152333	FITA PLASTICA DE ARQUEAR, EM POLIPROPILENO - PP, PRETA, L = 10 MM, E = 0,65 MM
152334	"FURADEIRA ELETRICA DE IMPACTO 1/2"", 600 W"
152335	"GRAMPO DE APERTO RAPIDO 18"""
152336	JOGO DE CHAVES ALLEN LONGAS HEXAGONAIS DE 1,5 MM A 10 MM - 9 PECAS
152337	JOGO DE CHAVES DE FENDA E PHILLIPS ISOLADAS, 1000 V - *6* PECAS
152338	JOGO SERRA COPO COM 6 SERRAS, DIAMETRO VARIANDO DE 15 MM A 60 MM
152339	"LIMA QUADRADA BASTARDA 8"", COM CABO"
152340	"LIMA REDONDA BASTARDA 8"", COM CABO"
152341	"MANGUEIRA FLEXIVEL TRANSPARENTE COM ESPIRAL AZUL, EM PVC, DIAM. 1"" (25 MM), PARA SERVICOS LEVES DE SUCCAO E DESCARGA"
152342	"MANGUEIRA FLEXIVEL TRANSPARENTE COM ESPIRAL AZUL, EM PVC, DIAM. 2"" (50 MM), PARA SERVICOS LEVES DE SUCCAO E DESCARGA"
152343	"MANGUEIRA FLEXIVEL TRANSPARENTE COM ESPIRAL AZUL, EM PVC, DIAM. 4"" (100 MM), PARA SERVICOS LEVES DE SUCCAO E DESCARGA"
152344	MANGUEIRA PARA AR E AGUA DE PVC/BORRACHA, PRESSAO 300 PSI, DIAMETRO DE 1 POLEGADA
152345	MARRETA DE ACO, OITAVADA, 500 G, COM CABO DE MADEIRA
152346	"NIVEL DE ALUMINIO 350 MM (14""), COM 3 BOLHAS"
152347	OCULOS DE SOLDA COM ESCURECIMENTO AUTOMATICO
152348	PISO EM PORCELANATO, RETIFICADO, LISO, MONOCOLOR, ACETINADO OU POLIDO, FORMATO MAIOR QUE 2500 ATE 6400 CM2
152349	PISO EM PORCELANATO,RETIFICADO, LISO, MONOCOLOR, ACETINADO OU POLIDO, FORMATO MAIOR QUE 6400 CM2
152350	"PONTEIRO DE ACO, LISO, REDONDO, 3/4"" X 10"""
152351	"PUNHO PARA PERFURATRIZ DE ESTEIRA T38, D = 1 1/2"" (38 MM), C = 380 MM"
152352	REGUA DE ALUMINIO PARA PEDREIRO 2 M X *25,5* MM
152353	RESPIRADOR / MASCARA SEMI FACIAL COM UMA VALVULA DE INALACAO E DUAS DE EXALACAO, PROTECAO CONTRA VAPORES ORGANICOS E GASES ACIDOS (1 FILTRO INCLUIDO)
152354	RISCADOR DE FORMICA COM COMPRIMENTO *16* CM E ALTURA *5* CM
152355	"SERROTE PROFISSIONAL EM ACO TEMPERADO 20"", CABO DE MADEIRA"
152356	SUPORTE MANUAL PARA LIXA, PLASTICO, COM 230 X 80 MM (COMPRIMENTO X LARGURA)
152357	"SUPORTE PARA FIXACAO CORRIMAO TUBULAR NA PAREDE EM, ACO INOX POLIDO, PARA APOIO BARRA CURVA DE 1/2"" E BERCO, COM CANOPLA"
152358	"SUPORTE PINO, REDONDO, DE PAREDE, PARA FIXACAO DE CORRIMAO POR SOLDAGEM, EM ACO GALVANIZADO, COM BARRA DE 1/2"""
152359	SUPORTE TRADICIONAL PARA FIXACAO DE CORRIMAO NA PAREDE, EM ALUMINIO
152360	"TALHADEIRA CHATA, DE ACO, 10"""
152361	TRENA COM FITA DE ACO DE 10 M X 25 MM (COMPRIMENTO X LARGURA)
152362	"TRINCHA DE 1"" COM CERDAS SINTETICAS"
152363	"TRINCHA DE 2"" COM CERDAS SINTETICAS"
152364	AVENTAL EM PVC, FORRADO, *0,3* MM DE ESPESSURA, *1,15 X 0,70* M (COMPRIMENTO X LARGURA), 100% IMPERMEAVEL
152365	BALANCIM INDIVIDUAL, TIPO CADEIRA SUSPENSA SOBE E DESCE
152366	BALDE DE PLASTICO CAPACIDADE 12 L
152367	BROCHA RETANGULAR, *15 X 5* CM
152368	CARRINHO PLATAFORMA EM MADEIRA COM ESTRUTURA EM ACO, 1500 X 800 MM, COM CAPACIDADE DE 600 KG, 4 RODAS/PNEUS/CAMARAS
152369	"COROA PARA PERFURATRIZ T38, D = 2 1/2"", 6 X 4 BOTOES BALISTICOS, FACE PLANA"
152370	CORTADEIRA HIDRAULICA DE VERGALHAO, PARA ACO DE DIAMETRO ATE 50 MM, MOTOR ELETRICO TRIFASICO, POTENCIA DE 5,5 HP A 7,5 HP
152371	DETECTOR DE TENSAO 90 V A 1000 V (CAT IV)
152372	FITA PLASTICA ZEBRADA PARA DEMARCACAO DE AREAS, LARGURA = 7 CM, SEM ADESIVO
152373	"FORMAO CHANFRADO 1"", CABO DE MADEIRA"
152374	FURO PARA TORNEIRA OU OUTROS ACESSORIOS EM BANCADA DE MARMORE/ GRANITO OU OUTRO TIPO DE PEDRA NATURAL
152375	"HASTE PARA PERFURATRIZ DE ESTEIRA T38, D= 1 1/2"" X *3 M*, PARA PROLONGAR BROCA"
152376	INVERSOR DE SOLDA MONOFASICO DE 160 A, POTENCIA DE *7000* W, TENSAO DE 220 V, TURBO VENTILADO, PROTECAO POR TERMOSTATO, PARA ELETRODOS DE *2,0 A 4,0* MM
152377	LAPIS PARA CARPINTEIRO
152378	LUVAS DE PVC, COM COMPRIMENTO DE *35* CM, FORRADAS, ACABAMENTO ASPERO ANTIDERRAPANTE NA FACE PALMAR
152379	MASCARA DE SOLDA AUTOMATICA, COM GRAU DE ESCURECIMENTO DIN 9 A 13
152380	PERNEIRA DE RASPA COM VELCRO
152381	TORNO/MORSA DE BANCADA NUMERO 4
152382	UNIFORME PROFISSIONAL DE BRIM, CALCA E CAMISA MANGA LONGA COM FAIXA REFLETIVA
