source	query_id	method	half	ndcg@10	ndcg@100
real_295	562	bm25	inferior	0.0	0.2559580248098155
real_295	562	e5	inferior	0.0	0.17219543379409813
real_295	562	e5_hybrid	inferior	0.0	0.21533827903669653
real_295	562	bge_m3_hybrid	inferior	0.3010299956639812	0.3010299956639812
real_295	717	bm25	inferior	0.6309297535714575	0.6309297535714575
real_295	717	e5	inferior	0.6309297535714575	0.6309297535714575
real_295	717	e5_hybrid	inferior	0.6309297535714575	0.6309297535714575
real_295	717	bge_m3_hybrid	inferior	0.6309297535714575	0.6309297535714575
real_295	780	bm25	inferior	0.43067655807339306	0.43067655807339306
real_295	780	e5	inferior	0.43067655807339306	0.43067655807339306
real_295	780	e5_hybrid	inferior	0.43067655807339306	0.43067655807339306
real_295	780	bge_m3_hybrid	inferior	0.43067655807339306	0.43067655807339306
real_295	861	bm25	inferior	0.31546487678572877	0.31546487678572877
real_295	861	e5	inferior	0.3010299956639812	0.3010299956639812
real_295	861	e5_hybrid	inferior	0.31546487678572877	0.31546487678572877
real_295	861	bge_m3_hybrid	inferior	0.3010299956639812	0.3010299956639812
real_295	923	bm25	superior	0.6309297535714575	0.6309297535714575
real_295	923	e5	superior	0.5	0.5
real_295	923	e5_hybrid	superior	0.6309297535714575	0.6309297535714575
real_295	923	bge_m3_hybrid	superior	0.6309297535714575	0.6309297535714575
real_295	1097	bm25	inferior	0.0	0.1854490234153689
real_295	1097	e5	inferior	0.0	0.17542506358195453
real_295	1097	e5_hybrid	inferior	0.0	0.18316925091363362
real_295	1097	bge_m3_hybrid	inferior	0.0	0.19823986317056053
real_295	1098	bm25	inferior	0.0	0.18428883314870617
real_295	1098	e5	inferior	0.0	0.18208790046993825
real_295	1098	e5_hybrid	inferior	0.0	0.18428883314870617
real_295	1098	bge_m3_hybrid	inferior	0.0	0.1949590218937863
real_295	1275	bm25	inferior	0.5706417189553201	0.5706417189553201
real_295	1275	e5	inferior	0.5706417189553201	0.5706417189553201
real_295	1275	e5_hybrid	inferior	0.5706417189553201	0.5706417189553201
real_295	1275	bge_m3_hybrid	inferior	0.5706417189553201	0.5706417189553201
real_295	1276	bm25	inferior	0.5	0.5
real_295	1276	e5	inferior	0.5	0.5
real_295	1276	e5_hybrid	inferior	0.5	0.5
real_295	1276	bge_m3_hybrid	inferior	0.5	0.5
real_295	1324	bm25	inferior	0.6309297535714575	0.6309297535714575
real_295	1324	e5	inferior	0.6309297535714575	0.6309297535714575
real_295	1324	e5_hybrid	inferior	0.6309297535714575	0.6309297535714575
real_295	1324	bge_m3_hybrid	inferior	0.6309297535714575	0.6309297535714575
real_295	1331	bm25	inferior	0.0	0.25
real_295	1331	e5	inferior	0.0	0.23981246656813146
real_295	1331	e5_hybrid	inferior	0.0	0.25
real_295	1331	bge_m3_hybrid	inferior	0.0	0.26264953503719357
real_295	1422	bm25	inferior	1.0	1.0
real_295	1422	e5	inferior	1.0	1.0
real_295	1422	e5_hybrid	inferior	1.0	1.0
real_295	1422	bge_m3_hybrid	inferior	1.0	1.0
real_295	1447	bm25	superior	0.43067655807339306	0.43067655807339306
real_295	1447	e5	superior	0.0	0.25
real_295	1447	e5_hybrid	superior	0.31546487678572877	0.31546487678572877
real_295	1447	bge_m3_hybrid	superior	0.3010299956639812	0.3010299956639812
real_295	1448	bm25	inferior	0.5	0.5
real_295	1448	e5	inferior	0.0	0.25
real_295	1448	e5_hybrid	inferior	0.3562071871080222	0.3562071871080222
real_295	1448	bge_m3_hybrid	inferior	0.3010299956639812	0.3010299956639812
real_295	1457	bm25	superior	0.5706417189553201	0.5706417189553201
real_295	1457	e5	superior	0.39780880120575696	0.39780880120575696
real_295	1457	e5_hybrid	superior	0.45560514958746035	0.45560514958746035
real_295	1457	bge_m3_hybrid	superior	0.5249810332008933	0.5249810332008933
real_295	1458	bm25	superior	0.5706417189553201	0.5706417189553201
real_295	1458	e5	superior	0.39780880120575696	0.39780880120575696
real_295	1458	e5_hybrid	superior	0.5012658353418871	0.5012658353418871
real_295	1458	bge_m3_hybrid	superior	0.48247555939075504	0.48247555939075504
real_295	1618	bm25	inferior	0.3333333333333333	0.3333333333333333
real_295	1618	e5	inferior	0.3010299956639812	0.3010299956639812
real_295	1618	e5_hybrid	inferior	0.3333333333333333	0.3333333333333333
real_295	1618	bge_m3_hybrid	inferior	0.31546487678572877	0.31546487678572877
real_295	1621	bm25	inferior	0.3333333333333333	0.3333333333333333
real_295	1621	e5	inferior	0.2890648263178879	0.2890648263178879
real_295	1621	e5_hybrid	inferior	0.3333333333333333	0.3333333333333333
real_295	1621	bge_m3_hybrid	inferior	0.3333333333333333	0.3333333333333333
real_295	1657	bm25	inferior	0.6309297535714575	0.6309297535714575
real_295	1657	e5	inferior	0.6309297535714575	0.6309297535714575
real_295	1657	e5_hybrid	inferior	0.6309297535714575	0.6309297535714575
real_295	1657	bge_m3_hybrid	inferior	0.6309297535714575	0.6309297535714575
real_295	1670	bm25	inferior	0.6309297535714575	0.6309297535714575
real_295	1670	e5	inferior	0.6309297535714575	0.6309297535714575
real_295	1670	e5_hybrid	inferior	0.6309297535714575	0.6309297535714575
real_295	1670	bge_m3_hybrid	inferior	0.6309297535714575	0.6309297535714575
real_295	1671	bm25	inferior	0.6309297535714575	0.6309297535714575
real_295	1671	e5	inferior	0.6309297535714575	0.6309297535714575
real_295	1671	e5_hybrid	inferior	0.6309297535714575	0.6309297535714575
real_295	1671	bge_m3_hybrid	inferior	0.6309297535714575	0.6309297535714575
real_295	1677	bm25	inferior	0.6309297535714575	0.6309297535714575
real_295	1677	e5	inferior	0.6309297535714575	0.6309297535714575
real_295	1677	e5_hybrid	inferior	0.6309297535714575	0.6309297535714575
real_295	1677	bge_m3_hybrid	inferior	0.6309297535714575	0.6309297535714575
real_295	2017	bm25	inferior	0.6309297535714575	0.6309297535714575
real_295	2017	e5	inferior	0.6309297535714575	0.6309297535714575
real_295	2017	e5_hybrid	inferior	0.6309297535714575	0.6309297535714575
real_295	2017	bge_m3_hybrid	inferior	0.6309297535714575	0.6309297535714575
real_295	2214	bm25	inferior	0.5	0.5
real_295	2214	e5	inferior	0.5	0.5
real_295	2214	e5_hybrid	inferior	0.5	0.5
real_295	2214	bge_m3_hybrid	inferior	0.5	0.5
real_295	2235	bm25	superior	0.6309297535714575	0.6309297535714575
real_295	2235	e5	superior	0.6309297535714575	0.6309297535714575
real_295	2235	e5_hybrid	superior	0.6309297535714575	0.6309297535714575
real_295	2235	bge_m3_hybrid	superior	0.6309297535714575	0.6309297535714575
real_295	2236	bm25	inferior	1.0	1.0
real_295	2236	e5	inferior	1.0	1.0
real_295	2236	e5_hybrid	inferior	1.0	1.0
real_295	2236	bge_m3_hybrid	inferior	1.0	1.0
real_295	2316	bm25	superior	0.6309297535714575	0.6309297535714575
real_295	2316	e5	superior	0.6309297535714575	0.6309297535714575
real_295	2316	e5_hybrid	superior	0.6309297535714575	0.6309297535714575
real_295	2316	bge_m3_hybrid	superior	0.6309297535714575	0.6309297535714575
real_295	2318	bm25	superior	0.6309297535714575	0.6309297535714575
real_295	2318	e5	superior	0.43067655807339306	0.43067655807339306
real_295	2318	e5_hybrid	superior	0.5	0.5
real_295	2318	bge_m3_hybrid	superior	0.5	0.5
real_295	2398	bm25	superior	0.6309297535714575	0.6309297535714575
real_295	2398	e5	superior	0.6309297535714575	0.6309297535714575
real_295	2398	e5_hybrid	superior	0.6309297535714575	0.6309297535714575
real_295	2398	bge_m3_hybrid	superior	0.6309297535714575	0.6309297535714575
real_295	2399	bm25	superior	0.6309297535714575	0.6309297535714575
real_295	2399	e5	superior	0.6309297535714575	0.6309297535714575
real_295	2399	e5_hybrid	superior	0.6309297535714575	0.6309297535714575
real_295	2399	bge_m3_hybrid	superior	0.6309297535714575	0.6309297535714575
real_295	2477	bm25	superior	0.6309297535714575	0.6309297535714575
real_295	2477	e5	superior	0.6309297535714575	0.6309297535714575
real_295	2477	e5_hybrid	superior	0.6309297535714575	0.6309297535714575
real_295	2477	bge_m3_hybrid	superior	0.6309297535714575	0.6309297535714575
real_295	2616	bm25	inferior	1.0	1.0
real_295	2616	e5	inferior	1.0	1.0
real_295	2616	e5_hybrid	inferior	1.0	1.0
real_295	2616	bge_m3_hybrid	inferior	1.0	1.0
real_295	2694	bm25	superior	0.6309297535714575	0.6309297535714575
real_295	2694	e5	superior	1.0	1.0
real_295	2694	e5_hybrid	superior	0.6309297535714575	0.6309297535714575
real_295	2694	bge_m3_hybrid	superior	0.6309297535714575	0.6309297535714575
real_295	2764	bm25	superior	0.6309297535714575	0.6309297535714575
real_295	2764	e5	superior	0.6309297535714575	0.6309297535714575
real_295	2764	e5_hybrid	superior	0.6309297535714575	0.6309297535714575
real_295	2764	bge_m3_hybrid	superior	0.6309297535714575	0.6309297535714575
real_295	2790	bm25	inferior	1.0	1.0
real_295	2790	e5	inferior	1.0	1.0
real_295	2790	e5_hybrid	inferior	1.0	1.0
real_295	2790	bge_m3_hybrid	inferior	1.0	1.0
real_295	2793	bm25	inferior	1.0	1.0
real_295	2793	e5	inferior	1.0	1.0
real_295	2793	e5_hybrid	inferior	1.0	1.0
real_295	2793	bge_m3_hybrid	inferior	1.0	1.0
real_295	2804	bm25	superior	1.0	1.0
real_295	2804	e5	superior	1.0	1.0
real_295	2804	e5_hybrid	superior	1.0	1.0
real_295	2804	bge_m3_hybrid	superior	1.0	1.0
real_295	2805	bm25	superior	1.0	1.0
real_295	2805	e5	superior	1.0	1.0
real_295	2805	e5_hybrid	superior	1.0	1.0
real_295	2805	bge_m3_hybrid	superior	1.0	1.0
real_295	2806	bm25	superior	1.0	1.0
real_295	2806	e5	superior	1.0	1.0
real_295	2806	e5_hybrid	superior	1.0	1.0
real_295	2806	bge_m3_hybrid	superior	1.0	1.0
real_295	2881	bm25	inferior	0.0	0.2559580248098155
real_295	2881	e5	inferior	0.0	0.27023815442731974
real_295	2881	e5_hybrid	inferior	0.0	0.27894294565112987
real_295	2881	bge_m3_hybrid	inferior	0.0	0.25
real_295	2888	bm25	superior	0.6309297535714575	0.6309297535714575
real_295	2888	e5	superior	0.5	0.5
real_295	2888	e5_hybrid	superior	0.6309297535714575	0.6309297535714575
real_295	2888	bge_m3_hybrid	superior	0.6309297535714575	0.6309297535714575
real_295	2891	bm25	superior	0.3065735963827292	0.4635135407606591
real_295	2891	e5	superior	0.5109559939712153	0.5109559939712153
real_295	2891	e5_hybrid	superior	0.3065735963827292	0.4776066804504473
real_295	2891	bge_m3_hybrid	superior	0.3065735963827292	0.4776066804504473
real_295	2898	bm25	superior	0.6309297535714575	0.6309297535714575
real_295	2898	e5	superior	0.6309297535714575	0.6309297535714575
real_295	2898	e5_hybrid	superior	0.6309297535714575	0.6309297535714575
real_295	2898	bge_m3_hybrid	superior	0.6309297535714575	0.6309297535714575
real_295	3234	bm25	inferior	0.6309297535714575	0.6309297535714575
real_295	3234	e5	inferior	0.5	0.5
real_295	3234	e5_hybrid	inferior	0.6309297535714575	0.6309297535714575
real_295	3234	bge_m3_hybrid	inferior	0.6309297535714575	0.6309297535714575
real_295	3246	bm25	inferior	0.6309297535714575	0.6309297535714575
real_295	3246	e5	inferior	0.6309297535714575	0.6309297535714575
real_295	3246	e5_hybrid	inferior	0.6309297535714575	0.6309297535714575
real_295	3246	bge_m3_hybrid	inferior	0.6309297535714575	0.6309297535714575
real_295	3445	bm25	inferior	0.3562071871080222	0.3562071871080222
real_295	3445	e5	inferior	0.0	0.21810429198553155
real_295	3445	e5_hybrid	inferior	0.0	0.26264953503719357
real_295	3445	bge_m3_hybrid	inferior	0.0	0.26264953503719357
real_295	3540	bm25	superior	0.6309297535714575	0.6309297535714575
real_295	3540	e5	superior	0.31546487678572877	0.31546487678572877
real_295	3540	e5_hybrid	superior	0.43067655807339306	0.43067655807339306
real_295	3540	bge_m3_hybrid	superior	0.6309297535714575	0.6309297535714575
real_295	3541	bm25	superior	0.6309297535714575	0.6309297535714575
real_295	3541	e5	superior	0.31546487678572877	0.31546487678572877
real_295	3541	e5_hybrid	superior	0.43067655807339306	0.43067655807339306
real_295	3541	bge_m3_hybrid	superior	0.6309297535714575	0.6309297535714575
real_295	3542	bm25	superior	0.6309297535714575	0.6309297535714575
real_295	3542	e5	superior	0.31546487678572877	0.31546487678572877
real_295	3542	e5_hybrid	superior	0.38685280723454163	0.38685280723454163
real_295	3542	bge_m3_hybrid	superior	0.6309297535714575	0.6309297535714575
real_295	3543	bm25	superior	0.6309297535714575	0.6309297535714575
real_295	3543	e5	superior	0.31546487678572877	0.31546487678572877
real_295	3543	e5_hybrid	superior	0.38685280723454163	0.38685280723454163
real_295	3543	bge_m3_hybrid	superior	0.6309297535714575	0.6309297535714575
real_295	3544	bm25	superior	0.6309297535714575	0.6309297535714575
real_295	3544	e5	superior	0.31546487678572877	0.31546487678572877
real_295	3544	e5_hybrid	superior	0.38685280723454163	0.38685280723454163
real_295	3544	bge_m3_hybrid	superior	0.6309297535714575	0.6309297535714575
real_295	3546	bm25	superior	0.6309297535714575	0.6309297535714575
real_295	3546	e5	superior	0.3010299956639812	0.3010299956639812
real_295	3546	e5_hybrid	superior	0.38685280723454163	0.38685280723454163
real_295	3546	bge_m3_hybrid	superior	0.6309297535714575	0.6309297535714575
real_295	3547	bm25	superior	1.0	1.0
real_295	3547	e5	superior	1.0	1.0
real_295	3547	e5_hybrid	superior	1.0	1.0
real_295	3547	bge_m3_hybrid	superior	1.0	1.0
real_295	3548	bm25	superior	1.0	1.0
real_295	3548	e5	superior	1.0	1.0
real_295	3548	e5_hybrid	superior	1.0	1.0
real_295	3548	bge_m3_hybrid	superior	1.0	1.0
real_295	3549	bm25	superior	1.0	1.0
real_295	3549	e5	superior	1.0	1.0
real_295	3549	e5_hybrid	superior	1.0	1.0
real_295	3549	bge_m3_hybrid	superior	1.0	1.0
real_295	3550	bm25	superior	1.0	1.0
real_295	3550	e5	superior	1.0	1.0
real_295	3550	e5_hybrid	superior	1.0	1.0
real_295	3550	bge_m3_hybrid	superior	1.0	1.0
real_295	3551	bm25	superior	1.0	1.0
real_295	3551	e5	superior	1.0	1.0
real_295	3551	e5_hybrid	superior	1.0	1.0
real_295	3551	bge_m3_hybrid	superior	1.0	1.0
real_295	3552	bm25	superior	1.0	1.0
real_295	3552	e5	superior	1.0	1.0
real_295	3552	e5_hybrid	superior	1.0	1.0
real_295	3552	bge_m3_hybrid	superior	1.0	1.0
real_295	3553	bm25	superior	1.0	1.0
real_295	3553	e5	superior	1.0	1.0
real_295	3553	e5_hybrid	superior	1.0	1.0
real_295	3553	bge_m3_hybrid	superior	1.0	1.0
real_295	3585	bm25	inferior	0.31546487678572877	0.31546487678572877
real_295	3585	e5	inferior	0.43067655807339306	0.43067655807339306
real_295	3585	e5_hybrid	inferior	0.43067655807339306	0.43067655807339306
real_295	3585	bge_m3_hybrid	inferior	0.43067655807339306	0.43067655807339306
real_295	3613	bm25	inferior	0.5	0.5
real_295	3613	e5	inferior	0.5	0.5
real_295	3613	e5_hybrid	inferior	0.5	0.5
real_295	3613	bge_m3_hybrid	inferior	0.5	0.5
real_295	3614	bm25	inferior	0.5	0.5
real_295	3614	e5	inferior	0.5	0.5
real_295	3614	e5_hybrid	inferior	0.5	0.5
real_295	3614	bge_m3_hybrid	inferior	0.5	0.5
real_295	3632	bm25	superior	1.0	1.0
real_295	3632	e5	superior	1.0	1.0
real_295	3632	e5_hybrid	superior	1.0	1.0
real_295	3632	bge_m3_hybrid	superior	1.0	1.0
real_295	3633	bm25	superior	1.0	1.0
real_295	3633	e5	superior	1.0	1.0
real_295	3633	e5_hybrid	superior	1.0	1.0
real_295	3633	bge_m3_hybrid	superior	1.0	1.0
real_295	3646	bm25	inferior	0.6309297535714575	0.6309297535714575
real_295	3646	e5	inferior	0.6309297535714575	0.6309297535714575
real_295	3646	e5_hybrid	inferior	0.6309297535714575	0.6309297535714575
real_295	3646	bge_m3_hybrid	inferior	0.6309297535714575	0.6309297535714575
real_295	4015	bm25	superior	0.6309297535714575	0.6309297535714575
real_295	4015	e5	superior	0.6309297535714575	0.6309297535714575
real_295	4015	e5_hybrid	superior	0.6309297535714575	0.6309297535714575
real_295	4015	bge_m3_hybrid	superior	0.6309297535714575	0.6309297535714575
real_295	4033	bm25	superior	0.6309297535714575	0.6309297535714575
real_295	4033	e5	superior	0.6309297535714575	0.6309297535714575
real_295	4033	e5_hybrid	superior	0.6309297535714575	0.6309297535714575
real_295	4033	bge_m3_hybrid	superior	0.6309297535714575	0.6309297535714575
real_295	4108	bm25	superior	1.0	1.0
real_295	4108	e5	superior	1.0	1.0
real_295	4108	e5_hybrid	superior	1.0	1.0
real_295	4108	bge_m3_hybrid	superior	1.0	1.0
real_295	4124	bm25	inferior	0.38685280723454163	0.38685280723454163
real_295	4124	e5	inferior	0.0	0.2559580248098155
real_295	4124	e5_hybrid	inferior	0.2890648263178879	0.2890648263178879
real_295	4124	bge_m3_hybrid	inferior	0.2890648263178879	0.2890648263178879
real_295	4126	bm25	inferior	0.38685280723454163	0.38685280723454163
real_295	4126	e5	inferior	0.0	0.2559580248098155
real_295	4126	e5_hybrid	inferior	0.3010299956639812	0.3010299956639812
real_295	4126	bge_m3_hybrid	inferior	0.2890648263178879	0.2890648263178879
real_295	4146	bm25	inferior	0.2890648263178879	0.2890648263178879
real_295	4146	e5	inferior	0.0	0.26264953503719357
real_295	4146	e5_hybrid	inferior	0.0	0.27023815442731974
real_295	4146	bge_m3_hybrid	inferior	0.0	0.27894294565112987
real_295	4147	bm25	inferior	0.2890648263178879	0.2890648263178879
real_295	4147	e5	inferior	0.0	0.27023815442731974
real_295	4147	e5_hybrid	inferior	0.0	0.27023815442731974
real_295	4147	bge_m3_hybrid	inferior	0.0	0.27894294565112987
real_295	4148	bm25	inferior	0.0	0.27894294565112987
real_295	4148	e5	inferior	0.0	0.2559580248098155
real_295	4148	e5_hybrid	inferior	0.0	0.27023815442731974
real_295	4148	bge_m3_hybrid	inferior	0.0	0.27023815442731974
real_295	4149	bm25	superior	0.6309297535714575	0.6309297535714575
real_295	4149	e5	superior	0.6309297535714575	0.6309297535714575
real_295	4149	e5_hybrid	superior	0.6309297535714575	0.6309297535714575
real_295	4149	bge_m3_hybrid	superior	0.6309297535714575	0.6309297535714575
real_295	4150	bm25	inferior	0.2640681225725909	0.4084084369553121
real_295	4150	e5	inferior	0.20438239758848611	0.3462512994544803
real_295	4150	e5_hybrid	inferior	0.23719771276929622	0.3842380534357064
real_295	4150	bge_m3_hybrid	inferior	0.2640681225725909	0.40156259388658816
real_295	4151	bm25	inferior	0.0	0.21274605355336318
real_295	4151	e5	inferior	0.0	0.2103099178571525
real_295	4151	e5_hybrid	inferior	0.0	0.2103099178571525
real_295	4151	bge_m3_hybrid	inferior	0.0	0.22106472945750374
real_295	4152	bm25	inferior	0.0	0.26114558946198824
real_295	4152	e5	inferior	0.0	0.2552802499582643
real_295	4152	e5_hybrid	inferior	0.0	0.2552802499582643
real_295	4152	bge_m3_hybrid	inferior	0.0	0.26114558946198824
real_295	4155	bm25	inferior	0.0	0.21533827903669653
real_295	4155	e5	inferior	0.0	0.20801459767650948
real_295	4155	e5_hybrid	inferior	0.0	0.20801459767650948
real_295	4155	bge_m3_hybrid	inferior	0.0	0.23540891336663824
real_295	4160	bm25	inferior	0.5	0.5
real_295	4160	e5	inferior	0.5	0.5
real_295	4160	e5_hybrid	inferior	0.43067655807339306	0.43067655807339306
real_295	4160	bge_m3_hybrid	inferior	0.43067655807339306	0.43067655807339306
real_295	4196	bm25	inferior	1.0	1.0
real_295	4196	e5	inferior	1.0	1.0
real_295	4196	e5_hybrid	inferior	1.0	1.0
real_295	4196	bge_m3_hybrid	inferior	1.0	1.0
real_295	4226	bm25	inferior	0.6309297535714575	0.6309297535714575
real_295	4226	e5	inferior	0.6309297535714575	0.6309297535714575
real_295	4226	e5_hybrid	inferior	0.6309297535714575	0.6309297535714575
real_295	4226	bge_m3_hybrid	inferior	0.6309297535714575	0.6309297535714575
real_295	4246	bm25	inferior	0.6309297535714575	0.6309297535714575
real_295	4246	e5	inferior	0.6309297535714575	0.6309297535714575
real_295	4246	e5_hybrid	inferior	0.6309297535714575	0.6309297535714575
real_295	4246	bge_m3_hybrid	inferior	0.6309297535714575	0.6309297535714575
real_295	4310	bm25	superior	0.6309297535714575	0.6309297535714575
real_295	4310	e5	superior	0.5	0.5
real_295	4310	e5_hybrid	superior	0.6309297535714575	0.6309297535714575
real_295	4310	bge_m3_hybrid	superior	0.6309297535714575	0.6309297535714575
real_295	4374	bm25	inferior	0.5	0.5
real_295	4374	e5	inferior	0.5	0.5
real_295	4374	e5_hybrid	inferior	0.5	0.5
real_295	4374	bge_m3_hybrid	inferior	0.5	0.5
real_295	4478	bm25	inferior	0.6309297535714575	0.6309297535714575
real_295	4478	e5	inferior	0.6309297535714575	0.6309297535714575
real_295	4478	e5_hybrid	inferior	0.6309297535714575	0.6309297535714575
real_295	4478	bge_m3_hybrid	inferior	0.6309297535714575	0.6309297535714575
real_295	4488	bm25	inferior	1.0	1.0
real_295	4488	e5	inferior	1.0	1.0
real_295	4488	e5_hybrid	inferior	1.0	1.0
real_295	4488	bge_m3_hybrid	inferior	1.0	1.0
real_295	4619	bm25	inferior	0.6309297535714575	0.6309297535714575
real_295	4619	e5	inferior	0.6309297535714575	0.6309297535714575
real_295	4619	e5_hybrid	inferior	0.6309297535714575	0.6309297535714575
real_295	4619	bge_m3_hybrid	inferior	0.6309297535714575	0.6309297535714575
real_295	4856	bm25	inferior	1.0	1.0
real_295	4856	e5	inferior	1.0	1.0
real_295	4856	e5_hybrid	inferior	1.0	1.0
real_295	4856	bge_m3_hybrid	inferior	1.0	1.0
real_295	4888	bm25	superior	0.6309297535714575	0.6309297535714575
real_295	4888	e5	superior	0.5	0.5
real_295	4888	e5_hybrid	superior	0.6309297535714575	0.6309297535714575
real_295	4888	bge_m3_hybrid	superior	0.6309297535714575	0.6309297535714575
real_295	4903	bm25	superior	0.6309297535714575	0.6309297535714575
real_295	4903	e5	superior	0.2890648263178879	0.2890648263178879
real_295	4903	e5_hybrid	superior	0.3562071871080222	0.3562071871080222
real_295	4903	bge_m3_hybrid	superior	0.3562071871080222	0.3562071871080222
real_295	4970	bm25	inferior	0.3010299956639812	0.3010299956639812
real_295	4970	e5	inferior	0.0	0.26264953503719357
real_295	4970	e5_hybrid	inferior	0.3010299956639812	0.3010299956639812
real_295	4970	bge_m3_hybrid	inferior	0.38685280723454163	0.38685280723454163
real_295	4977	bm25	inferior	0.6309297535714575	0.6309297535714575
real_295	4977	e5	inferior	0.6309297535714575	0.6309297535714575
real_295	4977	e5_hybrid	inferior	0.6309297535714575	0.6309297535714575
real_295	4977	bge_m3_hybrid	inferior	0.6309297535714575	0.6309297535714575
real_295	4984	bm25	inferior	0.5012658353418871	0.5012658353418871
real_295	4984	e5	inferior	0.45560514958746035	0.45560514958746035
real_295	4984	e5_hybrid	inferior	0.5012658353418871	0.5012658353418871
real_295	4984	bge_m3_hybrid	inferior	0.5012658353418871	0.5012658353418871
real_295	5018	bm25	inferior	0.43067655807339306	0.43067655807339306
real_295	5018	e5	inferior	0.5	0.5
real_295	5018	e5_hybrid	inferior	0.43067655807339306	0.43067655807339306
real_295	5018	bge_m3_hybrid	inferior	0.6309297535714575	0.6309297535714575
real_295	5019	bm25	inferior	0.3562071871080222	0.3562071871080222
real_295	5019	e5	inferior	0.5	0.5
real_295	5019	e5_hybrid	inferior	0.43067655807339306	0.43067655807339306
real_295	5019	bge_m3_hybrid	inferior	0.43067655807339306	0.43067655807339306
real_295	5020	bm25	inferior	0.6309297535714575	0.6309297535714575
real_295	5020	e5	inferior	0.5	0.5
real_295	5020	e5_hybrid	inferior	0.6309297535714575	0.6309297535714575
real_295	5020	bge_m3_hybrid	inferior	0.6309297535714575	0.6309297535714575
real_295	5022	bm25	inferior	0.5	0.5
real_295	5022	e5	inferior	0.5	0.5
real_295	5022	e5_hybrid	inferior	0.5	0.5
real_295	5022	bge_m3_hybrid	inferior	0.6309297535714575	0.6309297535714575
real_295	5025	bm25	inferior	0.38685280723454163	0.38685280723454163
real_295	5025	e5	inferior	0.38685280723454163	0.38685280723454163
real_295	5025	e5_hybrid	inferior	0.38685280723454163	0.38685280723454163
real_295	5025	bge_m3_hybrid	inferior	0.43067655807339306	0.43067655807339306
real_295	5026	bm25	inferior	0.43067655807339306	0.43067655807339306
real_295	5026	e5	inferior	0.5	0.5
real_295	5026	e5_hybrid	inferior	0.43067655807339306	0.43067655807339306
real_295	5026	bge_m3_hybrid	inferior	0.5	0.5
real_295	5027	bm25	inferior	0.31546487678572877	0.31546487678572877
real_295	5027	e5	inferior	0.3333333333333333	0.3333333333333333
real_295	5027	e5_hybrid	inferior	0.31546487678572877	0.31546487678572877
real_295	5027	bge_m3_hybrid	inferior	0.3333333333333333	0.3333333333333333
real_295	5028	bm25	inferior	0.43067655807339306	0.43067655807339306
real_295	5028	e5	inferior	0.38685280723454163	0.38685280723454163
real_295	5028	e5_hybrid	inferior	0.38685280723454163	0.38685280723454163
real_295	5028	bge_m3_hybrid	inferior	0.43067655807339306	0.43067655807339306
real_295	5029	bm25	inferior	0.6309297535714575	0.6309297535714575
real_295	5029	e5	inferior	0.6309297535714575	0.6309297535714575
real_295	5029	e5_hybrid	inferior	0.6309297535714575	0.6309297535714575
real_295	5029	bge_m3_hybrid	inferior	0.6309297535714575	0.6309297535714575
real_295	5041	bm25	inferior	0.5	0.5
real_295	5041	e5	inferior	0.5	0.5
real_295	5041	e5_hybrid	inferior	0.43067655807339306	0.43067655807339306
real_295	5041	bge_m3_hybrid	inferior	0.5	0.5
real_295	5287	bm25	superior	0.6309297535714575	0.6309297535714575
real_295	5287	e5	superior	0.43067655807339306	0.43067655807339306
real_295	5287	e5_hybrid	superior	0.6309297535714575	0.6309297535714575
real_295	5287	bge_m3_hybrid	superior	0.6309297535714575	0.6309297535714575
real_295	5289	bm25	superior	0.6934264036172708	0.6934264036172708
real_295	5289	e5	superior	0.7903864795495061	0.7903864795495061
real_295	5289	e5_hybrid	superior	0.5912352048230277	0.5912352048230277
real_295	5289	bge_m3_hybrid	superior	0.6934264036172708	0.6934264036172708
real_295	5290	bm25	superior	0.6934264036172708	0.6934264036172708
real_295	5290	e5	superior	0.7977228895450266	0.7977228895450266
real_295	5290	e5_hybrid	superior	0.5912352048230277	0.5912352048230277
real_295	5290	bge_m3_hybrid	superior	0.6934264036172708	0.6934264036172708
real_295	5292	bm25	superior	0.6934264036172708	0.6934264036172708
real_295	5292	e5	superior	0.6131471927654584	0.7741900178546666
real_295	5292	e5_hybrid	superior	0.5802792108518124	0.5802792108518124
real_295	5292	bge_m3_hybrid	superior	0.6934264036172708	0.6934264036172708
real_295	5293	bm25	superior	0.6309297535714575	0.6309297535714575
real_295	5293	e5	superior	0.31546487678572877	0.31546487678572877
real_295	5293	e5_hybrid	superior	0.43067655807339306	0.43067655807339306
real_295	5293	bge_m3_hybrid	superior	0.5	0.5
real_295	5294	bm25	superior	0.6309297535714575	0.6309297535714575
real_295	5294	e5	superior	0.3333333333333333	0.3333333333333333
real_295	5294	e5_hybrid	superior	0.43067655807339306	0.43067655807339306
real_295	5294	bge_m3_hybrid	superior	0.6309297535714575	0.6309297535714575
real_295	5295	bm25	superior	0.6309297535714575	0.6309297535714575
real_295	5295	e5	superior	0.2890648263178879	0.2890648263178879
real_295	5295	e5_hybrid	superior	0.3333333333333333	0.3333333333333333
real_295	5295	bge_m3_hybrid	superior	0.6309297535714575	0.6309297535714575
real_295	5296	bm25	superior	0.6309297535714575	0.6309297535714575
real_295	5296	e5	superior	0.0	0.26264953503719357
real_295	5296	e5_hybrid	superior	0.31546487678572877	0.31546487678572877
real_295	5296	bge_m3_hybrid	superior	0.6309297535714575	0.6309297535714575
real_295	5297	bm25	superior	1.0	1.0
real_295	5297	e5	superior	0.38685280723454163	0.38685280723454163
real_295	5297	e5_hybrid	superior	1.0	1.0
real_295	5297	bge_m3_hybrid	superior	1.0	1.0
real_295	5298	bm25	superior	0.6309297535714575	0.6309297535714575
real_295	5298	e5	superior	0.3010299956639812	0.3010299956639812
real_295	5298	e5_hybrid	superior	0.3562071871080222	0.3562071871080222
real_295	5298	bge_m3_hybrid	superior	0.6309297535714575	0.6309297535714575
real_295	5299	bm25	superior	0.6309297535714575	0.6309297535714575
real_295	5299	e5	superior	0.31546487678572877	0.31546487678572877
real_295	5299	e5_hybrid	superior	0.5	0.5
real_295	5299	bge_m3_hybrid	superior	0.6309297535714575	0.6309297535714575
real_295	5300	bm25	superior	0.6309297535714575	0.6309297535714575
real_295	5300	e5	superior	0.5	0.5
real_295	5300	e5_hybrid	superior	0.6309297535714575	0.6309297535714575
real_295	5300	bge_m3_hybrid	superior	0.6309297535714575	0.6309297535714575
real_295	5301	bm25	superior	0.6309297535714575	0.6309297535714575
real_295	5301	e5	superior	0.2890648263178879	0.2890648263178879
real_295	5301	e5_hybrid	superior	0.3562071871080222	0.3562071871080222
real_295	5301	bge_m3_hybrid	superior	0.6309297535714575	0.6309297535714575
real_295	5302	bm25	superior	0.6309297535714575	0.6309297535714575
real_295	5302	e5	superior	0.43067655807339306	0.43067655807339306
real_295	5302	e5_hybrid	superior	0.5	0.5
real_295	5302	bge_m3_hybrid	superior	0.6309297535714575	0.6309297535714575
real_295	5307	bm25	superior	0.6309297535714575	0.6309297535714575
real_295	5307	e5	superior	0.31546487678572877	0.31546487678572877
real_295	5307	e5_hybrid	superior	0.5	0.5
real_295	5307	bge_m3_hybrid	superior	0.6309297535714575	0.6309297535714575
real_295	5309	bm25	superior	0.6309297535714575	0.6309297535714575
real_295	5309	e5	superior	0.38685280723454163	0.38685280723454163
real_295	5309	e5_hybrid	superior	0.6309297535714575	0.6309297535714575
real_295	5309	bge_m3_hybrid	superior	0.6309297535714575	0.6309297535714575
real_295	5310	bm25	superior	0.43067655807339306	0.43067655807339306
real_295	5310	e5	superior	0.31546487678572877	0.31546487678572877
real_295	5310	e5_hybrid	superior	0.38685280723454163	0.38685280723454163
real_295	5310	bge_m3_hybrid	superior	0.43067655807339306	0.43067655807339306
real_295	5312	bm25	superior	0.6309297535714575	0.6309297535714575
real_295	5312	e5	superior	0.31546487678572877	0.31546487678572877
real_295	5312	e5_hybrid	superior	0.38685280723454163	0.38685280723454163
real_295	5312	bge_m3_hybrid	superior	0.6309297535714575	0.6309297535714575
real_295	5338	bm25	inferior	0.2890648263178879	0.2890648263178879
real_295	5338	e5	inferior	0.2890648263178879	0.2890648263178879
real_295	5338	e5_hybrid	inferior	0.2890648263178879	0.2890648263178879
real_295	5338	bge_m3_hybrid	inferior	0.2890648263178879	0.2890648263178879
real_295	5474	bm25	inferior	0.6309297535714575	0.6309297535714575
real_295	5474	e5	inferior	0.6309297535714575	0.6309297535714575
real_295	5474	e5_hybrid	inferior	0.6309297535714575	0.6309297535714575
real_295	5474	bge_m3_hybrid	inferior	0.6309297535714575	0.6309297535714575
real_295	5553	bm25	superior	0.6309297535714575	0.6309297535714575
real_295	5553	e5	superior	0.6309297535714575	0.6309297535714575
real_295	5553	e5_hybrid	superior	0.6309297535714575	0.6309297535714575
real_295	5553	bge_m3_hybrid	superior	0.6309297535714575	0.6309297535714575
real_295	5604	bm25	inferior	1.0	1.0
real_295	5604	e5	inferior	1.0	1.0
real_295	5604	e5_hybrid	inferior	1.0	1.0
real_295	5604	bge_m3_hybrid	inferior	1.0	1.0
real_295	5618	bm25	inferior	0.5	0.5
real_295	5618	e5	inferior	1.0	1.0
real_295	5618	e5_hybrid	inferior	1.0	1.0
real_295	5618	bge_m3_hybrid	inferior	1.0	1.0
real_295	5620	bm25	inferior	0.6309297535714575	0.6309297535714575
real_295	5620	e5	inferior	1.0	1.0
real_295	5620	e5_hybrid	inferior	0.6309297535714575	0.6309297535714575
real_295	5620	bge_m3_hybrid	inferior	1.0	1.0
real_295	5915	bm25	inferior	1.0	1.0
real_295	5915	e5	inferior	1.0	1.0
real_295	5915	e5_hybrid	inferior	1.0	1.0
real_295	5915	bge_m3_hybrid	inferior	1.0	1.0
real_295	5920	bm25	inferior	1.0	1.0
real_295	5920	e5	inferior	1.0	1.0
real_295	5920	e5_hybrid	inferior	1.0	1.0
real_295	5920	bge_m3_hybrid	inferior	1.0	1.0
real_295	6024	bm25	inferior	1.0	1.0
real_295	6024	e5	inferior	0.6309297535714575	0.6309297535714575
real_295	6024	e5_hybrid	inferior	1.0	1.0
real_295	6024	bge_m3_hybrid	inferior	1.0	1.0
real_295	6025	bm25	inferior	0.6309297535714575	0.6309297535714575
real_295	6025	e5	inferior	0.5	0.5
real_295	6025	e5_hybrid	inferior	0.6309297535714575	0.6309297535714575
real_295	6025	bge_m3_hybrid	inferior	0.6309297535714575	0.6309297535714575
real_295	6026	bm25	inferior	0.6309297535714575	0.6309297535714575
real_295	6026	e5	inferior	0.6309297535714575	0.6309297535714575
real_295	6026	e5_hybrid	inferior	0.6309297535714575	0.6309297535714575
real_295	6026	bge_m3_hybrid	inferior	0.6309297535714575	0.6309297535714575
real_295	6027	bm25	superior	0.6309297535714575	0.6309297535714575
real_295	6027	e5	superior	0.5	0.5
real_295	6027	e5_hybrid	superior	0.6309297535714575	0.6309297535714575
real_295	6027	bge_m3_hybrid	superior	0.6309297535714575	0.6309297535714575
real_295	6028	bm25	superior	0.6309297535714575	0.6309297535714575
real_295	6028	e5	superior	0.6309297535714575	0.6309297535714575
real_295	6028	e5_hybrid	superior	0.6309297535714575	0.6309297535714575
real_295	6028	bge_m3_hybrid	superior	0.6309297535714575	0.6309297535714575
real_295	6029	bm25	superior	1.0	1.0
real_295	6029	e5	superior	1.0	1.0
real_295	6029	e5_hybrid	superior	1.0	1.0
real_295	6029	bge_m3_hybrid	superior	1.0	1.0
real_295	6030	bm25	superior	1.0	1.0
real_295	6030	e5	superior	1.0	1.0
real_295	6030	e5_hybrid	superior	1.0	1.0
real_295	6030	bge_m3_hybrid	superior	1.0	1.0
real_295	6031	bm25	superior	1.0	1.0
real_295	6031	e5	superior	1.0	1.0
real_295	6031	e5_hybrid	superior	1.0	1.0
real_295	6031	bge_m3_hybrid	superior	1.0	1.0
real_295	6032	bm25	superior	1.0	1.0
real_295	6032	e5	superior	1.0	1.0
real_295	6032	e5_hybrid	superior	1.0	1.0
real_295	6032	bge_m3_hybrid	superior	1.0	1.0
real_295	6033	bm25	inferior	1.0	1.0
real_295	6033	e5	inferior	1.0	1.0
real_295	6033	e5_hybrid	inferior	1.0	1.0
real_295	6033	bge_m3_hybrid	inferior	1.0	1.0
real_295	6034	bm25	superior	1.0	1.0
real_295	6034	e5	superior	1.0	1.0
real_295	6034	e5_hybrid	superior	1.0	1.0
real_295	6034	bge_m3_hybrid	superior	1.0	1.0
real_295	6035	bm25	superior	1.0	1.0
real_295	6035	e5	superior	1.0	1.0
real_295	6035	e5_hybrid	superior	1.0	1.0
real_295	6035	bge_m3_hybrid	superior	1.0	1.0
real_295	6036	bm25	superior	1.0	1.0
real_295	6036	e5	superior	1.0	1.0
real_295	6036	e5_hybrid	superior	1.0	1.0
real_295	6036	bge_m3_hybrid	superior	1.0	1.0
real_295	6037	bm25	superior	1.0	1.0
real_295	6037	e5	superior	1.0	1.0
real_295	6037	e5_hybrid	superior	1.0	1.0
real_295	6037	bge_m3_hybrid	superior	1.0	1.0
real_295	6038	bm25	superior	1.0	1.0
real_295	6038	e5	superior	1.0	1.0
real_295	6038	e5_hybrid	superior	1.0	1.0
real_295	6038	bge_m3_hybrid	superior	1.0	1.0
real_295	6039	bm25	superior	1.0	1.0
real_295	6039	e5	superior	1.0	1.0
real_295	6039	e5_hybrid	superior	1.0	1.0
real_295	6039	bge_m3_hybrid	superior	1.0	1.0
real_295	6040	bm25	inferior	0.8175295903539445	0.8175295903539445
real_295	6040	e5	inferior	0.8175295903539445	0.8175295903539445
real_295	6040	e5_hybrid	inferior	0.8175295903539445	0.8175295903539445
real_295	6040	bge_m3_hybrid	inferior	0.8175295903539445	0.8175295903539445
real_295	6041	bm25	inferior	0.8175295903539445	0.8175295903539445
real_295	6041	e5	inferior	0.8315546295836225	0.8315546295836225
real_295	6041	e5_hybrid	inferior	0.8315546295836225	0.8315546295836225
real_295	6041	bge_m3_hybrid	inferior	0.7977228895450266	0.7977228895450266
real_295	6042	bm25	inferior	0.8175295903539445	0.8175295903539445
real_295	6042	e5	inferior	0.8503449055347546	0.8503449055347546
real_295	6042	e5_hybrid	inferior	0.8503449055347546	0.8503449055347546
real_295	6042	bge_m3_hybrid	inferior	0.8175295903539445	0.8175295903539445
real_295	6043	bm25	superior	1.0	1.0
real_295	6043	e5	superior	1.0	1.0
real_295	6043	e5_hybrid	superior	1.0	1.0
real_295	6043	bge_m3_hybrid	superior	1.0	1.0
real_295	6044	bm25	inferior	0.6309297535714575	0.6309297535714575
real_295	6044	e5	inferior	0.6309297535714575	0.6309297535714575
real_295	6044	e5_hybrid	inferior	0.6309297535714575	0.6309297535714575
real_295	6044	bge_m3_hybrid	inferior	0.6309297535714575	0.6309297535714575
real_295	6045	bm25	inferior	0.6309297535714575	0.6309297535714575
real_295	6045	e5	inferior	0.6309297535714575	0.6309297535714575
real_295	6045	e5_hybrid	inferior	0.6309297535714575	0.6309297535714575
real_295	6045	bge_m3_hybrid	inferior	0.6309297535714575	0.6309297535714575
real_295	6046	bm25	inferior	1.0	1.0
real_295	6046	e5	inferior	1.0	1.0
real_295	6046	e5_hybrid	inferior	1.0	1.0
real_295	6046	bge_m3_hybrid	inferior	1.0	1.0
real_295	6047	bm25	superior	1.0	1.0
real_295	6047	e5	superior	1.0	1.0
real_295	6047	e5_hybrid	superior	1.0	1.0
real_295	6047	bge_m3_hybrid	superior	1.0	1.0
real_295	6048	bm25	inferior	0.5	0.5
real_295	6048	e5	inferior	0.5	0.5
real_295	6048	e5_hybrid	inferior	0.5	0.5
real_295	6048	bge_m3_hybrid	inferior	0.5	0.5
real_295	6049	bm25	inferior	1.0	1.0
real_295	6049	e5	inferior	1.0	1.0
real_295	6049	e5_hybrid	inferior	1.0	1.0
real_295	6049	bge_m3_hybrid	inferior	1.0	1.0
real_295	6050	bm25	inferior	1.0	1.0
real_295	6050	e5	inferior	1.0	1.0
real_295	6050	e5_hybrid	inferior	1.0	1.0
real_295	6050	bge_m3_hybrid	inferior	1.0	1.0
real_295	6051	bm25	inferior	0.6309297535714575	0.6309297535714575
real_295	6051	e5	inferior	0.6309297535714575	0.6309297535714575
real_295	6051	e5_hybrid	inferior	0.6309297535714575	0.6309297535714575
real_295	6051	bge_m3_hybrid	inferior	0.6309297535714575	0.6309297535714575
real_295	6052	bm25	inferior	0.6309297535714575	0.6309297535714575
real_295	6052	e5	inferior	0.6309297535714575	0.6309297535714575
real_295	6052	e5_hybrid	inferior	0.6309297535714575	0.6309297535714575
real_295	6052	bge_m3_hybrid	inferior	0.6309297535714575	0.6309297535714575
real_295	6053	bm25	superior	0.6309297535714575	0.6309297535714575
real_295	6053	e5	superior	0.6309297535714575	0.6309297535714575
real_295	6053	e5_hybrid	superior	0.6309297535714575	0.6309297535714575
real_295	6053	bge_m3_hybrid	superior	0.6309297535714575	0.6309297535714575
real_295	6054	bm25	superior	0.6309297535714575	0.6309297535714575
real_295	6054	e5	superior	0.6309297535714575	0.6309297535714575
real_295	6054	e5_hybrid	superior	0.6309297535714575	0.6309297535714575
real_295	6054	bge_m3_hybrid	superior	0.6309297535714575	0.6309297535714575
real_295	6055	bm25	inferior	1.0	1.0
real_295	6055	e5	inferior	1.0	1.0
real_295	6055	e5_hybrid	inferior	1.0	1.0
real_295	6055	bge_m3_hybrid	inferior	1.0	1.0
real_295	6056	bm25	superior	0.6309297535714575	0.6309297535714575
real_295	6056	e5	superior	0.6309297535714575	0.6309297535714575
real_295	6056	e5_hybrid	superior	0.6309297535714575	0.6309297535714575
real_295	6056	bge_m3_hybrid	superior	0.6309297535714575	0.6309297535714575
real_295	6057	bm25	superior	0.6309297535714575	0.6309297535714575
real_295	6057	e5	superior	0.6309297535714575	0.6309297535714575
real_295	6057	e5_hybrid	superior	0.6309297535714575	0.6309297535714575
real_295	6057	bge_m3_hybrid	superior	0.6309297535714575	0.6309297535714575
real_295	6058	bm25	inferior	1.0	1.0
real_295	6058	e5	inferior	1.0	1.0
real_295	6058	e5_hybrid	inferior	1.0	1.0
real_295	6058	bge_m3_hybrid	inferior	1.0	1.0
real_295	6059	bm25	superior	1.0	1.0
real_295	6059	e5	superior	1.0	1.0
real_295	6059	e5_hybrid	superior	1.0	1.0
real_295	6059	bge_m3_hybrid	superior	1.0	1.0
real_295	6060	bm25	inferior	1.0	1.0
real_295	6060	e5	inferior	1.0	1.0
real_295	6060	e5_hybrid	inferior	1.0	1.0
real_295	6060	bge_m3_hybrid	inferior	1.0	1.0
real_295	6061	bm25	inferior	1.0	1.0
real_295	6061	e5	inferior	1.0	1.0
real_295	6061	e5_hybrid	inferior	1.0	1.0
real_295	6061	bge_m3_hybrid	inferior	1.0	1.0
real_295	6062	bm25	superior	0.6309297535714575	0.6309297535714575
real_295	6062	e5	superior	0.6309297535714575	0.6309297535714575
real_295	6062	e5_hybrid	superior	0.6309297535714575	0.6309297535714575
real_295	6062	bge_m3_hybrid	superior	0.6309297535714575	0.6309297535714575
real_295	6063	bm25	inferior	1.0	1.0
real_295	6063	e5	inferior	1.0	1.0
real_295	6063	e5_hybrid	inferior	1.0	1.0
real_295	6063	bge_m3_hybrid	inferior	1.0	1.0
real_295	6064	bm25	inferior	1.0	1.0
real_295	6064	e5	inferior	1.0	1.0
real_295	6064	e5_hybrid	inferior	1.0	1.0
real_295	6064	bge_m3_hybrid	inferior	1.0	1.0
real_295	6065	bm25	superior	1.0	1.0
real_295	6065	e5	superior	1.0	1.0
real_295	6065	e5_hybrid	superior	1.0	1.0
real_295	6065	bge_m3_hybrid	superior	1.0	1.0
real_295	6066	bm25	superior	1.0	1.0
real_295	6066	e5	superior	1.0	1.0
real_295	6066	e5_hybrid	superior	1.0	1.0
real_295	6066	bge_m3_hybrid	superior	1.0	1.0
real_295	6067	bm25	superior	1.0	1.0
real_295	6067	e5	superior	1.0	1.0
real_295	6067	e5_hybrid	superior	1.0	1.0
real_295	6067	bge_m3_hybrid	superior	1.0	1.0
real_295	6068	bm25	superior	1.0	1.0
real_295	6068	e5	superior	1.0	1.0
real_295	6068	e5_hybrid	superior	1.0	1.0
real_295	6068	bge_m3_hybrid	superior	1.0	1.0
real_295	6069	bm25	superior	1.0	1.0
real_295	6069	e5	superior	1.0	1.0
real_295	6069	e5_hybrid	superior	1.0	1.0
real_295	6069	bge_m3_hybrid	superior	1.0	1.0
real_295	6070	bm25	superior	1.0	1.0
real_295	6070	e5	superior	1.0	1.0
real_295	6070	e5_hybrid	superior	1.0	1.0
real_295	6070	bge_m3_hybrid	superior	1.0	1.0
real_295	6071	bm25	inferior	1.0	1.0
real_295	6071	e5	inferior	1.0	1.0
real_295	6071	e5_hybrid	inferior	1.0	1.0
real_295	6071	bge_m3_hybrid	inferior	1.0	1.0
real_295	6072	bm25	inferior	1.0	1.0
real_295	6072	e5	inferior	1.0	1.0
real_295	6072	e5_hybrid	inferior	1.0	1.0
real_295	6072	bge_m3_hybrid	inferior	1.0	1.0
real_295	6073	bm25	superior	0.6309297535714575	0.6309297535714575
real_295	6073	e5	superior	0.31546487678572877	0.31546487678572877
real_295	6073	e5_hybrid	superior	0.43067655807339306	0.43067655807339306
real_295	6073	bge_m3_hybrid	superior	0.6309297535714575	0.6309297535714575
real_295	6074	bm25	superior	0.6309297535714575	0.6309297535714575
real_295	6074	e5	superior	0.31546487678572877	0.31546487678572877
real_295	6074	e5_hybrid	superior	0.43067655807339306	0.43067655807339306
real_295	6074	bge_m3_hybrid	superior	0.6309297535714575	0.6309297535714575
real_295	6075	bm25	superior	0.6309297535714575	0.6309297535714575
real_295	6075	e5	superior	0.31546487678572877	0.31546487678572877
real_295	6075	e5_hybrid	superior	0.38685280723454163	0.38685280723454163
real_295	6075	bge_m3_hybrid	superior	0.6309297535714575	0.6309297535714575
real_295	6076	bm25	superior	0.6309297535714575	0.6309297535714575
real_295	6076	e5	superior	0.31546487678572877	0.31546487678572877
real_295	6076	e5_hybrid	superior	0.38685280723454163	0.38685280723454163
real_295	6076	bge_m3_hybrid	superior	0.6309297535714575	0.6309297535714575
real_295	6077	bm25	superior	0.6309297535714575	0.6309297535714575
real_295	6077	e5	superior	0.31546487678572877	0.31546487678572877
real_295	6077	e5_hybrid	superior	0.38685280723454163	0.38685280723454163
real_295	6077	bge_m3_hybrid	superior	0.6309297535714575	0.6309297535714575
real_295	6078	bm25	superior	0.6309297535714575	0.6309297535714575
real_295	6078	e5	superior	0.31546487678572877	0.31546487678572877
real_295	6078	e5_hybrid	superior	0.38685280723454163	0.38685280723454163
real_295	6078	bge_m3_hybrid	superior	0.6309297535714575	0.6309297535714575
real_295	6079	bm25	superior	0.6309297535714575	0.6309297535714575
real_295	6079	e5	superior	0.3010299956639812	0.3010299956639812
real_295	6079	e5_hybrid	superior	0.38685280723454163	0.38685280723454163
real_295	6079	bge_m3_hybrid	superior	0.6309297535714575	0.6309297535714575
real_295	6080	bm25	superior	1.0	1.0
real_295	6080	e5	superior	1.0	1.0
real_295	6080	e5_hybrid	superior	1.0	1.0
real_295	6080	bge_m3_hybrid	superior	1.0	1.0
real_295	6081	bm25	superior	1.0	1.0
real_295	6081	e5	superior	1.0	1.0
real_295	6081	e5_hybrid	superior	1.0	1.0
real_295	6081	bge_m3_hybrid	superior	1.0	1.0
real_295	6082	bm25	superior	1.0	1.0
real_295	6082	e5	superior	1.0	1.0
real_295	6082	e5_hybrid	superior	1.0	1.0
real_295	6082	bge_m3_hybrid	superior	1.0	1.0
real_295	6083	bm25	superior	1.0	1.0
real_295	6083	e5	superior	1.0	1.0
real_295	6083	e5_hybrid	superior	1.0	1.0
real_295	6083	bge_m3_hybrid	superior	1.0	1.0
real_295	6084	bm25	superior	1.0	1.0
real_295	6084	e5	superior	1.0	1.0
real_295	6084	e5_hybrid	superior	1.0	1.0
real_295	6084	bge_m3_hybrid	superior	1.0	1.0
real_295	6085	bm25	superior	1.0	1.0
real_295	6085	e5	superior	1.0	1.0
real_295	6085	e5_hybrid	superior	1.0	1.0
real_295	6085	bge_m3_hybrid	superior	1.0	1.0
real_295	6086	bm25	superior	1.0	1.0
real_295	6086	e5	superior	1.0	1.0
real_295	6086	e5_hybrid	superior	1.0	1.0
real_295	6086	bge_m3_hybrid	superior	1.0	1.0
real_295	6087	bm25	inferior	0.8315546295836225	0.8315546295836225
real_295	6087	e5	inferior	0.8503449055347546	0.8503449055347546
real_295	6087	e5_hybrid	inferior	0.8503449055347546	0.8503449055347546
real_295	6087	bge_m3_hybrid	inferior	0.8772153153380493	0.8772153153380493
real_295	6088	bm25	inferior	0.9060254355346823	0.9060254355346823
real_295	6088	e5	inferior	0.9060254355346823	0.9060254355346823
real_295	6088	e5_hybrid	inferior	0.9060254355346823	0.9060254355346823
real_295	6088	bge_m3_hybrid	inferior	1.0	1.0
real_295	6089	bm25	inferior	1.0	1.0
real_295	6089	e5	inferior	1.0	1.0
real_295	6089	e5_hybrid	inferior	1.0	1.0
real_295	6089	bge_m3_hybrid	inferior	1.0	1.0
real_295	6090	bm25	inferior	0.6309297535714575	0.6309297535714575
real_295	6090	e5	inferior	0.6309297535714575	0.6309297535714575
real_295	6090	e5_hybrid	inferior	0.6309297535714575	0.6309297535714575
real_295	6090	bge_m3_hybrid	inferior	0.6309297535714575	0.6309297535714575
real_295	6091	bm25	inferior	0.6309297535714575	0.6309297535714575
real_295	6091	e5	inferior	0.6309297535714575	0.6309297535714575
real_295	6091	e5_hybrid	inferior	0.6309297535714575	0.6309297535714575
real_295	6091	bge_m3_hybrid	inferior	0.6309297535714575	0.6309297535714575
real_295	6092	bm25	superior	1.0	1.0
real_295	6092	e5	superior	1.0	1.0
real_295	6092	e5_hybrid	superior	1.0	1.0
real_295	6092	bge_m3_hybrid	superior	1.0	1.0
real_295	6093	bm25	superior	1.0	1.0
real_295	6093	e5	superior	1.0	1.0
real_295	6093	e5_hybrid	superior	1.0	1.0
real_295	6093	bge_m3_hybrid	superior	1.0	1.0
real_295	6094	bm25	superior	1.0	1.0
real_295	6094	e5	superior	1.0	1.0
real_295	6094	e5_hybrid	superior	1.0	1.0
real_295	6094	bge_m3_hybrid	superior	1.0	1.0
real_295	6095	bm25	superior	1.0	1.0
real_295	6095	e5	superior	1.0	1.0
real_295	6095	e5_hybrid	superior	1.0	1.0
real_295	6095	bge_m3_hybrid	superior	1.0	1.0
real_295	6096	bm25	superior	1.0	1.0
real_295	6096	e5	superior	1.0	1.0
real_295	6096	e5_hybrid	superior	1.0	1.0
real_295	6096	bge_m3_hybrid	superior	1.0	1.0
real_295	6097	bm25	superior	1.0	1.0
real_295	6097	e5	superior	1.0	1.0
real_295	6097	e5_hybrid	superior	1.0	1.0
real_295	6097	bge_m3_hybrid	superior	1.0	1.0
real_295	6098	bm25	superior	1.0	1.0
real_295	6098	e5	superior	1.0	1.0
real_295	6098	e5_hybrid	superior	1.0	1.0
real_295	6098	bge_m3_hybrid	superior	1.0	1.0
real_295	6099	bm25	superior	1.0	1.0
real_295	6099	e5	superior	0.6309297535714575	0.6309297535714575
real_295	6099	e5_hybrid	superior	1.0	1.0
real_295	6099	bge_m3_hybrid	superior	1.0	1.0
real_295	6100	bm25	superior	1.0	1.0
real_295	6100	e5	superior	0.6309297535714575	0.6309297535714575
real_295	6100	e5_hybrid	superior	1.0	1.0
real_295	6100	bge_m3_hybrid	superior	1.0	1.0
real_295	6101	bm25	superior	1.0	1.0
real_295	6101	e5	superior	1.0	1.0
real_295	6101	e5_hybrid	superior	1.0	1.0
real_295	6101	bge_m3_hybrid	superior	1.0	1.0
real_295	6102	bm25	superior	1.0	1.0
real_295	6102	e5	superior	1.0	1.0
real_295	6102	e5_hybrid	superior	1.0	1.0
real_295	6102	bge_m3_hybrid	superior	1.0	1.0
real_295	6103	bm25	superior	1.0	1.0
real_295	6103	e5	superior	1.0	1.0
real_295	6103	e5_hybrid	superior	1.0	1.0
real_295	6103	bge_m3_hybrid	superior	1.0	1.0
real_295	6104	bm25	superior	1.0	1.0
real_295	6104	e5	superior	1.0	1.0
real_295	6104	e5_hybrid	superior	1.0	1.0
real_295	6104	bge_m3_hybrid	superior	1.0	1.0
real_295	6105	bm25	superior	1.0	1.0
real_295	6105	e5	superior	1.0	1.0
real_295	6105	e5_hybrid	superior	1.0	1.0
real_295	6105	bge_m3_hybrid	superior	1.0	1.0
real_295	6106	bm25	superior	1.0	1.0
real_295	6106	e5	superior	1.0	1.0
real_295	6106	e5_hybrid	superior	1.0	1.0
real_295	6106	bge_m3_hybrid	superior	1.0	1.0
real_295	6107	bm25	inferior	1.0	1.0
real_295	6107	e5	inferior	0.6309297535714575	0.6309297535714575
real_295	6107	e5_hybrid	inferior	1.0	1.0
real_295	6107	bge_m3_hybrid	inferior	1.0	1.0
real_295	6108	bm25	inferior	1.0	1.0
real_295	6108	e5	inferior	0.5	0.5
real_295	6108	e5_hybrid	inferior	0.6309297535714575	0.6309297535714575
real_295	6108	bge_m3_hybrid	inferior	1.0	1.0
real_295	6109	bm25	inferior	1.0	1.0
real_295	6109	e5	inferior	0.5	0.5
real_295	6109	e5_hybrid	inferior	0.6309297535714575	0.6309297535714575
real_295	6109	bge_m3_hybrid	inferior	1.0	1.0
real_295	6110	bm25	superior	0.6309297535714575	0.6309297535714575
real_295	6110	e5	superior	0.6309297535714575	0.6309297535714575
real_295	6110	e5_hybrid	superior	0.6309297535714575	0.6309297535714575
real_295	6110	bge_m3_hybrid	superior	0.6309297535714575	0.6309297535714575
real_295	6111	bm25	superior	0.6309297535714575	0.6309297535714575
real_295	6111	e5	superior	0.6309297535714575	0.6309297535714575
real_295	6111	e5_hybrid	superior	0.6309297535714575	0.6309297535714575
real_295	6111	bge_m3_hybrid	superior	0.6309297535714575	0.6309297535714575
real_295	6112	bm25	superior	0.6309297535714575	0.6309297535714575
real_295	6112	e5	superior	0.5	0.5
real_295	6112	e5_hybrid	superior	0.6309297535714575	0.6309297535714575
real_295	6112	bge_m3_hybrid	superior	0.6309297535714575	0.6309297535714575
real_295	6113	bm25	superior	0.6309297535714575	0.6309297535714575
real_295	6113	e5	superior	0.5	0.5
real_295	6113	e5_hybrid	superior	0.6309297535714575	0.6309297535714575
real_295	6113	bge_m3_hybrid	superior	0.6309297535714575	0.6309297535714575
real_295	6114	bm25	superior	1.0	1.0
real_295	6114	e5	superior	0.5	0.5
real_295	6114	e5_hybrid	superior	0.6309297535714575	0.6309297535714575
real_295	6114	bge_m3_hybrid	superior	1.0	1.0
real_295	6115	bm25	superior	1.0	1.0
real_295	6115	e5	superior	1.0	1.0
real_295	6115	e5_hybrid	superior	1.0	1.0
real_295	6115	bge_m3_hybrid	superior	1.0	1.0
real_295	6116	bm25	inferior	0.5	0.5
real_295	6116	e5	inferior	0.5	0.5
real_295	6116	e5_hybrid	inferior	0.43067655807339306	0.43067655807339306
real_295	6116	bge_m3_hybrid	inferior	0.43067655807339306	0.43067655807339306
real_295	6117	bm25	superior	1.0	1.0
real_295	6117	e5	superior	1.0	1.0
real_295	6117	e5_hybrid	superior	1.0	1.0
real_295	6117	bge_m3_hybrid	superior	1.0	1.0
real_295	6118	bm25	superior	1.0	1.0
real_295	6118	e5	superior	1.0	1.0
real_295	6118	e5_hybrid	superior	1.0	1.0
real_295	6118	bge_m3_hybrid	superior	1.0	1.0
real_295	6119	bm25	superior	1.0	1.0
real_295	6119	e5	superior	1.0	1.0
real_295	6119	e5_hybrid	superior	1.0	1.0
real_295	6119	bge_m3_hybrid	superior	1.0	1.0
real_295	6120	bm25	superior	1.0	1.0
real_295	6120	e5	superior	1.0	1.0
real_295	6120	e5_hybrid	superior	1.0	1.0
real_295	6120	bge_m3_hybrid	superior	1.0	1.0
real_295	6121	bm25	superior	1.0	1.0
real_295	6121	e5	superior	1.0	1.0
real_295	6121	e5_hybrid	superior	1.0	1.0
real_295	6121	bge_m3_hybrid	superior	1.0	1.0
real_295	6122	bm25	superior	1.0	1.0
real_295	6122	e5	superior	1.0	1.0
real_295	6122	e5_hybrid	superior	1.0	1.0
real_295	6122	bge_m3_hybrid	superior	1.0	1.0
real_295	6123	bm25	superior	1.0	1.0
real_295	6123	e5	superior	1.0	1.0
real_295	6123	e5_hybrid	superior	1.0	1.0
real_295	6123	bge_m3_hybrid	superior	1.0	1.0
real_295	6124	bm25	superior	1.0	1.0
real_295	6124	e5	superior	1.0	1.0
real_295	6124	e5_hybrid	superior	1.0	1.0
real_295	6124	bge_m3_hybrid	superior	1.0	1.0
real_295	6125	bm25	superior	1.0	1.0
real_295	6125	e5	superior	1.0	1.0
real_295	6125	e5_hybrid	superior	1.0	1.0
real_295	6125	bge_m3_hybrid	superior	1.0	1.0
real_295	6126	bm25	superior	1.0	1.0
real_295	6126	e5	superior	1.0	1.0
real_295	6126	e5_hybrid	superior	1.0	1.0
real_295	6126	bge_m3_hybrid	superior	1.0	1.0
real_295	6127	bm25	superior	1.0	1.0
real_295	6127	e5	superior	1.0	1.0
real_295	6127	e5_hybrid	superior	1.0	1.0
real_295	6127	bge_m3_hybrid	superior	1.0	1.0
real_295	6128	bm25	superior	1.0	1.0
real_295	6128	e5	superior	1.0	1.0
real_295	6128	e5_hybrid	superior	1.0	1.0
real_295	6128	bge_m3_hybrid	superior	1.0	1.0
real_295	6129	bm25	superior	1.0	1.0
real_295	6129	e5	superior	1.0	1.0
real_295	6129	e5_hybrid	superior	1.0	1.0
real_295	6129	bge_m3_hybrid	superior	1.0	1.0
real_295	6130	bm25	superior	1.0	1.0
real_295	6130	e5	superior	1.0	1.0
real_295	6130	e5_hybrid	superior	1.0	1.0
real_295	6130	bge_m3_hybrid	superior	1.0	1.0
real_295	6131	bm25	superior	1.0	1.0
real_295	6131	e5	superior	1.0	1.0
real_295	6131	e5_hybrid	superior	1.0	1.0
real_295	6131	bge_m3_hybrid	superior	1.0	1.0
real_295	6132	bm25	superior	1.0	1.0
real_295	6132	e5	superior	0.6309297535714575	0.6309297535714575
real_295	6132	e5_hybrid	superior	1.0	1.0
real_295	6132	bge_m3_hybrid	superior	1.0	1.0
real_295	6133	bm25	superior	1.0	1.0
real_295	6133	e5	superior	1.0	1.0
real_295	6133	e5_hybrid	superior	1.0	1.0
real_295	6133	bge_m3_hybrid	superior	1.0	1.0
real_295	6134	bm25	superior	1.0	1.0
real_295	6134	e5	superior	0.5	0.5
real_295	6134	e5_hybrid	superior	1.0	1.0
real_295	6134	bge_m3_hybrid	superior	1.0	1.0
real_295	6135	bm25	superior	1.0	1.0
real_295	6135	e5	superior	1.0	1.0
real_295	6135	e5_hybrid	superior	1.0	1.0
real_295	6135	bge_m3_hybrid	superior	1.0	1.0
real_295	6136	bm25	superior	1.0	1.0
real_295	6136	e5	superior	1.0	1.0
real_295	6136	e5_hybrid	superior	1.0	1.0
real_295	6136	bge_m3_hybrid	superior	0.6309297535714575	0.6309297535714575
real_295	6137	bm25	superior	1.0	1.0
real_295	6137	e5	superior	1.0	1.0
real_295	6137	e5_hybrid	superior	1.0	1.0
real_295	6137	bge_m3_hybrid	superior	0.6309297535714575	0.6309297535714575
real_295	6138	bm25	superior	1.0	1.0
real_295	6138	e5	superior	1.0	1.0
real_295	6138	e5_hybrid	superior	1.0	1.0
real_295	6138	bge_m3_hybrid	superior	1.0	1.0
real_295	6139	bm25	superior	1.0	1.0
real_295	6139	e5	superior	1.0	1.0
real_295	6139	e5_hybrid	superior	1.0	1.0
real_295	6139	bge_m3_hybrid	superior	1.0	1.0
real_295	6140	bm25	superior	1.0	1.0
real_295	6140	e5	superior	1.0	1.0
real_295	6140	e5_hybrid	superior	1.0	1.0
real_295	6140	bge_m3_hybrid	superior	1.0	1.0
real_295	6141	bm25	superior	1.0	1.0
real_295	6141	e5	superior	0.6309297535714575	0.6309297535714575
real_295	6141	e5_hybrid	superior	1.0	1.0
real_295	6141	bge_m3_hybrid	superior	1.0	1.0
real_295	6142	bm25	superior	1.0	1.0
real_295	6142	e5	superior	1.0	1.0
real_295	6142	e5_hybrid	superior	1.0	1.0
real_295	6142	bge_m3_hybrid	superior	1.0	1.0
real_295	6143	bm25	superior	1.0	1.0
real_295	6143	e5	superior	1.0	1.0
real_295	6143	e5_hybrid	superior	1.0	1.0
real_295	6143	bge_m3_hybrid	superior	1.0	1.0
real_295	6144	bm25	superior	1.0	1.0
real_295	6144	e5	superior	1.0	1.0
real_295	6144	e5_hybrid	superior	1.0	1.0
real_295	6144	bge_m3_hybrid	superior	1.0	1.0
real_295	6145	bm25	superior	1.0	1.0
real_295	6145	e5	superior	1.0	1.0
real_295	6145	e5_hybrid	superior	1.0	1.0
real_295	6145	bge_m3_hybrid	superior	1.0	1.0
real_295	6146	bm25	superior	1.0	1.0
real_295	6146	e5	superior	1.0	1.0
real_295	6146	e5_hybrid	superior	1.0	1.0
real_295	6146	bge_m3_hybrid	superior	1.0	1.0
real_295	6147	bm25	superior	1.0	1.0
real_295	6147	e5	superior	1.0	1.0
real_295	6147	e5_hybrid	superior	1.0	1.0
real_295	6147	bge_m3_hybrid	superior	1.0	1.0
real_295	6148	bm25	superior	1.0	1.0
real_295	6148	e5	superior	1.0	1.0
real_295	6148	e5_hybrid	superior	1.0	1.0
real_295	6148	bge_m3_hybrid	superior	1.0	1.0
real_295	6149	bm25	superior	1.0	1.0
real_295	6149	e5	superior	1.0	1.0
real_295	6149	e5_hybrid	superior	1.0	1.0
real_295	6149	bge_m3_hybrid	superior	1.0	1.0
real_295	6150	bm25	superior	1.0	1.0
real_295	6150	e5	superior	1.0	1.0
real_295	6150	e5_hybrid	superior	1.0	1.0
real_295	6150	bge_m3_hybrid	superior	1.0	1.0
real_295	6151	bm25	superior	1.0	1.0
real_295	6151	e5	superior	1.0	1.0
real_295	6151	e5_hybrid	superior	1.0	1.0
real_295	6151	bge_m3_hybrid	superior	1.0	1.0
real_295	6152	bm25	superior	1.0	1.0
real_295	6152	e5	superior	1.0	1.0
real_295	6152	e5_hybrid	superior	1.0	1.0
real_295	6152	bge_m3_hybrid	superior	1.0	1.0
real_295	6153	bm25	superior	1.0	1.0
real_295	6153	e5	superior	1.0	1.0
real_295	6153	e5_hybrid	superior	1.0	1.0
real_295	6153	bge_m3_hybrid	superior	1.0	1.0
real_295	6154	bm25	superior	1.0	1.0
real_295	6154	e5	superior	1.0	1.0
real_295	6154	e5_hybrid	superior	1.0	1.0
real_295	6154	bge_m3_hybrid	superior	1.0	1.0
real_295	6155	bm25	superior	1.0	1.0
real_295	6155	e5	superior	1.0	1.0
real_295	6155	e5_hybrid	superior	1.0	1.0
real_295	6155	bge_m3_hybrid	superior	1.0	1.0
real_295	6156	bm25	superior	1.0	1.0
real_295	6156	e5	superior	1.0	1.0
real_295	6156	e5_hybrid	superior	1.0	1.0
real_295	6156	bge_m3_hybrid	superior	1.0	1.0
real_295	6157	bm25	superior	1.0	1.0
real_295	6157	e5	superior	1.0	1.0
real_295	6157	e5_hybrid	superior	1.0	1.0
real_295	6157	bge_m3_hybrid	superior	1.0	1.0
real_295	6158	bm25	superior	1.0	1.0
real_295	6158	e5	superior	1.0	1.0
real_295	6158	e5_hybrid	superior	1.0	1.0
real_295	6158	bge_m3_hybrid	superior	1.0	1.0
real_295	6159	bm25	superior	1.0	1.0
real_295	6159	e5	superior	1.0	1.0
real_295	6159	e5_hybrid	superior	1.0	1.0
real_295	6159	bge_m3_hybrid	superior	1.0	1.0
real_295	6160	bm25	superior	1.0	1.0
real_295	6160	e5	superior	1.0	1.0
real_295	6160	e5_hybrid	superior	1.0	1.0
real_295	6160	bge_m3_hybrid	superior	1.0	1.0
real_295	6161	bm25	inferior	1.0	1.0
real_295	6161	e5	inferior	1.0	1.0
real_295	6161	e5_hybrid	inferior	1.0	1.0
real_295	6161	bge_m3_hybrid	inferior	1.0	1.0
real_295	6162	bm25	inferior	1.0	1.0
real_295	6162	e5	inferior	1.0	1.0
real_295	6162	e5_hybrid	inferior	1.0	1.0
real_295	6162	bge_m3_hybrid	inferior	1.0	1.0
real_295	6163	bm25	inferior	1.0	1.0
real_295	6163	e5	inferior	0.6309297535714575	0.6309297535714575
real_295	6163	e5_hybrid	inferior	1.0	1.0
real_295	6163	bge_m3_hybrid	inferior	1.0	1.0
real_295	6164	bm25	inferior	1.0	1.0
real_295	6164	e5	inferior	0.5	0.5
real_295	6164	e5_hybrid	inferior	0.6309297535714575	0.6309297535714575
real_295	6164	bge_m3_hybrid	inferior	1.0	1.0
real_295	6165	bm25	superior	0.6309297535714575	0.6309297535714575
real_295	6165	e5	superior	1.0	1.0
real_295	6165	e5_hybrid	superior	0.6309297535714575	0.6309297535714575
real_295	6165	bge_m3_hybrid	superior	0.6309297535714575	0.6309297535714575
real_295	6166	bm25	inferior	0.6309297535714575	0.6309297535714575
real_295	6166	e5	inferior	0.6309297535714575	0.6309297535714575
real_295	6166	e5_hybrid	inferior	0.6309297535714575	0.6309297535714575
real_295	6166	bge_m3_hybrid	inferior	0.6309297535714575	0.6309297535714575
real_295	6174	bm25	inferior	1.0	1.0
real_295	6174	e5	inferior	1.0	1.0
real_295	6174	e5_hybrid	inferior	1.0	1.0
real_295	6174	bge_m3_hybrid	inferior	1.0	1.0
real_295	6175	bm25	inferior	0.6309297535714575	0.6309297535714575
real_295	6175	e5	inferior	0.6309297535714575	0.6309297535714575
real_295	6175	e5_hybrid	inferior	0.6309297535714575	0.6309297535714575
real_295	6175	bge_m3_hybrid	inferior	0.6309297535714575	0.6309297535714575
real_295	6176	bm25	superior	1.0	1.0
real_295	6176	e5	superior	1.0	1.0
real_295	6176	e5_hybrid	superior	1.0	1.0
real_295	6176	bge_m3_hybrid	superior	1.0	1.0
real_295	6177	bm25	inferior	1.0	1.0
real_295	6177	e5	inferior	1.0	1.0
real_295	6177	e5_hybrid	inferior	1.0	1.0
real_295	6177	bge_m3_hybrid	inferior	1.0	1.0
real_295	6178	bm25	inferior	1.0	1.0
real_295	6178	e5	inferior	1.0	1.0
real_295	6178	e5_hybrid	inferior	1.0	1.0
real_295	6178	bge_m3_hybrid	inferior	1.0	1.0
real_295	6179	bm25	inferior	0.7977228895450266	0.7977228895450266
real_295	6179	e5	inferior	0.8503449055347546	0.8503449055347546
real_295	6179	e5_hybrid	inferior	0.8315546295836225	0.8315546295836225
real_295	6179	bge_m3_hybrid	inferior	0.8065735963827293	0.8065735963827293
real_295	6180	bm25	inferior	1.0	1.0
real_295	6180	e5	inferior	1.0	1.0
real_295	6180	e5_hybrid	inferior	1.0	1.0
real_295	6180	bge_m3_hybrid	inferior	1.0	1.0
real_295	6181	bm25	superior	0.6309297535714575	0.6309297535714575
real_295	6181	e5	superior	0.43067655807339306	0.43067655807339306
real_295	6181	e5_hybrid	superior	0.6309297535714575	0.6309297535714575
real_295	6181	bge_m3_hybrid	superior	0.6309297535714575	0.6309297535714575
real_295	6182	bm25	superior	0.6309297535714575	0.6309297535714575
real_295	6182	e5	superior	0.3010299956639812	0.3010299956639812
real_295	6182	e5_hybrid	superior	0.38685280723454163	0.38685280723454163
real_295	6182	bge_m3_hybrid	superior	0.6309297535714575	0.6309297535714575
real_295	6183	bm25	superior	1.0	1.0
real_295	6183	e5	superior	0.9066276098484507	0.9066276098484507
real_295	6183	e5_hybrid	superior	0.9469024295259745	0.9469024295259745
real_295	6183	bge_m3_hybrid	superior	1.0	1.0
real_295	6184	bm25	superior	1.0	1.0
real_295	6184	e5	superior	0.9134015924715543	0.9134015924715543
real_295	6184	e5_hybrid	superior	0.9469024295259745	0.9469024295259745
real_295	6184	bge_m3_hybrid	superior	1.0	1.0
real_295	6185	bm25	superior	0.6309297535714575	0.6309297535714575
real_295	6185	e5	superior	0.3010299956639812	0.3010299956639812
real_295	6185	e5_hybrid	superior	0.3562071871080222	0.3562071871080222
real_295	6185	bge_m3_hybrid	superior	0.6309297535714575	0.6309297535714575
real_295	6186	bm25	superior	1.0	1.0
real_295	6186	e5	superior	0.7653606369886217	0.8921776538210152
real_295	6186	e5_hybrid	superior	0.9217868789962071	0.9217868789962071
real_295	6186	bge_m3_hybrid	superior	1.0	1.0
real_295	6187	bm25	superior	0.6309297535714575	0.6309297535714575
real_295	6187	e5	superior	0.3333333333333333	0.3333333333333333
real_295	6187	e5_hybrid	superior	0.43067655807339306	0.43067655807339306
real_295	6187	bge_m3_hybrid	superior	0.6309297535714575	0.6309297535714575
real_295	6188	bm25	superior	0.6309297535714575	0.6309297535714575
real_295	6188	e5	superior	0.3562071871080222	0.3562071871080222
real_295	6188	e5_hybrid	superior	0.5	0.5
real_295	6188	bge_m3_hybrid	superior	0.6309297535714575	0.6309297535714575
real_295	6189	bm25	superior	0.6309297535714575	0.6309297535714575
real_295	6189	e5	superior	0.3010299956639812	0.3010299956639812
real_295	6189	e5_hybrid	superior	0.38685280723454163	0.38685280723454163
real_295	6189	bge_m3_hybrid	superior	0.6309297535714575	0.6309297535714575
real_295	6190	bm25	superior	0.6309297535714575	0.6309297535714575
real_295	6190	e5	superior	0.0	0.26264953503719357
real_295	6190	e5_hybrid	superior	0.31546487678572877	0.31546487678572877
real_295	6190	bge_m3_hybrid	superior	0.6309297535714575	0.6309297535714575
real_295	6191	bm25	superior	1.0	1.0
real_295	6191	e5	superior	0.38685280723454163	0.38685280723454163
real_295	6191	e5_hybrid	superior	1.0	1.0
real_295	6191	bge_m3_hybrid	superior	1.0	1.0
real_295	6192	bm25	superior	0.6309297535714575	0.6309297535714575
real_295	6192	e5	superior	0.3333333333333333	0.3333333333333333
real_295	6192	e5_hybrid	superior	0.6309297535714575	0.6309297535714575
real_295	6192	bge_m3_hybrid	superior	0.6309297535714575	0.6309297535714575
real_295	6193	bm25	superior	0.6309297535714575	0.6309297535714575
real_295	6193	e5	superior	0.3562071871080222	0.3562071871080222
real_295	6193	e5_hybrid	superior	0.6309297535714575	0.6309297535714575
real_295	6193	bge_m3_hybrid	superior	0.6309297535714575	0.6309297535714575
real_295	6194	bm25	superior	0.6309297535714575	0.6309297535714575
real_295	6194	e5	superior	0.5	0.5
real_295	6194	e5_hybrid	superior	0.6309297535714575	0.6309297535714575
real_295	6194	bge_m3_hybrid	superior	0.6309297535714575	0.6309297535714575
real_295	6195	bm25	superior	0.6309297535714575	0.6309297535714575
real_295	6195	e5	superior	0.3010299956639812	0.3010299956639812
real_295	6195	e5_hybrid	superior	0.38685280723454163	0.38685280723454163
real_295	6195	bge_m3_hybrid	superior	0.6309297535714575	0.6309297535714575
real_295	6196	bm25	superior	0.6309297535714575	0.6309297535714575
real_295	6196	e5	superior	0.43067655807339306	0.43067655807339306
real_295	6196	e5_hybrid	superior	0.5	0.5
real_295	6196	bge_m3_hybrid	superior	0.6309297535714575	0.6309297535714575
real_295	6197	bm25	superior	1.0	1.0
real_295	6197	e5	superior	1.0	1.0
real_295	6197	e5_hybrid	superior	1.0	1.0
real_295	6197	bge_m3_hybrid	superior	1.0	1.0
real_295	6198	bm25	superior	1.0	1.0
real_295	6198	e5	superior	0.9197207891481876	0.9197207891481876
real_295	6198	e5_hybrid	superior	1.0	1.0
real_295	6198	bge_m3_hybrid	superior	1.0	1.0
real_295	6199	bm25	superior	0.6309297535714575	0.6309297535714575
real_295	6199	e5	superior	0.6309297535714575	0.6309297535714575
real_295	6199	e5_hybrid	superior	0.6309297535714575	0.6309297535714575
real_295	6199	bge_m3_hybrid	superior	0.6309297535714575	0.6309297535714575
real_295	6214	bm25	superior	1.0	1.0
real_295	6214	e5	superior	0.43067655807339306	0.43067655807339306
real_295	6214	e5_hybrid	superior	0.6309297535714575	0.6309297535714575
real_295	6214	bge_m3_hybrid	superior	1.0	1.0
real_295	6215	bm25	superior	1.0	1.0
real_295	6215	e5	superior	1.0	1.0
real_295	6215	e5_hybrid	superior	1.0	1.0
real_295	6215	bge_m3_hybrid	superior	1.0	1.0
real_295	6216	bm25	superior	1.0	1.0
real_295	6216	e5	superior	1.0	1.0
real_295	6216	e5_hybrid	superior	1.0	1.0
real_295	6216	bge_m3_hybrid	superior	1.0	1.0
real_295	6217	bm25	superior	1.0	1.0
real_295	6217	e5	superior	0.9197207891481876	0.9197207891481876
real_295	6217	e5_hybrid	superior	1.0	1.0
real_295	6217	bge_m3_hybrid	superior	1.0	1.0
real_295	6218	bm25	superior	1.0	1.0
real_295	6218	e5	superior	0.6309297535714575	0.6309297535714575
real_295	6218	e5_hybrid	superior	1.0	1.0
real_295	6218	bge_m3_hybrid	superior	1.0	1.0
real_295	6219	bm25	superior	1.0	1.0
real_295	6219	e5	superior	1.0	1.0
real_295	6219	e5_hybrid	superior	1.0	1.0
real_295	6219	bge_m3_hybrid	superior	1.0	1.0
real_295	6220	bm25	superior	1.0	1.0
real_295	6220	e5	superior	1.0	1.0
real_295	6220	e5_hybrid	superior	1.0	1.0
real_295	6220	bge_m3_hybrid	superior	1.0	1.0
real_295	6221	bm25	superior	0.9197207891481876	0.9197207891481876
real_295	6221	e5	superior	1.0	1.0
real_295	6221	e5_hybrid	superior	0.9197207891481876	0.9197207891481876
real_295	6221	bge_m3_hybrid	superior	0.9197207891481876	0.9197207891481876
real_295	6222	bm25	superior	1.0	1.0
real_295	6222	e5	superior	1.0	1.0
real_295	6222	e5_hybrid	superior	1.0	1.0
real_295	6222	bge_m3_hybrid	superior	1.0	1.0
real_295	6223	bm25	superior	1.0	1.0
real_295	6223	e5	superior	1.0	1.0
real_295	6223	e5_hybrid	superior	1.0	1.0
real_295	6223	bge_m3_hybrid	superior	1.0	1.0
real_295	6224	bm25	superior	1.0	1.0
real_295	6224	e5	superior	1.0	1.0
real_295	6224	e5_hybrid	superior	1.0	1.0
real_295	6224	bge_m3_hybrid	superior	1.0	1.0
real_295	6225	bm25	superior	1.0	1.0
real_295	6225	e5	superior	1.0	1.0
real_295	6225	e5_hybrid	superior	1.0	1.0
real_295	6225	bge_m3_hybrid	superior	1.0	1.0
real_295	6441	bm25	inferior	1.0	1.0
real_295	6441	e5	inferior	0.6309297535714575	0.6309297535714575
real_295	6441	e5_hybrid	inferior	1.0	1.0
real_295	6441	bge_m3_hybrid	inferior	1.0	1.0
real_295	6443	bm25	inferior	1.0	1.0
real_295	6443	e5	inferior	1.0	1.0
real_295	6443	e5_hybrid	inferior	1.0	1.0
real_295	6443	bge_m3_hybrid	inferior	1.0	1.0
real_295	6444	bm25	superior	1.0	1.0
real_295	6444	e5	superior	0.43067655807339306	0.43067655807339306
real_295	6444	e5_hybrid	superior	1.0	1.0
real_295	6444	bge_m3_hybrid	superior	1.0	1.0
real_295	6451	bm25	superior	1.0	1.0
real_295	6451	e5	superior	1.0	1.0
real_295	6451	e5_hybrid	superior	1.0	1.0
real_295	6451	bge_m3_hybrid	superior	1.0	1.0
real_295	6452	bm25	superior	1.0	1.0
real_295	6452	e5	superior	1.0	1.0
real_295	6452	e5_hybrid	superior	1.0	1.0
real_295	6452	bge_m3_hybrid	superior	1.0	1.0
real_295	6453	bm25	superior	1.0	1.0
real_295	6453	e5	superior	0.38685280723454163	0.38685280723454163
real_295	6453	e5_hybrid	superior	0.6309297535714575	0.6309297535714575
real_295	6453	bge_m3_hybrid	superior	0.6309297535714575	0.6309297535714575
real_295	6454	bm25	superior	1.0	1.0
real_295	6454	e5	superior	0.43067655807339306	0.43067655807339306
real_295	6454	e5_hybrid	superior	0.6309297535714575	0.6309297535714575
real_295	6454	bge_m3_hybrid	superior	0.6309297535714575	0.6309297535714575
real_295	6455	bm25	superior	1.0	1.0
real_295	6455	e5	superior	0.43067655807339306	0.43067655807339306
real_295	6455	e5_hybrid	superior	0.6309297535714575	0.6309297535714575
real_295	6455	bge_m3_hybrid	superior	0.5	0.5
real_295	6456	bm25	superior	1.0	1.0
real_295	6456	e5	superior	0.5	0.5
real_295	6456	e5_hybrid	superior	1.0	1.0
real_295	6456	bge_m3_hybrid	superior	0.6309297535714575	0.6309297535714575
real_295	6457	bm25	superior	1.0	1.0
real_295	6457	e5	superior	0.5	0.5
real_295	6457	e5_hybrid	superior	0.6309297535714575	0.6309297535714575
real_295	6457	bge_m3_hybrid	superior	0.6309297535714575	0.6309297535714575
real_295	6458	bm25	inferior	0.8065735963827293	0.8065735963827293
real_295	6458	e5	inferior	0.48381288316677695	0.48381288316677695
real_295	6458	e5_hybrid	inferior	0.7977228895450266	0.7977228895450266
real_295	6458	bge_m3_hybrid	inferior	0.8065735963827293	0.8065735963827293
real_295	6459	bm25	inferior	0.617319681505689	0.7277920764647865
real_295	6459	e5	inferior	0.370291336443826	0.47134500969409976
real_295	6459	e5_hybrid	inferior	0.6105456988825855	0.719126571983619
real_295	6459	bge_m3_hybrid	inferior	0.617319681505689	0.7321289762317069
real_295	6460	bm25	superior	1.0	1.0
real_295	6460	e5	superior	1.0	1.0
real_295	6460	e5_hybrid	superior	1.0	1.0
real_295	6460	bge_m3_hybrid	superior	1.0	1.0
real_295	6461	bm25	superior	1.0	1.0
real_295	6461	e5	superior	1.0	1.0
real_295	6461	e5_hybrid	superior	1.0	1.0
real_295	6461	bge_m3_hybrid	superior	1.0	1.0
real_295	6462	bm25	superior	1.0	1.0
real_295	6462	e5	superior	1.0	1.0
real_295	6462	e5_hybrid	superior	1.0	1.0
real_295	6462	bge_m3_hybrid	superior	1.0	1.0
real_295	6463	bm25	superior	1.0	1.0
real_295	6463	e5	superior	1.0	1.0
real_295	6463	e5_hybrid	superior	1.0	1.0
real_295	6463	bge_m3_hybrid	superior	1.0	1.0
real_295	6464	bm25	inferior	0.6309297535714575	0.6309297535714575
real_295	6464	e5	inferior	0.6309297535714575	0.6309297535714575
real_295	6464	e5_hybrid	inferior	0.6309297535714575	0.6309297535714575
real_295	6464	bge_m3_hybrid	inferior	0.6309297535714575	0.6309297535714575
real_295	6465	bm25	superior	1.0	1.0
real_295	6465	e5	superior	1.0	1.0
real_295	6465	e5_hybrid	superior	1.0	1.0
real_295	6465	bge_m3_hybrid	superior	1.0	1.0
real_295	6466	bm25	superior	1.0	1.0
real_295	6466	e5	superior	1.0	1.0
real_295	6466	e5_hybrid	superior	1.0	1.0
real_295	6466	bge_m3_hybrid	superior	1.0	1.0
real_295	6467	bm25	superior	1.0	1.0
real_295	6467	e5	superior	1.0	1.0
real_295	6467	e5_hybrid	superior	1.0	1.0
real_295	6467	bge_m3_hybrid	superior	1.0	1.0
real_295	6468	bm25	superior	1.0	1.0
real_295	6468	e5	superior	1.0	1.0
real_295	6468	e5_hybrid	superior	1.0	1.0
real_295	6468	bge_m3_hybrid	superior	1.0	1.0
real_295	6469	bm25	inferior	1.0	1.0
real_295	6469	e5	inferior	1.0	1.0
real_295	6469	e5_hybrid	inferior	1.0	1.0
real_295	6469	bge_m3_hybrid	inferior	1.0	1.0
real_295	6470	bm25	inferior	1.0	1.0
real_295	6470	e5	inferior	1.0	1.0
real_295	6470	e5_hybrid	inferior	1.0	1.0
real_295	6470	bge_m3_hybrid	inferior	1.0	1.0
real_295	6471	bm25	inferior	1.0	1.0
real_295	6471	e5	inferior	1.0	1.0
real_295	6471	e5_hybrid	inferior	1.0	1.0
real_295	6471	bge_m3_hybrid	inferior	1.0	1.0
real_295	6472	bm25	inferior	1.0	1.0
real_295	6472	e5	inferior	1.0	1.0
real_295	6472	e5_hybrid	inferior	1.0	1.0
real_295	6472	bge_m3_hybrid	inferior	1.0	1.0
real_295	6473	bm25	inferior	1.0	1.0
real_295	6473	e5	inferior	1.0	1.0
real_295	6473	e5_hybrid	inferior	1.0	1.0
real_295	6473	bge_m3_hybrid	inferior	1.0	1.0
real_295	6474	bm25	superior	0.6309297535714575	0.6309297535714575
real_295	6474	e5	superior	0.6309297535714575	0.6309297535714575
real_295	6474	e5_hybrid	superior	0.6309297535714575	0.6309297535714575
real_295	6474	bge_m3_hybrid	superior	0.6309297535714575	0.6309297535714575
real_295	6475	bm25	superior	1.0	1.0
real_295	6475	e5	superior	1.0	1.0
real_295	6475	e5_hybrid	superior	1.0	1.0
real_295	6475	bge_m3_hybrid	superior	1.0	1.0
real_295	6476	bm25	superior	1.0	1.0
real_295	6476	e5	superior	1.0	1.0
real_295	6476	e5_hybrid	superior	1.0	1.0
real_295	6476	bge_m3_hybrid	superior	1.0	1.0
real_295	6477	bm25	superior	1.0	1.0
real_295	6477	e5	superior	1.0	1.0
real_295	6477	e5_hybrid	superior	1.0	1.0
real_295	6477	bge_m3_hybrid	superior	1.0	1.0
real_295	6478	bm25	superior	1.0	1.0
real_295	6478	e5	superior	1.0	1.0
real_295	6478	e5_hybrid	superior	1.0	1.0
real_295	6478	bge_m3_hybrid	superior	1.0	1.0
real_295	6479	bm25	inferior	1.0	1.0
real_295	6479	e5	inferior	0.6309297535714575	0.6309297535714575
real_295	6479	e5_hybrid	inferior	1.0	1.0
real_295	6479	bge_m3_hybrid	inferior	1.0	1.0
real_295	6480	bm25	inferior	0.6309297535714575	0.6309297535714575
real_295	6480	e5	inferior	0.6309297535714575	0.6309297535714575
real_295	6480	e5_hybrid	inferior	0.6309297535714575	0.6309297535714575
real_295	6480	bge_m3_hybrid	inferior	0.6309297535714575	0.6309297535714575
real_295	6481	bm25	inferior	1.0	1.0
real_295	6481	e5	inferior	1.0	1.0
real_295	6481	e5_hybrid	inferior	1.0	1.0
real_295	6481	bge_m3_hybrid	inferior	1.0	1.0
real_295	6482	bm25	inferior	1.0	1.0
real_295	6482	e5	inferior	1.0	1.0
real_295	6482	e5_hybrid	inferior	1.0	1.0
real_295	6482	bge_m3_hybrid	inferior	1.0	1.0
real_295	6483	bm25	superior	0.6309297535714575	0.6309297535714575
real_295	6483	e5	superior	0.6309297535714575	0.6309297535714575
real_295	6483	e5_hybrid	superior	0.6309297535714575	0.6309297535714575
real_295	6483	bge_m3_hybrid	superior	0.6309297535714575	0.6309297535714575
real_295	6484	bm25	superior	1.0	1.0
real_295	6484	e5	superior	1.0	1.0
real_295	6484	e5_hybrid	superior	1.0	1.0
real_295	6484	bge_m3_hybrid	superior	1.0	1.0
real_295	6485	bm25	inferior	1.0	1.0
real_295	6485	e5	inferior	1.0	1.0
real_295	6485	e5_hybrid	inferior	1.0	1.0
real_295	6485	bge_m3_hybrid	inferior	1.0	1.0
real_295	6486	bm25	inferior	1.0	1.0
real_295	6486	e5	inferior	1.0	1.0
real_295	6486	e5_hybrid	inferior	1.0	1.0
real_295	6486	bge_m3_hybrid	inferior	1.0	1.0
real_295	6487	bm25	inferior	1.0	1.0
real_295	6487	e5	inferior	1.0	1.0
real_295	6487	e5_hybrid	inferior	1.0	1.0
real_295	6487	bge_m3_hybrid	inferior	1.0	1.0
real_295	6488	bm25	superior	1.0	1.0
real_295	6488	e5	superior	0.31546487678572877	0.31546487678572877
real_295	6488	e5_hybrid	superior	0.43067655807339306	0.43067655807339306
real_295	6488	bge_m3_hybrid	superior	1.0	1.0
real_295	6489	bm25	inferior	1.0	1.0
real_295	6489	e5	inferior	1.0	1.0
real_295	6489	e5_hybrid	inferior	1.0	1.0
real_295	6489	bge_m3_hybrid	inferior	1.0	1.0
real_295	6490	bm25	inferior	1.0	1.0
real_295	6490	e5	inferior	1.0	1.0
real_295	6490	e5_hybrid	inferior	1.0	1.0
real_295	6490	bge_m3_hybrid	inferior	1.0	1.0
real_295	6491	bm25	inferior	1.0	1.0
real_295	6491	e5	inferior	1.0	1.0
real_295	6491	e5_hybrid	inferior	1.0	1.0
real_295	6491	bge_m3_hybrid	inferior	1.0	1.0
real_295	6492	bm25	inferior	1.0	1.0
real_295	6492	e5	inferior	1.0	1.0
real_295	6492	e5_hybrid	inferior	1.0	1.0
real_295	6492	bge_m3_hybrid	inferior	1.0	1.0
real_295	6493	bm25	inferior	1.0	1.0
real_295	6493	e5	inferior	1.0	1.0
real_295	6493	e5_hybrid	inferior	1.0	1.0
real_295	6493	bge_m3_hybrid	inferior	1.0	1.0
real_295	6494	bm25	inferior	1.0	1.0
real_295	6494	e5	inferior	1.0	1.0
real_295	6494	e5_hybrid	inferior	1.0	1.0
real_295	6494	bge_m3_hybrid	inferior	1.0	1.0
real_295	6495	bm25	inferior	1.0	1.0
real_295	6495	e5	inferior	1.0	1.0
real_295	6495	e5_hybrid	inferior	1.0	1.0
real_295	6495	bge_m3_hybrid	inferior	1.0	1.0
real_295	6496	bm25	superior	1.0	1.0
real_295	6496	e5	superior	1.0	1.0
real_295	6496	e5_hybrid	superior	1.0	1.0
real_295	6496	bge_m3_hybrid	superior	1.0	1.0
real_295	6497	bm25	superior	1.0	1.0
real_295	6497	e5	superior	1.0	1.0
real_295	6497	e5_hybrid	superior	1.0	1.0
real_295	6497	bge_m3_hybrid	superior	1.0	1.0
real_295	6498	bm25	inferior	1.0	1.0
real_295	6498	e5	inferior	1.0	1.0
real_295	6498	e5_hybrid	inferior	1.0	1.0
real_295	6498	bge_m3_hybrid	inferior	1.0	1.0
real_295	6499	bm25	superior	1.0	1.0
real_295	6499	e5	superior	1.0	1.0
real_295	6499	e5_hybrid	superior	1.0	1.0
real_295	6499	bge_m3_hybrid	superior	1.0	1.0
real_295	6500	bm25	inferior	1.0	1.0
real_295	6500	e5	inferior	1.0	1.0
real_295	6500	e5_hybrid	inferior	1.0	1.0
real_295	6500	bge_m3_hybrid	inferior	1.0	1.0
real_295	6501	bm25	superior	1.0	1.0
real_295	6501	e5	superior	0.8772153153380493	0.8772153153380493
real_295	6501	e5_hybrid	superior	0.9197207891481876	0.9197207891481876
real_295	6501	bge_m3_hybrid	superior	1.0	1.0
real_295	6502	bm25	superior	1.0	1.0
real_295	6502	e5	superior	0.8772153153380493	0.8772153153380493
real_295	6502	e5_hybrid	superior	1.0	1.0
real_295	6502	bge_m3_hybrid	superior	1.0	1.0
real_295	6503	bm25	inferior	0.8315546295836225	0.8315546295836225
real_295	6503	e5	inferior	0.6131471927654584	0.7275925947395204
real_295	6503	e5_hybrid	inferior	0.6131471927654584	0.7574875071481796
real_295	6503	bge_m3_hybrid	inferior	0.6131471927654584	0.778842958530688
real_295	6504	bm25	superior	1.0	1.0
real_295	6504	e5	superior	0.38685280723454163	0.38685280723454163
real_295	6504	e5_hybrid	superior	0.5	0.5
real_295	6504	bge_m3_hybrid	superior	1.0	1.0
real_295	6505	bm25	superior	1.0	1.0
real_295	6505	e5	superior	1.0	1.0
real_295	6505	e5_hybrid	superior	1.0	1.0
real_295	6505	bge_m3_hybrid	superior	1.0	1.0
real_295	6506	bm25	superior	1.0	1.0
real_295	6506	e5	superior	1.0	1.0
real_295	6506	e5_hybrid	superior	1.0	1.0
real_295	6506	bge_m3_hybrid	superior	1.0	1.0
real_295	6507	bm25	inferior	1.0	1.0
real_295	6507	e5	inferior	1.0	1.0
real_295	6507	e5_hybrid	inferior	1.0	1.0
real_295	6507	bge_m3_hybrid	inferior	1.0	1.0
real_295	6508	bm25	superior	1.0	1.0
real_295	6508	e5	superior	1.0	1.0
real_295	6508	e5_hybrid	superior	1.0	1.0
real_295	6508	bge_m3_hybrid	superior	1.0	1.0
real_295	6509	bm25	superior	1.0	1.0
real_295	6509	e5	superior	1.0	1.0
real_295	6509	e5_hybrid	superior	1.0	1.0
real_295	6509	bge_m3_hybrid	superior	1.0	1.0
real_295	6510	bm25	superior	1.0	1.0
real_295	6510	e5	superior	1.0	1.0
real_295	6510	e5_hybrid	superior	1.0	1.0
real_295	6510	bge_m3_hybrid	superior	1.0	1.0
real_295	6511	bm25	superior	1.0	1.0
real_295	6511	e5	superior	1.0	1.0
real_295	6511	e5_hybrid	superior	1.0	1.0
real_295	6511	bge_m3_hybrid	superior	1.0	1.0
real_295	6512	bm25	inferior	1.0	1.0
real_295	6512	e5	inferior	1.0	1.0
real_295	6512	e5_hybrid	inferior	1.0	1.0
real_295	6512	bge_m3_hybrid	inferior	1.0	1.0
real_295	6513	bm25	inferior	1.0	1.0
real_295	6513	e5	inferior	1.0	1.0
real_295	6513	e5_hybrid	inferior	1.0	1.0
real_295	6513	bge_m3_hybrid	inferior	1.0	1.0
real_295	6514	bm25	superior	1.0	1.0
real_295	6514	e5	superior	1.0	1.0
real_295	6514	e5_hybrid	superior	1.0	1.0
real_295	6514	bge_m3_hybrid	superior	1.0	1.0
real_295	6515	bm25	inferior	1.0	1.0
real_295	6515	e5	inferior	1.0	1.0
real_295	6515	e5_hybrid	inferior	1.0	1.0
real_295	6515	bge_m3_hybrid	inferior	1.0	1.0
real_295	6516	bm25	inferior	1.0	1.0
real_295	6516	e5	inferior	0.8503449055347546	0.8503449055347546
real_295	6516	e5_hybrid	inferior	0.9197207891481876	0.9197207891481876
real_295	6516	bge_m3_hybrid	inferior	1.0	1.0
real_295	6517	bm25	inferior	0.8315546295836225	0.8315546295836225
real_295	6517	e5	inferior	0.3065735963827292	0.4536139370491393
real_295	6517	e5_hybrid	inferior	0.5714285040141098	0.5714285040141098
real_295	6517	bge_m3_hybrid	inferior	0.7977228895450266	0.7977228895450266
real_295	6518	bm25	superior	1.0	1.0
real_295	6518	e5	superior	0.5	0.5
real_295	6518	e5_hybrid	superior	0.6309297535714575	0.6309297535714575
real_295	6518	bge_m3_hybrid	superior	1.0	1.0
real_295	6519	bm25	superior	1.0	1.0
real_295	6519	e5	superior	1.0	1.0
real_295	6519	e5_hybrid	superior	1.0	1.0
real_295	6519	bge_m3_hybrid	superior	1.0	1.0
real_295	6520	bm25	superior	1.0	1.0
real_295	6520	e5	superior	1.0	1.0
real_295	6520	e5_hybrid	superior	1.0	1.0
real_295	6520	bge_m3_hybrid	superior	1.0	1.0
real_295	6521	bm25	inferior	1.0	1.0
real_295	6521	e5	inferior	1.0	1.0
real_295	6521	e5_hybrid	inferior	1.0	1.0
real_295	6521	bge_m3_hybrid	inferior	1.0	1.0
real_295	6522	bm25	inferior	1.0	1.0
real_295	6522	e5	inferior	0.6309297535714575	0.6309297535714575
real_295	6522	e5_hybrid	inferior	1.0	1.0
real_295	6522	bge_m3_hybrid	inferior	1.0	1.0
real_295	6523	bm25	inferior	0.7903864795495061	0.7903864795495061
real_295	6523	e5	inferior	0.7903864795495061	0.7903864795495061
real_295	6523	e5_hybrid	inferior	0.7903864795495061	0.7903864795495061
real_295	6523	bge_m3_hybrid	inferior	0.8065735963827293	0.8065735963827293
real_295	6524	bm25	superior	1.0	1.0
real_295	6524	e5	superior	0.6309297535714575	0.6309297535714575
real_295	6524	e5_hybrid	superior	1.0	1.0
real_295	6524	bge_m3_hybrid	superior	1.0	1.0
real_295	6525	bm25	inferior	1.0	1.0
real_295	6525	e5	inferior	1.0	1.0
real_295	6525	e5_hybrid	inferior	1.0	1.0
real_295	6525	bge_m3_hybrid	inferior	1.0	1.0
real_295	6526	bm25	superior	0.6309297535714575	0.6309297535714575
real_295	6526	e5	superior	0.6309297535714575	0.6309297535714575
real_295	6526	e5_hybrid	superior	0.6309297535714575	0.6309297535714575
real_295	6526	bge_m3_hybrid	superior	0.6309297535714575	0.6309297535714575
real_295	6527	bm25	inferior	1.0	1.0
real_295	6527	e5	inferior	1.0	1.0
real_295	6527	e5_hybrid	inferior	1.0	1.0
real_295	6527	bge_m3_hybrid	inferior	1.0	1.0
real_295	6528	bm25	superior	1.0	1.0
real_295	6528	e5	superior	1.0	1.0
real_295	6528	e5_hybrid	superior	1.0	1.0
real_295	6528	bge_m3_hybrid	superior	1.0	1.0
real_295	6529	bm25	superior	1.0	1.0
real_295	6529	e5	superior	1.0	1.0
real_295	6529	e5_hybrid	superior	1.0	1.0
real_295	6529	bge_m3_hybrid	superior	1.0	1.0
real_295	6530	bm25	superior	1.0	1.0
real_295	6530	e5	superior	1.0	1.0
real_295	6530	e5_hybrid	superior	1.0	1.0
real_295	6530	bge_m3_hybrid	superior	1.0	1.0
real_295	6531	bm25	superior	1.0	1.0
real_295	6531	e5	superior	1.0	1.0
real_295	6531	e5_hybrid	superior	1.0	1.0
real_295	6531	bge_m3_hybrid	superior	1.0	1.0
real_295	6532	bm25	superior	1.0	1.0
real_295	6532	e5	superior	1.0	1.0
real_295	6532	e5_hybrid	superior	1.0	1.0
real_295	6532	bge_m3_hybrid	superior	1.0	1.0
real_295	6533	bm25	superior	1.0	1.0
real_295	6533	e5	superior	1.0	1.0
real_295	6533	e5_hybrid	superior	1.0	1.0
real_295	6533	bge_m3_hybrid	superior	1.0	1.0
real_295	6534	bm25	superior	1.0	1.0
real_295	6534	e5	superior	1.0	1.0
real_295	6534	e5_hybrid	superior	1.0	1.0
real_295	6534	bge_m3_hybrid	superior	1.0	1.0
real_295	6535	bm25	superior	1.0	1.0
real_295	6535	e5	superior	1.0	1.0
real_295	6535	e5_hybrid	superior	1.0	1.0
real_295	6535	bge_m3_hybrid	superior	1.0	1.0
real_295	6536	bm25	superior	1.0	1.0
real_295	6536	e5	superior	1.0	1.0
real_295	6536	e5_hybrid	superior	1.0	1.0
real_295	6536	bge_m3_hybrid	superior	1.0	1.0
real_295	6537	bm25	superior	1.0	1.0
real_295	6537	e5	superior	1.0	1.0
real_295	6537	e5_hybrid	superior	1.0	1.0
real_295	6537	bge_m3_hybrid	superior	1.0	1.0
real_295	6538	bm25	superior	1.0	1.0
real_295	6538	e5	superior	1.0	1.0
real_295	6538	e5_hybrid	superior	1.0	1.0
real_295	6538	bge_m3_hybrid	superior	1.0	1.0
real_295	6539	bm25	superior	1.0	1.0
real_295	6539	e5	superior	1.0	1.0
real_295	6539	e5_hybrid	superior	1.0	1.0
real_295	6539	bge_m3_hybrid	superior	1.0	1.0
real_295	6540	bm25	superior	1.0	1.0
real_295	6540	e5	superior	1.0	1.0
real_295	6540	e5_hybrid	superior	1.0	1.0
real_295	6540	bge_m3_hybrid	superior	1.0	1.0
real_295	6541	bm25	superior	1.0	1.0
real_295	6541	e5	superior	1.0	1.0
real_295	6541	e5_hybrid	superior	1.0	1.0
real_295	6541	bge_m3_hybrid	superior	1.0	1.0
real_295	6542	bm25	superior	1.0	1.0
real_295	6542	e5	superior	1.0	1.0
real_295	6542	e5_hybrid	superior	1.0	1.0
real_295	6542	bge_m3_hybrid	superior	1.0	1.0
real_295	6543	bm25	superior	1.0	1.0
real_295	6543	e5	superior	1.0	1.0
real_295	6543	e5_hybrid	superior	1.0	1.0
real_295	6543	bge_m3_hybrid	superior	1.0	1.0
real_295	6544	bm25	superior	1.0	1.0
real_295	6544	e5	superior	1.0	1.0
real_295	6544	e5_hybrid	superior	1.0	1.0
real_295	6544	bge_m3_hybrid	superior	1.0	1.0
real_295	6545	bm25	inferior	1.0	1.0
real_295	6545	e5	inferior	1.0	1.0
real_295	6545	e5_hybrid	inferior	1.0	1.0
real_295	6545	bge_m3_hybrid	inferior	1.0	1.0
real_295	6546	bm25	superior	1.0	1.0
real_295	6546	e5	superior	1.0	1.0
real_295	6546	e5_hybrid	superior	1.0	1.0
real_295	6546	bge_m3_hybrid	superior	1.0	1.0
real_295	6547	bm25	superior	1.0	1.0
real_295	6547	e5	superior	1.0	1.0
real_295	6547	e5_hybrid	superior	1.0	1.0
real_295	6547	bge_m3_hybrid	superior	1.0	1.0
real_295	6548	bm25	superior	1.0	1.0
real_295	6548	e5	superior	1.0	1.0
real_295	6548	e5_hybrid	superior	1.0	1.0
real_295	6548	bge_m3_hybrid	superior	1.0	1.0
real_295	6549	bm25	superior	1.0	1.0
real_295	6549	e5	superior	1.0	1.0
real_295	6549	e5_hybrid	superior	1.0	1.0
real_295	6549	bge_m3_hybrid	superior	1.0	1.0
real_295	6550	bm25	superior	1.0	1.0
real_295	6550	e5	superior	1.0	1.0
real_295	6550	e5_hybrid	superior	1.0	1.0
real_295	6550	bge_m3_hybrid	superior	1.0	1.0
real_295	6551	bm25	superior	1.0	1.0
real_295	6551	e5	superior	0.5	0.5
real_295	6551	e5_hybrid	superior	0.6309297535714575	0.6309297535714575
real_295	6551	bge_m3_hybrid	superior	1.0	1.0
real_295	6552	bm25	inferior	1.0	1.0
real_295	6552	e5	inferior	1.0	1.0
real_295	6552	e5_hybrid	inferior	1.0	1.0
real_295	6552	bge_m3_hybrid	inferior	1.0	1.0
real_295	6553	bm25	inferior	1.0	1.0
real_295	6553	e5	inferior	1.0	1.0
real_295	6553	e5_hybrid	inferior	1.0	1.0
real_295	6553	bge_m3_hybrid	inferior	1.0	1.0
real_295	6554	bm25	superior	1.0	1.0
real_295	6554	e5	superior	1.0	1.0
real_295	6554	e5_hybrid	superior	1.0	1.0
real_295	6554	bge_m3_hybrid	superior	1.0	1.0
real_295	6555	bm25	superior	1.0	1.0
real_295	6555	e5	superior	1.0	1.0
real_295	6555	e5_hybrid	superior	1.0	1.0
real_295	6555	bge_m3_hybrid	superior	1.0	1.0
real_295	6556	bm25	superior	1.0	1.0
real_295	6556	e5	superior	1.0	1.0
real_295	6556	e5_hybrid	superior	1.0	1.0
real_295	6556	bge_m3_hybrid	superior	1.0	1.0
real_295	6557	bm25	superior	1.0	1.0
real_295	6557	e5	superior	1.0	1.0
real_295	6557	e5_hybrid	superior	1.0	1.0
real_295	6557	bge_m3_hybrid	superior	1.0	1.0
real_295	6558	bm25	superior	1.0	1.0
real_295	6558	e5	superior	1.0	1.0
real_295	6558	e5_hybrid	superior	1.0	1.0
real_295	6558	bge_m3_hybrid	superior	1.0	1.0
real_295	6559	bm25	inferior	1.0	1.0
real_295	6559	e5	inferior	1.0	1.0
real_295	6559	e5_hybrid	inferior	1.0	1.0
real_295	6559	bge_m3_hybrid	inferior	1.0	1.0
real_295	6560	bm25	superior	1.0	1.0
real_295	6560	e5	superior	1.0	1.0
real_295	6560	e5_hybrid	superior	1.0	1.0
real_295	6560	bge_m3_hybrid	superior	1.0	1.0
real_295	6561	bm25	superior	1.0	1.0
real_295	6561	e5	superior	1.0	1.0
real_295	6561	e5_hybrid	superior	1.0	1.0
real_295	6561	bge_m3_hybrid	superior	1.0	1.0
real_295	6562	bm25	superior	1.0	1.0
real_295	6562	e5	superior	1.0	1.0
real_295	6562	e5_hybrid	superior	1.0	1.0
real_295	6562	bge_m3_hybrid	superior	1.0	1.0
real_295	6563	bm25	superior	1.0	1.0
real_295	6563	e5	superior	1.0	1.0
real_295	6563	e5_hybrid	superior	1.0	1.0
real_295	6563	bge_m3_hybrid	superior	1.0	1.0
real_295	6564	bm25	superior	1.0	1.0
real_295	6564	e5	superior	1.0	1.0
real_295	6564	e5_hybrid	superior	1.0	1.0
real_295	6564	bge_m3_hybrid	superior	1.0	1.0
real_295	6565	bm25	superior	1.0	1.0
real_295	6565	e5	superior	1.0	1.0
real_295	6565	e5_hybrid	superior	1.0	1.0
real_295	6565	bge_m3_hybrid	superior	1.0	1.0
real_295	6566	bm25	superior	1.0	1.0
real_295	6566	e5	superior	1.0	1.0
real_295	6566	e5_hybrid	superior	1.0	1.0
real_295	6566	bge_m3_hybrid	superior	1.0	1.0
real_295	6567	bm25	superior	1.0	1.0
real_295	6567	e5	superior	1.0	1.0
real_295	6567	e5_hybrid	superior	1.0	1.0
real_295	6567	bge_m3_hybrid	superior	1.0	1.0
real_295	6568	bm25	superior	1.0	1.0
real_295	6568	e5	superior	1.0	1.0
real_295	6568	e5_hybrid	superior	1.0	1.0
real_295	6568	bge_m3_hybrid	superior	1.0	1.0
real_295	6569	bm25	inferior	1.0	1.0
real_295	6569	e5	inferior	1.0	1.0
real_295	6569	e5_hybrid	inferior	1.0	1.0
real_295	6569	bge_m3_hybrid	inferior	1.0	1.0
real_295	6570	bm25	superior	1.0	1.0
real_295	6570	e5	superior	1.0	1.0
real_295	6570	e5_hybrid	superior	1.0	1.0
real_295	6570	bge_m3_hybrid	superior	1.0	1.0
real_295	6571	bm25	superior	1.0	1.0
real_295	6571	e5	superior	0.6309297535714575	0.6309297535714575
real_295	6571	e5_hybrid	superior	1.0	1.0
real_295	6571	bge_m3_hybrid	superior	1.0	1.0
real_295	6572	bm25	superior	0.8175295903539445	0.8175295903539445
real_295	6572	e5	superior	0.8175295903539445	0.8175295903539445
real_295	6572	e5_hybrid	superior	0.8065735963827293	0.8065735963827293
real_295	6572	bge_m3_hybrid	superior	0.8065735963827293	0.8065735963827293
real_295	6573	bm25	superior	1.0	1.0
real_295	6573	e5	superior	0.5	0.5
real_295	6573	e5_hybrid	superior	0.6309297535714575	0.6309297535714575
real_295	6573	bge_m3_hybrid	superior	1.0	1.0
real_295	6574	bm25	superior	1.0	1.0
real_295	6574	e5	superior	0.5	0.5
real_295	6574	e5_hybrid	superior	0.6309297535714575	0.6309297535714575
real_295	6574	bge_m3_hybrid	superior	1.0	1.0
real_295	6575	bm25	superior	0.3065735963827292	0.4635135407606591
real_295	6575	e5	superior	0.5109559939712153	0.5109559939712153
real_295	6575	e5_hybrid	superior	0.3065735963827292	0.4776066804504473
real_295	6575	bge_m3_hybrid	superior	0.3065735963827292	0.4776066804504473
real_295	6576	bm25	superior	1.0	1.0
real_295	6576	e5	superior	1.0	1.0
real_295	6576	e5_hybrid	superior	1.0	1.0
real_295	6576	bge_m3_hybrid	superior	1.0	1.0
real_295	6577	bm25	superior	1.0	1.0
real_295	6577	e5	superior	0.6309297535714575	0.6309297535714575
real_295	6577	e5_hybrid	superior	1.0	1.0
real_295	6577	bge_m3_hybrid	superior	1.0	1.0
real_295	6578	bm25	superior	1.0	1.0
real_295	6578	e5	superior	0.38685280723454163	0.38685280723454163
real_295	6578	e5_hybrid	superior	0.6309297535714575	0.6309297535714575
real_295	6578	bge_m3_hybrid	superior	1.0	1.0
real_295	6579	bm25	superior	0.8175295903539445	0.8175295903539445
real_295	6579	e5	superior	0.3065735963827292	0.4635135407606591
real_295	6579	e5_hybrid	superior	0.7903864795495061	0.7903864795495061
real_295	6579	bge_m3_hybrid	superior	0.7903864795495061	0.7903864795495061
real_295	6580	bm25	superior	0.6309297535714575	0.6309297535714575
real_295	6580	e5	superior	0.6309297535714575	0.6309297535714575
real_295	6580	e5_hybrid	superior	0.6309297535714575	0.6309297535714575
real_295	6580	bge_m3_hybrid	superior	0.6309297535714575	0.6309297535714575
real_295	6581	bm25	superior	0.6309297535714575	0.6309297535714575
real_295	6581	e5	superior	0.6309297535714575	0.6309297535714575
real_295	6581	e5_hybrid	superior	0.6309297535714575	0.6309297535714575
real_295	6581	bge_m3_hybrid	superior	0.6309297535714575	0.6309297535714575
real_295	6582	bm25	superior	0.8179809735263114	0.8179809735263114
real_295	6582	e5	superior	0.36926780146674987	0.4960848182991434
real_295	6582	e5_hybrid	superior	0.6447841584694202	0.6447841584694202
real_295	6582	bge_m3_hybrid	superior	0.7988614740430418	0.7988614740430418
real_295	6583	bm25	superior	0.8179809735263114	0.8179809735263114
real_295	6583	e5	superior	0.20210734650054757	0.43939675829203856
real_295	6583	e5_hybrid	superior	0.4525081529734507	0.5757639921661742
real_295	6583	bge_m3_hybrid	superior	0.7864724919925569	0.7864724919925569
real_295	6584	bm25	superior	0.8503449055347546	0.8503449055347546
real_295	6584	e5	superior	0.38685280723454163	0.5311931216172628
real_295	6584	e5_hybrid	superior	0.7977228895450266	0.7977228895450266
real_295	6584	bge_m3_hybrid	superior	0.7977228895450266	0.7977228895450266
real_295	6585	bm25	inferior	1.0	1.0
real_295	6585	e5	inferior	1.0	1.0
real_295	6585	e5_hybrid	inferior	1.0	1.0
real_295	6585	bge_m3_hybrid	inferior	1.0	1.0
real_295	6586	bm25	superior	0.6309297535714575	0.6309297535714575
real_295	6586	e5	superior	0.6309297535714575	0.6309297535714575
real_295	6586	e5_hybrid	superior	0.6309297535714575	0.6309297535714575
real_295	6586	bge_m3_hybrid	superior	0.6309297535714575	0.6309297535714575
real_295	6587	bm25	superior	0.6309297535714575	0.6309297535714575
real_295	6587	e5	superior	1.0	1.0
real_295	6587	e5_hybrid	superior	0.6309297535714575	0.6309297535714575
real_295	6587	bge_m3_hybrid	superior	0.6309297535714575	0.6309297535714575
real_295	6588	bm25	superior	0.6309297535714575	0.6309297535714575
real_295	6588	e5	superior	1.0	1.0
real_295	6588	e5_hybrid	superior	0.6309297535714575	0.6309297535714575
real_295	6588	bge_m3_hybrid	superior	0.6309297535714575	0.6309297535714575
real_295	6589	bm25	superior	1.0	1.0
real_295	6589	e5	superior	1.0	1.0
real_295	6589	e5_hybrid	superior	1.0	1.0
real_295	6589	bge_m3_hybrid	superior	1.0	1.0
real_295	6590	bm25	superior	1.0	1.0
real_295	6590	e5	superior	1.0	1.0
real_295	6590	e5_hybrid	superior	1.0	1.0
real_295	6590	bge_m3_hybrid	superior	1.0	1.0
real_295	6591	bm25	superior	1.0	1.0
real_295	6591	e5	superior	1.0	1.0
real_295	6591	e5_hybrid	superior	1.0	1.0
real_295	6591	bge_m3_hybrid	superior	1.0	1.0
real_295	6592	bm25	superior	1.0	1.0
real_295	6592	e5	superior	1.0	1.0
real_295	6592	e5_hybrid	superior	1.0	1.0
real_295	6592	bge_m3_hybrid	superior	1.0	1.0
real_295	6593	bm25	superior	1.0	1.0
real_295	6593	e5	superior	0.5	0.5
real_295	6593	e5_hybrid	superior	0.6309297535714575	0.6309297535714575
real_295	6593	bge_m3_hybrid	superior	1.0	1.0
real_295	6594	bm25	superior	1.0	1.0
real_295	6594	e5	superior	0.5	0.5
real_295	6594	e5_hybrid	superior	1.0	1.0
real_295	6594	bge_m3_hybrid	superior	1.0	1.0
real_295	6595	bm25	inferior	1.0	1.0
real_295	6595	e5	inferior	1.0	1.0
real_295	6595	e5_hybrid	inferior	1.0	1.0
real_295	6595	bge_m3_hybrid	inferior	1.0	1.0
real_295	6596	bm25	inferior	1.0	1.0
real_295	6596	e5	inferior	1.0	1.0
real_295	6596	e5_hybrid	inferior	1.0	1.0
real_295	6596	bge_m3_hybrid	inferior	1.0	1.0
real_295	6597	bm25	superior	1.0	1.0
real_295	6597	e5	superior	1.0	1.0
real_295	6597	e5_hybrid	superior	1.0	1.0
real_295	6597	bge_m3_hybrid	superior	1.0	1.0
real_295	6598	bm25	superior	1.0	1.0
real_295	6598	e5	superior	1.0	1.0
real_295	6598	e5_hybrid	superior	1.0	1.0
real_295	6598	bge_m3_hybrid	superior	1.0	1.0
real_295	6599	bm25	superior	1.0	1.0
real_295	6599	e5	superior	1.0	1.0
real_295	6599	e5_hybrid	superior	1.0	1.0
real_295	6599	bge_m3_hybrid	superior	1.0	1.0
real_295	6600	bm25	superior	1.0	1.0
real_295	6600	e5	superior	1.0	1.0
real_295	6600	e5_hybrid	superior	1.0	1.0
real_295	6600	bge_m3_hybrid	superior	1.0	1.0
real_295	6601	bm25	inferior	1.0	1.0
real_295	6601	e5	inferior	1.0	1.0
real_295	6601	e5_hybrid	inferior	1.0	1.0
real_295	6601	bge_m3_hybrid	inferior	1.0	1.0
real_295	6602	bm25	superior	1.0	1.0
real_295	6602	e5	superior	1.0	1.0
real_295	6602	e5_hybrid	superior	1.0	1.0
real_295	6602	bge_m3_hybrid	superior	1.0	1.0
real_295	6603	bm25	inferior	1.0	1.0
real_295	6603	e5	inferior	0.6309297535714575	0.6309297535714575
real_295	6603	e5_hybrid	inferior	1.0	1.0
real_295	6603	bge_m3_hybrid	inferior	1.0	1.0
real_295	6604	bm25	superior	1.0	1.0
real_295	6604	e5	superior	1.0	1.0
real_295	6604	e5_hybrid	superior	1.0	1.0
real_295	6604	bge_m3_hybrid	superior	1.0	1.0
real_295	6605	bm25	inferior	1.0	1.0
real_295	6605	e5	inferior	1.0	1.0
real_295	6605	e5_hybrid	inferior	1.0	1.0
real_295	6605	bge_m3_hybrid	inferior	1.0	1.0
real_295	6606	bm25	inferior	1.0	1.0
real_295	6606	e5	inferior	1.0	1.0
real_295	6606	e5_hybrid	inferior	1.0	1.0
real_295	6606	bge_m3_hybrid	inferior	1.0	1.0
real_295	6607	bm25	inferior	1.0	1.0
real_295	6607	e5	inferior	1.0	1.0
real_295	6607	e5_hybrid	inferior	1.0	1.0
real_295	6607	bge_m3_hybrid	inferior	1.0	1.0
real_295	6608	bm25	superior	1.0	1.0
real_295	6608	e5	superior	1.0	1.0
real_295	6608	e5_hybrid	superior	1.0	1.0
real_295	6608	bge_m3_hybrid	superior	1.0	1.0
real_295	6609	bm25	inferior	1.0	1.0
real_295	6609	e5	inferior	1.0	1.0
real_295	6609	e5_hybrid	inferior	1.0	1.0
real_295	6609	bge_m3_hybrid	inferior	1.0	1.0
real_295	6610	bm25	superior	1.0	1.0
real_295	6610	e5	superior	1.0	1.0
real_295	6610	e5_hybrid	superior	1.0	1.0
real_295	6610	bge_m3_hybrid	superior	1.0	1.0
real_295	6611	bm25	superior	1.0	1.0
real_295	6611	e5	superior	1.0	1.0
real_295	6611	e5_hybrid	superior	1.0	1.0
real_295	6611	bge_m3_hybrid	superior	1.0	1.0
real_295	6612	bm25	superior	1.0	1.0
real_295	6612	e5	superior	0.6309297535714575	0.6309297535714575
real_295	6612	e5_hybrid	superior	1.0	1.0
real_295	6612	bge_m3_hybrid	superior	1.0	1.0
real_295	6613	bm25	superior	1.0	1.0
real_295	6613	e5	superior	0.6309297535714575	0.6309297535714575
real_295	6613	e5_hybrid	superior	1.0	1.0
real_295	6613	bge_m3_hybrid	superior	1.0	1.0
real_295	6614	bm25	superior	1.0	1.0
real_295	6614	e5	superior	0.6309297535714575	0.6309297535714575
real_295	6614	e5_hybrid	superior	1.0	1.0
real_295	6614	bge_m3_hybrid	superior	1.0	1.0
real_295	6615	bm25	inferior	1.0	1.0
real_295	6615	e5	inferior	1.0	1.0
real_295	6615	e5_hybrid	inferior	1.0	1.0
real_295	6615	bge_m3_hybrid	inferior	1.0	1.0
real_295	6616	bm25	inferior	0.6309297535714575	0.6309297535714575
real_295	6616	e5	inferior	0.5	0.5
real_295	6616	e5_hybrid	inferior	0.6309297535714575	0.6309297535714575
real_295	6616	bge_m3_hybrid	inferior	0.6309297535714575	0.6309297535714575
real_295	6617	bm25	superior	0.6309297535714575	0.6309297535714575
real_295	6617	e5	superior	0.6309297535714575	0.6309297535714575
real_295	6617	e5_hybrid	superior	0.6309297535714575	0.6309297535714575
real_295	6617	bge_m3_hybrid	superior	0.6309297535714575	0.6309297535714575
real_295	6618	bm25	superior	1.0	1.0
real_295	6618	e5	superior	1.0	1.0
real_295	6618	e5_hybrid	superior	1.0	1.0
real_295	6618	bge_m3_hybrid	superior	1.0	1.0
real_295	6619	bm25	inferior	1.0	1.0
real_295	6619	e5	inferior	1.0	1.0
real_295	6619	e5_hybrid	inferior	1.0	1.0
real_295	6619	bge_m3_hybrid	inferior	1.0	1.0
real_295	6620	bm25	inferior	1.0	1.0
real_295	6620	e5	inferior	1.0	1.0
real_295	6620	e5_hybrid	inferior	1.0	1.0
real_295	6620	bge_m3_hybrid	inferior	1.0	1.0
real_295	6621	bm25	inferior	1.0	1.0
real_295	6621	e5	inferior	1.0	1.0
real_295	6621	e5_hybrid	inferior	1.0	1.0
real_295	6621	bge_m3_hybrid	inferior	1.0	1.0
real_295	6622	bm25	inferior	0.6309297535714575	0.6309297535714575
real_295	6622	e5	inferior	0.6309297535714575	0.6309297535714575
real_295	6622	e5_hybrid	inferior	0.6309297535714575	0.6309297535714575
real_295	6622	bge_m3_hybrid	inferior	0.6309297535714575	0.6309297535714575
real_295	6623	bm25	inferior	1.0	1.0
real_295	6623	e5	inferior	1.0	1.0
real_295	6623	e5_hybrid	inferior	1.0	1.0
real_295	6623	bge_m3_hybrid	inferior	1.0	1.0
real_295	6624	bm25	superior	1.0	1.0
real_295	6624	e5	superior	1.0	1.0
real_295	6624	e5_hybrid	superior	1.0	1.0
real_295	6624	bge_m3_hybrid	superior	1.0	1.0
real_295	6625	bm25	inferior	1.0	1.0
real_295	6625	e5	inferior	1.0	1.0
real_295	6625	e5_hybrid	inferior	1.0	1.0
real_295	6625	bge_m3_hybrid	inferior	1.0	1.0
real_295	6626	bm25	inferior	1.0	1.0
real_295	6626	e5	inferior	1.0	1.0
real_295	6626	e5_hybrid	inferior	1.0	1.0
real_295	6626	bge_m3_hybrid	inferior	1.0	1.0
real_295	6627	bm25	inferior	1.0	1.0
real_295	6627	e5	inferior	1.0	1.0
real_295	6627	e5_hybrid	inferior	1.0	1.0
real_295	6627	bge_m3_hybrid	inferior	1.0	1.0
real_295	6628	bm25	superior	1.0	1.0
real_295	6628	e5	superior	1.0	1.0
real_295	6628	e5_hybrid	superior	1.0	1.0
real_295	6628	bge_m3_hybrid	superior	1.0	1.0
real_295	6629	bm25	superior	1.0	1.0
real_295	6629	e5	superior	1.0	1.0
real_295	6629	e5_hybrid	superior	1.0	1.0
real_295	6629	bge_m3_hybrid	superior	1.0	1.0
real_295	6630	bm25	inferior	1.0	1.0
real_295	6630	e5	inferior	1.0	1.0
real_295	6630	e5_hybrid	inferior	1.0	1.0
real_295	6630	bge_m3_hybrid	inferior	1.0	1.0
real_295	6631	bm25	inferior	1.0	1.0
real_295	6631	e5	inferior	1.0	1.0
real_295	6631	e5_hybrid	inferior	1.0	1.0
real_295	6631	bge_m3_hybrid	inferior	1.0	1.0
real_295	6632	bm25	inferior	1.0	1.0
real_295	6632	e5	inferior	1.0	1.0
real_295	6632	e5_hybrid	inferior	1.0	1.0
real_295	6632	bge_m3_hybrid	inferior	1.0	1.0
real_295	6633	bm25	inferior	1.0	1.0
real_295	6633	e5	inferior	1.0	1.0
real_295	6633	e5_hybrid	inferior	1.0	1.0
real_295	6633	bge_m3_hybrid	inferior	1.0	1.0
real_295	6634	bm25	inferior	1.0	1.0
real_295	6634	e5	inferior	1.0	1.0
real_295	6634	e5_hybrid	inferior	1.0	1.0
real_295	6634	bge_m3_hybrid	inferior	1.0	1.0
real_295	6635	bm25	inferior	1.0	1.0
real_295	6635	e5	inferior	1.0	1.0
real_295	6635	e5_hybrid	inferior	1.0	1.0
real_295	6635	bge_m3_hybrid	inferior	1.0	1.0
real_295	6636	bm25	inferior	1.0	1.0
real_295	6636	e5	inferior	1.0	1.0
real_295	6636	e5_hybrid	inferior	1.0	1.0
real_295	6636	bge_m3_hybrid	inferior	1.0	1.0
real_295	6637	bm25	inferior	1.0	1.0
real_295	6637	e5	inferior	1.0	1.0
real_295	6637	e5_hybrid	inferior	1.0	1.0
real_295	6637	bge_m3_hybrid	inferior	1.0	1.0
real_295	6638	bm25	inferior	1.0	1.0
real_295	6638	e5	inferior	1.0	1.0
real_295	6638	e5_hybrid	inferior	1.0	1.0
real_295	6638	bge_m3_hybrid	inferior	1.0	1.0
real_295	6639	bm25	superior	1.0	1.0
real_295	6639	e5	superior	1.0	1.0
real_295	6639	e5_hybrid	superior	1.0	1.0
real_295	6639	bge_m3_hybrid	superior	1.0	1.0
real_295	6640	bm25	superior	1.0	1.0
real_295	6640	e5	superior	1.0	1.0
real_295	6640	e5_hybrid	superior	1.0	1.0
real_295	6640	bge_m3_hybrid	superior	1.0	1.0
real_295	6641	bm25	superior	1.0	1.0
real_295	6641	e5	superior	1.0	1.0
real_295	6641	e5_hybrid	superior	1.0	1.0
real_295	6641	bge_m3_hybrid	superior	1.0	1.0
real_295	6642	bm25	superior	1.0	1.0
real_295	6642	e5	superior	0.5	0.5
real_295	6642	e5_hybrid	superior	0.6309297535714575	0.6309297535714575
real_295	6642	bge_m3_hybrid	superior	0.6309297535714575	0.6309297535714575
real_295	6643	bm25	superior	1.0	1.0
real_295	6643	e5	superior	1.0	1.0
real_295	6643	e5_hybrid	superior	1.0	1.0
real_295	6643	bge_m3_hybrid	superior	1.0	1.0
real_295	6644	bm25	superior	0.6309297535714575	0.6309297535714575
real_295	6644	e5	superior	0.5	0.5
real_295	6644	e5_hybrid	superior	0.6309297535714575	0.6309297535714575
real_295	6644	bge_m3_hybrid	superior	0.6309297535714575	0.6309297535714575
real_295	6645	bm25	superior	0.6309297535714575	0.6309297535714575
real_295	6645	e5	superior	0.5	0.5
real_295	6645	e5_hybrid	superior	0.6309297535714575	0.6309297535714575
real_295	6645	bge_m3_hybrid	superior	0.6309297535714575	0.6309297535714575
real_295	6646	bm25	superior	0.6309297535714575	0.6309297535714575
real_295	6646	e5	superior	0.2890648263178879	0.2890648263178879
real_295	6646	e5_hybrid	superior	0.3562071871080222	0.3562071871080222
real_295	6646	bge_m3_hybrid	superior	0.3562071871080222	0.3562071871080222
real_295	6647	bm25	superior	1.0	1.0
real_295	6647	e5	superior	1.0	1.0
real_295	6647	e5_hybrid	superior	1.0	1.0
real_295	6647	bge_m3_hybrid	superior	1.0	1.0
real_295	6648	bm25	superior	1.0	1.0
real_295	6648	e5	superior	1.0	1.0
real_295	6648	e5_hybrid	superior	1.0	1.0
real_295	6648	bge_m3_hybrid	superior	1.0	1.0
real_295	6649	bm25	superior	1.0	1.0
real_295	6649	e5	superior	1.0	1.0
real_295	6649	e5_hybrid	superior	1.0	1.0
real_295	6649	bge_m3_hybrid	superior	1.0	1.0
real_295	6650	bm25	superior	0.6309297535714575	0.6309297535714575
real_295	6650	e5	superior	0.6309297535714575	0.6309297535714575
real_295	6650	e5_hybrid	superior	0.6309297535714575	0.6309297535714575
real_295	6650	bge_m3_hybrid	superior	0.6309297535714575	0.6309297535714575
real_295	6651	bm25	superior	0.6309297535714575	0.6309297535714575
real_295	6651	e5	superior	0.5	0.5
real_295	6651	e5_hybrid	superior	0.6309297535714575	0.6309297535714575
real_295	6651	bge_m3_hybrid	superior	0.6309297535714575	0.6309297535714575
real_295	6652	bm25	superior	0.6309297535714575	0.6309297535714575
real_295	6652	e5	superior	0.5	0.5
real_295	6652	e5_hybrid	superior	0.6309297535714575	0.6309297535714575
real_295	6652	bge_m3_hybrid	superior	0.6309297535714575	0.6309297535714575
real_295	6653	bm25	superior	0.6309297535714575	0.6309297535714575
real_295	6653	e5	superior	0.5	0.5
real_295	6653	e5_hybrid	superior	0.6309297535714575	0.6309297535714575
real_295	6653	bge_m3_hybrid	superior	0.6309297535714575	0.6309297535714575
real_295	6654	bm25	inferior	1.0	1.0
real_295	6654	e5	inferior	1.0	1.0
real_295	6654	e5_hybrid	inferior	1.0	1.0
real_295	6654	bge_m3_hybrid	inferior	1.0	1.0
real_295	6694	bm25	inferior	1.0	1.0
real_295	6694	e5	inferior	1.0	1.0
real_295	6694	e5_hybrid	inferior	1.0	1.0
real_295	6694	bge_m3_hybrid	inferior	1.0	1.0
real_295	6695	bm25	inferior	1.0	1.0
real_295	6695	e5	inferior	1.0	1.0
real_295	6695	e5_hybrid	inferior	1.0	1.0
real_295	6695	bge_m3_hybrid	inferior	1.0	1.0
real_295	6696	bm25	superior	1.0	1.0
real_295	6696	e5	superior	1.0	1.0
real_295	6696	e5_hybrid	superior	1.0	1.0
real_295	6696	bge_m3_hybrid	superior	1.0	1.0
real_295	6697	bm25	superior	1.0	1.0
real_295	6697	e5	superior	1.0	1.0
real_295	6697	e5_hybrid	superior	1.0	1.0
real_295	6697	bge_m3_hybrid	superior	1.0	1.0
real_295	6698	bm25	superior	1.0	1.0
real_295	6698	e5	superior	1.0	1.0
real_295	6698	e5_hybrid	superior	1.0	1.0
real_295	6698	bge_m3_hybrid	superior	1.0	1.0
real_295	6699	bm25	superior	1.0	1.0
real_295	6699	e5	superior	0.0	0.27023815442731974
real_295	6699	e5_hybrid	superior	0.38685280723454163	0.38685280723454163
real_295	6699	bge_m3_hybrid	superior	1.0	1.0
real_295	6700	bm25	superior	1.0	1.0
real_295	6700	e5	superior	0.0	0.2559580248098155
real_295	6700	e5_hybrid	superior	0.38685280723454163	0.38685280723454163
real_295	6700	bge_m3_hybrid	superior	1.0	1.0
real_295	6701	bm25	superior	0.8315546295836225	0.8315546295836225
real_295	6701	e5	superior	0.39780880120575696	0.39780880120575696
real_295	6701	e5_hybrid	superior	0.5	0.5
real_295	6701	bge_m3_hybrid	superior	0.5	0.5
real_295	6702	bm25	superior	1.0	1.0
real_295	6702	e5	superior	0.38685280723454163	0.38685280723454163
real_295	6702	e5_hybrid	superior	0.5	0.5
real_295	6702	bge_m3_hybrid	superior	0.6309297535714575	0.6309297535714575
real_295	6703	bm25	inferior	1.0	1.0
real_295	6703	e5	inferior	1.0	1.0
real_295	6703	e5_hybrid	inferior	1.0	1.0
real_295	6703	bge_m3_hybrid	inferior	1.0	1.0
real_295	6704	bm25	inferior	1.0	1.0
real_295	6704	e5	inferior	1.0	1.0
real_295	6704	e5_hybrid	inferior	1.0	1.0
real_295	6704	bge_m3_hybrid	inferior	1.0	1.0
real_295	6705	bm25	superior	1.0	1.0
real_295	6705	e5	superior	1.0	1.0
real_295	6705	e5_hybrid	superior	1.0	1.0
real_295	6705	bge_m3_hybrid	superior	1.0	1.0
real_295	6713	bm25	superior	1.0	1.0
real_295	6713	e5	superior	1.0	1.0
real_295	6713	e5_hybrid	superior	1.0	1.0
real_295	6713	bge_m3_hybrid	superior	1.0	1.0
real_295	6825	bm25	superior	1.0	1.0
real_295	6825	e5	superior	1.0	1.0
real_295	6825	e5_hybrid	superior	1.0	1.0
real_295	6825	bge_m3_hybrid	superior	1.0	1.0
real_295	6826	bm25	superior	1.0	1.0
real_295	6826	e5	superior	1.0	1.0
real_295	6826	e5_hybrid	superior	1.0	1.0
real_295	6826	bge_m3_hybrid	superior	1.0	1.0
real_295	6827	bm25	superior	1.0	1.0
real_295	6827	e5	superior	1.0	1.0
real_295	6827	e5_hybrid	superior	1.0	1.0
real_295	6827	bge_m3_hybrid	superior	1.0	1.0
real_295	6828	bm25	superior	1.0	1.0
real_295	6828	e5	superior	1.0	1.0
real_295	6828	e5_hybrid	superior	1.0	1.0
real_295	6828	bge_m3_hybrid	superior	1.0	1.0
real_295	6829	bm25	superior	1.0	1.0
real_295	6829	e5	superior	1.0	1.0
real_295	6829	e5_hybrid	superior	1.0	1.0
real_295	6829	bge_m3_hybrid	superior	1.0	1.0
real_295	6830	bm25	superior	1.0	1.0
real_295	6830	e5	superior	1.0	1.0
real_295	6830	e5_hybrid	superior	1.0	1.0
real_295	6830	bge_m3_hybrid	superior	1.0	1.0
real_295	6831	bm25	superior	1.0	1.0
real_295	6831	e5	superior	1.0	1.0
real_295	6831	e5_hybrid	superior	1.0	1.0
real_295	6831	bge_m3_hybrid	superior	1.0	1.0
real_295	6832	bm25	inferior	1.0	1.0
real_295	6832	e5	inferior	1.0	1.0
real_295	6832	e5_hybrid	inferior	1.0	1.0
real_295	6832	bge_m3_hybrid	inferior	1.0	1.0
real_295	6908	bm25	inferior	0.6309297535714575	0.6309297535714575
real_295	6908	e5	inferior	0.2890648263178879	0.2890648263178879
real_295	6908	e5_hybrid	inferior	0.3562071871080222	0.3562071871080222
real_295	6908	bge_m3_hybrid	inferior	0.5	0.5
real_295	6910	bm25	inferior	0.6309297535714575	0.6309297535714575
real_295	6910	e5	inferior	0.2890648263178879	0.2890648263178879
real_295	6910	e5_hybrid	inferior	0.3562071871080222	0.3562071871080222
real_295	6910	bge_m3_hybrid	inferior	0.5	0.5
real_295	6912	bm25	inferior	0.6309297535714575	0.6309297535714575
real_295	6912	e5	inferior	0.2890648263178879	0.2890648263178879
real_295	6912	e5_hybrid	inferior	0.3562071871080222	0.3562071871080222
real_295	6912	bge_m3_hybrid	inferior	0.5	0.5
real_295	7062	bm25	superior	0.6309297535714575	0.6309297535714575
real_295	7062	e5	superior	1.0	1.0
real_295	7062	e5_hybrid	superior	0.6309297535714575	0.6309297535714575
real_295	7062	bge_m3_hybrid	superior	0.6309297535714575	0.6309297535714575
real_295	7074	bm25	superior	0.6309297535714575	0.6309297535714575
real_295	7074	e5	superior	1.0	1.0
real_295	7074	e5_hybrid	superior	0.6309297535714575	0.6309297535714575
real_295	7074	bge_m3_hybrid	superior	0.6309297535714575	0.6309297535714575
real_295	7796	bm25	superior	1.0	1.0
real_295	7796	e5	superior	1.0	1.0
real_295	7796	e5_hybrid	superior	1.0	1.0
real_295	7796	bge_m3_hybrid	superior	1.0	1.0
real_295	7797	bm25	superior	1.0	1.0
real_295	7797	e5	superior	1.0	1.0
real_295	7797	e5_hybrid	superior	1.0	1.0
real_295	7797	bge_m3_hybrid	superior	1.0	1.0
real_295	7798	bm25	superior	1.0	1.0
real_295	7798	e5	superior	1.0	1.0
real_295	7798	e5_hybrid	superior	1.0	1.0
real_295	7798	bge_m3_hybrid	superior	1.0	1.0
real_295	7799	bm25	superior	1.0	1.0
real_295	7799	e5	superior	1.0	1.0
real_295	7799	e5_hybrid	superior	1.0	1.0
real_295	7799	bge_m3_hybrid	superior	1.0	1.0
real_295	7800	bm25	superior	1.0	1.0
real_295	7800	e5	superior	1.0	1.0
real_295	7800	e5_hybrid	superior	1.0	1.0
real_295	7800	bge_m3_hybrid	superior	1.0	1.0
real_295	7804	bm25	superior	1.0	1.0
real_295	7804	e5	superior	1.0	1.0
real_295	7804	e5_hybrid	superior	1.0	1.0
real_295	7804	bge_m3_hybrid	superior	1.0	1.0
real_295	7805	bm25	superior	1.0	1.0
real_295	7805	e5	superior	1.0	1.0
real_295	7805	e5_hybrid	superior	1.0	1.0
real_295	7805	bge_m3_hybrid	superior	1.0	1.0
real_295	7806	bm25	superior	1.0	1.0
real_295	7806	e5	superior	1.0	1.0
real_295	7806	e5_hybrid	superior	1.0	1.0
real_295	7806	bge_m3_hybrid	superior	1.0	1.0
real_295	7807	bm25	superior	1.0	1.0
real_295	7807	e5	superior	0.6309297535714575	0.6309297535714575
real_295	7807	e5_hybrid	superior	1.0	1.0
real_295	7807	bge_m3_hybrid	superior	1.0	1.0
real_295	7808	bm25	superior	1.0	1.0
real_295	7808	e5	superior	0.6309297535714575	0.6309297535714575
real_295	7808	e5_hybrid	superior	1.0	1.0
real_295	7808	bge_m3_hybrid	superior	1.0	1.0
real_295	7809	bm25	inferior	0.9197207891481876	0.9197207891481876
real_295	7809	e5	inferior	0.9197207891481876	0.9197207891481876
real_295	7809	e5_hybrid	inferior	0.9197207891481876	0.9197207891481876
real_295	7809	bge_m3_hybrid	inferior	0.9197207891481876	0.9197207891481876
real_295	7810	bm25	inferior	0.9197207891481876	0.9197207891481876
real_295	7810	e5	inferior	0.9197207891481876	0.9197207891481876
real_295	7810	e5_hybrid	inferior	0.9197207891481876	0.9197207891481876
real_295	7810	bge_m3_hybrid	inferior	0.9197207891481876	0.9197207891481876
real_295	7811	bm25	inferior	1.0	1.0
real_295	7811	e5	inferior	1.0	1.0
real_295	7811	e5_hybrid	inferior	1.0	1.0
real_295	7811	bge_m3_hybrid	inferior	1.0	1.0
real_295	7812	bm25	superior	1.0	1.0
real_295	7812	e5	superior	1.0	1.0
real_295	7812	e5_hybrid	superior	1.0	1.0
real_295	7812	bge_m3_hybrid	superior	1.0	1.0
real_295	7813	bm25	superior	1.0	1.0
real_295	7813	e5	superior	1.0	1.0
real_295	7813	e5_hybrid	superior	1.0	1.0
real_295	7813	bge_m3_hybrid	superior	1.0	1.0
real_295	7814	bm25	superior	1.0	1.0
real_295	7814	e5	superior	1.0	1.0
real_295	7814	e5_hybrid	superior	1.0	1.0
real_295	7814	bge_m3_hybrid	superior	1.0	1.0
real_295	7815	bm25	superior	1.0	1.0
real_295	7815	e5	superior	1.0	1.0
real_295	7815	e5_hybrid	superior	1.0	1.0
real_295	7815	bge_m3_hybrid	superior	1.0	1.0
real_295	7816	bm25	superior	1.0	1.0
real_295	7816	e5	superior	1.0	1.0
real_295	7816	e5_hybrid	superior	1.0	1.0
real_295	7816	bge_m3_hybrid	superior	1.0	1.0
real_295	7817	bm25	superior	1.0	1.0
real_295	7817	e5	superior	1.0	1.0
real_295	7817	e5_hybrid	superior	1.0	1.0
real_295	7817	bge_m3_hybrid	superior	1.0	1.0
real_295	7818	bm25	inferior	1.0	1.0
real_295	7818	e5	inferior	0.5	0.5
real_295	7818	e5_hybrid	inferior	1.0	1.0
real_295	7818	bge_m3_hybrid	inferior	1.0	1.0
real_295	7819	bm25	inferior	1.0	1.0
real_295	7819	e5	inferior	1.0	1.0
real_295	7819	e5_hybrid	inferior	1.0	1.0
real_295	7819	bge_m3_hybrid	inferior	1.0	1.0
real_295	7820	bm25	superior	1.0	1.0
real_295	7820	e5	superior	1.0	1.0
real_295	7820	e5_hybrid	superior	1.0	1.0
real_295	7820	bge_m3_hybrid	superior	1.0	1.0
real_295	7821	bm25	inferior	1.0	1.0
real_295	7821	e5	inferior	0.5	0.5
real_295	7821	e5_hybrid	inferior	1.0	1.0
real_295	7821	bge_m3_hybrid	inferior	1.0	1.0
real_295	7822	bm25	superior	1.0	1.0
real_295	7822	e5	superior	1.0	1.0
real_295	7822	e5_hybrid	superior	1.0	1.0
real_295	7822	bge_m3_hybrid	superior	1.0	1.0
real_295	7823	bm25	superior	1.0	1.0
real_295	7823	e5	superior	1.0	1.0
real_295	7823	e5_hybrid	superior	1.0	1.0
real_295	7823	bge_m3_hybrid	superior	1.0	1.0
real_295	7824	bm25	inferior	1.0	1.0
real_295	7824	e5	inferior	1.0	1.0
real_295	7824	e5_hybrid	inferior	1.0	1.0
real_295	7824	bge_m3_hybrid	inferior	1.0	1.0
real_295	7825	bm25	superior	1.0	1.0
real_295	7825	e5	superior	1.0	1.0
real_295	7825	e5_hybrid	superior	1.0	1.0
real_295	7825	bge_m3_hybrid	superior	1.0	1.0
real_295	7826	bm25	superior	1.0	1.0
real_295	7826	e5	superior	0.6309297535714575	0.6309297535714575
real_295	7826	e5_hybrid	superior	1.0	1.0
real_295	7826	bge_m3_hybrid	superior	1.0	1.0
real_295	7939	bm25	inferior	0.6131471927654584	0.7700871371433883
real_295	7939	e5	inferior	0.6131471927654584	0.7841802768331765
real_295	7939	e5_hybrid	inferior	0.6131471927654584	0.7741900178546666
real_295	7939	bge_m3_hybrid	inferior	0.6131471927654584	0.778842958530688
real_295	7940	bm25	superior	1.0	1.0
real_295	7940	e5	superior	1.0	1.0
real_295	7940	e5_hybrid	superior	1.0	1.0
real_295	7940	bge_m3_hybrid	superior	1.0	1.0
real_295	7941	bm25	superior	1.0	1.0
real_295	7941	e5	superior	1.0	1.0
real_295	7941	e5_hybrid	superior	1.0	1.0
real_295	7941	bge_m3_hybrid	superior	1.0	1.0
real_295	7942	bm25	superior	1.0	1.0
real_295	7942	e5	superior	1.0	1.0
real_295	7942	e5_hybrid	superior	1.0	1.0
real_295	7942	bge_m3_hybrid	superior	1.0	1.0
real_295	7943	bm25	superior	1.0	1.0
real_295	7943	e5	superior	1.0	1.0
real_295	7943	e5_hybrid	superior	1.0	1.0
real_295	7943	bge_m3_hybrid	superior	1.0	1.0
real_295	7944	bm25	inferior	1.0	1.0
real_295	7944	e5	inferior	1.0	1.0
real_295	7944	e5_hybrid	inferior	1.0	1.0
real_295	7944	bge_m3_hybrid	inferior	1.0	1.0
real_295	8068	bm25	inferior	1.0	1.0
real_295	8068	e5	inferior	1.0	1.0
real_295	8068	e5_hybrid	inferior	1.0	1.0
real_295	8068	bge_m3_hybrid	inferior	0.6309297535714575	0.6309297535714575
real_295	8179	bm25	inferior	0.0	0.21274605355336318
real_295	8179	e5	inferior	0.0	0.1729696904450771
real_295	8179	e5_hybrid	inferior	0.43067655807339306	0.43067655807339306
real_295	8179	bge_m3_hybrid	inferior	0.3562071871080222	0.3562071871080222
real_295	8180	bm25	inferior	0.0	0.25
real_295	8180	e5	inferior	0.0	0.0
real_295	8180	e5_hybrid	inferior	0.0	0.2
real_295	8180	bge_m3_hybrid	inferior	0.31546487678572877	0.31546487678572877
real_295	8252	bm25	inferior	1.0	1.0
real_295	8252	e5	inferior	1.0	1.0
real_295	8252	e5_hybrid	inferior	1.0	1.0
real_295	8252	bge_m3_hybrid	inferior	1.0	1.0
real_295	8461	bm25	superior	1.0	1.0
real_295	8461	e5	superior	1.0	1.0
real_295	8461	e5_hybrid	superior	1.0	1.0
real_295	8461	bge_m3_hybrid	superior	1.0	1.0
real_295	8615	bm25	inferior	1.0	1.0
real_295	8615	e5	inferior	1.0	1.0
real_295	8615	e5_hybrid	inferior	1.0	1.0
real_295	8615	bge_m3_hybrid	inferior	1.0	1.0
real_295	8617	bm25	inferior	1.0	1.0
real_295	8617	e5	inferior	1.0	1.0
real_295	8617	e5_hybrid	inferior	1.0	1.0
real_295	8617	bge_m3_hybrid	inferior	1.0	1.0
real_295	8618	bm25	inferior	1.0	1.0
real_295	8618	e5	inferior	1.0	1.0
real_295	8618	e5_hybrid	inferior	1.0	1.0
real_295	8618	bge_m3_hybrid	inferior	1.0	1.0
real_295	8619	bm25	inferior	1.0	1.0
real_295	8619	e5	inferior	1.0	1.0
real_295	8619	e5_hybrid	inferior	1.0	1.0
real_295	8619	bge_m3_hybrid	inferior	1.0	1.0
real_295	8620	bm25	inferior	1.0	1.0
real_295	8620	e5	inferior	1.0	1.0
real_295	8620	e5_hybrid	inferior	1.0	1.0
real_295	8620	bge_m3_hybrid	inferior	1.0	1.0
real_295	9151	bm25	inferior	1.0	1.0
real_295	9151	e5	inferior	1.0	1.0
real_295	9151	e5_hybrid	inferior	1.0	1.0
real_295	9151	bge_m3_hybrid	inferior	1.0	1.0
real_295	9362	bm25	inferior	0.6309297535714575	0.6309297535714575
real_295	9362	e5	inferior	0.38685280723454163	0.38685280723454163
real_295	9362	e5_hybrid	inferior	0.6309297535714575	0.6309297535714575
real_295	9362	bge_m3_hybrid	inferior	0.6309297535714575	0.6309297535714575
real_295	9758	bm25	inferior	1.0	1.0
real_295	9758	e5	inferior	0.31546487678572877	0.31546487678572877
real_295	9758	e5_hybrid	inferior	0.5	0.5
real_295	9758	bge_m3_hybrid	inferior	1.0	1.0
real_295	10240	bm25	inferior	1.0	1.0
real_295	10240	e5	inferior	1.0	1.0
real_295	10240	e5_hybrid	inferior	1.0	1.0
real_295	10240	bge_m3_hybrid	inferior	1.0	1.0
real_295	10242	bm25	inferior	1.0	1.0
real_295	10242	e5	inferior	1.0	1.0
real_295	10242	e5_hybrid	inferior	1.0	1.0
real_295	10242	bge_m3_hybrid	inferior	1.0	1.0
real_295	10799	bm25	inferior	1.0	1.0
real_295	10799	e5	inferior	1.0	1.0
real_295	10799	e5_hybrid	inferior	1.0	1.0
real_295	10799	bge_m3_hybrid	inferior	1.0	1.0
real_295	11214	bm25	inferior	1.0	1.0
real_295	11214	e5	inferior	1.0	1.0
real_295	11214	e5_hybrid	inferior	1.0	1.0
real_295	11214	bge_m3_hybrid	inferior	1.0	1.0
real_295	11225	bm25	inferior	1.0	1.0
real_295	11225	e5	inferior	0.3562071871080222	0.3562071871080222
real_295	11225	e5_hybrid	inferior	1.0	1.0
real_295	11225	bge_m3_hybrid	inferior	1.0	1.0
real_295	11269	bm25	inferior	1.0	1.0
real_295	11269	e5	inferior	1.0	1.0
real_295	11269	e5_hybrid	inferior	1.0	1.0
real_295	11269	bge_m3_hybrid	inferior	1.0	1.0
real_295	11361	bm25	inferior	1.0	1.0
real_295	11361	e5	inferior	1.0	1.0
real_295	11361	e5_hybrid	inferior	1.0	1.0
real_295	11361	bge_m3_hybrid	inferior	1.0	1.0
real_295	11414	bm25	inferior	1.0	1.0
real_295	11414	e5	inferior	1.0	1.0
real_295	11414	e5_hybrid	inferior	1.0	1.0
real_295	11414	bge_m3_hybrid	inferior	1.0	1.0
real_295	11478	bm25	inferior	0.6309297535714575	0.6309297535714575
real_295	11478	e5	inferior	0.5	0.5
real_295	11478	e5_hybrid	inferior	0.6309297535714575	0.6309297535714575
real_295	11478	bge_m3_hybrid	inferior	0.6309297535714575	0.6309297535714575
real_295	11703	bm25	inferior	1.0	1.0
real_295	11703	e5	inferior	1.0	1.0
real_295	11703	e5_hybrid	inferior	1.0	1.0
real_295	11703	bge_m3_hybrid	inferior	1.0	1.0
real_295	11726	bm25	inferior	1.0	1.0
real_295	11726	e5	inferior	1.0	1.0
real_295	11726	e5_hybrid	inferior	1.0	1.0
real_295	11726	bge_m3_hybrid	inferior	1.0	1.0
real_295	11767	bm25	superior	0.6309297535714575	0.6309297535714575
real_295	11767	e5	superior	0.0	0.26264953503719357
real_295	11767	e5_hybrid	superior	0.3333333333333333	0.3333333333333333
real_295	11767	bge_m3_hybrid	superior	0.6309297535714575	0.6309297535714575
real_295	11828	bm25	inferior	0.6309297535714575	0.6309297535714575
real_295	11828	e5	inferior	1.0	1.0
real_295	11828	e5_hybrid	inferior	0.6309297535714575	0.6309297535714575
real_295	11828	bge_m3_hybrid	inferior	1.0	1.0
real_295	11872	bm25	inferior	1.0	1.0
real_295	11872	e5	inferior	0.3333333333333333	0.3333333333333333
real_295	11872	e5_hybrid	inferior	0.6309297535714575	0.6309297535714575
real_295	11872	bge_m3_hybrid	inferior	0.0	0.27023815442731974
real_295	11873	bm25	inferior	0.5	0.5
real_295	11873	e5	inferior	0.0	0.23137821315975915
real_295	11873	e5_hybrid	inferior	0.3562071871080222	0.3562071871080222
real_295	11873	bge_m3_hybrid	inferior	0.0	0.24465054211822604
real_295	11874	bm25	inferior	0.38685280723454163	0.38685280723454163
real_295	11874	e5	inferior	0.0	0.27023815442731974
real_295	11874	e5_hybrid	inferior	0.38685280723454163	0.38685280723454163
real_295	11874	bge_m3_hybrid	inferior	0.0	0.23981246656813146
real_295	11922	bm25	inferior	1.0	1.0
real_295	11922	e5	inferior	1.0	1.0
real_295	11922	e5_hybrid	inferior	1.0	1.0
real_295	11922	bge_m3_hybrid	inferior	1.0	1.0
real_295	12299	bm25	inferior	1.0	1.0
real_295	12299	e5	inferior	1.0	1.0
real_295	12299	e5_hybrid	inferior	1.0	1.0
real_295	12299	bge_m3_hybrid	inferior	1.0	1.0
real_295	12567	bm25	inferior	0.0	0.21533827903669653
real_295	12567	e5	inferior	1.0	1.0
real_295	12567	e5_hybrid	inferior	0.43067655807339306	0.43067655807339306
real_295	12567	bge_m3_hybrid	inferior	0.38685280723454163	0.38685280723454163
real_295	12639	bm25	inferior	1.0	1.0
real_295	12639	e5	inferior	0.6309297535714575	0.6309297535714575
real_295	12639	e5_hybrid	inferior	1.0	1.0
real_295	12639	bge_m3_hybrid	inferior	1.0	1.0
real_295	12644	bm25	inferior	1.0	1.0
real_295	12644	e5	inferior	1.0	1.0
real_295	12644	e5_hybrid	inferior	1.0	1.0
real_295	12644	bge_m3_hybrid	inferior	1.0	1.0
real_295	12694	bm25	inferior	1.0	1.0
real_295	12694	e5	inferior	1.0	1.0
real_295	12694	e5_hybrid	inferior	1.0	1.0
real_295	12694	bge_m3_hybrid	inferior	1.0	1.0
real_295	12740	bm25	inferior	1.0	1.0
real_295	12740	e5	inferior	1.0	1.0
real_295	12740	e5_hybrid	inferior	1.0	1.0
real_295	12740	bge_m3_hybrid	inferior	1.0	1.0
real_295	12741	bm25	inferior	1.0	1.0
real_295	12741	e5	inferior	1.0	1.0
real_295	12741	e5_hybrid	inferior	1.0	1.0
real_295	12741	bge_m3_hybrid	inferior	1.0	1.0
real_295	12811	bm25	inferior	0.6934264036172708	0.6934264036172708
real_295	12811	e5	inferior	1.0	1.0
real_295	12811	e5_hybrid	inferior	0.9197207891481876	0.9197207891481876
real_295	12811	bge_m3_hybrid	inferior	0.9197207891481876	0.9197207891481876
real_295	12852	bm25	inferior	0.3333333333333333	0.3333333333333333
real_295	12852	e5	inferior	1.0	1.0
real_295	12852	e5_hybrid	inferior	0.6309297535714575	0.6309297535714575
real_295	12852	bge_m3_hybrid	inferior	0.3562071871080222	0.3562071871080222
real_295	12886	bm25	inferior	1.0	1.0
real_295	12886	e5	inferior	0.31546487678572877	0.31546487678572877
real_295	12886	e5_hybrid	inferior	1.0	1.0
real_295	12886	bge_m3_hybrid	inferior	1.0	1.0
real_295	13379	bm25	inferior	1.0	1.0
real_295	13379	e5	inferior	1.0	1.0
real_295	13379	e5_hybrid	inferior	1.0	1.0
real_295	13379	bge_m3_hybrid	inferior	1.0	1.0
real_295	13380	bm25	inferior	0.6309297535714575	0.6309297535714575
real_295	13380	e5	inferior	1.0	1.0
real_295	13380	e5_hybrid	inferior	0.6309297535714575	0.6309297535714575
real_295	13380	bge_m3_hybrid	inferior	1.0	1.0
real_295	13500	bm25	inferior	1.0	1.0
real_295	13500	e5	inferior	1.0	1.0
real_295	13500	e5_hybrid	inferior	1.0	1.0
real_295	13500	bge_m3_hybrid	inferior	1.0	1.0
real_295	13744	bm25	inferior	1.0	1.0
real_295	13744	e5	inferior	0.3562071871080222	0.3562071871080222
real_295	13744	e5_hybrid	inferior	1.0	1.0
real_295	13744	bge_m3_hybrid	inferior	1.0	1.0
real_295	13798	bm25	inferior	1.0	1.0
real_295	13798	e5	inferior	1.0	1.0
real_295	13798	e5_hybrid	inferior	1.0	1.0
real_295	13798	bge_m3_hybrid	inferior	1.0	1.0
real_295	13899	bm25	inferior	1.0	1.0
real_295	13899	e5	inferior	0.3562071871080222	0.3562071871080222
real_295	13899	e5_hybrid	inferior	1.0	1.0
real_295	13899	bge_m3_hybrid	inferior	1.0	1.0
real_295	13953	bm25	inferior	1.0	1.0
real_295	13953	e5	inferior	1.0	1.0
real_295	13953	e5_hybrid	inferior	1.0	1.0
real_295	13953	bge_m3_hybrid	inferior	1.0	1.0
real_295	14195	bm25	inferior	1.0	1.0
real_295	14195	e5	inferior	1.0	1.0
real_295	14195	e5_hybrid	inferior	1.0	1.0
real_295	14195	bge_m3_hybrid	inferior	0.6309297535714575	0.6309297535714575
real_295	14452	bm25	inferior	0.5706417189553201	0.5706417189553201
real_295	14452	e5	inferior	0.39780880120575696	0.39780880120575696
real_295	14452	e5_hybrid	inferior	0.45560514958746035	0.45560514958746035
real_295	14452	bge_m3_hybrid	inferior	0.48247555939075504	0.48247555939075504
real_295	14547	bm25	inferior	1.0	1.0
real_295	14547	e5	inferior	0.6309297535714575	0.6309297535714575
real_295	14547	e5_hybrid	inferior	1.0	1.0
real_295	14547	bge_m3_hybrid	inferior	1.0	1.0
real_295	14589	bm25	inferior	1.0	1.0
real_295	14589	e5	inferior	1.0	1.0
real_295	14589	e5_hybrid	inferior	1.0	1.0
real_295	14589	bge_m3_hybrid	inferior	1.0	1.0
real_295	14792	bm25	superior	1.0	1.0
real_295	14792	e5	superior	0.6309297535714575	0.6309297535714575
real_295	14792	e5_hybrid	superior	1.0	1.0
real_295	14792	bge_m3_hybrid	superior	1.0	1.0
real_295	14793	bm25	superior	1.0	1.0
real_295	14793	e5	superior	0.6309297535714575	0.6309297535714575
real_295	14793	e5_hybrid	superior	1.0	1.0
real_295	14793	bge_m3_hybrid	superior	1.0	1.0
real_295	15048	bm25	superior	1.0	1.0
real_295	15048	e5	superior	0.43067655807339306	0.43067655807339306
real_295	15048	e5_hybrid	superior	0.6309297535714575	0.6309297535714575
real_295	15048	bge_m3_hybrid	superior	1.0	1.0
real_295	15058	bm25	inferior	0.5	0.5
real_295	15058	e5	inferior	0.5	0.5
real_295	15058	e5_hybrid	inferior	0.5	0.5
real_295	15058	bge_m3_hybrid	inferior	0.5	0.5
real_295	15501	bm25	inferior	0.6309297535714575	0.6309297535714575
real_295	15501	e5	inferior	1.0	1.0
real_295	15501	e5_hybrid	inferior	0.6309297535714575	0.6309297535714575
real_295	15501	bge_m3_hybrid	inferior	0.6309297535714575	0.6309297535714575
real_295	15551	bm25	inferior	1.0	1.0
real_295	15551	e5	inferior	1.0	1.0
real_295	15551	e5_hybrid	inferior	1.0	1.0
real_295	15551	bge_m3_hybrid	inferior	1.0	1.0
real_295	15552	bm25	inferior	1.0	1.0
real_295	15552	e5	inferior	1.0	1.0
real_295	15552	e5_hybrid	inferior	1.0	1.0
real_295	15552	bge_m3_hybrid	inferior	1.0	1.0
real_295	15653	bm25	inferior	0.8175295903539445	0.8175295903539445
real_295	15653	e5	inferior	0.8503449055347546	0.8503449055347546
real_295	15653	e5_hybrid	inferior	0.8503449055347546	0.8503449055347546
real_295	15653	bge_m3_hybrid	inferior	0.8175295903539445	0.8175295903539445
real_295	15983	bm25	inferior	1.0	1.0
real_295	15983	e5	inferior	1.0	1.0
real_295	15983	e5_hybrid	inferior	1.0	1.0
real_295	15983	bge_m3_hybrid	inferior	1.0	1.0
real_295	16554	bm25	inferior	0.5802792108518124	0.5802792108518124
real_295	16554	e5	inferior	0.48247555939075504	0.48247555939075504
real_295	16554	e5_hybrid	inferior	0.5249810332008933	0.5249810332008933
real_295	16554	bge_m3_hybrid	inferior	0.44130740935663865	0.44130740935663865
real_295	16560	bm25	inferior	0.6309297535714575	0.6309297535714575
real_295	16560	e5	inferior	0.3010299956639812	0.3010299956639812
real_295	16560	e5_hybrid	inferior	0.43067655807339306	0.43067655807339306
real_295	16560	bge_m3_hybrid	inferior	0.6309297535714575	0.6309297535714575
real_295	16647	bm25	inferior	1.0	1.0
real_295	16647	e5	inferior	0.3562071871080222	0.3562071871080222
real_295	16647	e5_hybrid	inferior	1.0	1.0
real_295	16647	bge_m3_hybrid	inferior	1.0	1.0
real_295	16677	bm25	superior	1.0	1.0
real_295	16677	e5	superior	1.0	1.0
real_295	16677	e5_hybrid	superior	1.0	1.0
real_295	16677	bge_m3_hybrid	superior	1.0	1.0
real_295	16700	bm25	inferior	1.0	1.0
real_295	16700	e5	inferior	0.6309297535714575	0.6309297535714575
real_295	16700	e5_hybrid	inferior	1.0	1.0
real_295	16700	bge_m3_hybrid	inferior	1.0	1.0
real_295	16718	bm25	inferior	1.0	1.0
real_295	16718	e5	inferior	1.0	1.0
real_295	16718	e5_hybrid	inferior	1.0	1.0
real_295	16718	bge_m3_hybrid	inferior	1.0	1.0
real_295	16719	bm25	inferior	1.0	1.0
real_295	16719	e5	inferior	1.0	1.0
real_295	16719	e5_hybrid	inferior	1.0	1.0
real_295	16719	bge_m3_hybrid	inferior	1.0	1.0
real_295	16756	bm25	inferior	0.6309297535714575	0.6309297535714575
real_295	16756	e5	inferior	0.31546487678572877	0.31546487678572877
real_295	16756	e5_hybrid	inferior	0.43067655807339306	0.43067655807339306
real_295	16756	bge_m3_hybrid	inferior	0.5	0.5
real_295	17084	bm25	inferior	1.0	1.0
real_295	17084	e5	inferior	1.0	1.0
real_295	17084	e5_hybrid	inferior	1.0	1.0
real_295	17084	bge_m3_hybrid	inferior	1.0	1.0
real_295	17146	bm25	inferior	0.6309297535714575	0.6309297535714575
real_295	17146	e5	inferior	1.0	1.0
real_295	17146	e5_hybrid	inferior	1.0	1.0
real_295	17146	bge_m3_hybrid	inferior	1.0	1.0
real_295	17644	bm25	inferior	0.5	0.5
real_295	17644	e5	inferior	0.5	0.5
real_295	17644	e5_hybrid	inferior	0.5	0.5
real_295	17644	bge_m3_hybrid	inferior	1.0	1.0
real_295	17653	bm25	inferior	0.5	0.5
real_295	17653	e5	inferior	0.0	0.2559580248098155
real_295	17653	e5_hybrid	inferior	0.3562071871080222	0.3562071871080222
real_295	17653	bge_m3_hybrid	inferior	0.6309297535714575	0.6309297535714575
real_295	17672	bm25	inferior	1.0	1.0
real_295	17672	e5	inferior	1.0	1.0
real_295	17672	e5_hybrid	inferior	1.0	1.0
real_295	17672	bge_m3_hybrid	inferior	1.0	1.0
real_295	17673	bm25	inferior	1.0	1.0
real_295	17673	e5	inferior	1.0	1.0
real_295	17673	e5_hybrid	inferior	1.0	1.0
real_295	17673	bge_m3_hybrid	inferior	1.0	1.0
real_295	17691	bm25	inferior	0.31546487678572877	0.31546487678572877
real_295	17691	e5	inferior	0.6309297535714575	0.6309297535714575
real_295	17691	e5_hybrid	inferior	0.5	0.5
real_295	17691	bge_m3_hybrid	inferior	0.3333333333333333	0.3333333333333333
real_295	18044	bm25	inferior	0.6309297535714575	0.6309297535714575
real_295	18044	e5	inferior	0.0	0.23981246656813146
real_295	18044	e5_hybrid	inferior	0.6309297535714575	0.6309297535714575
real_295	18044	bge_m3_hybrid	inferior	0.43067655807339306	0.43067655807339306
real_295	18185	bm25	inferior	0.6309297535714575	0.6309297535714575
real_295	18185	e5	inferior	0.0	0.23981246656813146
real_295	18185	e5_hybrid	inferior	0.6309297535714575	0.6309297535714575
real_295	18185	bge_m3_hybrid	inferior	0.43067655807339306	0.43067655807339306
real_295	18329	bm25	inferior	0.6309297535714575	0.6309297535714575
real_295	18329	e5	inferior	0.0	0.23981246656813146
real_295	18329	e5_hybrid	inferior	0.6309297535714575	0.6309297535714575
real_295	18329	bge_m3_hybrid	inferior	0.43067655807339306	0.43067655807339306
real_295	18476	bm25	inferior	1.0	1.0
real_295	18476	e5	inferior	1.0	1.0
real_295	18476	e5_hybrid	inferior	1.0	1.0
real_295	18476	bge_m3_hybrid	inferior	1.0	1.0
real_295	18956	bm25	inferior	0.0	0.0
real_295	18956	e5	inferior	0.0	0.1949590218937863
real_295	18956	e5_hybrid	inferior	0.0	0.16260831227163416
real_295	18956	bge_m3_hybrid	inferior	0.0	0.24465054211822604
real_295	19895	bm25	inferior	1.0	1.0
real_295	19895	e5	inferior	0.31546487678572877	0.31546487678572877
real_295	19895	e5_hybrid	inferior	0.6309297535714575	0.6309297535714575
real_295	19895	bge_m3_hybrid	inferior	1.0	1.0
real_295	19971	bm25	inferior	0.4415801103577823	0.4415801103577823
real_295	19971	e5	inferior	0.6934264036172708	0.6934264036172708
real_295	19971	e5_hybrid	inferior	1.0	1.0
real_295	19971	bge_m3_hybrid	inferior	1.0	1.0
real_295	20212	bm25	inferior	0.6309297535714575	0.6309297535714575
real_295	20212	e5	inferior	0.5	0.5
real_295	20212	e5_hybrid	inferior	0.6309297535714575	0.6309297535714575
real_295	20212	bge_m3_hybrid	inferior	1.0	1.0
real_295	21117	bm25	inferior	1.0	1.0
real_295	21117	e5	inferior	1.0	1.0
real_295	21117	e5_hybrid	inferior	1.0	1.0
real_295	21117	bge_m3_hybrid	inferior	1.0	1.0
real_295	21414	bm25	inferior	0.0	0.15957141566993818
real_295	21414	e5	inferior	0.0	0.0
real_295	21414	e5_hybrid	inferior	0.0	0.0
real_295	21414	bge_m3_hybrid	inferior	0.31546487678572877	0.31546487678572877
real_295	21415	bm25	inferior	0.0	0.15773243839286438
real_295	21415	e5	inferior	0.0	0.0
real_295	21415	e5_hybrid	inferior	0.0	0.0
real_295	21415	bge_m3_hybrid	inferior	0.31546487678572877	0.31546487678572877
real_295	21562	bm25	superior	1.0	1.0
real_295	21562	e5	superior	1.0	1.0
real_295	21562	e5_hybrid	superior	1.0	1.0
real_295	21562	bge_m3_hybrid	superior	1.0	1.0
real_295	21733	bm25	inferior	0.5	0.5
real_295	21733	e5	inferior	1.0	1.0
real_295	21733	e5_hybrid	inferior	0.6309297535714575	0.6309297535714575
real_295	21733	bge_m3_hybrid	inferior	0.6309297535714575	0.6309297535714575
real_295	22510	bm25	inferior	1.0	1.0
real_295	22510	e5	inferior	1.0	1.0
real_295	22510	e5_hybrid	inferior	1.0	1.0
real_295	22510	bge_m3_hybrid	inferior	1.0	1.0
real_295	22530	bm25	inferior	1.0	1.0
real_295	22530	e5	inferior	1.0	1.0
real_295	22530	e5_hybrid	inferior	1.0	1.0
real_295	22530	bge_m3_hybrid	inferior	1.0	1.0
real_295	22964	bm25	inferior	1.0	1.0
real_295	22964	e5	inferior	0.3562071871080222	0.3562071871080222
real_295	22964	e5_hybrid	inferior	1.0	1.0
real_295	22964	bge_m3_hybrid	inferior	1.0	1.0
real_295	23063	bm25	superior	0.6309297535714575	0.6309297535714575
real_295	23063	e5	superior	0.31546487678572877	0.31546487678572877
real_295	23063	e5_hybrid	superior	0.38685280723454163	0.38685280723454163
real_295	23063	bge_m3_hybrid	superior	0.6309297535714575	0.6309297535714575
real_295	23234	bm25	inferior	1.0	1.0
real_295	23234	e5	inferior	0.6309297535714575	0.6309297535714575
real_295	23234	e5_hybrid	inferior	1.0	1.0
real_295	23234	bge_m3_hybrid	inferior	1.0	1.0
real_295	23626	bm25	inferior	1.0	1.0
real_295	23626	e5	inferior	1.0	1.0
real_295	23626	e5_hybrid	inferior	1.0	1.0
real_295	23626	bge_m3_hybrid	inferior	1.0	1.0
real_295	23778	bm25	inferior	1.0	1.0
real_295	23778	e5	inferior	1.0	1.0
real_295	23778	e5_hybrid	inferior	1.0	1.0
real_295	23778	bge_m3_hybrid	inferior	0.5	0.5
real_295	24285	bm25	inferior	1.0	1.0
real_295	24285	e5	inferior	1.0	1.0
real_295	24285	e5_hybrid	inferior	1.0	1.0
real_295	24285	bge_m3_hybrid	inferior	1.0	1.0
real_295	24287	bm25	inferior	1.0	1.0
real_295	24287	e5	inferior	1.0	1.0
real_295	24287	e5_hybrid	inferior	1.0	1.0
real_295	24287	bge_m3_hybrid	inferior	1.0	1.0
real_295	24312	bm25	inferior	1.0	1.0
real_295	24312	e5	inferior	0.6309297535714575	0.6309297535714575
real_295	24312	e5_hybrid	inferior	1.0	1.0
real_295	24312	bge_m3_hybrid	inferior	1.0	1.0
real_295	24316	bm25	inferior	1.0	1.0
real_295	24316	e5	inferior	0.3562071871080222	0.3562071871080222
real_295	24316	e5_hybrid	inferior	1.0	1.0
real_295	24316	bge_m3_hybrid	inferior	1.0	1.0
real_295	24318	bm25	inferior	1.0	1.0
real_295	24318	e5	inferior	1.0	1.0
real_295	24318	e5_hybrid	inferior	1.0	1.0
real_295	24318	bge_m3_hybrid	inferior	1.0	1.0
real_295	24319	bm25	inferior	1.0	1.0
real_295	24319	e5	inferior	0.43067655807339306	0.43067655807339306
real_295	24319	e5_hybrid	inferior	1.0	1.0
real_295	24319	bge_m3_hybrid	inferior	1.0	1.0
real_295	24321	bm25	inferior	0.6309297535714575	0.6309297535714575
real_295	24321	e5	inferior	1.0	1.0
real_295	24321	e5_hybrid	inferior	1.0	1.0
real_295	24321	bge_m3_hybrid	inferior	1.0	1.0
real_295	24323	bm25	inferior	1.0	1.0
real_295	24323	e5	inferior	1.0	1.0
real_295	24323	e5_hybrid	inferior	1.0	1.0
real_295	24323	bge_m3_hybrid	inferior	1.0	1.0
real_295	24325	bm25	inferior	1.0	1.0
real_295	24325	e5	inferior	0.5	0.5
real_295	24325	e5_hybrid	inferior	1.0	1.0
real_295	24325	bge_m3_hybrid	inferior	1.0	1.0
real_295	24326	bm25	inferior	1.0	1.0
real_295	24326	e5	inferior	1.0	1.0
real_295	24326	e5_hybrid	inferior	1.0	1.0
real_295	24326	bge_m3_hybrid	inferior	1.0	1.0
real_295	24343	bm25	inferior	1.0	1.0
real_295	24343	e5	inferior	0.5	0.5
real_295	24343	e5_hybrid	inferior	1.0	1.0
real_295	24343	bge_m3_hybrid	inferior	1.0	1.0
real_295	24344	bm25	inferior	1.0	1.0
real_295	24344	e5	inferior	1.0	1.0
real_295	24344	e5_hybrid	inferior	1.0	1.0
real_295	24344	bge_m3_hybrid	inferior	1.0	1.0
real_295	25130	bm25	inferior	1.0	1.0
real_295	25130	e5	inferior	1.0	1.0
real_295	25130	e5_hybrid	inferior	1.0	1.0
real_295	25130	bge_m3_hybrid	inferior	1.0	1.0
real_295	25143	bm25	inferior	1.0	1.0
real_295	25143	e5	inferior	1.0	1.0
real_295	25143	e5_hybrid	inferior	1.0	1.0
real_295	25143	bge_m3_hybrid	inferior	1.0	1.0
real_295	25272	bm25	superior	1.0	1.0
real_295	25272	e5	superior	0.38685280723454163	0.38685280723454163
real_295	25272	e5_hybrid	superior	1.0	1.0
real_295	25272	bge_m3_hybrid	superior	1.0	1.0
real_295	25273	bm25	superior	0.6309297535714575	0.6309297535714575
real_295	25273	e5	superior	0.0	0.27023815442731974
real_295	25273	e5_hybrid	superior	0.3010299956639812	0.3010299956639812
real_295	25273	bge_m3_hybrid	superior	0.6309297535714575	0.6309297535714575
real_295	25486	bm25	inferior	1.0	1.0
real_295	25486	e5	inferior	0.6309297535714575	0.6309297535714575
real_295	25486	e5_hybrid	inferior	1.0	1.0
real_295	25486	bge_m3_hybrid	inferior	1.0	1.0
real_295	25488	bm25	inferior	1.0	1.0
real_295	25488	e5	inferior	1.0	1.0
real_295	25488	e5_hybrid	inferior	1.0	1.0
real_295	25488	bge_m3_hybrid	inferior	0.6309297535714575	0.6309297535714575
real_295	27741	bm25	inferior	0.3333333333333333	0.3333333333333333
real_295	27741	e5	inferior	0.0	0.22106472945750374
real_295	27741	e5_hybrid	inferior	0.0	0.27894294565112987
real_295	27741	bge_m3_hybrid	inferior	0.0	0.26264953503719357
real_295	27742	bm25	inferior	0.3333333333333333	0.3333333333333333
real_295	27742	e5	inferior	0.0	0.27894294565112987
real_295	27742	e5_hybrid	inferior	0.3333333333333333	0.3333333333333333
real_295	27742	bge_m3_hybrid	inferior	0.3333333333333333	0.3333333333333333
real_295	28014	bm25	inferior	0.6309297535714575	0.6309297535714575
real_295	28014	e5	inferior	1.0	1.0
real_295	28014	e5_hybrid	inferior	0.6309297535714575	0.6309297535714575
real_295	28014	bge_m3_hybrid	inferior	1.0	1.0
real_295	28027	bm25	inferior	1.0	1.0
real_295	28027	e5	inferior	1.0	1.0
real_295	28027	e5_hybrid	inferior	1.0	1.0
real_295	28027	bge_m3_hybrid	inferior	1.0	1.0
real_295	28111	bm25	inferior	0.3333333333333333	0.3333333333333333
real_295	28111	e5	inferior	0.43067655807339306	0.43067655807339306
real_295	28111	e5_hybrid	inferior	0.38685280723454163	0.38685280723454163
real_295	28111	bge_m3_hybrid	inferior	0.3333333333333333	0.3333333333333333
real_295	28524	bm25	inferior	0.3333333333333333	0.3333333333333333
real_295	28524	e5	inferior	0.43067655807339306	0.43067655807339306
real_295	28524	e5_hybrid	inferior	0.38685280723454163	0.38685280723454163
real_295	28524	bge_m3_hybrid	inferior	0.3333333333333333	0.3333333333333333
real_295	28819	bm25	inferior	0.3333333333333333	0.3333333333333333
real_295	28819	e5	inferior	0.43067655807339306	0.43067655807339306
real_295	28819	e5_hybrid	inferior	0.38685280723454163	0.38685280723454163
real_295	28819	bge_m3_hybrid	inferior	0.3333333333333333	0.3333333333333333
real_295	29044	bm25	inferior	1.0	1.0
real_295	29044	e5	inferior	1.0	1.0
real_295	29044	e5_hybrid	inferior	1.0	1.0
real_295	29044	bge_m3_hybrid	inferior	1.0	1.0
real_295	29181	bm25	inferior	1.0	1.0
real_295	29181	e5	inferior	1.0	1.0
real_295	29181	e5_hybrid	inferior	1.0	1.0
real_295	29181	bge_m3_hybrid	inferior	1.0	1.0
real_295	29849	bm25	inferior	1.0	1.0
real_295	29849	e5	inferior	1.0	1.0
real_295	29849	e5_hybrid	inferior	1.0	1.0
real_295	29849	bge_m3_hybrid	inferior	1.0	1.0
real_295	30473	bm25	inferior	0.5	0.5
real_295	30473	e5	inferior	0.0	0.0
real_295	30473	e5_hybrid	inferior	0.0	0.22424382421757544
real_295	30473	bge_m3_hybrid	inferior	0.5	0.5
real_295	31369	bm25	inferior	1.0	1.0
real_295	31369	e5	inferior	1.0	1.0
real_295	31369	e5_hybrid	inferior	1.0	1.0
real_295	31369	bge_m3_hybrid	inferior	1.0	1.0
real_295	31784	bm25	inferior	0.6309297535714575	0.6309297535714575
real_295	31784	e5	inferior	0.6309297535714575	0.6309297535714575
real_295	31784	e5_hybrid	inferior	0.6309297535714575	0.6309297535714575
real_295	31784	bge_m3_hybrid	inferior	0.6309297535714575	0.6309297535714575
real_295	31785	bm25	inferior	0.38685280723454163	0.38685280723454163
real_295	31785	e5	inferior	0.5	0.5
real_295	31785	e5_hybrid	inferior	0.6309297535714575	0.6309297535714575
real_295	31785	bge_m3_hybrid	inferior	0.43067655807339306	0.43067655807339306
real_295	32180	bm25	inferior	1.0	1.0
real_295	32180	e5	inferior	1.0	1.0
real_295	32180	e5_hybrid	inferior	1.0	1.0
real_295	32180	bge_m3_hybrid	inferior	1.0	1.0
real_295	32184	bm25	inferior	1.0	1.0
real_295	32184	e5	inferior	1.0	1.0
real_295	32184	e5_hybrid	inferior	1.0	1.0
real_295	32184	bge_m3_hybrid	inferior	1.0	1.0
real_295	32825	bm25	superior	1.0	1.0
real_295	32825	e5	superior	1.0	1.0
real_295	32825	e5_hybrid	superior	1.0	1.0
real_295	32825	bge_m3_hybrid	superior	1.0	1.0
real_295	32830	bm25	inferior	1.0	1.0
real_295	32830	e5	inferior	1.0	1.0
real_295	32830	e5_hybrid	inferior	1.0	1.0
real_295	32830	bge_m3_hybrid	inferior	1.0	1.0
real_295	32831	bm25	superior	1.0	1.0
real_295	32831	e5	superior	1.0	1.0
real_295	32831	e5_hybrid	superior	1.0	1.0
real_295	32831	bge_m3_hybrid	superior	1.0	1.0
real_295	33592	bm25	inferior	1.0	1.0
real_295	33592	e5	inferior	1.0	1.0
real_295	33592	e5_hybrid	inferior	1.0	1.0
real_295	33592	bge_m3_hybrid	inferior	1.0	1.0
real_295	33596	bm25	inferior	1.0	1.0
real_295	33596	e5	inferior	1.0	1.0
real_295	33596	e5_hybrid	inferior	1.0	1.0
real_295	33596	bge_m3_hybrid	inferior	1.0	1.0
real_295	34158	bm25	inferior	1.0	1.0
real_295	34158	e5	inferior	1.0	1.0
real_295	34158	e5_hybrid	inferior	1.0	1.0
real_295	34158	bge_m3_hybrid	inferior	1.0	1.0
real_295	34521	bm25	inferior	1.0	1.0
real_295	34521	e5	inferior	0.6309297535714575	0.6309297535714575
real_295	34521	e5_hybrid	inferior	1.0	1.0
real_295	34521	bge_m3_hybrid	inferior	1.0	1.0
real_295	34631	bm25	inferior	1.0	1.0
real_295	34631	e5	inferior	1.0	1.0
real_295	34631	e5_hybrid	inferior	1.0	1.0
real_295	34631	bge_m3_hybrid	inferior	1.0	1.0
real_295	34670	bm25	inferior	0.6309297535714575	0.6309297535714575
real_295	34670	e5	inferior	0.6309297535714575	0.6309297535714575
real_295	34670	e5_hybrid	inferior	0.6309297535714575	0.6309297535714575
real_295	34670	bge_m3_hybrid	inferior	0.6309297535714575	0.6309297535714575
real_295	34737	bm25	inferior	1.0	1.0
real_295	34737	e5	inferior	0.6309297535714575	0.6309297535714575
real_295	34737	e5_hybrid	inferior	1.0	1.0
real_295	34737	bge_m3_hybrid	inferior	1.0	1.0
real_295	34757	bm25	inferior	0.6309297535714575	0.6309297535714575
real_295	34757	e5	inferior	0.5	0.5
real_295	34757	e5_hybrid	inferior	0.6309297535714575	0.6309297535714575
real_295	34757	bge_m3_hybrid	inferior	0.6309297535714575	0.6309297535714575
real_295	34799	bm25	superior	0.38685280723454163	0.38685280723454163
real_295	34799	e5	superior	0.2890648263178879	0.2890648263178879
real_295	34799	e5_hybrid	superior	0.31546487678572877	0.31546487678572877
real_295	34799	bge_m3_hybrid	superior	0.31546487678572877	0.31546487678572877
real_295	34800	bm25	superior	0.38685280723454163	0.38685280723454163
real_295	34800	e5	superior	0.2890648263178879	0.2890648263178879
real_295	34800	e5_hybrid	superior	0.31546487678572877	0.31546487678572877
real_295	34800	bge_m3_hybrid	superior	0.3333333333333333	0.3333333333333333
real_295	34805	bm25	superior	0.3562071871080222	0.3562071871080222
real_295	34805	e5	superior	0.2890648263178879	0.2890648263178879
real_295	34805	e5_hybrid	superior	0.31546487678572877	0.31546487678572877
real_295	34805	bge_m3_hybrid	superior	0.31546487678572877	0.31546487678572877
real_295	34810	bm25	superior	1.0	1.0
real_295	34810	e5	superior	0.43067655807339306	0.43067655807339306
real_295	34810	e5_hybrid	superior	0.6309297535714575	0.6309297535714575
real_295	34810	bge_m3_hybrid	superior	0.6309297535714575	0.6309297535714575
real_295	34811	bm25	superior	1.0	1.0
real_295	34811	e5	superior	0.6309297535714575	0.6309297535714575
real_295	34811	e5_hybrid	superior	1.0	1.0
real_295	34811	bge_m3_hybrid	superior	0.6309297535714575	0.6309297535714575
real_295	34812	bm25	superior	1.0	1.0
real_295	34812	e5	superior	0.38685280723454163	0.38685280723454163
real_295	34812	e5_hybrid	superior	0.6309297535714575	0.6309297535714575
real_295	34812	bge_m3_hybrid	superior	0.6309297535714575	0.6309297535714575
real_295	34835	bm25	superior	0.6309297535714575	0.6309297535714575
real_295	34835	e5	superior	0.6309297535714575	0.6309297535714575
real_295	34835	e5_hybrid	superior	0.6309297535714575	0.6309297535714575
real_295	34835	bge_m3_hybrid	superior	0.6309297535714575	0.6309297535714575
real_295	34972	bm25	inferior	0.6309297535714575	0.6309297535714575
real_295	34972	e5	inferior	0.6309297535714575	0.6309297535714575
real_295	34972	e5_hybrid	inferior	0.6309297535714575	0.6309297535714575
real_295	34972	bge_m3_hybrid	inferior	0.6309297535714575	0.6309297535714575
real_295	34973	bm25	inferior	0.6309297535714575	0.6309297535714575
real_295	34973	e5	inferior	0.6309297535714575	0.6309297535714575
real_295	34973	e5_hybrid	inferior	0.6309297535714575	0.6309297535714575
real_295	34973	bge_m3_hybrid	inferior	0.6309297535714575	0.6309297535714575
real_295	34976	bm25	inferior	0.6309297535714575	0.6309297535714575
real_295	34976	e5	inferior	0.6309297535714575	0.6309297535714575
real_295	34976	e5_hybrid	inferior	0.6309297535714575	0.6309297535714575
real_295	34976	bge_m3_hybrid	inferior	0.6309297535714575	0.6309297535714575
real_295	34997	bm25	superior	0.6309297535714575	0.6309297535714575
real_295	34997	e5	superior	0.6309297535714575	0.6309297535714575
real_295	34997	e5_hybrid	superior	0.6309297535714575	0.6309297535714575
real_295	34997	bge_m3_hybrid	superior	0.6309297535714575	0.6309297535714575
real_295	35019	bm25	superior	0.6309297535714575	0.6309297535714575
real_295	35019	e5	superior	0.6309297535714575	0.6309297535714575
real_295	35019	e5_hybrid	superior	0.6309297535714575	0.6309297535714575
real_295	35019	bge_m3_hybrid	superior	0.6309297535714575	0.6309297535714575
real_295	35020	bm25	superior	0.6309297535714575	0.6309297535714575
real_295	35020	e5	superior	0.6309297535714575	0.6309297535714575
real_295	35020	e5_hybrid	superior	0.6309297535714575	0.6309297535714575
real_295	35020	bge_m3_hybrid	superior	0.6309297535714575	0.6309297535714575
real_295	35140	bm25	inferior	0.5	0.5
real_295	35140	e5	inferior	0.6309297535714575	0.6309297535714575
real_295	35140	e5_hybrid	inferior	0.5	0.5
real_295	35140	bge_m3_hybrid	inferior	0.6309297535714575	0.6309297535714575
real_295	35143	bm25	superior	1.0	1.0
real_295	35143	e5	superior	1.0	1.0
real_295	35143	e5_hybrid	superior	1.0	1.0
real_295	35143	bge_m3_hybrid	superior	1.0	1.0
real_295	35260	bm25	inferior	0.6309297535714575	0.6309297535714575
real_295	35260	e5	inferior	0.5	0.5
real_295	35260	e5_hybrid	inferior	0.6309297535714575	0.6309297535714575
real_295	35260	bge_m3_hybrid	inferior	0.43067655807339306	0.43067655807339306
real_295	35267	bm25	inferior	1.0	1.0
real_295	35267	e5	inferior	1.0	1.0
real_295	35267	e5_hybrid	inferior	1.0	1.0
real_295	35267	bge_m3_hybrid	inferior	1.0	1.0
real_295	35275	bm25	superior	1.0	1.0
real_295	35275	e5	superior	1.0	1.0
real_295	35275	e5_hybrid	superior	1.0	1.0
real_295	35275	bge_m3_hybrid	superior	1.0	1.0
real_295	35276	bm25	superior	1.0	1.0
real_295	35276	e5	superior	1.0	1.0
real_295	35276	e5_hybrid	superior	1.0	1.0
real_295	35276	bge_m3_hybrid	superior	1.0	1.0
real_295	35294	bm25	inferior	1.0	1.0
real_295	35294	e5	inferior	0.5	0.5
real_295	35294	e5_hybrid	inferior	0.6309297535714575	0.6309297535714575
real_295	35294	bge_m3_hybrid	inferior	0.6309297535714575	0.6309297535714575
real_295	35304	bm25	inferior	1.0	1.0
real_295	35304	e5	inferior	0.5	0.5
real_295	35304	e5_hybrid	inferior	0.6309297535714575	0.6309297535714575
real_295	35304	bge_m3_hybrid	inferior	1.0	1.0
real_295	35423	bm25	inferior	0.6309297535714575	0.6309297535714575
real_295	35423	e5	inferior	0.6309297535714575	0.6309297535714575
real_295	35423	e5_hybrid	inferior	0.6309297535714575	0.6309297535714575
real_295	35423	bge_m3_hybrid	inferior	0.6309297535714575	0.6309297535714575
real_295	35436	bm25	inferior	0.5	0.5
real_295	35436	e5	inferior	0.5	0.5
real_295	35436	e5_hybrid	inferior	0.5	0.5
real_295	35436	bge_m3_hybrid	inferior	0.5	0.5
real_295	35561	bm25	inferior	0.6309297535714575	0.6309297535714575
real_295	35561	e5	inferior	0.6309297535714575	0.6309297535714575
real_295	35561	e5_hybrid	inferior	0.6309297535714575	0.6309297535714575
real_295	35561	bge_m3_hybrid	inferior	0.6309297535714575	0.6309297535714575
real_295	35612	bm25	inferior	0.38685280723454163	0.38685280723454163
real_295	35612	e5	inferior	0.2890648263178879	0.2890648263178879
real_295	35612	e5_hybrid	inferior	0.3333333333333333	0.3333333333333333
real_295	35612	bge_m3_hybrid	inferior	0.38685280723454163	0.38685280723454163
real_295	35613	bm25	inferior	0.3333333333333333	0.3333333333333333
real_295	35613	e5	inferior	0.38685280723454163	0.38685280723454163
real_295	35613	e5_hybrid	inferior	0.38685280723454163	0.38685280723454163
real_295	35613	bge_m3_hybrid	inferior	0.43067655807339306	0.43067655807339306
real_295	35614	bm25	inferior	0.43067655807339306	0.43067655807339306
real_295	35614	e5	inferior	0.43067655807339306	0.43067655807339306
real_295	35614	e5_hybrid	inferior	0.43067655807339306	0.43067655807339306
real_295	35614	bge_m3_hybrid	inferior	0.5	0.5
real_295	35637	bm25	superior	0.6309297535714575	0.6309297535714575
real_295	35637	e5	superior	0.3562071871080222	0.3562071871080222
real_295	35637	e5_hybrid	superior	0.43067655807339306	0.43067655807339306
real_295	35637	bge_m3_hybrid	superior	0.6309297535714575	0.6309297535714575
real_295	35638	bm25	superior	1.0	1.0
real_295	35638	e5	superior	1.0	1.0
real_295	35638	e5_hybrid	superior	1.0	1.0
real_295	35638	bge_m3_hybrid	superior	1.0	1.0
real_295	35639	bm25	superior	1.0	1.0
real_295	35639	e5	superior	0.7977228895450266	0.7977228895450266
real_295	35639	e5_hybrid	superior	0.8315546295836225	0.8315546295836225
real_295	35639	bge_m3_hybrid	superior	1.0	1.0
real_295	35640	bm25	superior	1.0	1.0
real_295	35640	e5	superior	0.6131471927654584	0.7741900178546666
real_295	35640	e5_hybrid	superior	0.8772153153380493	0.8772153153380493
real_295	35640	bge_m3_hybrid	superior	0.9197207891481876	0.9197207891481876
real_295	35641	bm25	superior	0.6309297535714575	0.6309297535714575
real_295	35641	e5	superior	0.2890648263178879	0.2890648263178879
real_295	35641	e5_hybrid	superior	0.3562071871080222	0.3562071871080222
real_295	35641	bge_m3_hybrid	superior	0.6309297535714575	0.6309297535714575
real_295	35642	bm25	superior	1.0	1.0
real_295	35642	e5	superior	0.6131471927654584	0.7700871371433883
real_295	35642	e5_hybrid	superior	0.8065735963827293	0.8065735963827293
real_295	35642	bge_m3_hybrid	superior	1.0	1.0
real_295	35643	bm25	superior	1.0	1.0
real_295	35643	e5	superior	0.6131471927654584	0.7550160946314525
real_295	35643	e5_hybrid	superior	0.8065735963827293	0.8065735963827293
real_295	35643	bge_m3_hybrid	superior	1.0	1.0
real_295	35644	bm25	superior	1.0	1.0
real_295	35644	e5	superior	0.6131471927654584	0.7741900178546666
real_295	35644	e5_hybrid	superior	0.8065735963827293	0.8065735963827293
real_295	35644	bge_m3_hybrid	superior	1.0	1.0
real_295	35645	bm25	superior	1.0	1.0
real_295	35645	e5	superior	0.7977228895450266	0.7977228895450266
real_295	35645	e5_hybrid	superior	0.8503449055347546	0.8503449055347546
real_295	35645	bge_m3_hybrid	superior	1.0	1.0
real_295	35646	bm25	superior	1.0	1.0
real_295	35646	e5	superior	0.7903864795495061	0.7903864795495061
real_295	35646	e5_hybrid	superior	1.0	1.0
real_295	35646	bge_m3_hybrid	superior	1.0	1.0
real_295	35647	bm25	superior	1.0	1.0
real_295	35647	e5	superior	0.6131471927654584	0.778842958530688
real_295	35647	e5_hybrid	superior	0.8065735963827293	0.8065735963827293
real_295	35647	bge_m3_hybrid	superior	1.0	1.0
real_295	35648	bm25	superior	1.0	1.0
real_295	35648	e5	superior	0.8503449055347546	0.8503449055347546
real_295	35648	e5_hybrid	superior	0.9197207891481876	0.9197207891481876
real_295	35648	bge_m3_hybrid	superior	1.0	1.0
real_295	35649	bm25	inferior	0.3010299956639812	0.3010299956639812
real_295	35649	e5	inferior	0.31546487678572877	0.31546487678572877
real_295	35649	e5_hybrid	inferior	0.3010299956639812	0.3010299956639812
real_295	35649	bge_m3_hybrid	inferior	0.38685280723454163	0.38685280723454163
real_295	35650	bm25	superior	0.8065735963827293	0.8065735963827293
real_295	35650	e5	superior	0.8315546295836225	0.8315546295836225
real_295	35650	e5_hybrid	superior	0.8065735963827293	0.8065735963827293
real_295	35650	bge_m3_hybrid	superior	0.8315546295836225	0.8315546295836225
real_295	35651	bm25	superior	0.8065735963827293	0.8065735963827293
real_295	35651	e5	superior	0.8065735963827293	0.8065735963827293
real_295	35651	e5_hybrid	superior	0.8065735963827293	0.8065735963827293
real_295	35651	bge_m3_hybrid	superior	0.8175295903539445	0.8175295903539445
real_295	35652	bm25	superior	0.6309297535714575	0.6309297535714575
real_295	35652	e5	superior	1.0	1.0
real_295	35652	e5_hybrid	superior	1.0	1.0
real_295	35652	bge_m3_hybrid	superior	1.0	1.0
real_295	35653	bm25	superior	0.8065735963827293	0.8065735963827293
real_295	35653	e5	superior	0.8065735963827293	0.8065735963827293
real_295	35653	e5_hybrid	superior	0.8065735963827293	0.8065735963827293
real_295	35653	bge_m3_hybrid	superior	0.8503449055347546	0.8503449055347546
real_295	35659	bm25	inferior	1.0	1.0
real_295	35659	e5	inferior	1.0	1.0
real_295	35659	e5_hybrid	inferior	1.0	1.0
real_295	35659	bge_m3_hybrid	inferior	1.0	1.0
real_295	35660	bm25	inferior	1.0	1.0
real_295	35660	e5	inferior	1.0	1.0
real_295	35660	e5_hybrid	inferior	1.0	1.0
real_295	35660	bge_m3_hybrid	inferior	1.0	1.0
real_295	35661	bm25	inferior	1.0	1.0
real_295	35661	e5	inferior	1.0	1.0
real_295	35661	e5_hybrid	inferior	1.0	1.0
real_295	35661	bge_m3_hybrid	inferior	1.0	1.0
real_295	35662	bm25	inferior	1.0	1.0
real_295	35662	e5	inferior	1.0	1.0
real_295	35662	e5_hybrid	inferior	1.0	1.0
real_295	35662	bge_m3_hybrid	inferior	1.0	1.0
real_295	35663	bm25	superior	0.43067655807339306	0.43067655807339306
real_295	35663	e5	superior	1.0	1.0
real_295	35663	e5_hybrid	superior	0.6309297535714575	0.6309297535714575
real_295	35663	bge_m3_hybrid	superior	0.6309297535714575	0.6309297535714575
real_295	35677	bm25	superior	1.0	1.0
real_295	35677	e5	superior	1.0	1.0
real_295	35677	e5_hybrid	superior	1.0	1.0
real_295	35677	bge_m3_hybrid	superior	1.0	1.0
real_295	35678	bm25	superior	1.0	1.0
real_295	35678	e5	superior	1.0	1.0
real_295	35678	e5_hybrid	superior	1.0	1.0
real_295	35678	bge_m3_hybrid	superior	1.0	1.0
real_295	35679	bm25	superior	0.5	0.5
real_295	35679	e5	superior	1.0	1.0
real_295	35679	e5_hybrid	superior	1.0	1.0
real_295	35679	bge_m3_hybrid	superior	1.0	1.0
real_295	35680	bm25	superior	0.38685280723454163	0.38685280723454163
real_295	35680	e5	superior	1.0	1.0
real_295	35680	e5_hybrid	superior	0.6309297535714575	0.6309297535714575
real_295	35680	bge_m3_hybrid	superior	0.6309297535714575	0.6309297535714575
real_295	35681	bm25	superior	1.0	1.0
real_295	35681	e5	superior	1.0	1.0
real_295	35681	e5_hybrid	superior	1.0	1.0
real_295	35681	bge_m3_hybrid	superior	1.0	1.0
real_295	35682	bm25	superior	1.0	1.0
real_295	35682	e5	superior	1.0	1.0
real_295	35682	e5_hybrid	superior	1.0	1.0
real_295	35682	bge_m3_hybrid	superior	1.0	1.0
real_295	35683	bm25	superior	1.0	1.0
real_295	35683	e5	superior	1.0	1.0
real_295	35683	e5_hybrid	superior	1.0	1.0
real_295	35683	bge_m3_hybrid	superior	1.0	1.0
real_295	35684	bm25	superior	1.0	1.0
real_295	35684	e5	superior	1.0	1.0
real_295	35684	e5_hybrid	superior	1.0	1.0
real_295	35684	bge_m3_hybrid	superior	1.0	1.0
real_295	35688	bm25	inferior	0.6309297535714575	0.6309297535714575
real_295	35688	e5	inferior	0.6309297535714575	0.6309297535714575
real_295	35688	e5_hybrid	inferior	0.6309297535714575	0.6309297535714575
real_295	35688	bge_m3_hybrid	inferior	0.6309297535714575	0.6309297535714575
real_295	35694	bm25	superior	1.0	1.0
real_295	35694	e5	superior	1.0	1.0
real_295	35694	e5_hybrid	superior	1.0	1.0
real_295	35694	bge_m3_hybrid	superior	1.0	1.0
real_295	35695	bm25	superior	1.0	1.0
real_295	35695	e5	superior	1.0	1.0
real_295	35695	e5_hybrid	superior	1.0	1.0
real_295	35695	bge_m3_hybrid	superior	1.0	1.0
real_295	35696	bm25	superior	0.6309297535714575	0.6309297535714575
real_295	35696	e5	superior	1.0	1.0
real_295	35696	e5_hybrid	superior	0.6309297535714575	0.6309297535714575
real_295	35696	bge_m3_hybrid	superior	0.6309297535714575	0.6309297535714575
real_295	35697	bm25	inferior	0.6309297535714575	0.6309297535714575
real_295	35697	e5	inferior	0.6309297535714575	0.6309297535714575
real_295	35697	e5_hybrid	inferior	0.6309297535714575	0.6309297535714575
real_295	35697	bge_m3_hybrid	inferior	1.0	1.0
real_295	35698	bm25	inferior	0.5	0.5
real_295	35698	e5	inferior	1.0	1.0
real_295	35698	e5_hybrid	inferior	1.0	1.0
real_295	35698	bge_m3_hybrid	inferior	1.0	1.0
real_295	35699	bm25	superior	1.0	1.0
real_295	35699	e5	superior	1.0	1.0
real_295	35699	e5_hybrid	superior	1.0	1.0
real_295	35699	bge_m3_hybrid	superior	1.0	1.0
real_295	35700	bm25	superior	0.6309297535714575	0.6309297535714575
real_295	35700	e5	superior	0.6309297535714575	0.6309297535714575
real_295	35700	e5_hybrid	superior	0.6309297535714575	0.6309297535714575
real_295	35700	bge_m3_hybrid	superior	0.6309297535714575	0.6309297535714575
real_295	35704	bm25	superior	1.0	1.0
real_295	35704	e5	superior	1.0	1.0
real_295	35704	e5_hybrid	superior	1.0	1.0
real_295	35704	bge_m3_hybrid	superior	1.0	1.0
real_295	35705	bm25	superior	1.0	1.0
real_295	35705	e5	superior	1.0	1.0
real_295	35705	e5_hybrid	superior	1.0	1.0
real_295	35705	bge_m3_hybrid	superior	1.0	1.0
real_295	35706	bm25	superior	1.0	1.0
real_295	35706	e5	superior	1.0	1.0
real_295	35706	e5_hybrid	superior	1.0	1.0
real_295	35706	bge_m3_hybrid	superior	1.0	1.0
real_295	36363	bm25	inferior	0.0	0.24465054211822604
real_295	36363	e5	inferior	0.0	0.0
real_295	36363	e5_hybrid	inferior	0.0	0.1949590218937863
real_295	36363	bge_m3_hybrid	inferior	0.0	0.23981246656813146
real_295	37327	bm25	inferior	0.0	0.16794877895704194
real_295	37327	e5	inferior	0.0	0.17905223175104137
real_295	37327	e5_hybrid	inferior	0.0	0.17070727966372012
real_295	37327	bge_m3_hybrid	inferior	0.2890648263178879	0.2890648263178879
real_295	37328	bm25	inferior	0.0	0.16730017881017412
real_295	37328	e5	inferior	0.0	0.1905514124267734
real_295	37328	e5_hybrid	inferior	0.0	0.1810425967800402
real_295	37328	bge_m3_hybrid	inferior	0.2890648263178879	0.2890648263178879
real_295	37368	bm25	inferior	0.0	0.16730017881017412
real_295	37368	e5	inferior	1.0	1.0
real_295	37368	e5_hybrid	inferior	0.38685280723454163	0.38685280723454163
real_295	37368	bge_m3_hybrid	inferior	0.3333333333333333	0.3333333333333333
real_295	37628	bm25	inferior	1.0	1.0
real_295	37628	e5	inferior	1.0	1.0
real_295	37628	e5_hybrid	inferior	1.0	1.0
real_295	37628	bge_m3_hybrid	inferior	1.0	1.0
real_295	38492	bm25	inferior	1.0	1.0
real_295	38492	e5	inferior	0.43067655807339306	0.43067655807339306
real_295	38492	e5_hybrid	inferior	1.0	1.0
real_295	38492	bge_m3_hybrid	inferior	1.0	1.0
real_295	38612	bm25	superior	1.0	1.0
real_295	38612	e5	superior	0.43067655807339306	0.43067655807339306
real_295	38612	e5_hybrid	superior	1.0	1.0
real_295	38612	bge_m3_hybrid	superior	1.0	1.0
real_295	39016	bm25	superior	1.0	1.0
real_295	39016	e5	superior	1.0	1.0
real_295	39016	e5_hybrid	superior	1.0	1.0
real_295	39016	bge_m3_hybrid	superior	0.6309297535714575	0.6309297535714575
real_295	39234	bm25	inferior	0.5	0.5
real_295	39234	e5	inferior	0.6309297535714575	0.6309297535714575
real_295	39234	e5_hybrid	inferior	0.6309297535714575	0.6309297535714575
real_295	39234	bge_m3_hybrid	inferior	1.0	1.0
real_295	39408	bm25	inferior	1.0	1.0
real_295	39408	e5	inferior	0.43067655807339306	0.43067655807339306
real_295	39408	e5_hybrid	inferior	1.0	1.0
real_295	39408	bge_m3_hybrid	inferior	1.0	1.0
real_295	39524	bm25	inferior	0.9197207891481876	0.9197207891481876
real_295	39524	e5	inferior	1.0	1.0
real_295	39524	e5_hybrid	inferior	1.0	1.0
real_295	39524	bge_m3_hybrid	inferior	0.9197207891481876	0.9197207891481876
real_295	39652	bm25	inferior	0.5	0.5
real_295	39652	e5	inferior	0.6309297535714575	0.6309297535714575
real_295	39652	e5_hybrid	inferior	0.6309297535714575	0.6309297535714575
real_295	39652	bge_m3_hybrid	inferior	1.0	1.0
real_295	40372	bm25	inferior	1.0	1.0
real_295	40372	e5	inferior	1.0	1.0
real_295	40372	e5_hybrid	inferior	1.0	1.0
real_295	40372	bge_m3_hybrid	inferior	1.0	1.0
real_295	40451	bm25	inferior	0.0	0.24417965415032944
real_295	40451	e5	inferior	1.0	1.0
real_295	40451	e5_hybrid	inferior	0.39780880120575696	0.39780880120575696
real_295	40451	bge_m3_hybrid	inferior	0.5706417189553201	0.5706417189553201
real_295	40839	bm25	inferior	1.0	1.0
real_295	40839	e5	inferior	1.0	1.0
real_295	40839	e5_hybrid	inferior	1.0	1.0
real_295	40839	bge_m3_hybrid	inferior	1.0	1.0
real_295	41058	bm25	inferior	1.0	1.0
real_295	41058	e5	inferior	1.0	1.0
real_295	41058	e5_hybrid	inferior	1.0	1.0
real_295	41058	bge_m3_hybrid	inferior	1.0	1.0
real_295	41106	bm25	inferior	1.0	1.0
real_295	41106	e5	inferior	1.0	1.0
real_295	41106	e5_hybrid	inferior	1.0	1.0
real_295	41106	bge_m3_hybrid	inferior	1.0	1.0
real_295	41215	bm25	inferior	1.0	1.0
real_295	41215	e5	inferior	1.0	1.0
real_295	41215	e5_hybrid	inferior	1.0	1.0
real_295	41215	bge_m3_hybrid	inferior	1.0	1.0
real_295	41222	bm25	superior	1.0	1.0
real_295	41222	e5	superior	1.0	1.0
real_295	41222	e5_hybrid	superior	1.0	1.0
real_295	41222	bge_m3_hybrid	superior	1.0	1.0
real_295	41249	bm25	inferior	1.0	1.0
real_295	41249	e5	inferior	1.0	1.0
real_295	41249	e5_hybrid	inferior	1.0	1.0
real_295	41249	bge_m3_hybrid	inferior	1.0	1.0
real_295	41573	bm25	superior	0.6309297535714575	0.6309297535714575
real_295	41573	e5	superior	1.0	1.0
real_295	41573	e5_hybrid	superior	0.6309297535714575	0.6309297535714575
real_295	41573	bge_m3_hybrid	superior	1.0	1.0
real_295	41574	bm25	superior	0.5	0.5
real_295	41574	e5	superior	1.0	1.0
real_295	41574	e5_hybrid	superior	1.0	1.0
real_295	41574	bge_m3_hybrid	superior	1.0	1.0
real_295	41575	bm25	superior	1.0	1.0
real_295	41575	e5	superior	1.0	1.0
real_295	41575	e5_hybrid	superior	1.0	1.0
real_295	41575	bge_m3_hybrid	superior	1.0	1.0
real_295	41576	bm25	superior	1.0	1.0
real_295	41576	e5	superior	1.0	1.0
real_295	41576	e5_hybrid	superior	1.0	1.0
real_295	41576	bge_m3_hybrid	superior	1.0	1.0
real_295	41609	bm25	superior	1.0	1.0
real_295	41609	e5	superior	1.0	1.0
real_295	41609	e5_hybrid	superior	1.0	1.0
real_295	41609	bge_m3_hybrid	superior	1.0	1.0
real_295	41627	bm25	superior	0.6309297535714575	0.6309297535714575
real_295	41627	e5	superior	0.5	0.5
real_295	41627	e5_hybrid	superior	0.6309297535714575	0.6309297535714575
real_295	41627	bge_m3_hybrid	superior	0.6309297535714575	0.6309297535714575
real_295	41628	bm25	superior	0.6309297535714575	0.6309297535714575
real_295	41628	e5	superior	0.5	0.5
real_295	41628	e5_hybrid	superior	0.6309297535714575	0.6309297535714575
real_295	41628	bge_m3_hybrid	superior	0.6309297535714575	0.6309297535714575
real_295	41632	bm25	superior	0.38685280723454163	0.38685280723454163
real_295	41632	e5	superior	0.2890648263178879	0.2890648263178879
real_295	41632	e5_hybrid	superior	0.31546487678572877	0.31546487678572877
real_295	41632	bge_m3_hybrid	superior	0.31546487678572877	0.31546487678572877
real_295	41647	bm25	inferior	0.6309297535714575	0.6309297535714575
real_295	41647	e5	inferior	0.6309297535714575	0.6309297535714575
real_295	41647	e5_hybrid	inferior	0.6309297535714575	0.6309297535714575
real_295	41647	bge_m3_hybrid	inferior	0.6309297535714575	0.6309297535714575
real_295	41721	bm25	inferior	0.0	0.24417965415032944
real_295	41721	e5	inferior	1.0	1.0
real_295	41721	e5_hybrid	inferior	0.39780880120575696	0.39780880120575696
real_295	41721	bge_m3_hybrid	inferior	0.5706417189553201	0.5706417189553201
real_295	42035	bm25	inferior	1.0	1.0
real_295	42035	e5	inferior	0.0	0.17718382013555792
real_295	42035	e5_hybrid	inferior	0.3333333333333333	0.3333333333333333
real_295	42035	bge_m3_hybrid	inferior	1.0	1.0
real_295	42249	bm25	inferior	1.0	1.0
real_295	42249	e5	inferior	0.0	0.0
real_295	42249	e5_hybrid	inferior	0.0	0.227670248696953
real_295	42249	bge_m3_hybrid	inferior	1.0	1.0
real_295	42356	bm25	inferior	1.0	1.0
real_295	42356	e5	inferior	1.0	1.0
real_295	42356	e5_hybrid	inferior	1.0	1.0
real_295	42356	bge_m3_hybrid	inferior	1.0	1.0
real_295	42413	bm25	inferior	1.0	1.0
real_295	42413	e5	inferior	1.0	1.0
real_295	42413	e5_hybrid	inferior	1.0	1.0
real_295	42413	bge_m3_hybrid	inferior	1.0	1.0
real_295	42418	bm25	inferior	1.0	1.0
real_295	42418	e5	inferior	1.0	1.0
real_295	42418	e5_hybrid	inferior	1.0	1.0
real_295	42418	bge_m3_hybrid	inferior	1.0	1.0
real_295	42671	bm25	inferior	1.0	1.0
real_295	42671	e5	inferior	1.0	1.0
real_295	42671	e5_hybrid	inferior	1.0	1.0
real_295	42671	bge_m3_hybrid	inferior	1.0	1.0
real_295	43314	bm25	inferior	1.0	1.0
real_295	43314	e5	inferior	1.0	1.0
real_295	43314	e5_hybrid	inferior	1.0	1.0
real_295	43314	bge_m3_hybrid	inferior	1.0	1.0
real_295	43524	bm25	inferior	1.0	1.0
real_295	43524	e5	inferior	1.0	1.0
real_295	43524	e5_hybrid	inferior	1.0	1.0
real_295	43524	bge_m3_hybrid	inferior	1.0	1.0
real_295	43777	bm25	inferior	1.0	1.0
real_295	43777	e5	inferior	1.0	1.0
real_295	43777	e5_hybrid	inferior	1.0	1.0
real_295	43777	bge_m3_hybrid	inferior	1.0	1.0
real_295	44710	bm25	inferior	1.0	1.0
real_295	44710	e5	inferior	1.0	1.0
real_295	44710	e5_hybrid	inferior	1.0	1.0
real_295	44710	bge_m3_hybrid	inferior	1.0	1.0
real_295	44888	bm25	inferior	1.0	1.0
real_295	44888	e5	inferior	1.0	1.0
real_295	44888	e5_hybrid	inferior	1.0	1.0
real_295	44888	bge_m3_hybrid	inferior	1.0	1.0
real_295	44898	bm25	inferior	1.0	1.0
real_295	44898	e5	inferior	1.0	1.0
real_295	44898	e5_hybrid	inferior	1.0	1.0
real_295	44898	bge_m3_hybrid	inferior	0.6309297535714575	0.6309297535714575
real_295	44899	bm25	inferior	1.0	1.0
real_295	44899	e5	inferior	1.0	1.0
real_295	44899	e5_hybrid	inferior	1.0	1.0
real_295	44899	bge_m3_hybrid	inferior	0.5	0.5
real_295	45236	bm25	inferior	1.0	1.0
real_295	45236	e5	inferior	1.0	1.0
real_295	45236	e5_hybrid	inferior	1.0	1.0
real_295	45236	bge_m3_hybrid	inferior	0.6309297535714575	0.6309297535714575
real_295	45285	bm25	inferior	1.0	1.0
real_295	45285	e5	inferior	1.0	1.0
real_295	45285	e5_hybrid	inferior	1.0	1.0
real_295	45285	bge_m3_hybrid	inferior	1.0	1.0
real_295	45473	bm25	superior	1.0	1.0
real_295	45473	e5	superior	0.9197207891481876	0.9197207891481876
real_295	45473	e5_hybrid	superior	1.0	1.0
real_295	45473	bge_m3_hybrid	superior	1.0	1.0
real_295	46125	bm25	inferior	0.6309297535714575	0.6309297535714575
real_295	46125	e5	inferior	0.6309297535714575	0.6309297535714575
real_295	46125	e5_hybrid	inferior	1.0	1.0
real_295	46125	bge_m3_hybrid	inferior	0.6309297535714575	0.6309297535714575
real_295	46152	bm25	inferior	1.0	1.0
real_295	46152	e5	inferior	0.5249810332008933	0.5249810332008933
real_295	46152	e5_hybrid	inferior	0.9197207891481876	0.9197207891481876
real_295	46152	bge_m3_hybrid	inferior	0.4415801103577823	0.4415801103577823
real_295	46153	bm25	inferior	0.6309297535714575	0.6309297535714575
real_295	46153	e5	inferior	0.5	0.5
real_295	46153	e5_hybrid	inferior	1.0	1.0
real_295	46153	bge_m3_hybrid	inferior	0.3333333333333333	0.3333333333333333
real_295	46211	bm25	inferior	0.6309297535714575	0.6309297535714575
real_295	46211	e5	inferior	0.6309297535714575	0.6309297535714575
real_295	46211	e5_hybrid	inferior	0.6309297535714575	0.6309297535714575
real_295	46211	bge_m3_hybrid	inferior	0.6309297535714575	0.6309297535714575
real_295	46466	bm25	inferior	0.6309297535714575	0.6309297535714575
real_295	46466	e5	inferior	0.6309297535714575	0.6309297535714575
real_295	46466	e5_hybrid	inferior	0.6309297535714575	0.6309297535714575
real_295	46466	bge_m3_hybrid	inferior	0.6309297535714575	0.6309297535714575
real_295	47089	bm25	inferior	0.6309297535714575	0.6309297535714575
real_295	47089	e5	inferior	0.6309297535714575	0.6309297535714575
real_295	47089	e5_hybrid	inferior	0.6309297535714575	0.6309297535714575
real_295	47089	bge_m3_hybrid	inferior	1.0	1.0
real_295	47189	bm25	inferior	1.0	1.0
real_295	47189	e5	inferior	1.0	1.0
real_295	47189	e5_hybrid	inferior	1.0	1.0
real_295	47189	bge_m3_hybrid	inferior	1.0	1.0
real_295	47223	bm25	inferior	1.0	1.0
real_295	47223	e5	inferior	1.0	1.0
real_295	47223	e5_hybrid	inferior	1.0	1.0
real_295	47223	bge_m3_hybrid	inferior	1.0	1.0
real_295	47243	bm25	inferior	1.0	1.0
real_295	47243	e5	inferior	1.0	1.0
real_295	47243	e5_hybrid	inferior	1.0	1.0
real_295	47243	bge_m3_hybrid	inferior	1.0	1.0
real_295	47291	bm25	inferior	1.0	1.0
real_295	47291	e5	inferior	1.0	1.0
real_295	47291	e5_hybrid	inferior	1.0	1.0
real_295	47291	bge_m3_hybrid	inferior	1.0	1.0
real_295	47965	bm25	inferior	1.0	1.0
real_295	47965	e5	inferior	1.0	1.0
real_295	47965	e5_hybrid	inferior	1.0	1.0
real_295	47965	bge_m3_hybrid	inferior	1.0	1.0
real_295	48004	bm25	superior	0.6309297535714575	0.6309297535714575
real_295	48004	e5	superior	0.5	0.5
real_295	48004	e5_hybrid	superior	0.6309297535714575	0.6309297535714575
real_295	48004	bge_m3_hybrid	superior	0.6309297535714575	0.6309297535714575
real_295	48065	bm25	inferior	1.0	1.0
real_295	48065	e5	inferior	0.6309297535714575	0.6309297535714575
real_295	48065	e5_hybrid	inferior	1.0	1.0
real_295	48065	bge_m3_hybrid	inferior	1.0	1.0
real_295	48078	bm25	inferior	1.0	1.0
real_295	48078	e5	inferior	1.0	1.0
real_295	48078	e5_hybrid	inferior	1.0	1.0
real_295	48078	bge_m3_hybrid	inferior	1.0	1.0
real_295	48089	bm25	inferior	0.8175295903539445	0.8175295903539445
real_295	48089	e5	inferior	0.8315546295836225	0.8315546295836225
real_295	48089	e5_hybrid	inferior	0.8175295903539445	0.8175295903539445
real_295	48089	bge_m3_hybrid	inferior	0.8175295903539445	0.8175295903539445
real_295	48090	bm25	superior	1.0	1.0
real_295	48090	e5	superior	1.0	1.0
real_295	48090	e5_hybrid	superior	1.0	1.0
real_295	48090	bge_m3_hybrid	superior	1.0	1.0
real_295	48154	bm25	superior	1.0	1.0
real_295	48154	e5	superior	1.0	1.0
real_295	48154	e5_hybrid	superior	1.0	1.0
real_295	48154	bge_m3_hybrid	superior	1.0	1.0
real_295	48269	bm25	inferior	1.0	1.0
real_295	48269	e5	inferior	0.5	0.5
real_295	48269	e5_hybrid	inferior	1.0	1.0
real_295	48269	bge_m3_hybrid	inferior	1.0	1.0
real_295	48550	bm25	inferior	0.6309297535714575	0.6309297535714575
real_295	48550	e5	inferior	0.6309297535714575	0.6309297535714575
real_295	48550	e5_hybrid	inferior	0.6309297535714575	0.6309297535714575
real_295	48550	bge_m3_hybrid	inferior	0.6309297535714575	0.6309297535714575
real_295	48551	bm25	inferior	0.6309297535714575	0.6309297535714575
real_295	48551	e5	inferior	1.0	1.0
real_295	48551	e5_hybrid	inferior	0.6309297535714575	0.6309297535714575
real_295	48551	bge_m3_hybrid	inferior	0.6309297535714575	0.6309297535714575
real_295	50871	bm25	inferior	0.3562071871080222	0.3562071871080222
real_295	50871	e5	inferior	1.0	1.0
real_295	50871	e5_hybrid	inferior	0.6309297535714575	0.6309297535714575
real_295	50871	bge_m3_hybrid	inferior	0.43067655807339306	0.43067655807339306
synthetic_4851	13645	bm25	inferior	0.5	0.5
synthetic_4851	13645	e5	inferior	0.6309297535714575	0.6309297535714575
synthetic_4851	13645	e5_hybrid	inferior	0.6309297535714575	0.6309297535714575
synthetic_4851	13645	bge_m3_hybrid	inferior	0.6309297535714575	0.6309297535714575
synthetic_4851	13646	bm25	inferior	0.5	0.5
synthetic_4851	13646	e5	inferior	0.5	0.5
synthetic_4851	13646	e5_hybrid	inferior	1.0	1.0
synthetic_4851	13646	bge_m3_hybrid	inferior	0.5	0.5
synthetic_4851	13647	bm25	inferior	0.5	0.5
synthetic_4851	13647	e5	inferior	1.0	1.0
synthetic_4851	13647	e5_hybrid	inferior	0.6309297535714575	0.6309297535714575
synthetic_4851	13647	bge_m3_hybrid	inferior	0.6309297535714575	0.6309297535714575
synthetic_4851	13648	bm25	inferior	0.3562071871080222	0.3562071871080222
synthetic_4851	13648	e5	inferior	0.3562071871080222	0.3562071871080222
synthetic_4851	13648	e5_hybrid	inferior	0.3562071871080222	0.3562071871080222
synthetic_4851	13648	bge_m3_hybrid	inferior	0.6309297535714575	0.6309297535714575
synthetic_4851	13649	bm25	inferior	0.3562071871080222	0.3562071871080222
synthetic_4851	13649	e5	inferior	0.6309297535714575	0.6309297535714575
synthetic_4851	13649	e5_hybrid	inferior	0.43067655807339306	0.43067655807339306
synthetic_4851	13649	bge_m3_hybrid	inferior	0.5	0.5
synthetic_4851	13650	bm25	inferior	0.38685280723454163	0.38685280723454163
synthetic_4851	13650	e5	inferior	0.38685280723454163	0.38685280723454163
synthetic_4851	13650	e5_hybrid	inferior	0.38685280723454163	0.38685280723454163
synthetic_4851	13650	bge_m3_hybrid	inferior	0.5	0.5
synthetic_4851	13675	bm25	inferior	0.5	0.5
synthetic_4851	13675	e5	inferior	0.5	0.5
synthetic_4851	13675	e5_hybrid	inferior	0.6309297535714575	0.6309297535714575
synthetic_4851	13675	bge_m3_hybrid	inferior	1.0	1.0
synthetic_4851	13676	bm25	inferior	0.5	0.5
synthetic_4851	13676	e5	inferior	0.43067655807339306	0.43067655807339306
synthetic_4851	13676	e5_hybrid	inferior	0.6309297535714575	0.6309297535714575
synthetic_4851	13676	bge_m3_hybrid	inferior	1.0	1.0
synthetic_4851	13677	bm25	inferior	0.5	0.5
synthetic_4851	13677	e5	inferior	0.6309297535714575	0.6309297535714575
synthetic_4851	13677	e5_hybrid	inferior	0.6309297535714575	0.6309297535714575
synthetic_4851	13677	bge_m3_hybrid	inferior	1.0	1.0
synthetic_4851	13678	bm25	inferior	0.43067655807339306	0.43067655807339306
synthetic_4851	13678	e5	inferior	0.5	0.5
synthetic_4851	13678	e5_hybrid	inferior	0.6309297535714575	0.6309297535714575
synthetic_4851	13678	bge_m3_hybrid	inferior	0.6309297535714575	0.6309297535714575
synthetic_4851	13679	bm25	inferior	0.43067655807339306	0.43067655807339306
synthetic_4851	13679	e5	inferior	0.38685280723454163	0.38685280723454163
synthetic_4851	13679	e5_hybrid	inferior	0.43067655807339306	0.43067655807339306
synthetic_4851	13679	bge_m3_hybrid	inferior	0.5	0.5
synthetic_4851	13680	bm25	inferior	0.43067655807339306	0.43067655807339306
synthetic_4851	13680	e5	inferior	0.6309297535714575	0.6309297535714575
synthetic_4851	13680	e5_hybrid	inferior	1.0	1.0
synthetic_4851	13680	bge_m3_hybrid	inferior	1.0	1.0
synthetic_4851	13681	bm25	inferior	1.0	1.0
synthetic_4851	13681	e5	inferior	0.6309297535714575	0.6309297535714575
synthetic_4851	13681	e5_hybrid	inferior	1.0	1.0
synthetic_4851	13681	bge_m3_hybrid	inferior	1.0	1.0
synthetic_4851	13682	bm25	inferior	1.0	1.0
synthetic_4851	13682	e5	inferior	0.38685280723454163	0.38685280723454163
synthetic_4851	13682	e5_hybrid	inferior	0.6309297535714575	0.6309297535714575
synthetic_4851	13682	bge_m3_hybrid	inferior	1.0	1.0
synthetic_4851	13683	bm25	inferior	0.3333333333333333	0.3333333333333333
synthetic_4851	13683	e5	inferior	0.6309297535714575	0.6309297535714575
synthetic_4851	13683	e5_hybrid	inferior	0.38685280723454163	0.38685280723454163
synthetic_4851	13683	bge_m3_hybrid	inferior	0.43067655807339306	0.43067655807339306
synthetic_4851	13684	bm25	inferior	0.6309297535714575	0.6309297535714575
synthetic_4851	13684	e5	inferior	0.38685280723454163	0.38685280723454163
synthetic_4851	13684	e5_hybrid	inferior	0.43067655807339306	0.43067655807339306
synthetic_4851	13684	bge_m3_hybrid	inferior	0.43067655807339306	0.43067655807339306
synthetic_4851	13685	bm25	inferior	0.6309297535714575	0.6309297535714575
synthetic_4851	13685	e5	inferior	0.3562071871080222	0.3562071871080222
synthetic_4851	13685	e5_hybrid	inferior	0.5	0.5
synthetic_4851	13685	bge_m3_hybrid	inferior	0.6309297535714575	0.6309297535714575
synthetic_4851	13686	bm25	inferior	0.31546487678572877	0.31546487678572877
synthetic_4851	13686	e5	inferior	0.3562071871080222	0.3562071871080222
synthetic_4851	13686	e5_hybrid	inferior	0.31546487678572877	0.31546487678572877
synthetic_4851	13686	bge_m3_hybrid	inferior	0.31546487678572877	0.31546487678572877
synthetic_4851	13651	bm25	inferior	0.4911492931622974	0.4911492931622974
synthetic_4851	13651	e5	inferior	0.5012658353418871	0.5012658353418871
synthetic_4851	13651	e5_hybrid	inferior	0.6240505200038379	0.6240505200038379
synthetic_4851	13651	bge_m3_hybrid	inferior	0.9197207891481876	0.9197207891481876
synthetic_4851	13652	bm25	inferior	0.6131471927654584	0.7173770750854427
synthetic_4851	13652	e5	inferior	0.6131471927654584	0.7700871371433883
synthetic_4851	13652	e5_hybrid	inferior	0.6131471927654584	0.7841802768331765
synthetic_4851	13652	bge_m3_hybrid	inferior	0.6131471927654584	0.7841802768331765
synthetic_4851	13653	bm25	inferior	0.38685280723454163	0.526448181099292
synthetic_4851	13653	e5	inferior	0.9197207891481876	0.9197207891481876
synthetic_4851	13653	e5_hybrid	inferior	1.0	1.0
synthetic_4851	13653	bge_m3_hybrid	inferior	1.0	1.0
synthetic_4851	13654	bm25	inferior	0.8315546295836225	0.8315546295836225
synthetic_4851	13654	e5	inferior	0.6240505200038379	0.6240505200038379
synthetic_4851	13654	e5_hybrid	inferior	1.0	1.0
synthetic_4851	13654	bge_m3_hybrid	inferior	0.8315546295836225	0.8315546295836225
synthetic_4851	13655	bm25	inferior	0.7977228895450266	0.7977228895450266
synthetic_4851	13655	e5	inferior	0.8772153153380493	0.8772153153380493
synthetic_4851	13655	e5_hybrid	inferior	0.8315546295836225	0.8315546295836225
synthetic_4851	13655	bge_m3_hybrid	inferior	0.8315546295836225	0.8315546295836225
synthetic_4851	13656	bm25	inferior	0.2640681225725909	0.435101206640309
synthetic_4851	13656	e5	inferior	0.5249810332008933	0.5249810332008933
synthetic_4851	13656	e5_hybrid	inferior	0.6509209298071326	0.6509209298071326
synthetic_4851	13656	bge_m3_hybrid	inferior	0.9197207891481876	0.9197207891481876
synthetic_4851	13657	bm25	inferior	0.448643819352159	0.448643819352159
synthetic_4851	13657	e5	inferior	0.8503449055347546	0.8503449055347546
synthetic_4851	13657	e5_hybrid	inferior	0.8315546295836225	0.8315546295836225
synthetic_4851	13657	bge_m3_hybrid	inferior	0.8772153153380493	0.8772153153380493
synthetic_4851	13658	bm25	inferior	0.19342640361727081	0.3434331967256086
synthetic_4851	13658	e5	inferior	0.8772153153380493	0.8772153153380493
synthetic_4851	13658	e5_hybrid	inferior	0.5912352048230277	0.5912352048230277
synthetic_4851	13658	bge_m3_hybrid	inferior	0.8315546295836225	0.8315546295836225
synthetic_4851	13659	bm25	inferior	0.19342640361727081	0.3434331967256086
synthetic_4851	13659	e5	inferior	0.48381288316677695	0.48381288316677695
synthetic_4851	13659	e5_hybrid	inferior	0.38685280723454163	0.5578858913022597
synthetic_4851	13659	bge_m3_hybrid	inferior	0.8772153153380493	0.8772153153380493
synthetic_4851	13660	bm25	inferior	0.7928654229965442	0.7928654229965442
synthetic_4851	13660	e5	inferior	0.7844801364718914	0.7844801364718914
synthetic_4851	13660	e5_hybrid	inferior	0.8529278650606567	0.8529278650606567
synthetic_4851	13660	bge_m3_hybrid	inferior	0.812653045383133	0.812653045383133
synthetic_4851	13661	bm25	inferior	0.7928654229965442	0.7928654229965442
synthetic_4851	13661	e5	inferior	0.812653045383133	0.812653045383133
synthetic_4851	13661	e5_hybrid	inferior	0.8529278650606567	0.8529278650606567
synthetic_4851	13661	bge_m3_hybrid	inferior	0.9469024295259745	0.9469024295259745
synthetic_4851	13662	bm25	inferior	0.8179809735263114	0.8179809735263114
synthetic_4851	13662	e5	inferior	0.9674679834891693	0.9674679834891693
synthetic_4851	13662	e5_hybrid	inferior	0.9674679834891693	0.9674679834891693
synthetic_4851	13662	bge_m3_hybrid	inferior	0.9060254355346823	0.9060254355346823
synthetic_4851	13687	bm25	inferior	0.8772153153380493	0.8772153153380493
synthetic_4851	13687	e5	inferior	0.8503449055347546	0.8503449055347546
synthetic_4851	13687	e5_hybrid	inferior	0.9197207891481876	0.9197207891481876
synthetic_4851	13687	bge_m3_hybrid	inferior	0.9197207891481876	0.9197207891481876
synthetic_4851	13688	bm25	inferior	0.8772153153380493	0.8772153153380493
synthetic_4851	13688	e5	inferior	0.8503449055347546	0.8503449055347546
synthetic_4851	13688	e5_hybrid	inferior	0.9197207891481876	0.9197207891481876
synthetic_4851	13688	bge_m3_hybrid	inferior	0.9197207891481876	0.9197207891481876
synthetic_4851	13689	bm25	inferior	0.8772153153380493	0.8772153153380493
synthetic_4851	13689	e5	inferior	1.0	1.0
synthetic_4851	13689	e5_hybrid	inferior	1.0	1.0
synthetic_4851	13689	bge_m3_hybrid	inferior	0.9197207891481876	0.9197207891481876
synthetic_4851	13690	bm25	inferior	0.8772153153380493	0.8772153153380493
synthetic_4851	13690	e5	inferior	0.8772153153380493	0.8772153153380493
synthetic_4851	13690	e5_hybrid	inferior	0.9197207891481876	0.9197207891481876
synthetic_4851	13690	bge_m3_hybrid	inferior	0.8772153153380493	0.8772153153380493
synthetic_4851	13691	bm25	inferior	0.8772153153380493	0.8772153153380493
synthetic_4851	13691	e5	inferior	0.9197207891481876	0.9197207891481876
synthetic_4851	13691	e5_hybrid	inferior	0.9197207891481876	0.9197207891481876
synthetic_4851	13691	bge_m3_hybrid	inferior	0.8772153153380493	0.8772153153380493
synthetic_4851	13692	bm25	inferior	0.8772153153380493	0.8772153153380493
synthetic_4851	13692	e5	inferior	1.0	1.0
synthetic_4851	13692	e5_hybrid	inferior	1.0	1.0
synthetic_4851	13692	bge_m3_hybrid	inferior	0.9197207891481876	0.9197207891481876
synthetic_4851	13663	bm25	inferior	1.0	1.0
synthetic_4851	13663	e5	inferior	0.8065735963827293	0.8065735963827293
synthetic_4851	13663	e5_hybrid	inferior	0.8772153153380493	0.8772153153380493
synthetic_4851	13663	bge_m3_hybrid	inferior	0.7977228895450266	0.7977228895450266
synthetic_4851	13664	bm25	inferior	1.0	1.0
synthetic_4851	13664	e5	inferior	0.6131471927654584	0.7601875334318685
synthetic_4851	13664	e5_hybrid	inferior	0.8315546295836225	0.8315546295836225
synthetic_4851	13664	bge_m3_hybrid	inferior	0.6131471927654584	0.7574875071481796
synthetic_4851	13665	bm25	inferior	1.0	1.0
synthetic_4851	13665	e5	inferior	0.6934264036172708	0.6934264036172708
synthetic_4851	13665	e5_hybrid	inferior	1.0	1.0
synthetic_4851	13665	bge_m3_hybrid	inferior	1.0	1.0
synthetic_4851	13666	bm25	inferior	1.0	1.0
synthetic_4851	13666	e5	inferior	1.0	1.0
synthetic_4851	13666	e5_hybrid	inferior	1.0	1.0
synthetic_4851	13666	bge_m3_hybrid	inferior	1.0	1.0
synthetic_4851	13667	bm25	inferior	1.0	1.0
synthetic_4851	13667	e5	inferior	1.0	1.0
synthetic_4851	13667	e5_hybrid	inferior	1.0	1.0
synthetic_4851	13667	bge_m3_hybrid	inferior	1.0	1.0
synthetic_4851	13668	bm25	inferior	1.0	1.0
synthetic_4851	13668	e5	inferior	1.0	1.0
synthetic_4851	13668	e5_hybrid	inferior	1.0	1.0
synthetic_4851	13668	bge_m3_hybrid	inferior	1.0	1.0
synthetic_4851	13669	bm25	inferior	1.0	1.0
synthetic_4851	13669	e5	inferior	0.8315546295836225	0.8315546295836225
synthetic_4851	13669	e5_hybrid	inferior	1.0	1.0
synthetic_4851	13669	bge_m3_hybrid	inferior	0.6131471927654584	0.7700871371433883
synthetic_4851	13670	bm25	superior	1.0	1.0
synthetic_4851	13670	e5	superior	0.8772153153380493	0.8772153153380493
synthetic_4851	13670	e5_hybrid	superior	1.0	1.0
synthetic_4851	13670	bge_m3_hybrid	superior	0.9197207891481876	0.9197207891481876
synthetic_4851	13671	bm25	inferior	0.8175295903539445	0.8175295903539445
synthetic_4851	13671	e5	inferior	0.7903864795495061	0.7903864795495061
synthetic_4851	13671	e5_hybrid	inferior	0.9197207891481876	0.9197207891481876
synthetic_4851	13671	bge_m3_hybrid	inferior	0.6131471927654584	0.7506416640794557
synthetic_4851	13672	bm25	inferior	1.0	1.0
synthetic_4851	13672	e5	inferior	1.0	1.0
synthetic_4851	13672	e5_hybrid	inferior	1.0	1.0
synthetic_4851	13672	bge_m3_hybrid	inferior	1.0	1.0
synthetic_4851	13673	bm25	superior	0.8179809735263114	0.8179809735263114
synthetic_4851	13673	e5	superior	0.8070380459557518	0.8070380459557518
synthetic_4851	13673	e5_hybrid	superior	0.86034433104172	0.86034433104172
synthetic_4851	13673	bge_m3_hybrid	superior	0.9066276098484507	0.9066276098484507
synthetic_4851	13674	bm25	inferior	0.8179809735263114	0.8179809735263114
synthetic_4851	13674	e5	inferior	0.9469024295259745	0.9469024295259745
synthetic_4851	13674	e5_hybrid	inferior	0.9674679834891693	0.9674679834891693
synthetic_4851	13674	bge_m3_hybrid	inferior	0.9674679834891693	0.9674679834891693
