method;half;recall;precision_interpolated
bm25;inferior;0.0;1.0
bm25;inferior;0.0018832391713747645;0.6666666666666666
bm25;inferior;0.003766478342749529;0.6666666666666666
bm25;inferior;0.005649717514124294;0.5714285714285714
bm25;inferior;0.007532956685499058;0.5714285714285714
bm25;inferior;0.009416195856873822;0.3125
bm25;inferior;0.011299435028248588;0.24
bm25;inferior;0.013182674199623353;0.23893805309734514
bm25;inferior;0.015065913370998116;0.23893805309734514
bm25;inferior;0.01694915254237288;0.23893805309734514
bm25;inferior;0.018832391713747645;0.23893805309734514
bm25;inferior;0.02071563088512241;0.23893805309734514
bm25;inferior;0.02448210922787194;0.23893805309734514
bm25;inferior;0.030131826741996232;0.23893805309734514
bm25;inferior;0.032015065913371;0.23893805309734514
bm25;inferior;0.03389830508474576;0.23893805309734514
bm25;inferior;0.035781544256120526;0.23893805309734514
bm25;inferior;0.03766478342749529;0.23893805309734514
bm25;inferior;0.04143126177024482;0.23893805309734514
bm25;inferior;0.04331450094161959;0.23893805309734514
bm25;inferior;0.05084745762711865;0.23893805309734514
bm25;inferior;0.05273069679849341;0.2345679012345679
bm25;inferior;0.054613935969868174;0.2345679012345679
bm25;inferior;0.05649717514124294;0.2345679012345679
bm25;inferior;0.0583804143126177;0.2345679012345679
bm25;inferior;0.060263653483992465;0.2345679012345679
bm25;inferior;0.062146892655367235;0.2345679012345679
bm25;inferior;0.064030131826742;0.2345679012345679
bm25;inferior;0.06591337099811675;0.2345679012345679
bm25;inferior;0.06779661016949153;0.2345679012345679
bm25;inferior;0.0696798493408663;0.2345679012345679
bm25;inferior;0.07156308851224105;0.2345679012345679
bm25;inferior;0.07344632768361582;0.2345679012345679
bm25;inferior;0.07532956685499058;0.2345679012345679
bm25;inferior;0.07721280602636535;0.2345679012345679
bm25;inferior;0.07909604519774012;0.2345679012345679
bm25;inferior;0.08286252354048965;0.2345679012345679
bm25;inferior;0.0847457627118644;0.2345679012345679
bm25;inferior;0.08662900188323917;0.2345679012345679
bm25;inferior;0.09227871939736347;0.2345679012345679
bm25;inferior;0.096045197740113;0.2345679012345679
bm25;inferior;0.09792843691148775;0.2345679012345679
bm25;inferior;0.09981167608286252;0.2345679012345679
bm25;inferior;0.10357815442561205;0.2345679012345679
bm25;inferior;0.10734463276836158;0.2345679012345679
bm25;inferior;0.10922787193973635;0.23106060606060605
bm25;inferior;0.11299435028248588;0.23106060606060605
bm25;inferior;0.11487758945386065;0.23106060606060605
bm25;inferior;0.1167608286252354;0.22748815165876776
bm25;inferior;0.11864406779661017;0.22748815165876776
bm25;inferior;0.12429378531073447;0.22748815165876776
bm25;inferior;0.128060263653484;0.22748815165876776
bm25;inferior;0.12994350282485875;0.22748815165876776
bm25;inferior;0.1318267419962335;0.22748815165876776
bm25;inferior;0.1337099811676083;0.22748815165876776
bm25;inferior;0.13559322033898305;0.22748815165876776
bm25;inferior;0.1374764595103578;0.22748815165876776
bm25;inferior;0.1431261770244821;0.22748815165876776
bm25;inferior;0.14500941619585686;0.22748815165876776
bm25;inferior;0.14689265536723164;0.22748815165876776
bm25;inferior;0.15065913370998116;0.22748815165876776
bm25;inferior;0.15254237288135594;0.22748815165876776
bm25;inferior;0.1544256120527307;0.22748815165876776
bm25;inferior;0.160075329566855;0.22748815165876776
bm25;inferior;0.16195856873822975;0.22748815165876776
bm25;inferior;0.1657250470809793;0.22748815165876776
bm25;inferior;0.16760828625235405;0.22748815165876776
bm25;inferior;0.1713747645951036;0.22748815165876776
bm25;inferior;0.17325800376647835;0.22748815165876776
bm25;inferior;0.1751412429378531;0.22748815165876776
bm25;inferior;0.17702448210922786;0.22748815165876776
bm25;inferior;0.17890772128060264;0.22748815165876776
bm25;inferior;0.1807909604519774;0.22748815165876776
bm25;inferior;0.18267419962335216;0.22614840989399293
bm25;inferior;0.18455743879472694;0.22614840989399293
bm25;inferior;0.1864406779661017;0.22614840989399293
bm25;inferior;0.18832391713747645;0.22614840989399293
bm25;inferior;0.1902071563088512;0.22614840989399293
bm25;inferior;0.192090395480226;0.22614840989399293
bm25;inferior;0.19397363465160075;0.22614840989399293
bm25;inferior;0.1958568738229755;0.22614840989399293
bm25;inferior;0.1977401129943503;0.22614840989399293
bm25;inferior;0.19962335216572505;0.22614840989399293
bm25;inferior;0.2015065913370998;0.22614840989399293
bm25;inferior;0.2033898305084746;0.22614840989399293
bm25;inferior;0.20527306967984935;0.22614840989399293
bm25;inferior;0.2071563088512241;0.22614840989399293
bm25;inferior;0.20903954802259886;0.22614840989399293
bm25;inferior;0.21092278719397364;0.22614840989399293
bm25;inferior;0.2128060263653484;0.22614840989399293
bm25;inferior;0.21468926553672316;0.22614840989399293
bm25;inferior;0.21657250470809794;0.22614840989399293
bm25;inferior;0.2184557438794727;0.22614840989399293
bm25;inferior;0.22033898305084745;0.22614840989399293
bm25;inferior;0.2222222222222222;0.22614840989399293
bm25;inferior;0.224105461393597;0.22614840989399293
bm25;inferior;0.22598870056497175;0.22614840989399293
bm25;inferior;0.2278719397363465;0.22614840989399293
bm25;inferior;0.23163841807909605;0.22614840989399293
bm25;inferior;0.2335216572504708;0.22614840989399293
bm25;inferior;0.23540489642184556;0.22614840989399293
bm25;inferior;0.23728813559322035;0.22614840989399293
bm25;inferior;0.24105461393596986;0.22614840989399293
bm25;inferior;0.24293785310734464;0.2253968253968254
bm25;inferior;0.2448210922787194;0.2253968253968254
bm25;inferior;0.24670433145009416;0.2253968253968254
bm25;inferior;0.2542372881355932;0.2253968253968254
bm25;inferior;0.256120527306968;0.2253968253968254
bm25;inferior;0.2580037664783427;0.2253968253968254
bm25;inferior;0.2598870056497175;0.2253968253968254
bm25;inferior;0.2674199623352166;0.2253968253968254
bm25;inferior;0.2693032015065913;0.22238805970149253
bm25;inferior;0.2711864406779661;0.22238805970149253
bm25;inferior;0.2749529190207156;0.22238805970149253
bm25;inferior;0.2787193973634652;0.22238805970149253
bm25;inferior;0.2806026365348399;0.22238805970149253
bm25;inferior;0.2824858757062147;0.22058823529411764
bm25;inferior;0.2862523540489642;0.21902017291066284
bm25;inferior;0.2900188323917137;0.2175141242937853
bm25;inferior;0.2919020715630885;0.21203830369357046
bm25;inferior;0.2937853107344633;0.20466321243523317
bm25;inferior;0.295668549905838;0.20466321243523317
bm25;inferior;0.2975517890772128;0.20466321243523317
bm25;inferior;0.2994350282485876;0.20278833967046894
bm25;inferior;0.3013182674199623;0.20278833967046894
bm25;inferior;0.3032015065913371;0.19885057471264367
bm25;inferior;0.3126177024482109;0.19885057471264367
bm25;inferior;0.3145009416195857;0.19885057471264367
bm25;inferior;0.3163841807909605;0.19885057471264367
bm25;inferior;0.3182674199623352;0.19885057471264367
bm25;inferior;0.3220338983050847;0.19885057471264367
bm25;inferior;0.3239171374764595;0.19885057471264367
bm25;inferior;0.3258003766478343;0.19885057471264367
bm25;inferior;0.3314500941619586;0.1918238993710692
bm25;inferior;0.3370998116760829;0.1918238993710692
bm25;inferior;0.3408662900188324;0.1918238993710692
bm25;inferior;0.3446327683615819;0.1918238993710692
bm25;inferior;0.3465160075329567;0.19127988748241911
bm25;inferior;0.3483992467043315;0.19127988748241911
bm25;inferior;0.3502824858757062;0.19127988748241911
bm25;inferior;0.352165725047081;0.19127988748241911
bm25;inferior;0.35969868173258;0.19127988748241911
bm25;inferior;0.3615819209039548;0.19127988748241911
bm25;inferior;0.3634651600753296;0.19127988748241911
bm25;inferior;0.3653483992467043;0.19127988748241911
bm25;inferior;0.3672316384180791;0.19127988748241911
bm25;inferior;0.3691148775894539;0.19127988748241911
bm25;inferior;0.3709981167608286;0.19127988748241911
bm25;inferior;0.3728813559322034;0.19127988748241911
bm25;inferior;0.3766478342749529;0.19127988748241911
bm25;inferior;0.3804143126177024;0.19127988748241911
bm25;inferior;0.3822975517890772;0.19127988748241911
bm25;inferior;0.384180790960452;0.19127988748241911
bm25;inferior;0.3860640301318267;0.19127988748241911
bm25;inferior;0.3879472693032015;0.19127988748241911
bm25;inferior;0.391713747645951;0.19127988748241911
bm25;inferior;0.3935969868173258;0.19127988748241911
bm25;inferior;0.3954802259887006;0.19127988748241911
bm25;inferior;0.3973634651600753;0.19127988748241911
bm25;inferior;0.4011299435028249;0.19127988748241911
bm25;inferior;0.4030131826741996;0.19127988748241911
bm25;inferior;0.4048964218455744;0.19127988748241911
bm25;inferior;0.4067796610169492;0.19127988748241911
bm25;inferior;0.4105461393596987;0.19127988748241911
bm25;inferior;0.4124293785310734;0.19127988748241911
bm25;inferior;0.4180790960451977;0.19127988748241911
bm25;inferior;0.4218455743879473;0.19127988748241911
bm25;inferior;0.423728813559322;0.19127988748241911
bm25;inferior;0.4256120527306968;0.19127988748241911
bm25;inferior;0.4274952919020716;0.19127988748241911
bm25;inferior;0.4293785310734463;0.19127988748241911
bm25;inferior;0.4312617702448211;0.19127988748241911
bm25;inferior;0.4331450094161959;0.19127988748241911
bm25;inferior;0.4350282485875706;0.19127988748241911
bm25;inferior;0.4369114877589454;0.19127988748241911
bm25;inferior;0.4387947269303202;0.19127988748241911
bm25;inferior;0.4406779661016949;0.19127988748241911
bm25;inferior;0.4444444444444444;0.19127988748241911
bm25;inferior;0.4463276836158192;0.19127988748241911
bm25;inferior;0.448210922787194;0.19127988748241911
bm25;inferior;0.4519774011299435;0.19127988748241911
bm25;inferior;0.455743879472693;0.19127988748241911
bm25;inferior;0.4632768361581921;0.19127988748241911
bm25;inferior;0.4670433145009416;0.19127988748241911
bm25;inferior;0.4689265536723164;0.19127988748241911
bm25;inferior;0.4726930320150659;0.19127988748241911
bm25;inferior;0.4745762711864407;0.19127988748241911
bm25;inferior;0.4783427495291902;0.19127988748241911
bm25;inferior;0.480225988700565;0.19127988748241911
bm25;inferior;0.4821092278719397;0.19127988748241911
bm25;inferior;0.4839924670433145;0.19127988748241911
bm25;inferior;0.4896421845574388;0.19127988748241911
bm25;inferior;0.4915254237288136;0.19127988748241911
bm25;inferior;0.4934086629001883;0.19127988748241911
bm25;inferior;0.4952919020715631;0.19127988748241911
bm25;inferior;0.4971751412429379;0.19127988748241911
bm25;inferior;0.4990583804143126;0.19127988748241911
bm25;inferior;0.5009416195856874;0.19127988748241911
bm25;inferior;0.5028248587570622;0.19127988748241911
bm25;inferior;0.5065913370998116;0.19127988748241911
bm25;inferior;0.5084745762711864;0.19127988748241911
bm25;inferior;0.5103578154425612;0.19127988748241911
bm25;inferior;0.512241054613936;0.19127988748241911
bm25;inferior;0.5141242937853108;0.19050942079553385
bm25;inferior;0.5160075329566854;0.18356527501656728
bm25;inferior;0.519774011299435;0.18356527501656728
bm25;inferior;0.5216572504708098;0.18356527501656728
bm25;inferior;0.5235404896421846;0.18337730870712401
bm25;inferior;0.5254237288135594;0.18193548387096775
bm25;inferior;0.527306967984934;0.18193548387096775
bm25;inferior;0.5291902071563088;0.18193548387096775
bm25;inferior;0.5310734463276836;0.18193548387096775
bm25;inferior;0.5329566854990584;0.18027638190954773
bm25;inferior;0.5348399246704332;0.18027638190954773
bm25;inferior;0.536723163841808;0.18027638190954773
bm25;inferior;0.5386064030131826;0.18027638190954773
bm25;inferior;0.5404896421845574;0.18027638190954773
bm25;inferior;0.5423728813559322;0.17964438994481913
bm25;inferior;0.544256120527307;0.17964438994481913
bm25;inferior;0.551789077212806;0.17964438994481913
bm25;inferior;0.5536723163841808;0.1794871794871795
bm25;inferior;0.5574387947269304;0.178743961352657
bm25;inferior;0.5612052730696798;0.17612293144208038
bm25;inferior;0.5630885122410546;0.1756210283073368
bm25;inferior;0.5649717514124294;0.1756210283073368
bm25;inferior;0.5668549905838042;0.1756210283073368
bm25;inferior;0.568738229755179;0.1756210283073368
bm25;inferior;0.5706214689265536;0.1756210283073368
bm25;inferior;0.5725047080979284;0.1756210283073368
bm25;inferior;0.576271186440678;0.17333333333333334
bm25;inferior;0.5781544256120528;0.17333333333333334
bm25;inferior;0.5800376647834274;0.17333333333333334
bm25;inferior;0.5819209039548022;0.17333333333333334
bm25;inferior;0.583804143126177;0.17333333333333334
bm25;inferior;0.5856873822975518;0.17333333333333334
bm25;inferior;0.5875706214689266;0.17333333333333334
bm25;inferior;0.5894538606403014;0.1727373068432671
bm25;inferior;0.591337099811676;0.17233809001097694
bm25;inferior;0.5932203389830508;0.17167381974248927
bm25;inferior;0.5969868173258004;0.17167381974248927
bm25;inferior;0.6026365348399246;0.17167381974248927
bm25;inferior;0.6045197740112994;0.17
bm25;inferior;0.6064030131826742;0.17
bm25;inferior;0.608286252354049;0.17
bm25;inferior;0.6101694915254238;0.168481078278901
bm25;inferior;0.6120527306967984;0.168481078278901
bm25;inferior;0.6139359698681732;0.16795466254507985
bm25;inferior;0.615819209039548;0.1672634271099744
bm25;inferior;0.6177024482109228;0.16466466466466467
bm25;inferior;0.6195856873822976;0.16466466466466467
bm25;inferior;0.6214689265536724;0.16334106728538283
bm25;inferior;0.623352165725047;0.16334106728538283
bm25;inferior;0.6271186440677966;0.16334106728538283
bm25;inferior;0.6308851224105462;0.16334106728538283
bm25;inferior;0.632768361581921;0.16334106728538283
bm25;inferior;0.6346516007532956;0.16334106728538283
bm25;inferior;0.6384180790960452;0.16334106728538283
bm25;inferior;0.64030131826742;0.16334106728538283
bm25;inferior;0.6421845574387948;0.16334106728538283
bm25;inferior;0.6459510357815442;0.16334106728538283
bm25;inferior;0.6497175141242938;0.16334106728538283
bm25;inferior;0.6516007532956686;0.16334106728538283
bm25;inferior;0.6534839924670434;0.16334106728538283
bm25;inferior;0.655367231638418;0.16334106728538283
bm25;inferior;0.6610169491525424;0.16334106728538283
bm25;inferior;0.6629001883239172;0.16334106728538283
bm25;inferior;0.664783427495292;0.16293929712460065
bm25;inferior;0.6666666666666666;0.16293929712460065
bm25;inferior;0.6685499058380414;0.16293929712460065
bm25;inferior;0.672316384180791;0.16293929712460065
bm25;inferior;0.6741996233521658;0.1625169760072431
bm25;inferior;0.6760828625235404;0.1625169760072431
bm25;inferior;0.6779661016949152;0.1617383512544803
bm25;inferior;0.67984934086629;0.1617383512544803
bm25;inferior;0.6817325800376648;0.16153502900490851
bm25;inferior;0.6836158192090396;0.16140506891951978
bm25;inferior;0.6854990583804144;0.1609907120743034
bm25;inferior;0.687382297551789;0.15897212543554007
bm25;inferior;0.6892655367231638;0.15769065058164583
bm25;inferior;0.6911487758945386;0.15753424657534246
bm25;inferior;0.6930320150659134;0.15753424657534246
bm25;inferior;0.7005649717514124;0.15236928104575165
bm25;inferior;0.7024482109227872;0.15236928104575165
bm25;inferior;0.704331450094162;0.15219155844155843
bm25;inferior;0.7062146892655368;0.15219155844155843
bm25;inferior;0.7080979284369114;0.15216511533791988
bm25;inferior;0.7099811676082862;0.14972200158856236
bm25;inferior;0.711864406779661;0.14493865030674846
bm25;inferior;0.7175141242937854;0.14475683890577506
bm25;inferior;0.71939736346516;0.14398793818318883
bm25;inferior;0.7212806026365348;0.14393085306275835
bm25;inferior;0.7231638418079096;0.14360041623309053
bm25;inferior;0.7250470809792844;0.14360041623309053
bm25;inferior;0.7288135593220338;0.14360041623309053
bm25;inferior;0.7306967984934086;0.14360041623309053
bm25;inferior;0.7325800376647834;0.14360041623309053
bm25;inferior;0.736346516007533;0.14360041623309053
bm25;inferior;0.7382297551789078;0.14360041623309053
bm25;inferior;0.7419962335216572;0.14360041623309053
bm25;inferior;0.7495291902071564;0.14360041623309053
bm25;inferior;0.7532956685499058;0.14360041623309053
bm25;inferior;0.7570621468926554;0.14360041623309053
bm25;inferior;0.7589453860640302;0.14360041623309053
bm25;inferior;0.7608286252354048;0.14360041623309053
bm25;inferior;0.7627118644067796;0.14360041623309053
bm25;inferior;0.768361581920904;0.14360041623309053
bm25;inferior;0.7702448210922788;0.14360041623309053
bm25;inferior;0.7721280602636534;0.14360041623309053
bm25;inferior;0.775894538606403;0.14360041623309053
bm25;inferior;0.7777777777777778;0.14360041623309053
bm25;inferior;0.7796610169491526;0.14360041623309053
bm25;inferior;0.7815442561205274;0.1418849948962232
bm25;inferior;0.783427495291902;0.1418849948962232
bm25;inferior;0.7853107344632768;0.1418849948962232
bm25;inferior;0.7890772128060264;0.14074571716493114
bm25;inferior;0.7909604519774012;0.13614262560777957
bm25;inferior;0.7928436911487758;0.13532626165220185
bm25;inferior;0.7947269303201506;0.13109661385523455
bm25;inferior;0.7966101694915254;0.13100030969340354
bm25;inferior;0.7984934086629002;0.12978723404255318
bm25;inferior;0.800376647834275;0.12978723404255318
bm25;inferior;0.8022598870056498;0.12978723404255318
bm25;inferior;0.8041431261770244;0.12978723404255318
bm25;inferior;0.8060263653483992;0.12851165570830841
bm25;inferior;0.807909604519774;0.12851165570830841
bm25;inferior;0.8097928436911488;0.12851165570830841
bm25;inferior;0.8116760828625236;0.12628186346322884
bm25;inferior;0.8192090395480226;0.12610556348074178
bm25;inferior;0.8210922787193974;0.12610556348074178
bm25;inferior;0.8229755178907722;0.12610556348074178
bm25;inferior;0.8248587570621468;0.12610556348074178
bm25;inferior;0.8286252354048964;0.12610556348074178
bm25;inferior;0.832391713747646;0.12610556348074178
bm25;inferior;0.8342749529190208;0.1226806978676267
bm25;inferior;0.8380414312617702;0.12072707542051003
bm25;inferior;0.839924670433145;0.11675392670157068
bm25;inferior;0.8418079096045198;0.11559348332040341
bm25;inferior;0.8436911487758946;0.11549368393915958
bm25;inferior;0.8455743879472694;0.11462047885888946
bm25;inferior;0.847457627118644;0.11462047885888946
bm25;inferior;0.8493408662900188;0.10963213939980639
bm25;inferior;0.8531073446327684;0.10963213939980639
bm25;inferior;0.8549905838041432;0.10863843024647045
bm25;inferior;0.8568738229755178;0.10728601744871492
bm25;inferior;0.8587570621468926;0.10724365004703669
bm25;inferior;0.8606403013182674;0.10593416782568382
bm25;inferior;0.864406779661017;0.10513055428309666
bm25;inferior;0.871939736346516;0.10314101136110493
bm25;inferior;0.8757062146892656;0.10150294053583098
bm25;inferior;0.8775894538606404;0.10150294053583098
bm25;inferior;0.879472693032015;0.0970893970893971
bm25;inferior;0.8813559322033898;0.09665427509293681
bm25;inferior;0.8832391713747646;0.09650205761316873
bm25;inferior;0.8851224105461394;0.09629174349518542
bm25;inferior;0.8888888888888888;0.09574036511156186
bm25;inferior;0.8926553672316384;0.0951425130469691
bm25;inferior;0.8945386064030132;0.095
bm25;inferior;0.896421845574388;0.0942874085787705
bm25;inferior;0.8983050847457628;0.0942874085787705
bm25;inferior;0.9001883239171374;0.0887815750371471
bm25;inferior;0.9020715630885122;0.08129667345553293
bm25;inferior;0.903954802259887;0.08008008008008008
bm25;inferior;0.9058380414312618;0.07617991764333228
bm25;inferior;0.9096045197740112;0.0743992606284658
bm25;inferior;0.9171374764595104;0.06866892272983643
bm25;inferior;0.9190207156308852;0.0643035973118988
bm25;inferior;0.9209039548022598;0.0613166144200627
bm25;inferior;0.9227871939736346;0.0605386706202125
bm25;inferior;0.9246704331450094;0.059142375331245486
bm25;inferior;0.928436911487759;0.05633641869500629
bm25;inferior;0.9303201506591338;0.054101412769685685
bm25;inferior;0.9340866290018832;0.05381944444444445
bm25;inferior;0.935969868173258;0.05253144487897685
bm25;inferior;0.9378531073446328;0.04938149430974765
bm25;inferior;0.9397363465160076;0.04938149430974765
bm25;inferior;0.9510357815442562;0.04764579238041749
bm25;inferior;0.9585687382297552;0.04764579238041749
bm25;inferior;0.96045197740113;0.04764128911723494
bm25;inferior;0.9623352165725048;0.044527710003485536
bm25;inferior;0.9698681732580038;0.042572538645945276
bm25;inferior;0.9736346516007532;0.04235621825331804
bm25;inferior;0.975517890772128;0.03954802259887006
bm25;inferior;0.9774011299435028;0.03953683248266931
bm25;inferior;0.9792843691148776;0.03389830508474576
bm25;inferior;0.9811676082862524;0.033498360444930236
bm25;inferior;0.9849340866290018;0.0306224017799637
bm25;inferior;0.9868173258003766;0.02230831453020563
bm25;inferior;0.9905838041431262;0.02212128858608798
bm25;inferior;0.9943502824858758;0.016984045290787442
bm25;inferior;0.9981167608286252;0.013918432731951995
bm25;inferior;1.0;0.0
bm25;superior;0.0;1.0
bm25;superior;0.002012072434607646;1.0
bm25;superior;0.004024144869215292;1.0
bm25;superior;0.006036217303822937;0.6666666666666666
bm25;superior;0.008048289738430584;0.6666666666666666
bm25;superior;0.01006036217303823;0.6666666666666666
bm25;superior;0.012072434607645875;0.6666666666666666
bm25;superior;0.014084507042253521;0.6666666666666666
bm25;superior;0.018108651911468814;0.6666666666666666
bm25;superior;0.022132796780684104;0.6666666666666666
bm25;superior;0.02414486921529175;0.6666666666666666
bm25;superior;0.026156941649899398;0.6666666666666666
bm25;superior;0.030181086519114688;0.6666666666666666
bm25;superior;0.03219315895372234;0.6666666666666666
bm25;superior;0.03822937625754527;0.6666666666666666
bm25;superior;0.04024144869215292;0.6666666666666666
bm25;superior;0.04225352112676056;0.6666666666666666
bm25;superior;0.04426559356136821;0.6666666666666666
bm25;superior;0.0482897384305835;0.6666666666666666
bm25;superior;0.05030181086519115;0.6666666666666666
bm25;superior;0.052313883299798795;0.6666666666666666
bm25;superior;0.056338028169014086;0.6666666666666666
bm25;superior;0.05835010060362173;0.6666666666666666
bm25;superior;0.060362173038229376;0.6666666666666666
bm25;superior;0.06237424547283702;0.6666666666666666
bm25;superior;0.06438631790744467;0.6666666666666666
bm25;superior;0.06639839034205232;0.6666666666666666
bm25;superior;0.06841046277665996;0.6666666666666666
bm25;superior;0.07042253521126761;0.6666666666666666
bm25;superior;0.07243460764587525;0.6666666666666666
bm25;superior;0.0744466800804829;0.6666666666666666
bm25;superior;0.07645875251509054;0.6666666666666666
bm25;superior;0.08048289738430583;0.6666666666666666
bm25;superior;0.08249496981891348;0.6612903225806451
bm25;superior;0.08450704225352113;0.647887323943662
bm25;superior;0.08853118712273642;0.647887323943662
bm25;superior;0.0925553319919517;0.647887323943662
bm25;superior;0.09456740442655935;0.6105263157894737
bm25;superior;0.096579476861167;0.6105263157894737
bm25;superior;0.1006036217303823;0.6105263157894737
bm25;superior;0.10462776659959759;0.6105263157894737
bm25;superior;0.10865191146881288;0.6105263157894737
bm25;superior;0.11066398390342053;0.6105263157894737
bm25;superior;0.11267605633802817;0.6105263157894737
bm25;superior;0.11468812877263582;0.6105263157894737
bm25;superior;0.11670020120724346;0.6105263157894737
bm25;superior;0.11871227364185111;0.59
bm25;superior;0.12072434607645875;0.5555555555555556
bm25;superior;0.1227364185110664;0.525
bm25;superior;0.12474849094567404;0.525
bm25;superior;0.1267605633802817;0.525
bm25;superior;0.12877263581488935;0.525
bm25;superior;0.13078470824949698;0.525
bm25;superior;0.13279678068410464;0.525
bm25;superior;0.13682092555331993;0.525
bm25;superior;0.13883299798792756;0.525
bm25;superior;0.14285714285714285;0.525
bm25;superior;0.1448692152917505;0.525
bm25;superior;0.14688128772635814;0.525
bm25;superior;0.1488933601609658;0.525
bm25;superior;0.15090543259557343;0.525
bm25;superior;0.1529175050301811;0.525
bm25;superior;0.15694164989939638;0.525
bm25;superior;0.158953722334004;0.525
bm25;superior;0.16096579476861167;0.525
bm25;superior;0.16297786720321933;0.525
bm25;superior;0.16498993963782696;0.525
bm25;superior;0.16700201207243462;0.525
bm25;superior;0.16901408450704225;0.525
bm25;superior;0.1710261569416499;0.525
bm25;superior;0.17303822937625754;0.525
bm25;superior;0.18309859154929578;0.525
bm25;superior;0.1851106639839034;0.525
bm25;superior;0.18712273641851107;0.525
bm25;superior;0.1891348088531187;0.525
bm25;superior;0.19114688128772636;0.525
bm25;superior;0.19718309859154928;0.525
bm25;superior;0.19919517102615694;0.525
bm25;superior;0.2012072434607646;0.525
bm25;superior;0.20321931589537223;0.525
bm25;superior;0.2112676056338028;0.525
bm25;superior;0.21327967806841047;0.5071633237822349
bm25;superior;0.2152917505030181;0.5071633237822349
bm25;superior;0.2193158953722334;0.5071633237822349
bm25;superior;0.22334004024144868;0.5071633237822349
bm25;superior;0.22535211267605634;0.5071633237822349
bm25;superior;0.22736418511066397;0.5071633237822349
bm25;superior;0.22937625754527163;0.5071633237822349
bm25;superior;0.23138832997987926;0.5071633237822349
bm25;superior;0.23340040241448692;0.5071633237822349
bm25;superior;0.23541247484909456;0.5071633237822349
bm25;superior;0.23742454728370221;0.5071633237822349
bm25;superior;0.2454728370221328;0.5071633237822349
bm25;superior;0.24748490945674045;0.5071633237822349
bm25;superior;0.24949698189134809;0.5071633237822349
bm25;superior;0.2515090543259557;0.5071633237822349
bm25;superior;0.25553319919517103;0.5071633237822349
bm25;superior;0.26156941649899396;0.5071633237822349
bm25;superior;0.2655935613682093;0.5071633237822349
bm25;superior;0.2776659959758551;0.5071633237822349
bm25;superior;0.2796780684104628;0.5071633237822349
bm25;superior;0.2837022132796781;0.5071633237822349
bm25;superior;0.2857142857142857;0.5071633237822349
bm25;superior;0.28772635814889336;0.5071633237822349
bm25;superior;0.2937625754527163;0.5071633237822349
bm25;superior;0.29577464788732394;0.5071633237822349
bm25;superior;0.30181086519114686;0.5071633237822349
bm25;superior;0.30784708249496984;0.5071633237822349
bm25;superior;0.30985915492957744;0.5071633237822349
bm25;superior;0.3118712273641851;0.5071633237822349
bm25;superior;0.31388329979879276;0.5071633237822349
bm25;superior;0.3158953722334004;0.5071633237822349
bm25;superior;0.317907444668008;0.5071633237822349
bm25;superior;0.32193158953722334;0.5071633237822349
bm25;superior;0.323943661971831;0.5071633237822349
bm25;superior;0.32595573440643866;0.5071633237822349
bm25;superior;0.32796780684104626;0.5071633237822349
bm25;superior;0.3299798792756539;0.5071633237822349
bm25;superior;0.3319919517102616;0.5071633237822349
bm25;superior;0.3380281690140845;0.5071633237822349
bm25;superior;0.34004024144869216;0.5071633237822349
bm25;superior;0.3460764587525151;0.5071633237822349
bm25;superior;0.34808853118712274;0.5071633237822349
bm25;superior;0.3501006036217304;0.5071633237822349
bm25;superior;0.3561368209255533;0.5071633237822349
bm25;superior;0.358148893360161;0.5069637883008357
bm25;superior;0.36016096579476864;0.5069637883008357
bm25;superior;0.36217303822937624;0.5069637883008357
bm25;superior;0.3641851106639839;0.5069637883008357
bm25;superior;0.36619718309859156;0.5069637883008357
bm25;superior;0.37424547283702214;0.5065616797900262
bm25;superior;0.3762575452716298;0.5065616797900262
bm25;superior;0.3782696177062374;0.5065616797900262
bm25;superior;0.38028169014084506;0.5065616797900262
bm25;superior;0.3822937625754527;0.5065616797900262
bm25;superior;0.3843058350100604;0.5065616797900262
bm25;superior;0.386317907444668;0.5065616797900262
bm25;superior;0.38832997987927564;0.5065616797900262
bm25;superior;0.3903420523138833;0.5
bm25;superior;0.39235412474849096;0.5
bm25;superior;0.39436619718309857;0.48184019370460046
bm25;superior;0.3963782696177062;0.48184019370460046
bm25;superior;0.3983903420523139;0.48184019370460046
bm25;superior;0.40040241448692154;0.48184019370460046
bm25;superior;0.4024144869215292;0.43613138686131386
bm25;superior;0.4044265593561368;0.43613138686131386
bm25;superior;0.40643863179074446;0.43613138686131386
bm25;superior;0.4084507042253521;0.43613138686131386
bm25;superior;0.4104627766599598;0.43613138686131386
bm25;superior;0.4164989939637827;0.43613138686131386
bm25;superior;0.41851106639839036;0.43613138686131386
bm25;superior;0.42052313883299797;0.43613138686131386
bm25;superior;0.4225352112676056;0.43613138686131386
bm25;superior;0.4245472837022133;0.43613138686131386
bm25;superior;0.43259557344064387;0.43613138686131386
bm25;superior;0.4346076458752515;0.43613138686131386
bm25;superior;0.43661971830985913;0.43613138686131386
bm25;superior;0.4386317907444668;0.43613138686131386
bm25;superior;0.44064386317907445;0.43613138686131386
bm25;superior;0.44466800804828976;0.43613138686131386
bm25;superior;0.44668008048289737;0.43613138686131386
bm25;superior;0.448692152917505;0.43613138686131386
bm25;superior;0.4507042253521127;0.43613138686131386
bm25;superior;0.45271629778672035;0.43613138686131386
bm25;superior;0.45472837022132795;0.43613138686131386
bm25;superior;0.45875251509054327;0.43613138686131386
bm25;superior;0.46277665995975853;0.43613138686131386
bm25;superior;0.4647887323943662;0.43613138686131386
bm25;superior;0.46680080482897385;0.43613138686131386
bm25;superior;0.4688128772635815;0.43613138686131386
bm25;superior;0.4708249496981891;0.43613138686131386
bm25;superior;0.47283702213279677;0.43613138686131386
bm25;superior;0.4768611670020121;0.43613138686131386
bm25;superior;0.4788732394366197;0.43613138686131386
bm25;superior;0.48088531187122735;0.43613138686131386
bm25;superior;0.482897384305835;0.43243243243243246
bm25;superior;0.48490945674044267;0.4288256227758007
bm25;superior;0.4869215291750503;0.4245614035087719
bm25;superior;0.4909456740442656;0.4236111111111111
bm25;superior;0.49295774647887325;0.422680412371134
bm25;superior;0.4949698189134809;0.422680412371134
bm25;superior;0.4969818913480885;0.41430948419301167
bm25;superior;0.49899396378269617;0.41430948419301167
bm25;superior;0.5010060362173038;0.41430948419301167
bm25;superior;0.5030181086519114;0.4132231404958678
bm25;superior;0.5050301810865191;0.4110929853181077
bm25;superior;0.5070422535211268;0.4110929853181077
bm25;superior;0.5090543259557344;0.40544871794871795
bm25;superior;0.5110663983903421;0.4031746031746032
bm25;superior;0.5171026156941649;0.40093603744149764
bm25;superior;0.5191146881287726;0.3533007334963325
bm25;superior;0.5211267605633803;0.3533007334963325
bm25;superior;0.5251509054325956;0.3533007334963325
bm25;superior;0.5271629778672032;0.3533007334963325
bm25;superior;0.5291750503018109;0.3533007334963325
bm25;superior;0.5372233400402414;0.3533007334963325
bm25;superior;0.5392354124748491;0.3533007334963325
bm25;superior;0.5412474849094567;0.3533007334963325
bm25;superior;0.545271629778672;0.3533007334963325
bm25;superior;0.5472837022132797;0.3533007334963325
bm25;superior;0.5492957746478874;0.3533007334963325
bm25;superior;0.5513078470824949;0.3533007334963325
bm25;superior;0.5533199195171026;0.3533007334963325
bm25;superior;0.5553319919517102;0.3533007334963325
bm25;superior;0.5573440643863179;0.3533007334963325
bm25;superior;0.5613682092555332;0.3533007334963325
bm25;superior;0.5633802816901409;0.3533007334963325
bm25;superior;0.5653923541247485;0.3533007334963325
bm25;superior;0.5674044265593562;0.3533007334963325
bm25;superior;0.5694164989939637;0.3533007334963325
bm25;superior;0.5734406438631791;0.3533007334963325
bm25;superior;0.5754527162977867;0.3533007334963325
bm25;superior;0.5774647887323944;0.3533007334963325
bm25;superior;0.5814889336016097;0.3533007334963325
bm25;superior;0.5835010060362174;0.3026052104208417
bm25;superior;0.5855130784708249;0.3026052104208417
bm25;superior;0.5915492957746479;0.3026052104208417
bm25;superior;0.5935613682092555;0.3026052104208417
bm25;superior;0.5955734406438632;0.3026052104208417
bm25;superior;0.5995975855130785;0.3026052104208417
bm25;superior;0.6036217303822937;0.3026052104208417
bm25;superior;0.6056338028169014;0.3026052104208417
bm25;superior;0.607645875251509;0.3026052104208417
bm25;superior;0.6096579476861167;0.30234833659491195
bm25;superior;0.6116700201207244;0.30234833659491195
bm25;superior;0.613682092555332;0.30234833659491195
bm25;superior;0.6156941649899397;0.30234833659491195
bm25;superior;0.6197183098591549;0.30234833659491195
bm25;superior;0.6217303822937625;0.30234833659491195
bm25;superior;0.6237424547283702;0.2948960302457467
bm25;superior;0.6257545271629779;0.2948960302457467
bm25;superior;0.6277665995975855;0.2948960302457467
bm25;superior;0.6297786720321932;0.28094462540716614
bm25;superior;0.6317907444668008;0.28094462540716614
bm25;superior;0.6338028169014085;0.28094462540716614
bm25;superior;0.635814889336016;0.28094462540716614
bm25;superior;0.6378269617706237;0.28094462540716614
bm25;superior;0.6398390342052314;0.28094462540716614
bm25;superior;0.641851106639839;0.28094462540716614
bm25;superior;0.6438631790744467;0.28094462540716614
bm25;superior;0.647887323943662;0.28094462540716614
bm25;superior;0.6498993963782697;0.28094462540716614
bm25;superior;0.6519114688128773;0.28094462540716614
bm25;superior;0.6539235412474849;0.28094462540716614
bm25;superior;0.6559356136820925;0.28094462540716614
bm25;superior;0.6579476861167002;0.28094462540716614
bm25;superior;0.6599597585513078;0.28094462540716614
bm25;superior;0.6619718309859155;0.28094462540716614
bm25;superior;0.6659959758551308;0.28094462540716614
bm25;superior;0.670020120724346;0.28094462540716614
bm25;superior;0.6780684104627767;0.28094462540716614
bm25;superior;0.682092555331992;0.28094462540716614
bm25;superior;0.6841046277665996;0.28094462540716614
bm25;superior;0.6861167002012073;0.28094462540716614
bm25;superior;0.6881287726358148;0.28094462540716614
bm25;superior;0.6901408450704225;0.28094462540716614
bm25;superior;0.6941649899396378;0.28094462540716614
bm25;superior;0.6961770623742455;0.27993527508090615
bm25;superior;0.6981891348088531;0.24914442162902123
bm25;superior;0.7002012072434608;0.24914442162902123
bm25;superior;0.7022132796780685;0.24914442162902123
bm25;superior;0.704225352112676;0.24914442162902123
bm25;superior;0.7082494969818913;0.24914442162902123
bm25;superior;0.710261569416499;0.24914442162902123
bm25;superior;0.7122736418511066;0.24914442162902123
bm25;superior;0.7142857142857143;0.24914442162902123
bm25;superior;0.716297786720322;0.24914442162902123
bm25;superior;0.7183098591549296;0.24914442162902123
bm25;superior;0.7223340040241448;0.24914442162902123
bm25;superior;0.7243460764587525;0.24914442162902123
bm25;superior;0.7263581488933601;0.24914442162902123
bm25;superior;0.7283702213279678;0.24914442162902123
bm25;superior;0.7303822937625755;0.24914442162902123
bm25;superior;0.7323943661971831;0.24914442162902123
bm25;superior;0.7344064386317908;0.2446183953033268
bm25;superior;0.738430583501006;0.2446183953033268
bm25;superior;0.7424547283702213;0.2446183953033268
bm25;superior;0.744466800804829;0.2446183953033268
bm25;superior;0.7464788732394366;0.2446183953033268
bm25;superior;0.7484909456740443;0.2446183953033268
bm25;superior;0.7505030181086519;0.2446183953033268
bm25;superior;0.7525150905432596;0.2446183953033268
bm25;superior;0.7545271629778671;0.2446183953033268
bm25;superior;0.7565392354124748;0.2444876783398184
bm25;superior;0.7585513078470825;0.2444876783398184
bm25;superior;0.7605633802816901;0.24374599101988453
bm25;superior;0.7625754527162978;0.24374599101988453
bm25;superior;0.7645875251509054;0.24374599101988453
bm25;superior;0.7665995975855131;0.2414448669201521
bm25;superior;0.7686116700201208;0.2394984326018809
bm25;superior;0.7706237424547284;0.2390761548064919
bm25;superior;0.772635814889336;0.23880597014925373
bm25;superior;0.7746478873239436;0.23789086450030655
bm25;superior;0.778672032193159;0.23789086450030655
bm25;superior;0.7806841046277666;0.23789086450030655
bm25;superior;0.7826961770623743;0.23604368932038836
bm25;superior;0.7847082494969819;0.21707988980716253
bm25;superior;0.7867203219315896;0.21707988980716253
bm25;superior;0.7927565392354124;0.21707988980716253
bm25;superior;0.7947686116700201;0.21691378363536518
bm25;superior;0.7967806841046278;0.2053525476067936
bm25;superior;0.8008048289738431;0.2053525476067936
bm25;superior;0.8028169014084507;0.2053525476067936
bm25;superior;0.8048289738430584;0.20335536349771224
bm25;superior;0.806841046277666;0.2026275896917635
bm25;superior;0.8088531187122736;0.1686143572621035
bm25;superior;0.8108651911468813;0.1686143572621035
bm25;superior;0.8128772635814889;0.1686143572621035
bm25;superior;0.8148893360160966;0.16483516483516483
bm25;superior;0.8169014084507042;0.16173570019723865
bm25;superior;0.8189134808853119;0.16173570019723865
bm25;superior;0.8209255533199196;0.16173570019723865
bm25;superior;0.8229376257545271;0.16173570019723865
bm25;superior;0.8249496981891348;0.16173570019723865
bm25;superior;0.8269617706237424;0.16123970184386033
bm25;superior;0.8289738430583501;0.15952105059868676
bm25;superior;0.8309859154929577;0.15952105059868676
bm25;superior;0.8329979879275654;0.15916955017301038
bm25;superior;0.8350100603621731;0.15841584158415842
bm25;superior;0.8370221327967807;0.15841584158415842
bm25;superior;0.8390342052313883;0.13993399339933993
bm25;superior;0.8430583501006036;0.13993399339933993
bm25;superior;0.8450704225352113;0.13993399339933993
bm25;superior;0.8531187122736419;0.13993399339933993
bm25;superior;0.8571428571428571;0.1393523061825319
bm25;superior;0.8591549295774648;0.13926940639269406
bm25;superior;0.8631790744466801;0.13905996758508915
bm25;superior;0.8672032193158954;0.1344773790951638
bm25;superior;0.869215291750503;0.13178767541183647
bm25;superior;0.8732394366197183;0.12851643470535978
bm25;superior;0.8752515090543259;0.12748538011695906
bm25;superior;0.8772635814889336;0.12748538011695906
bm25;superior;0.8792756539235412;0.12739765244775264
bm25;superior;0.8812877263581489;0.12739765244775264
bm25;superior;0.8832997987927566;0.12739765244775264
bm25;superior;0.8853118712273642;0.12739765244775264
bm25;superior;0.8873239436619719;0.12739765244775264
bm25;superior;0.8953722334004024;0.12739765244775264
bm25;superior;0.89738430583501;0.1263456090651558
bm25;superior;0.8993963782696177;0.1257737760270118
bm25;superior;0.9014084507042254;0.12570145903479238
bm25;superior;0.903420523138833;0.12461837357757424
bm25;superior;0.9054325955734407;0.12400110223201984
bm25;superior;0.9074446680080482;0.12157073695535234
bm25;superior;0.9094567404426559;0.12157073695535234
bm25;superior;0.9114688128772636;0.12096128170894525
bm25;superior;0.9134808853118712;0.11967385586533404
bm25;superior;0.9154929577464789;0.11967385586533404
bm25;superior;0.9175050301810865;0.11899791231732777
bm25;superior;0.9195171026156942;0.11837048424289008
bm25;superior;0.9215291750503019;0.11837048424289008
bm25;superior;0.9295774647887324;0.11837048424289008
bm25;superior;0.93158953722334;0.11543256045873847
bm25;superior;0.9336016096579477;0.11463714637146372
bm25;superior;0.937625754527163;0.11463714637146372
bm25;superior;0.9396378269617707;0.11451692005885238
bm25;superior;0.9436619718309859;0.11405642023346303
bm25;superior;0.9456740442655935;0.1126425855513308
bm25;superior;0.9476861167002012;0.1126425855513308
bm25;superior;0.9496981891348089;0.1126425855513308
bm25;superior;0.9517102615694165;0.1126425855513308
bm25;superior;0.9537223340040242;0.1126425855513308
bm25;superior;0.9557344064386318;0.10957324106113034
bm25;superior;0.959758551307847;0.09812795721045052
bm25;superior;0.9617706237424547;0.09763071895424837
bm25;superior;0.9637826961770624;0.09342695533450361
bm25;superior;0.9678068410462777;0.08817598533455545
bm25;superior;0.9698189134808853;0.0861637468716482
bm25;superior;0.9738430583501007;0.0846894138232721
bm25;superior;0.9758551307847082;0.08069883527454243
bm25;superior;0.9778672032193159;0.07039397450753186
bm25;superior;0.9798792756539235;0.0703757225433526
bm25;superior;0.9818913480885312;0.07029674445404782
bm25;superior;0.9839034205231388;0.06964819826235578
bm25;superior;0.9859154929577465;0.06930693069306931
bm25;superior;0.9879275653923542;0.06714070832763572
bm25;superior;0.9919517102615694;0.06522026723111522
bm25;superior;0.993963782696177;0.06130268199233716
bm25;superior;0.9979879275653923;0.06130268199233716
bm25;superior;1.0;0.05668339416058394
e5;inferior;0.0;1.0
e5;inferior;0.0018832391713747645;0.1643002028397566
e5;inferior;0.003766478342749529;0.1643002028397566
e5;inferior;0.005649717514124294;0.1643002028397566
e5;inferior;0.007532956685499058;0.1643002028397566
e5;inferior;0.009416195856873822;0.1643002028397566
e5;inferior;0.011299435028248588;0.1643002028397566
e5;inferior;0.013182674199623353;0.1643002028397566
e5;inferior;0.015065913370998116;0.1643002028397566
e5;inferior;0.01694915254237288;0.1643002028397566
e5;inferior;0.018832391713747645;0.1643002028397566
e5;inferior;0.02071563088512241;0.1643002028397566
e5;inferior;0.022598870056497175;0.1643002028397566
e5;inferior;0.02448210922787194;0.1643002028397566
e5;inferior;0.026365348399246705;0.1643002028397566
e5;inferior;0.02824858757062147;0.1643002028397566
e5;inferior;0.030131826741996232;0.1643002028397566
e5;inferior;0.03389830508474576;0.1643002028397566
e5;inferior;0.035781544256120526;0.1643002028397566
e5;inferior;0.03766478342749529;0.1643002028397566
e5;inferior;0.03954802259887006;0.1643002028397566
e5;inferior;0.04143126177024482;0.1643002028397566
e5;inferior;0.04331450094161959;0.1643002028397566
e5;inferior;0.04519774011299435;0.1643002028397566
e5;inferior;0.047080979284369114;0.1643002028397566
e5;inferior;0.05084745762711865;0.1643002028397566
e5;inferior;0.05273069679849341;0.1643002028397566
e5;inferior;0.054613935969868174;0.1643002028397566
e5;inferior;0.05649717514124294;0.1643002028397566
e5;inferior;0.0583804143126177;0.1643002028397566
e5;inferior;0.060263653483992465;0.1643002028397566
e5;inferior;0.062146892655367235;0.1643002028397566
e5;inferior;0.064030131826742;0.1643002028397566
e5;inferior;0.06591337099811675;0.1643002028397566
e5;inferior;0.06779661016949153;0.1643002028397566
e5;inferior;0.0696798493408663;0.1643002028397566
e5;inferior;0.07156308851224105;0.1643002028397566
e5;inferior;0.07344632768361582;0.1643002028397566
e5;inferior;0.07532956685499058;0.1643002028397566
e5;inferior;0.07721280602636535;0.1643002028397566
e5;inferior;0.07909604519774012;0.1643002028397566
e5;inferior;0.08097928436911488;0.1643002028397566
e5;inferior;0.08286252354048965;0.1643002028397566
e5;inferior;0.0847457627118644;0.1643002028397566
e5;inferior;0.08662900188323917;0.1643002028397566
e5;inferior;0.0903954802259887;0.1643002028397566
e5;inferior;0.09416195856873823;0.1643002028397566
e5;inferior;0.096045197740113;0.1643002028397566
e5;inferior;0.09792843691148775;0.1643002028397566
e5;inferior;0.1016949152542373;0.1643002028397566
e5;inferior;0.10357815442561205;0.1643002028397566
e5;inferior;0.10546139359698682;0.1643002028397566
e5;inferior;0.10734463276836158;0.1643002028397566
e5;inferior;0.10922787193973635;0.1643002028397566
e5;inferior;0.1111111111111111;0.1643002028397566
e5;inferior;0.11299435028248588;0.1643002028397566
e5;inferior;0.11487758945386065;0.1643002028397566
e5;inferior;0.1167608286252354;0.1643002028397566
e5;inferior;0.11864406779661017;0.1643002028397566
e5;inferior;0.12052730696798493;0.1643002028397566
e5;inferior;0.1224105461393597;0.1643002028397566
e5;inferior;0.12429378531073447;0.1643002028397566
e5;inferior;0.12617702448210924;0.1643002028397566
e5;inferior;0.128060263653484;0.1643002028397566
e5;inferior;0.12994350282485875;0.1643002028397566
e5;inferior;0.1318267419962335;0.1643002028397566
e5;inferior;0.1337099811676083;0.1643002028397566
e5;inferior;0.13559322033898305;0.1643002028397566
e5;inferior;0.1374764595103578;0.1643002028397566
e5;inferior;0.1393596986817326;0.1643002028397566
e5;inferior;0.14124293785310735;0.1643002028397566
e5;inferior;0.1431261770244821;0.1643002028397566
e5;inferior;0.14500941619585686;0.1643002028397566
e5;inferior;0.14689265536723164;0.1643002028397566
e5;inferior;0.1487758945386064;0.1643002028397566
e5;inferior;0.15065913370998116;0.1643002028397566
e5;inferior;0.15254237288135594;0.1643002028397566
e5;inferior;0.1544256120527307;0.164
e5;inferior;0.15630885122410546;0.16187594553706505
e5;inferior;0.15819209039548024;0.16187594553706505
e5;inferior;0.160075329566855;0.16187594553706505
e5;inferior;0.16195856873822975;0.16187594553706505
e5;inferior;0.1638418079096045;0.16187594553706505
e5;inferior;0.16760828625235405;0.16187594553706505
e5;inferior;0.1694915254237288;0.16187594553706505
e5;inferior;0.1713747645951036;0.16187594553706505
e5;inferior;0.17325800376647835;0.16187594553706505
e5;inferior;0.1751412429378531;0.16187594553706505
e5;inferior;0.17702448210922786;0.16187594553706505
e5;inferior;0.17890772128060264;0.16187594553706505
e5;inferior;0.18267419962335216;0.16187594553706505
e5;inferior;0.18455743879472694;0.16187594553706505
e5;inferior;0.1864406779661017;0.16187594553706505
e5;inferior;0.18832391713747645;0.16187594553706505
e5;inferior;0.1902071563088512;0.16187594553706505
e5;inferior;0.192090395480226;0.16187594553706505
e5;inferior;0.19397363465160075;0.16187594553706505
e5;inferior;0.1958568738229755;0.16187594553706505
e5;inferior;0.1977401129943503;0.16187594553706505
e5;inferior;0.2015065913370998;0.16187594553706505
e5;inferior;0.2033898305084746;0.16071428571428573
e5;inferior;0.20527306967984935;0.16071428571428573
e5;inferior;0.2071563088512241;0.16071428571428573
e5;inferior;0.20903954802259886;0.16071428571428573
e5;inferior;0.21092278719397364;0.16071428571428573
e5;inferior;0.2128060263653484;0.16071428571428573
e5;inferior;0.21468926553672316;0.16071428571428573
e5;inferior;0.21657250470809794;0.16071428571428573
e5;inferior;0.2184557438794727;0.16071428571428573
e5;inferior;0.22033898305084745;0.16071428571428573
e5;inferior;0.2222222222222222;0.16071428571428573
e5;inferior;0.224105461393597;0.16071428571428573
e5;inferior;0.22598870056497175;0.16071428571428573
e5;inferior;0.2278719397363465;0.16071428571428573
e5;inferior;0.2297551789077213;0.16071428571428573
e5;inferior;0.23163841807909605;0.16071428571428573
e5;inferior;0.23540489642184556;0.16071428571428573
e5;inferior;0.23728813559322035;0.16071428571428573
e5;inferior;0.2391713747645951;0.16020942408376965
e5;inferior;0.24105461393596986;0.16020942408376965
e5;inferior;0.24293785310734464;0.16020942408376965
e5;inferior;0.2448210922787194;0.16020942408376965
e5;inferior;0.24670433145009416;0.16020942408376965
e5;inferior;0.24858757062146894;0.16020942408376965
e5;inferior;0.2504708097928437;0.16020942408376965
e5;inferior;0.2523540489642185;0.16020942408376965
e5;inferior;0.2542372881355932;0.16020942408376965
e5;inferior;0.256120527306968;0.16020942408376965
e5;inferior;0.2580037664783427;0.16020942408376965
e5;inferior;0.2598870056497175;0.16020942408376965
e5;inferior;0.2617702448210923;0.16020942408376965
e5;inferior;0.263653483992467;0.16020942408376965
e5;inferior;0.2655367231638418;0.16020942408376965
e5;inferior;0.2674199623352166;0.16020942408376965
e5;inferior;0.2693032015065913;0.16020942408376965
e5;inferior;0.2711864406779661;0.16020942408376965
e5;inferior;0.2730696798493409;0.16020942408376965
e5;inferior;0.2749529190207156;0.16020942408376965
e5;inferior;0.2768361581920904;0.16020942408376965
e5;inferior;0.2787193973634652;0.16020942408376965
e5;inferior;0.2806026365348399;0.16020942408376965
e5;inferior;0.2824858757062147;0.16020942408376965
e5;inferior;0.2843691148775895;0.16020942408376965
e5;inferior;0.2862523540489642;0.16020942408376965
e5;inferior;0.288135593220339;0.16020942408376965
e5;inferior;0.2900188323917137;0.15861571737563085
e5;inferior;0.2937853107344633;0.15861571737563085
e5;inferior;0.295668549905838;0.15861571737563085
e5;inferior;0.2975517890772128;0.15861571737563085
e5;inferior;0.2994350282485876;0.15861571737563085
e5;inferior;0.3032015065913371;0.15861571737563085
e5;inferior;0.3050847457627119;0.15861571737563085
e5;inferior;0.3088512241054614;0.15861571737563085
e5;inferior;0.3107344632768362;0.15861571737563085
e5;inferior;0.3126177024482109;0.15861571737563085
e5;inferior;0.3145009416195857;0.15861571737563085
e5;inferior;0.3163841807909605;0.15861571737563085
e5;inferior;0.3182674199623352;0.15861571737563085
e5;inferior;0.3220338983050847;0.15861571737563085
e5;inferior;0.3258003766478343;0.15861571737563085
e5;inferior;0.3295668549905838;0.15861571737563085
e5;inferior;0.3314500941619586;0.15861571737563085
e5;inferior;0.3333333333333333;0.15861571737563085
e5;inferior;0.3352165725047081;0.15861571737563085
e5;inferior;0.3370998116760829;0.15861571737563085
e5;inferior;0.3389830508474576;0.15861571737563085
e5;inferior;0.3427495291902072;0.15861571737563085
e5;inferior;0.3446327683615819;0.15861571737563085
e5;inferior;0.3465160075329567;0.15861571737563085
e5;inferior;0.3483992467043315;0.15861571737563085
e5;inferior;0.3502824858757062;0.15861571737563085
e5;inferior;0.352165725047081;0.15861571737563085
e5;inferior;0.3540489642184557;0.15861571737563085
e5;inferior;0.3559322033898305;0.15861571737563085
e5;inferior;0.3578154425612053;0.15861571737563085
e5;inferior;0.35969868173258;0.15861571737563085
e5;inferior;0.3615819209039548;0.15861571737563085
e5;inferior;0.3634651600753296;0.15861571737563085
e5;inferior;0.3672316384180791;0.15861571737563085
e5;inferior;0.3691148775894539;0.15861571737563085
e5;inferior;0.3709981167608286;0.15861571737563085
e5;inferior;0.3747645951035782;0.15861571737563085
e5;inferior;0.3785310734463277;0.15861571737563085
e5;inferior;0.3804143126177024;0.15861571737563085
e5;inferior;0.3860640301318267;0.15861571737563085
e5;inferior;0.3879472693032015;0.15861571737563085
e5;inferior;0.3898305084745763;0.15861571737563085
e5;inferior;0.391713747645951;0.15861571737563085
e5;inferior;0.3935969868173258;0.15861571737563085
e5;inferior;0.3954802259887006;0.15861571737563085
e5;inferior;0.3992467043314501;0.15861571737563085
e5;inferior;0.4011299435028249;0.15861571737563085
e5;inferior;0.4030131826741996;0.15861571737563085
e5;inferior;0.4048964218455744;0.15861571737563085
e5;inferior;0.4124293785310734;0.15861571737563085
e5;inferior;0.4143126177024482;0.15861571737563085
e5;inferior;0.416195856873823;0.15753424657534246
e5;inferior;0.4180790960451977;0.15753424657534246
e5;inferior;0.423728813559322;0.15753424657534246
e5;inferior;0.4256120527306968;0.15753424657534246
e5;inferior;0.4274952919020716;0.15753424657534246
e5;inferior;0.4293785310734463;0.15753424657534246
e5;inferior;0.4312617702448211;0.15753424657534246
e5;inferior;0.4331450094161959;0.15753424657534246
e5;inferior;0.4350282485875706;0.1574642126789366
e5;inferior;0.4369114877589454;0.15738341968911918
e5;inferior;0.4387947269303202;0.15738341968911918
e5;inferior;0.4406779661016949;0.15738341968911918
e5;inferior;0.4425612052730697;0.15738341968911918
e5;inferior;0.4444444444444444;0.15738341968911918
e5;inferior;0.4463276836158192;0.15738341968911918
e5;inferior;0.448210922787194;0.15738341968911918
e5;inferior;0.4519774011299435;0.15738341968911918
e5;inferior;0.4538606403013183;0.15738341968911918
e5;inferior;0.4576271186440678;0.15738341968911918
e5;inferior;0.4595103578154426;0.1567342073897497
e5;inferior;0.4613935969868173;0.1567342073897497
e5;inferior;0.4632768361581921;0.1567342073897497
e5;inferior;0.4651600753295669;0.1567342073897497
e5;inferior;0.4670433145009416;0.1567342073897497
e5;inferior;0.4689265536723164;0.1567342073897497
e5;inferior;0.4708097928436911;0.1567342073897497
e5;inferior;0.4726930320150659;0.1567342073897497
e5;inferior;0.4745762711864407;0.1567342073897497
e5;inferior;0.4764595103578154;0.1567342073897497
e5;inferior;0.4783427495291902;0.1567342073897497
e5;inferior;0.480225988700565;0.1567342073897497
e5;inferior;0.4821092278719397;0.1567342073897497
e5;inferior;0.4839924670433145;0.1567342073897497
e5;inferior;0.4858757062146893;0.1567342073897497
e5;inferior;0.487758945386064;0.1567342073897497
e5;inferior;0.4896421845574388;0.1567342073897497
e5;inferior;0.4915254237288136;0.1567342073897497
e5;inferior;0.4934086629001883;0.1567342073897497
e5;inferior;0.4952919020715631;0.1567342073897497
e5;inferior;0.4971751412429379;0.15649081209247184
e5;inferior;0.4990583804143126;0.1559741024131842
e5;inferior;0.5009416195856874;0.1541135573580533
e5;inferior;0.5028248587570622;0.15389048991354468
e5;inferior;0.504708097928437;0.15358166189111747
e5;inferior;0.5084745762711864;0.1534963047185901
e5;inferior;0.5103578154425612;0.1529541689674213
e5;inferior;0.512241054613936;0.1529541689674213
e5;inferior;0.5141242937853108;0.1529541689674213
e5;inferior;0.5160075329566854;0.1529541689674213
e5;inferior;0.5178907721280602;0.1529541689674213
e5;inferior;0.519774011299435;0.1529541689674213
e5;inferior;0.5216572504708098;0.1529541689674213
e5;inferior;0.5235404896421846;0.15287671232876712
e5;inferior;0.5254237288135594;0.15287671232876712
e5;inferior;0.527306967984934;0.15178110480123902
e5;inferior;0.5291902071563088;0.15178110480123902
e5;inferior;0.5310734463276836;0.15178110480123902
e5;inferior;0.5348399246704332;0.15178110480123902
e5;inferior;0.5386064030131826;0.15178110480123902
e5;inferior;0.5423728813559322;0.15178110480123902
e5;inferior;0.544256120527307;0.15178110480123902
e5;inferior;0.5461393596986818;0.15178110480123902
e5;inferior;0.5480225988700564;0.15178110480123902
e5;inferior;0.5499058380414312;0.15178110480123902
e5;inferior;0.551789077212806;0.15178110480123902
e5;inferior;0.5536723163841808;0.15178110480123902
e5;inferior;0.5574387947269304;0.1511746680286006
e5;inferior;0.559322033898305;0.14954682779456194
e5;inferior;0.5612052730696798;0.1489255372313843
e5;inferior;0.5630885122410546;0.1464968152866242
e5;inferior;0.5649717514124294;0.1443001443001443
e5;inferior;0.568738229755179;0.1438095238095238
e5;inferior;0.5706214689265536;0.14258823529411765
e5;inferior;0.5725047080979284;0.14238875878220142
e5;inferior;0.5743879472693032;0.14095500459136823
e5;inferior;0.576271186440678;0.14095500459136823
e5;inferior;0.5781544256120528;0.14095500459136823
e5;inferior;0.5800376647834274;0.1397459165154265
e5;inferior;0.5819209039548022;0.13913824057450627
e5;inferior;0.583804143126177;0.13913824057450627
e5;inferior;0.5856873822975518;0.1389633601429848
e5;inferior;0.5875706214689266;0.13774834437086092
e5;inferior;0.5894538606403014;0.135030198446937
e5;inferior;0.591337099811676;0.13395904436860068
e5;inferior;0.5932203389830508;0.13347457627118645
e5;inferior;0.5951035781544256;0.13327709827077183
e5;inferior;0.5969868173258004;0.13325031133250312
e5;inferior;0.5988700564971752;0.13325031133250312
e5;inferior;0.60075329566855;0.13325031133250312
e5;inferior;0.6026365348399246;0.13325031133250312
e5;inferior;0.6045197740112994;0.13325031133250312
e5;inferior;0.6064030131826742;0.1327287716405606
e5;inferior;0.608286252354049;0.13254000820681167
e5;inferior;0.6101694915254238;0.13181448331977216
e5;inferior;0.6120527306967984;0.13050440352281825
e5;inferior;0.6139359698681732;0.13050440352281825
e5;inferior;0.615819209039548;0.12889239258967283
e5;inferior;0.6177024482109228;0.1284259984338293
e5;inferior;0.6195856873822976;0.1282448663308795
e5;inferior;0.6214689265536724;0.1282448663308795
e5;inferior;0.623352165725047;0.1282448663308795
e5;inferior;0.6252354048964218;0.12705702257941065
e5;inferior;0.6271186440677966;0.12546676624346528
e5;inferior;0.6290018832391714;0.12546676624346528
e5;inferior;0.6308851224105462;0.12546676624346528
e5;inferior;0.632768361581921;0.12546676624346528
e5;inferior;0.6346516007532956;0.1253253997768687
e5;inferior;0.6365348399246704;0.12467819051121735
e5;inferior;0.6384180790960452;0.12467819051121735
e5;inferior;0.64030131826742;0.12426900584795321
e5;inferior;0.6421845574387948;0.12346570397111914
e5;inferior;0.6440677966101694;0.12346570397111914
e5;inferior;0.6459510357815442;0.12338129496402878
e5;inferior;0.647834274952919;0.12307692307692308
e5;inferior;0.6497175141242938;0.12020905923344948
e5;inferior;0.6516007532956686;0.11800818553888132
e5;inferior;0.6534839924670434;0.11770657672849916
e5;inferior;0.655367231638418;0.11770657672849916
e5;inferior;0.6572504708097928;0.11770657672849916
e5;inferior;0.6591337099811676;0.11768661735036987
e5;inferior;0.6610169491525424;0.11735205616850551
e5;inferior;0.6629001883239172;0.11659489897316992
e5;inferior;0.664783427495292;0.11615663047054953
e5;inferior;0.6666666666666666;0.11614173228346457
e5;inferior;0.6685499058380414;0.11216429699842022
e5;inferior;0.6704331450094162;0.11173708920187793
e5;inferior;0.672316384180791;0.11173708920187793
e5;inferior;0.6741996233521658;0.11124922311995028
e5;inferior;0.6760828625235404;0.11121408711770157
e5;inferior;0.6779661016949152;0.11121408711770157
e5;inferior;0.67984934086629;0.11104294478527607
e5;inferior;0.6817325800376648;0.11104294478527607
e5;inferior;0.6836158192090396;0.11097523693060227
e5;inferior;0.6854990583804144;0.11077664057796509
e5;inferior;0.687382297551789;0.11077664057796509
e5;inferior;0.6892655367231638;0.11077664057796509
e5;inferior;0.6911487758945386;0.11077664057796509
e5;inferior;0.6930320150659134;0.11077664057796509
e5;inferior;0.6949152542372882;0.11075110456553755
e5;inferior;0.7005649717514124;0.11075110456553755
e5;inferior;0.7024482109227872;0.11075110456553755
e5;inferior;0.704331450094162;0.11075110456553755
e5;inferior;0.7062146892655368;0.11075110456553755
e5;inferior;0.7080979284369114;0.11075110456553755
e5;inferior;0.7099811676082862;0.10895953757225434
e5;inferior;0.711864406779661;0.10821643286573146
e5;inferior;0.7137476459510358;0.1077929465301479
e5;inferior;0.7156308851224106;0.1074660633484163
e5;inferior;0.7212806026365348;0.10708310094813163
e5;inferior;0.7231638418079096;0.10708310094813163
e5;inferior;0.7250470809792844;0.1044937736870601
e5;inferior;0.7269303201506592;0.1044937736870601
e5;inferior;0.7288135593220338;0.10344827586206896
e5;inferior;0.7306967984934086;0.10130548302872062
e5;inferior;0.7325800376647834;0.1
e5;inferior;0.7344632768361582;0.1
e5;inferior;0.736346516007533;0.09760359460808787
e5;inferior;0.7382297551789078;0.09528439474963539
e5;inferior;0.7401129943502824;0.09488169966199904
e5;inferior;0.743879472693032;0.09421841541755889
e5;inferior;0.7457627118644068;0.09421841541755889
e5;inferior;0.7476459510357816;0.09367626238791883
e5;inferior;0.7495291902071564;0.08927770300583221
e5;inferior;0.751412429378531;0.08854860186418109
e5;inferior;0.7532956685499058;0.08830022075055188
e5;inferior;0.7551789077212806;0.08457816116137176
e5;inferior;0.7570621468926554;0.08457816116137176
e5;inferior;0.7589453860640302;0.0836273085702428
e5;inferior;0.7608286252354048;0.08255388369255795
e5;inferior;0.7627118644067796;0.08255388369255795
e5;inferior;0.7645951035781544;0.08255388369255795
e5;inferior;0.768361581920904;0.08235769075494549
e5;inferior;0.7702448210922788;0.08211202569765108
e5;inferior;0.7721280602636534;0.08193445243804956
e5;inferior;0.7740112994350282;0.07716800899044765
e5;inferior;0.775894538606403;0.07716800899044765
e5;inferior;0.7777777777777778;0.07713858797161001
e5;inferior;0.7796610169491526;0.07445856452478969
e5;inferior;0.7815442561205274;0.07445856452478969
e5;inferior;0.783427495291902;0.07445856452478969
e5;inferior;0.7853107344632768;0.07363043861194293
e5;inferior;0.7871939736346516;0.07363043861194293
e5;inferior;0.7890772128060264;0.07231404958677685
e5;inferior;0.7909604519774012;0.07231404958677685
e5;inferior;0.7928436911487758;0.07161081816635483
e5;inferior;0.7947269303201506;0.06875812743823147
e5;inferior;0.7966101694915254;0.06875812743823147
e5;inferior;0.7984934086629002;0.06847545219638243
e5;inferior;0.800376647834275;0.06716064953492039
e5;inferior;0.8022598870056498;0.06716064953492039
e5;inferior;0.8041431261770244;0.06524064171122995
e5;inferior;0.8060263653483992;0.06504559270516717
e5;inferior;0.807909604519774;0.06356245380635625
e5;inferior;0.8097928436911488;0.06356245380635625
e5;inferior;0.8116760828625236;0.06283714827234291
e5;inferior;0.8135593220338984;0.06278157244586542
e5;inferior;0.815442561205273;0.06114703401743042
e5;inferior;0.8192090395480226;0.06114703401743042
e5;inferior;0.8210922787193974;0.06038880463256584
e5;inferior;0.8229755178907722;0.06038880463256584
e5;inferior;0.8248587570621468;0.06038880463256584
e5;inferior;0.8267419962335216;0.05991285403050109
e5;inferior;0.8286252354048964;0.05991285403050109
e5;inferior;0.8305084745762712;0.059353970390309554
e5;inferior;0.832391713747646;0.05895661431993612
e5;inferior;0.8342749529190208;0.05895661431993612
e5;inferior;0.8361581920903954;0.05765023806459915
e5;inferior;0.8380414312617702;0.05765023806459915
e5;inferior;0.8436911487758946;0.05765023806459915
e5;inferior;0.8455743879472694;0.05751248879210964
e5;inferior;0.8493408662900188;0.057447890188103715
e5;inferior;0.8512241054613936;0.057447890188103715
e5;inferior;0.8531073446327684;0.056895252449133384
e5;inferior;0.8549905838041432;0.056825277881853375
e5;inferior;0.8568738229755178;0.056825277881853375
e5;inferior;0.8587570621468926;0.056149404103698244
e5;inferior;0.8606403013182674;0.056149404103698244
e5;inferior;0.8625235404896422;0.056017612524461836
e5;inferior;0.864406779661017;0.055825242718446605
e5;inferior;0.8662900188323918;0.055825242718446605
e5;inferior;0.8681732580037664;0.055575647980711275
e5;inferior;0.8700564971751412;0.054423371421840026
e5;inferior;0.871939736346516;0.054361864506281554
e5;inferior;0.8738229755178908;0.05415499533146592
e5;inferior;0.8757062146892656;0.05378831694621168
e5;inferior;0.8775894538606404;0.05363102773621821
e5;inferior;0.879472693032015;0.05176809666334109
e5;inferior;0.8813559322033898;0.05143987689602111
e5;inferior;0.8832391713747646;0.05128483139976146
e5;inferior;0.8851224105461394;0.05128483139976146
e5;inferior;0.8888888888888888;0.05128483139976146
e5;inferior;0.8907721280602636;0.05128483139976146
e5;inferior;0.8926553672316384;0.050527662296130475
e5;inferior;0.8945386064030132;0.05026929982046679
e5;inferior;0.896421845574388;0.05026929982046679
e5;inferior;0.8983050847457628;0.0500839983200336
e5;inferior;0.9001883239171374;0.050005230672664505
e5;inferior;0.9020715630885122;0.0494477134303706
e5;inferior;0.903954802259887;0.048936819615423746
e5;inferior;0.9058380414312618;0.048936819615423746
e5;inferior;0.9077212806026366;0.04842760976589973
e5;inferior;0.9096045197740112;0.048411346096020845
e5;inferior;0.911487758945386;0.04809599365331218
e5;inferior;0.9133709981167608;0.04809599365331218
e5;inferior;0.9152542372881356;0.047377656463248194
e5;inferior;0.9171374764595104;0.04720364447029175
e5;inferior;0.9190207156308852;0.047163429013240554
e5;inferior;0.9209039548022598;0.045872420262664165
e5;inferior;0.9227871939736346;0.04544611389352625
e5;inferior;0.9246704331450094;0.044591771864499134
e5;inferior;0.9265536723163842;0.04376834801174273
e5;inferior;0.928436911487759;0.04360516539890324
e5;inferior;0.9303201506591338;0.04345149089629695
e5;inferior;0.9322033898305084;0.04199185612487275
e5;inferior;0.9340866290018832;0.04153060370091267
e5;inferior;0.935969868173258;0.04090534979423868
e5;inferior;0.9378531073446328;0.040278227110967325
e5;inferior;0.9397363465160076;0.039955160541276326
e5;inferior;0.9416195856873822;0.037399955120053854
e5;inferior;0.943502824858757;0.037144128113879
e5;inferior;0.9453860640301318;0.03621672318014573
e5;inferior;0.9472693032015066;0.03520929581408372
e5;inferior;0.9510357815442562;0.03506700923546976
e5;inferior;0.9529190207156308;0.034874905231235785
e5;inferior;0.9548022598870056;0.034571758473137267
e5;inferior;0.9585687382297552;0.034571758473137267
e5;inferior;0.96045197740113;0.034260811263828364
e5;inferior;0.9623352165725048;0.034260811263828364
e5;inferior;0.9642184557438794;0.032828930494998715
e5;inferior;0.9661016949152542;0.031608133086876156
e5;inferior;0.967984934086629;0.031036773141718495
e5;inferior;0.9698681732580038;0.029512893982808024
e5;inferior;0.9717514124293786;0.027572940044886182
e5;inferior;0.9736346516007532;0.02443982225583814
e5;inferior;0.975517890772128;0.023266259432267337
e5;inferior;0.9774011299435028;0.02234444826400825
e5;inferior;0.9792843691148776;0.02234444826400825
e5;inferior;0.9811676082862524;0.021482453263365037
e5;inferior;0.9868173258003766;0.021482453263365037
e5;inferior;0.9887005649717514;0.02061248527679623
e5;inferior;1.0;0.0
e5;superior;0.0;1.0
e5;superior;0.002012072434607646;0.3698630136986301
e5;superior;0.004024144869215292;0.3698630136986301
e5;superior;0.006036217303822937;0.3698630136986301
e5;superior;0.008048289738430584;0.3698630136986301
e5;superior;0.01006036217303823;0.3698630136986301
e5;superior;0.012072434607645875;0.3698630136986301
e5;superior;0.01609657947686117;0.3698630136986301
e5;superior;0.018108651911468814;0.3698630136986301
e5;superior;0.02012072434607646;0.3698630136986301
e5;superior;0.022132796780684104;0.3698630136986301
e5;superior;0.02414486921529175;0.3698630136986301
e5;superior;0.026156941649899398;0.3698630136986301
e5;superior;0.028169014084507043;0.3698630136986301
e5;superior;0.030181086519114688;0.3698630136986301
e5;superior;0.03219315895372234;0.3698630136986301
e5;superior;0.03621730382293763;0.3698630136986301
e5;superior;0.04024144869215292;0.3698630136986301
e5;superior;0.04225352112676056;0.3698630136986301
e5;superior;0.04426559356136821;0.3698630136986301
e5;superior;0.04627766599597585;0.3698630136986301
e5;superior;0.0482897384305835;0.3698630136986301
e5;superior;0.05030181086519115;0.3698630136986301
e5;superior;0.052313883299798795;0.3698630136986301
e5;superior;0.05432595573440644;0.3698630136986301
e5;superior;0.056338028169014086;0.3698630136986301
e5;superior;0.05835010060362173;0.3698630136986301
e5;superior;0.060362173038229376;0.3698630136986301
e5;superior;0.06237424547283702;0.3698630136986301
e5;superior;0.06438631790744467;0.3698630136986301
e5;superior;0.06639839034205232;0.3698630136986301
e5;superior;0.06841046277665996;0.3698630136986301
e5;superior;0.07042253521126761;0.3698630136986301
e5;superior;0.07243460764587525;0.3698630136986301
e5;superior;0.0744466800804829;0.3698630136986301
e5;superior;0.07645875251509054;0.3698630136986301
e5;superior;0.07847082494969819;0.3698630136986301
e5;superior;0.08048289738430583;0.3698630136986301
e5;superior;0.08249496981891348;0.3698630136986301
e5;superior;0.08450704225352113;0.3698630136986301
e5;superior;0.08651911468812877;0.3698630136986301
e5;superior;0.08853118712273642;0.3698630136986301
e5;superior;0.09054325955734406;0.3698630136986301
e5;superior;0.0925553319919517;0.3698630136986301
e5;superior;0.09456740442655935;0.3698630136986301
e5;superior;0.096579476861167;0.3698630136986301
e5;superior;0.09859154929577464;0.3698630136986301
e5;superior;0.1006036217303823;0.3698630136986301
e5;superior;0.10261569416498995;0.3698630136986301
e5;superior;0.10462776659959759;0.3698630136986301
e5;superior;0.10663983903420524;0.3698630136986301
e5;superior;0.10865191146881288;0.3698630136986301
e5;superior;0.11066398390342053;0.3698630136986301
e5;superior;0.11267605633802817;0.3698630136986301
e5;superior;0.11468812877263582;0.3698630136986301
e5;superior;0.11670020120724346;0.3698630136986301
e5;superior;0.11871227364185111;0.3698630136986301
e5;superior;0.12072434607645875;0.3698630136986301
e5;superior;0.1227364185110664;0.3698630136986301
e5;superior;0.12474849094567404;0.3698630136986301
e5;superior;0.1267605633802817;0.3698630136986301
e5;superior;0.12877263581488935;0.3698630136986301
e5;superior;0.13078470824949698;0.3698630136986301
e5;superior;0.13279678068410464;0.3698630136986301
e5;superior;0.13480885311871227;0.3698630136986301
e5;superior;0.13682092555331993;0.3698630136986301
e5;superior;0.13883299798792756;0.3698630136986301
e5;superior;0.14084507042253522;0.3698630136986301
e5;superior;0.14285714285714285;0.3698630136986301
e5;superior;0.1448692152917505;0.3698630136986301
e5;superior;0.14688128772635814;0.3698630136986301
e5;superior;0.1488933601609658;0.3698630136986301
e5;superior;0.15090543259557343;0.3698630136986301
e5;superior;0.1529175050301811;0.3698630136986301
e5;superior;0.15492957746478872;0.3698630136986301
e5;superior;0.15694164989939638;0.3698630136986301
e5;superior;0.158953722334004;0.3698630136986301
e5;superior;0.16297786720321933;0.3698630136986301
e5;superior;0.16498993963782696;0.3698630136986301
e5;superior;0.16700201207243462;0.3698630136986301
e5;superior;0.16901408450704225;0.3698630136986301
e5;superior;0.1710261569416499;0.3698630136986301
e5;superior;0.17303822937625754;0.3698630136986301
e5;superior;0.1750503018108652;0.3698630136986301
e5;superior;0.17706237424547283;0.3698630136986301
e5;superior;0.1790744466800805;0.3698630136986301
e5;superior;0.18108651911468812;0.3698630136986301
e5;superior;0.18309859154929578;0.3698630136986301
e5;superior;0.1851106639839034;0.3698630136986301
e5;superior;0.18712273641851107;0.3698630136986301
e5;superior;0.1891348088531187;0.3698630136986301
e5;superior;0.19114688128772636;0.3698630136986301
e5;superior;0.193158953722334;0.3698630136986301
e5;superior;0.19517102615694165;0.3698630136986301
e5;superior;0.19718309859154928;0.3698630136986301
e5;superior;0.2012072434607646;0.3698630136986301
e5;superior;0.20321931589537223;0.3698630136986301
e5;superior;0.2052313883299799;0.3698630136986301
e5;superior;0.20724346076458752;0.3698630136986301
e5;superior;0.20925553319919518;0.3698630136986301
e5;superior;0.21327967806841047;0.3698630136986301
e5;superior;0.2152917505030181;0.3698630136986301
e5;superior;0.21730382293762576;0.3698630136986301
e5;superior;0.2193158953722334;0.3698630136986301
e5;superior;0.22132796780684105;0.3698630136986301
e5;superior;0.22334004024144868;0.3698630136986301
e5;superior;0.22535211267605634;0.3698630136986301
e5;superior;0.22736418511066397;0.3698630136986301
e5;superior;0.22937625754527163;0.3698630136986301
e5;superior;0.23138832997987926;0.3698630136986301
e5;superior;0.23340040241448692;0.3698630136986301
e5;superior;0.23541247484909456;0.3698630136986301
e5;superior;0.23742454728370221;0.3698630136986301
e5;superior;0.23943661971830985;0.3698630136986301
e5;superior;0.2414486921529175;0.3698630136986301
e5;superior;0.24346076458752516;0.3698630136986301
e5;superior;0.2454728370221328;0.3698630136986301
e5;superior;0.24748490945674045;0.3698630136986301
e5;superior;0.24949698189134809;0.3698630136986301
e5;superior;0.2515090543259557;0.3698630136986301
e5;superior;0.2535211267605634;0.3698630136986301
e5;superior;0.25553319919517103;0.3698630136986301
e5;superior;0.2575452716297787;0.3698630136986301
e5;superior;0.2595573440643863;0.3698630136986301
e5;superior;0.26156941649899396;0.3698630136986301
e5;superior;0.2635814889336016;0.3698630136986301
e5;superior;0.2655935613682093;0.3698630136986301
e5;superior;0.2676056338028169;0.3698630136986301
e5;superior;0.26961770623742454;0.3698630136986301
e5;superior;0.2716297786720322;0.3698630136986301
e5;superior;0.27364185110663986;0.36778846153846156
e5;superior;0.27565392354124746;0.36778846153846156
e5;superior;0.2796780684104628;0.36778846153846156
e5;superior;0.28169014084507044;0.36778846153846156
e5;superior;0.2837022132796781;0.36778846153846156
e5;superior;0.2857142857142857;0.36778846153846156
e5;superior;0.28772635814889336;0.36778846153846156
e5;superior;0.289738430583501;0.36778846153846156
e5;superior;0.2937625754527163;0.36778846153846156
e5;superior;0.29577464788732394;0.36778846153846156
e5;superior;0.2977867203219316;0.36778846153846156
e5;superior;0.29979879275653926;0.36778846153846156
e5;superior;0.30181086519114686;0.36778846153846156
e5;superior;0.3038229376257545;0.36778846153846156
e5;superior;0.3058350100603622;0.36778846153846156
e5;superior;0.30784708249496984;0.36778846153846156
e5;superior;0.30985915492957744;0.36619718309859156
e5;superior;0.31388329979879276;0.36619718309859156
e5;superior;0.3158953722334004;0.3640552995391705
e5;superior;0.317907444668008;0.3640552995391705
e5;superior;0.3199195171026157;0.36283185840707965
e5;superior;0.32193158953722334;0.36283185840707965
e5;superior;0.323943661971831;0.36283185840707965
e5;superior;0.32595573440643866;0.36283185840707965
e5;superior;0.32796780684104626;0.36283185840707965
e5;superior;0.3299798792756539;0.36283185840707965
e5;superior;0.3319919517102616;0.3618421052631579
e5;superior;0.33400402414486924;0.36147186147186144
e5;superior;0.33601609657947684;0.36147186147186144
e5;superior;0.3380281690140845;0.358974358974359
e5;superior;0.34004024144869216;0.35135135135135137
e5;superior;0.3420523138832998;0.3476482617586912
e5;superior;0.3440643863179074;0.34685598377281945
e5;superior;0.3460764587525151;0.34530938123752497
e5;superior;0.34808853118712274;0.34530938123752497
e5;superior;0.3501006036217304;0.3438735177865613
e5;superior;0.352112676056338;0.343811394891945
e5;superior;0.35412474849094566;0.34307992202729043
e5;superior;0.3561368209255533;0.33643122676579923
e5;superior;0.358148893360161;0.33643122676579923
e5;superior;0.36016096579476864;0.33643122676579923
e5;superior;0.36217303822937624;0.33643122676579923
e5;superior;0.3641851106639839;0.33643122676579923
e5;superior;0.36619718309859156;0.33634719710669075
e5;superior;0.3682092555331992;0.33634719710669075
e5;superior;0.3702213279678068;0.33634719710669075
e5;superior;0.3722334004024145;0.33634719710669075
e5;superior;0.37424547283702214;0.33634719710669075
e5;superior;0.3762575452716298;0.3357271095152603
e5;superior;0.3782696177062374;0.3304042179261863
e5;superior;0.38028169014084506;0.3292894280762565
e5;superior;0.3822937625754527;0.3292894280762565
e5;superior;0.3843058350100604;0.32593856655290104
e5;superior;0.386317907444668;0.32274247491638797
e5;superior;0.38832997987927564;0.32274247491638797
e5;superior;0.3903420523138833;0.3181818181818182
e5;superior;0.39235412474849096;0.3181818181818182
e5;superior;0.39436619718309857;0.3181818181818182
e5;superior;0.3963782696177062;0.3161290322580645
e5;superior;0.3983903420523139;0.3161290322580645
e5;superior;0.40040241448692154;0.3161290322580645
e5;superior;0.4024144869215292;0.3161290322580645
e5;superior;0.4044265593561368;0.3161290322580645
e5;superior;0.40643863179074446;0.3161290322580645
e5;superior;0.4084507042253521;0.3161290322580645
e5;superior;0.4124748490945674;0.3161290322580645
e5;superior;0.41448692152917505;0.3161290322580645
e5;superior;0.4164989939637827;0.3161290322580645
e5;superior;0.41851106639839036;0.3161290322580645
e5;superior;0.42052313883299797;0.3161290322580645
e5;superior;0.4225352112676056;0.3161290322580645
e5;superior;0.4245472837022133;0.3161290322580645
e5;superior;0.42655935613682094;0.3161290322580645
e5;superior;0.42857142857142855;0.3161290322580645
e5;superior;0.4305835010060362;0.3161290322580645
e5;superior;0.43259557344064387;0.3161290322580645
e5;superior;0.4346076458752515;0.3161290322580645
e5;superior;0.43661971830985913;0.3161290322580645
e5;superior;0.4386317907444668;0.3161290322580645
e5;superior;0.44064386317907445;0.3161290322580645
e5;superior;0.4426559356136821;0.3161290322580645
e5;superior;0.44466800804828976;0.3161290322580645
e5;superior;0.44668008048289737;0.3161290322580645
e5;superior;0.448692152917505;0.3161290322580645
e5;superior;0.4507042253521127;0.3161290322580645
e5;superior;0.45271629778672035;0.3161290322580645
e5;superior;0.45472837022132795;0.3161290322580645
e5;superior;0.4567404426559356;0.3161290322580645
e5;superior;0.45875251509054327;0.3161290322580645
e5;superior;0.4607645875251509;0.3161290322580645
e5;superior;0.46277665995975853;0.3161290322580645
e5;superior;0.4647887323943662;0.3161290322580645
e5;superior;0.46680080482897385;0.3161290322580645
e5;superior;0.4688128772635815;0.3161290322580645
e5;superior;0.4708249496981891;0.3161290322580645
e5;superior;0.47283702213279677;0.3161290322580645
e5;superior;0.47484909456740443;0.3161290322580645
e5;superior;0.4768611670020121;0.3161290322580645
e5;superior;0.4788732394366197;0.3161290322580645
e5;superior;0.48088531187122735;0.3161290322580645
e5;superior;0.482897384305835;0.3161290322580645
e5;superior;0.48490945674044267;0.3161290322580645
e5;superior;0.4869215291750503;0.3161290322580645
e5;superior;0.48893360160965793;0.3161290322580645
e5;superior;0.49295774647887325;0.3161290322580645
e5;superior;0.4949698189134809;0.31545338441890164
e5;superior;0.4969818913480885;0.31545338441890164
e5;superior;0.49899396378269617;0.3143939393939394
e5;superior;0.5010060362173038;0.3143939393939394
e5;superior;0.5030181086519114;0.31289111389236546
e5;superior;0.5050301810865191;0.3118148599269184
e5;superior;0.5090543259557344;0.3118148599269184
e5;superior;0.5110663983903421;0.3118148599269184
e5;superior;0.5130784708249497;0.3118148599269184
e5;superior;0.5150905432595574;0.3118148599269184
e5;superior;0.5171026156941649;0.31145584725536996
e5;superior;0.5191146881287726;0.31145584725536996
e5;superior;0.5211267605633803;0.31145584725536996
e5;superior;0.5251509054325956;0.31145584725536996
e5;superior;0.5271629778672032;0.3112128146453089
e5;superior;0.5291750503018109;0.3112128146453089
e5;superior;0.5311871227364185;0.3112128146453089
e5;superior;0.5331991951710262;0.3112128146453089
e5;superior;0.5352112676056338;0.3112128146453089
e5;superior;0.5372233400402414;0.3112128146453089
e5;superior;0.5392354124748491;0.3112128146453089
e5;superior;0.5412474849094567;0.3112128146453089
e5;superior;0.5432595573440644;0.3112128146453089
e5;superior;0.5472837022132797;0.3112128146453089
e5;superior;0.5492957746478874;0.3096045197740113
e5;superior;0.5513078470824949;0.3096045197740113
e5;superior;0.5533199195171026;0.3062360801781737
e5;superior;0.5553319919517102;0.30616740088105726
e5;superior;0.5573440643863179;0.30616740088105726
e5;superior;0.5593561368209256;0.30616740088105726
e5;superior;0.5613682092555332;0.30558598028477546
e5;superior;0.5633802816901409;0.30501089324618735
e5;superior;0.5653923541247485;0.3028692879914984
e5;superior;0.5694164989939637;0.3028692879914984
e5;superior;0.5714285714285714;0.3028692879914984
e5;superior;0.5734406438631791;0.3028692879914984
e5;superior;0.5754527162977867;0.29124236252545826
e5;superior;0.5774647887323944;0.289606458123108
e5;superior;0.579476861167002;0.2895791583166333
e5;superior;0.5814889336016097;0.2895791583166333
e5;superior;0.5835010060362174;0.28641732283464566
e5;superior;0.5855130784708249;0.28641732283464566
e5;superior;0.5875251509054326;0.28460038986354774
e5;superior;0.5895372233400402;0.28419010669253153
e5;superior;0.5915492957746479;0.28405797101449276
e5;superior;0.5935613682092555;0.2822966507177033
e5;superior;0.5955734406438632;0.2821969696969697
e5;superior;0.5975855130784709;0.2821969696969697
e5;superior;0.5995975855130785;0.2821969696969697
e5;superior;0.6016096579476862;0.2776230269266481
e5;superior;0.6036217303822937;0.27726432532347506
e5;superior;0.6056338028169014;0.27513711151736747
e5;superior;0.607645875251509;0.27355072463768115
e5;superior;0.6096579476861167;0.2727272727272727
e5;superior;0.6116700201207244;0.2706299911268855
e5;superior;0.613682092555332;0.2706299911268855
e5;superior;0.6156941649899397;0.265625
e5;superior;0.6177062374245473;0.2641996557659208
e5;superior;0.6197183098591549;0.26244725738396624
e5;superior;0.6217303822937625;0.26244725738396624
e5;superior;0.6257545271629779;0.26244725738396624
e5;superior;0.6277665995975855;0.2619647355163728
e5;superior;0.6297786720321932;0.258037922506183
e5;superior;0.6317907444668008;0.2569558101472995
e5;superior;0.6338028169014085;0.2526062550120289
e5;superior;0.635814889336016;0.25139220365950676
e5;superior;0.6378269617706237;0.2459396751740139
e5;superior;0.6398390342052314;0.2459396751740139
e5;superior;0.641851106639839;0.2457627118644068
e5;superior;0.6438631790744467;0.24466463414634146
e5;superior;0.6458752515090543;0.24466463414634146
e5;superior;0.647887323943662;0.24285714285714285
e5;superior;0.6498993963782697;0.24285714285714285
e5;superior;0.6519114688128773;0.24132841328413285
e5;superior;0.6579476861167002;0.24132841328413285
e5;superior;0.6599597585513078;0.23809523809523808
e5;superior;0.6639839034205232;0.23809523809523808
e5;superior;0.6659959758551308;0.23663578047042053
e5;superior;0.6680080482897385;0.23663578047042053
e5;superior;0.670020120724346;0.23471539002108222
e5;superior;0.6720321931589537;0.23471539002108222
e5;superior;0.6740442655935613;0.23447313328681088
e5;superior;0.676056338028169;0.23447313328681088
e5;superior;0.6780684104627767;0.23439667128987518
e5;superior;0.6800804828973843;0.23439667128987518
e5;superior;0.682092555331992;0.23367697594501718
e5;superior;0.6841046277665996;0.23367697594501718
e5;superior;0.6861167002012073;0.23356164383561645
e5;superior;0.6881287726358148;0.2331288343558282
e5;superior;0.6901408450704225;0.23113207547169812
e5;superior;0.6921529175050302;0.22857142857142856
e5;superior;0.6941649899396378;0.22847682119205298
e5;superior;0.6961770623742455;0.22423849643551522
e5;superior;0.6981891348088531;0.22144670050761422
e5;superior;0.7022132796780685;0.22144670050761422
e5;superior;0.704225352112676;0.22109917877447885
e5;superior;0.7062374245472837;0.22103274559193956
e5;superior;0.7082494969818913;0.21674876847290642
e5;superior;0.710261569416499;0.2160342717258262
e5;superior;0.7122736418511066;0.21359807460890493
e5;superior;0.7142857142857143;0.21359807460890493
e5;superior;0.716297786720322;0.21253731343283583
e5;superior;0.7183098591549296;0.2104952830188679
e5;superior;0.7203219315895373;0.2077771329077191
e5;superior;0.7223340040241448;0.20715522215810733
e5;superior;0.7243460764587525;0.20606754436176303
e5;superior;0.7263581488933601;0.20326576576576577
e5;superior;0.7283702213279678;0.20033204205866076
e5;superior;0.7303822937625755;0.19858156028368795
e5;superior;0.7323943661971831;0.19858156028368795
e5;superior;0.7344064386317908;0.1972972972972973
e5;superior;0.7364185110663984;0.19722073757349012
e5;superior;0.738430583501006;0.19722073757349012
e5;superior;0.7404426559356136;0.19722073757349012
e5;superior;0.7424547283702213;0.19722073757349012
e5;superior;0.744466800804829;0.19525065963060687
e5;superior;0.7464788732394366;0.1878481012658228
e5;superior;0.7484909456740443;0.18740554156171285
e5;superior;0.7505030181086519;0.18594217347956132
e5;superior;0.7525150905432596;0.18536826495304004
e5;superior;0.7545271629778671;0.18536826495304004
e5;superior;0.7565392354124748;0.18533007334963325
e5;superior;0.7585513078470825;0.18533007334963325
e5;superior;0.7605633802816901;0.18533007334963325
e5;superior;0.7625754527162978;0.18533007334963325
e5;superior;0.7645875251509054;0.18396909705456302
e5;superior;0.7665995975855131;0.18396909705456302
e5;superior;0.7686116700201208;0.18383060635226178
e5;superior;0.7706237424547284;0.18134469696969696
e5;superior;0.772635814889336;0.18053596614950634
e5;superior;0.7746478873239436;0.18012132524498367
e5;superior;0.7766599597585513;0.18012132524498367
e5;superior;0.778672032193159;0.17891816920943135
e5;superior;0.7806841046277666;0.1788842784693407
e5;superior;0.7826961770623743;0.17876838235294118
e5;superior;0.7847082494969819;0.17607223476297967
e5;superior;0.7867203219315896;0.17370057752110174
e5;superior;0.7887323943661971;0.17299205648720212
e5;superior;0.7907444668008048;0.17093275488069415
e5;superior;0.7927565392354124;0.17093275488069415
e5;superior;0.7947686116700201;0.17033203967227253
e5;superior;0.7967806841046278;0.1681528662420382
e5;superior;0.7987927565392354;0.16666666666666666
e5;superior;0.8028169014084507;0.16666666666666666
e5;superior;0.8048289738430584;0.1629418935392117
e5;superior;0.806841046277666;0.1629418935392117
e5;superior;0.8088531187122736;0.16139116842516607
e5;superior;0.8108651911468813;0.16139116842516607
e5;superior;0.8148893360160966;0.16139116842516607
e5;superior;0.8169014084507042;0.16139116842516607
e5;superior;0.8189134808853119;0.16139116842516607
e5;superior;0.8269617706237424;0.16139116842516607
e5;superior;0.8309859154929577;0.16139116842516607
e5;superior;0.8329979879275654;0.15990730011587487
e5;superior;0.8370221327967807;0.15883925162275678
e5;superior;0.8390342052313883;0.1587362009897221
e5;superior;0.8410462776659959;0.15634328358208954
e5;superior;0.8430583501006036;0.15634328358208954
e5;superior;0.8450704225352113;0.15390252839868085
e5;superior;0.8490945674044266;0.14760405736271423
e5;superior;0.8511066398390342;0.14300202839756593
e5;superior;0.8531187122736419;0.14276094276094276
e5;superior;0.8551307847082495;0.14209472981987992
e5;superior;0.8571428571428571;0.14209472981987992
e5;superior;0.8591549295774648;0.1413907284768212
e5;superior;0.8611670020120724;0.14097929674663162
e5;superior;0.8631790744466801;0.14097929674663162
e5;superior;0.8651911468812877;0.13893376413570274
e5;superior;0.8672032193158954;0.13805253042921203
e5;superior;0.869215291750503;0.1377551020408163
e5;superior;0.8712273641851107;0.13603518693056865
e5;superior;0.8752515090543259;0.13597999374804626
e5;superior;0.8772635814889336;0.134942742185082
e5;superior;0.8792756539235412;0.13254473764027905
e5;superior;0.8812877263581489;0.132486388384755
e5;superior;0.8832997987927566;0.12873900293255133
e5;superior;0.8853118712273642;0.12672811059907835
e5;superior;0.8893360160965795;0.12664756446991404
e5;superior;0.8913480885311871;0.12660760217204917
e5;superior;0.8933601609657947;0.12585034013605442
e5;superior;0.8953722334004024;0.12471973094170404
e5;superior;0.89738430583501;0.124616671313075
e5;superior;0.8993963782696177;0.124616671313075
e5;superior;0.9014084507042254;0.12413410917151566
e5;superior;0.903420523138833;0.1238962472406181
e5;superior;0.9054325955734407;0.12168739859383451
e5;superior;0.9074446680080482;0.1215633423180593
e5;superior;0.9094567404426559;0.1214878244581215
e5;superior;0.9114688128772636;0.1214878244581215
e5;superior;0.9134808853118712;0.1214878244581215
e5;superior;0.9154929577464789;0.12115588547189819
e5;superior;0.9175050301810865;0.12115588547189819
e5;superior;0.9195171026156942;0.12115588547189819
e5;superior;0.9215291750503019;0.12081245054075442
e5;superior;0.9235412474849095;0.1202515064186534
e5;superior;0.9275653923541247;0.11758717230847544
e5;superior;0.9295774647887324;0.11758717230847544
e5;superior;0.93158953722334;0.1170966110268083
e5;superior;0.9356136820925554;0.11657056906492855
e5;superior;0.937625754527163;0.11600697037590242
e5;superior;0.9396378269617707;0.11460122699386503
e5;superior;0.9416498993963782;0.11443148688046648
e5;superior;0.9436619718309859;0.11443148688046648
e5;superior;0.9476861167002012;0.11443148688046648
e5;superior;0.9496981891348089;0.11343427060802691
e5;superior;0.9517102615694165;0.11342925659472422
e5;superior;0.9537223340040242;0.11326164874551971
e5;superior;0.9557344064386318;0.11239943208707998
e5;superior;0.9577464788732394;0.11218477492340326
e5;superior;0.959758551307847;0.11212976022566996
e5;superior;0.9617706237424547;0.11186361513311537
e5;superior;0.9637826961770624;0.11186361513311537
e5;superior;0.96579476861167;0.10973936899862825
e5;superior;0.9678068410462777;0.1076544315129812
e5;superior;0.9698189134808853;0.10763733809736489
e5;superior;0.971830985915493;0.1072142064372919
e5;superior;0.9738430583501007;0.10693769332744145
e5;superior;0.9758551307847082;0.10681318681318681
e5;superior;0.9778672032193159;0.10681318681318681
e5;superior;0.9798792756539235;0.10337507960093398
e5;superior;0.9818913480885312;0.09868554095045501
e5;superior;0.9839034205231388;0.09774135518688787
e5;superior;0.9859154929577465;0.09579667644183773
e5;superior;0.9879275653923542;0.09440492213035954
e5;superior;0.9899396378269618;0.09242908134510615
e5;superior;0.9919517102615694;0.0911275415896488
e5;superior;0.993963782696177;0.0772720162677929
e5;superior;0.9959758551307847;0.07689917663507845
e5;superior;0.9979879275653923;0.07390850841901356
e5;superior;1.0;0.07217542840546036
e5_hybrid;inferior;0.0;1.0
e5_hybrid;inferior;0.4143126177024482;0.6646525679758308
e5_hybrid;inferior;0.4896421845574388;0.6451612903225806
e5_hybrid;inferior;0.5254237288135594;0.636986301369863
e5_hybrid;inferior;0.6290018832391714;0.5689948892674617
e5_hybrid;inferior;0.6365348399246704;0.560530679933665
e5_hybrid;inferior;0.672316384180791;0.5028169014084507
e5_hybrid;inferior;0.6741996233521658;0.49791376912378305
e5_hybrid;inferior;0.6817325800376648;0.45420326223337515
e5_hybrid;inferior;0.7231638418079096;0.4360400444938821
e5_hybrid;inferior;0.7382297551789078;0.4360400444938821
e5_hybrid;inferior;0.7476459510357816;0.4161425576519916
e5_hybrid;inferior;0.7589453860640302;0.3812677388836329
e5_hybrid;inferior;0.7627118644067796;0.380997177798683
e5_hybrid;inferior;0.768361581920904;0.3746556473829201
e5_hybrid;inferior;0.7740112994350282;0.35309278350515466
e5_hybrid;inferior;0.783427495291902;0.3382113821138211
e5_hybrid;inferior;0.7909604519774012;0.33762057877813506
e5_hybrid;inferior;0.7947269303201506;0.3341250989707047
e5_hybrid;inferior;0.7966101694915254;0.3243865030674847
e5_hybrid;inferior;0.8060263653483992;0.31127272727272726
e5_hybrid;inferior;0.8116760828625236;0.306980056980057
e5_hybrid;inferior;0.8135593220338984;0.3020979020979021
e5_hybrid;inferior;0.8173258003766478;0.29304523970290347
e5_hybrid;inferior;0.8210922787193974;0.28165374677002586
e5_hybrid;inferior;0.8229755178907722;0.27941176470588236
e5_hybrid;inferior;0.8248587570621468;0.2765151515151515
e5_hybrid;inferior;0.832391713747646;0.2725030826140567
e5_hybrid;inferior;0.839924670433145;0.2640615748963884
e5_hybrid;inferior;0.8455743879472694;0.2624196376388077
e5_hybrid;inferior;0.8493408662900188;0.25595913734392733
e5_hybrid;inferior;0.8549905838041432;0.25110619469026546
e5_hybrid;inferior;0.8587570621468926;0.24502955400322407
e5_hybrid;inferior;0.8625235404896422;0.240041928721174
e5_hybrid;inferior;0.8662900188323918;0.22931206380857427
e5_hybrid;inferior;0.8700564971751412;0.22438076736279747
e5_hybrid;inferior;0.8738229755178908;0.22126847877920838
e5_hybrid;inferior;0.8757062146892656;0.21779859484777517
e5_hybrid;inferior;0.8775894538606404;0.2140560404225999
e5_hybrid;inferior;0.8813559322033898;0.206805125939019
e5_hybrid;inferior;0.8851224105461394;0.1978114478114478
e5_hybrid;inferior;0.8870056497175142;0.19511184755592378
e5_hybrid;inferior;0.8888888888888888;0.19376026272577998
e5_hybrid;inferior;0.8907721280602636;0.19298245614035087
e5_hybrid;inferior;0.8945386064030132;0.19137792103142626
e5_hybrid;inferior;0.896421845574388;0.19124146243471274
e5_hybrid;inferior;0.9001883239171374;0.18901960784313726
e5_hybrid;inferior;0.9077212806026366;0.18901960784313726
e5_hybrid;inferior;0.9096045197740112;0.1850574712643678
e5_hybrid;inferior;0.9133709981167608;0.1827430293896006
e5_hybrid;inferior;0.9171374764595104;0.18067382450944094
e5_hybrid;inferior;0.9190207156308852;0.18067382450944094
e5_hybrid;inferior;0.9209039548022598;0.17647058823529413
e5_hybrid;inferior;0.9246704331450094;0.16700680272108845
e5_hybrid;inferior;0.9265536723163842;0.1661039837947333
e5_hybrid;inferior;0.928436911487759;0.15965025906735753
e5_hybrid;inferior;0.9303201506591338;0.15608214849921012
e5_hybrid;inferior;0.9322033898305084;0.15517241379310345
e5_hybrid;inferior;0.9340866290018832;0.1546134663341646
e5_hybrid;inferior;0.935969868173258;0.1514320536258379
e5_hybrid;inferior;0.9397363465160076;0.1386496248958044
e5_hybrid;inferior;0.9416195856873822;0.13466199838405601
e5_hybrid;inferior;0.943502824858757;0.1330335889976197
e5_hybrid;inferior;0.9472693032015066;0.1330335889976197
e5_hybrid;inferior;0.9491525423728814;0.1276595744680851
e5_hybrid;inferior;0.9510357815442562;0.12688442211055276
e5_hybrid;inferior;0.9548022598870056;0.12374908469611912
e5_hybrid;inferior;0.9566854990583804;0.10887269609944278
e5_hybrid;inferior;0.9585687382297552;0.09790344296980188
e5_hybrid;inferior;0.96045197740113;0.09651778955336866
e5_hybrid;inferior;0.9623352165725048;0.09205548549810845
e5_hybrid;inferior;0.9642184557438794;0.08768624764514471
e5_hybrid;inferior;0.9661016949152542;0.08610271903323263
e5_hybrid;inferior;0.967984934086629;0.08559533721898419
e5_hybrid;inferior;0.9698681732580038;0.07419680161360034
e5_hybrid;inferior;0.9717514124293786;0.07416990081931867
e5_hybrid;inferior;0.9736346516007532;0.06384292417880959
e5_hybrid;inferior;0.975517890772128;0.06233453670276775
e5_hybrid;inferior;0.9774011299435028;0.06037691949744067
e5_hybrid;inferior;0.9792843691148776;0.05204163330664532
e5_hybrid;inferior;0.9811676082862524;0.046397720188796863
e5_hybrid;inferior;0.9830508474576272;0.04445579969340828
e5_hybrid;inferior;0.9849340866290018;0.0431731880468879
e5_hybrid;inferior;0.9868173258003766;0.040119439552867314
e5_hybrid;inferior;0.9887005649717514;0.03693281744635948
e5_hybrid;inferior;0.9905838041431262;0.03538751345532831
e5_hybrid;inferior;0.992467043314501;0.026995184919577912
e5_hybrid;inferior;0.9943502824858758;0.02653666381866613
e5_hybrid;inferior;0.9962335216572504;0.018935461932204602
e5_hybrid;inferior;1.0;0.0
e5_hybrid;superior;0.0;1.0
e5_hybrid;superior;0.5573440643863179;0.7347480106100795
e5_hybrid;superior;0.6257545271629779;0.6835164835164835
e5_hybrid;superior;0.6539235412474849;0.6756756756756757
e5_hybrid;superior;0.7323943661971831;0.5825545171339563
e5_hybrid;superior;0.7525150905432596;0.5825545171339563
e5_hybrid;superior;0.7947686116700201;0.47810650887573963
e5_hybrid;superior;0.8128772635814889;0.47810650887573963
e5_hybrid;superior;0.8289738430583501;0.44685466377440347
e5_hybrid;superior;0.8329979879275654;0.4
e5_hybrid;superior;0.8370221327967807;0.3806038426349497
e5_hybrid;superior;0.8390342052313883;0.335478680611424
e5_hybrid;superior;0.8450704225352113;0.32710280373831774
e5_hybrid;superior;0.8470824949698189;0.28426738690074277
e5_hybrid;superior;0.8531187122736419;0.27931488801054016
e5_hybrid;superior;0.8551307847082495;0.2581967213114754
e5_hybrid;superior;0.8873239436619719;0.2581967213114754
e5_hybrid;superior;0.9054325955734407;0.23376623376623376
e5_hybrid;superior;0.9114688128772636;0.23254620123203285
e5_hybrid;superior;0.9154929577464789;0.2260307998012916
e5_hybrid;superior;0.9275653923541247;0.21817321344060578
e5_hybrid;superior;0.93158953722334;0.21737089201877935
e5_hybrid;superior;0.9336016096579477;0.21471540953262377
e5_hybrid;superior;0.9356136820925554;0.20278503046127067
e5_hybrid;superior;0.937625754527163;0.20278503046127067
e5_hybrid;superior;0.9396378269617707;0.20190229139645482
e5_hybrid;superior;0.9436619718309859;0.19049553208773354
e5_hybrid;superior;0.9456740442655935;0.18822587104525432
e5_hybrid;superior;0.9496981891348089;0.18415918845103393
e5_hybrid;superior;0.9517102615694165;0.18181818181818182
e5_hybrid;superior;0.9617706237424547;0.18181818181818182
e5_hybrid;superior;0.9637826961770624;0.1815081470253884
e5_hybrid;superior;0.9698189134808853;0.1793154761904762
e5_hybrid;superior;0.971830985915493;0.17653508771929824
e5_hybrid;superior;0.9738430583501007;0.17230331078675684
e5_hybrid;superior;0.9778672032193159;0.16939700243987452
e5_hybrid;superior;0.9818913480885312;0.16392341283170977
e5_hybrid;superior;0.9859154929577465;0.16284479893652376
e5_hybrid;superior;0.9879275653923542;0.1488781079442086
e5_hybrid;superior;0.9899396378269618;0.14526129317980513
e5_hybrid;superior;0.9959758551307847;0.1344013032853652
e5_hybrid;superior;0.9979879275653923;0.12866407263294422
e5_hybrid;superior;1.0;0.11901340996168583
bge_m3_hybrid;inferior;0.0;1.0
bge_m3_hybrid;inferior;0.4369114877589454;0.6803519061583577
bge_m3_hybrid;inferior;0.5291902071563088;0.6722488038277512
bge_m3_hybrid;inferior;0.5574387947269304;0.6548672566371682
bge_m3_hybrid;inferior;0.6572504708097928;0.5702614379084967
bge_m3_hybrid;inferior;0.6685499058380414;0.5652866242038217
bge_m3_hybrid;inferior;0.6949152542372882;0.5061728395061729
bge_m3_hybrid;inferior;0.704331450094162;0.5020134228187919
bge_m3_hybrid;inferior;0.7231638418079096;0.47116564417177914
bge_m3_hybrid;inferior;0.7495291902071564;0.4335511982570806
bge_m3_hybrid;inferior;0.7570621468926554;0.432258064516129
bge_m3_hybrid;inferior;0.768361581920904;0.4121212121212121
bge_m3_hybrid;inferior;0.783427495291902;0.38525345622119817
bge_m3_hybrid;inferior;0.7871939736346516;0.38525345622119817
bge_m3_hybrid;inferior;0.7909604519774012;0.3605150214592275
bge_m3_hybrid;inferior;0.7947269303201506;0.3402555910543131
bge_m3_hybrid;inferior;0.8022598870056498;0.3402555910543131
bge_m3_hybrid;inferior;0.8041431261770244;0.32397572078907433
bge_m3_hybrid;inferior;0.8060263653483992;0.30659025787965616
bge_m3_hybrid;inferior;0.8097928436911488;0.3036723163841808
bge_m3_hybrid;inferior;0.8135593220338984;0.2985487214927436
bge_m3_hybrid;inferior;0.8229755178907722;0.2917222963951936
bge_m3_hybrid;inferior;0.8248587570621468;0.2833117723156533
bge_m3_hybrid;inferior;0.8267419962335216;0.28104993597951344
bge_m3_hybrid;inferior;0.832391713747646;0.2706674831598285
bge_m3_hybrid;inferior;0.8342749529190208;0.2560693641618497
bge_m3_hybrid;inferior;0.839924670433145;0.252262443438914
bge_m3_hybrid;inferior;0.8418079096045198;0.2450657894736842
bge_m3_hybrid;inferior;0.8455743879472694;0.22978505629477994
bge_m3_hybrid;inferior;0.847457627118644;0.22388059701492538
bge_m3_hybrid;inferior;0.8493408662900188;0.2172447013487476
bge_m3_hybrid;inferior;0.8512241054613936;0.21290626471973623
bge_m3_hybrid;inferior;0.8587570621468926;0.21081830790568654
bge_m3_hybrid;inferior;0.8606403013182674;0.20585585585585586
bge_m3_hybrid;inferior;0.8625235404896422;0.20292423571112095
bge_m3_hybrid;inferior;0.8700564971751412;0.2
bge_m3_hybrid;inferior;0.8757062146892656;0.1915945611866502
bge_m3_hybrid;inferior;0.8775894538606404;0.18958502847843775
bge_m3_hybrid;inferior;0.879472693032015;0.18612993224392188
bge_m3_hybrid;inferior;0.8813559322033898;0.18396226415094338
bge_m3_hybrid;inferior;0.8832391713747646;0.18087157732356343
bge_m3_hybrid;inferior;0.8851224105461394;0.17836812144212524
bge_m3_hybrid;inferior;0.8870056497175142;0.17713426100037608
bge_m3_hybrid;inferior;0.8907721280602636;0.17596726190476192
bge_m3_hybrid;inferior;0.8926553672316384;0.17386530014641288
bge_m3_hybrid;inferior;0.8945386064030132;0.17386530014641288
bge_m3_hybrid;inferior;0.896421845574388;0.1699393073902178
bge_m3_hybrid;inferior;0.8983050847457628;0.16191446028513237
bge_m3_hybrid;inferior;0.9001883239171374;0.15943962641761175
bge_m3_hybrid;inferior;0.903954802259887;0.1593625498007968
bge_m3_hybrid;inferior;0.9058380414312618;0.15858885591823277
bge_m3_hybrid;inferior;0.9077212806026366;0.14821648216482164
bge_m3_hybrid;inferior;0.911487758945386;0.14742613463295767
bge_m3_hybrid;inferior;0.9133709981167608;0.146429647484182
bge_m3_hybrid;inferior;0.9152542372881356;0.146429647484182
bge_m3_hybrid;inferior;0.9171374764595104;0.14468211527035058
bge_m3_hybrid;inferior;0.9190207156308852;0.14352941176470588
bge_m3_hybrid;inferior;0.9209039548022598;0.14314988290398126
bge_m3_hybrid;inferior;0.9246704331450094;0.1407683486238532
bge_m3_hybrid;inferior;0.9265536723163842;0.13898305084745763
bge_m3_hybrid;inferior;0.928436911487759;0.13592500689274883
bge_m3_hybrid;inferior;0.9303201506591338;0.13354960800216276
bge_m3_hybrid;inferior;0.9322033898305084;0.13238833912810913
bge_m3_hybrid;inferior;0.9340866290018832;0.13014956704277092
bge_m3_hybrid;inferior;0.9378531073446328;0.12302371541501976
bge_m3_hybrid;inferior;0.9397363465160076;0.12212432697014194
bge_m3_hybrid;inferior;0.9416195856873822;0.11997126436781609
bge_m3_hybrid;inferior;0.943502824858757;0.11997126436781609
bge_m3_hybrid;inferior;0.9453860640301318;0.11519045433685177
bge_m3_hybrid;inferior;0.9510357815442562;0.11487716105550501
bge_m3_hybrid;inferior;0.9529190207156308;0.11084390030607782
bge_m3_hybrid;inferior;0.9548022598870056;0.11084390030607782
bge_m3_hybrid;inferior;0.9566854990583804;0.09482919544521187
bge_m3_hybrid;inferior;0.9585687382297552;0.09261280931586609
bge_m3_hybrid;inferior;0.96045197740113;0.09028146574614976
bge_m3_hybrid;inferior;0.9623352165725048;0.08944512515315946
bge_m3_hybrid;inferior;0.9642184557438794;0.08774635818337617
bge_m3_hybrid;inferior;0.9661016949152542;0.08733401430030643
bge_m3_hybrid;inferior;0.967984934086629;0.08645920941968041
bge_m3_hybrid;inferior;0.9698681732580038;0.0845370978332239
bge_m3_hybrid;inferior;0.9717514124293786;0.07686589354742789
bge_m3_hybrid;inferior;0.9736346516007532;0.07686589354742789
bge_m3_hybrid;inferior;0.975517890772128;0.07641245021389585
bge_m3_hybrid;inferior;0.9774011299435028;0.07577748576434516
bge_m3_hybrid;inferior;0.9792843691148776;0.0738951257638198
bge_m3_hybrid;inferior;0.9849340866290018;0.07334174730051886
bge_m3_hybrid;inferior;0.9868173258003766;0.07113765951669834
bge_m3_hybrid;inferior;0.9887005649717514;0.0702717173069201
bge_m3_hybrid;inferior;0.9905838041431262;0.06722903885480573
bge_m3_hybrid;inferior;0.992467043314501;0.058484075019420705
bge_m3_hybrid;inferior;0.9943502824858758;0.051902093777646714
bge_m3_hybrid;inferior;0.9962335216572504;0.05057844918252223
bge_m3_hybrid;inferior;1.0;0.035851731820943894
bge_m3_hybrid;superior;0.0;1.0
bge_m3_hybrid;superior;0.5674044265593562;0.7193877551020408
bge_m3_hybrid;superior;0.6317907444668008;0.6916299559471366
bge_m3_hybrid;superior;0.6599597585513078;0.6876310272536688
bge_m3_hybrid;superior;0.8430583501006036;0.6152716593245228
bge_m3_hybrid;superior;0.8631790744466801;0.6137339055793991
bge_m3_hybrid;superior;0.9054325955734407;0.5171232876712328
bge_m3_hybrid;superior;0.9114688128772636;0.5171232876712328
bge_m3_hybrid;superior;0.9275653923541247;0.4792099792099792
bge_m3_hybrid;superior;0.9436619718309859;0.42558983666061706
bge_m3_hybrid;superior;0.9456740442655935;0.336676217765043
bge_m3_hybrid;superior;0.9476861167002012;0.27178303519907676
bge_m3_hybrid;superior;0.9517102615694165;0.27121559633027525
bge_m3_hybrid;superior;0.9537223340040242;0.2677966101694915
bge_m3_hybrid;superior;0.9557344064386318;0.24497163486333162
bge_m3_hybrid;superior;0.9577464788732394;0.24150177574835108
bge_m3_hybrid;superior;0.959758551307847;0.2277698525915359
bge_m3_hybrid;superior;0.9637826961770624;0.2277698525915359
bge_m3_hybrid;superior;0.9678068410462777;0.22413793103448276
bge_m3_hybrid;superior;0.9698189134808853;0.2198905109489051
bge_m3_hybrid;superior;0.9758551307847082;0.19509251810136766
bge_m3_hybrid;superior;0.9798792756539235;0.19090552724421794
bge_m3_hybrid;superior;0.9818913480885312;0.1712280701754386
bge_m3_hybrid;superior;0.9839034205231388;0.16316316316316315
bge_m3_hybrid;superior;0.9859154929577465;0.16219794769943727
bge_m3_hybrid;superior;0.9879275653923542;0.16014350945857794
bge_m3_hybrid;superior;0.9899396378269618;0.15619047619047619
bge_m3_hybrid;superior;0.9919517102615694;0.15377417342482844
bge_m3_hybrid;superior;0.993963782696177;0.14090131203650885
bge_m3_hybrid;superior;0.9959758551307847;0.1354309165526676
bge_m3_hybrid;superior;1.0;0.12939338713876594
